cluster_id,role,title,description,ticket_type,reporter_category_guess,category,impact,urgency,location,language,reporter_role,difficulty,emergency_language,minutes_after_original,overlap_level,label_reason
single_00001,SINGLE,Obstruction is blocking part of the area,The obstruction is blocking part of the area at Computer Science Building - Room 203 The obstruction reduces the usable path. The issue needs prompt attention. Several people may be affected.,INCIDENT,ELECTRICAL,SAFETY_HAZARD,HIGH,HIGH,Computer Science Building - Room 203,en,dorm_resident,MEDIUM,False,0,,Reported physical safety hazard
single_00002,SINGLE,مشكلة في power outlet,لاحظت إن power outlet فيه مشكلة في Dormitory A - Floor 2. The outlet is needed for equipment in the room.,INCIDENT,ELECTRICAL,ELECTRICAL,MEDIUM,MEDIUM,Dormitory A - Floor 2,ar_eg,dorm_resident,MEDIUM,False,0,,Electrical power or lighting problem
single_00003,SINGLE,Ac unit issue,The AC unit is making a strange noise at Lecture Hall C. The noise started during the current session.,INCIDENT,OTHER,HVAC_AC,LOW,MEDIUM,Lecture Hall C,en,student,HARD,False,0,,Air conditioning or ventilation issue
single_00004,SINGLE,Problem with waste bin,The waste bin has overflowing waste at Cafeteria. The waste bin has not been emptied recently. The issue needs prompt attention. Several people may be affected. Please check.,INCIDENT,CLEANING_WASTE,CLEANING_WASTE,HIGH,HIGH,Cafeteria,en,dorm_resident,EASY,False,0,,Cleaning or waste management problem
single_00005,SINGLE,مشكلة في power outlet,The problem is with power outlet في Library - First Floor. The outlet is needed for equipment in the room.,INCIDENT,BUILDING_STRUCTURE,ELECTRICAL,LOW,LOW,Library - First Floor,mixed,lab_assistant,MEDIUM,False,0,,Electrical power or lighting problem
single_00006,SINGLE,damaged safety sign مش آمن,محتاجين حد يشوف damaged safety sign في Computer Science Building - Lab 3. The safety information is no longer clearly visible.,INCIDENT,SAFETY_HAZARD,SAFETY_HAZARD,MEDIUM,MEDIUM,Computer Science Building - Lab 3,ar_eg,lecturer,MEDIUM,False,0,,Reported physical safety hazard
single_00007,SINGLE,Issue with facility,Please check the facility at Parking Area. It has an unusual issue. The exact cause is not clear.,SERVICE_REQUEST,OTHER,OTHER,LOW,MEDIUM,Parking Area,en,security_staff,MEDIUM,False,0,,Issue does not fit a specific category
single_00008,SINGLE,Problem with microphone,Please check the microphone at Lecture Hall C It has no sound. The microphone is not producing any sound during the current class. Several people may be affected.,INCIDENT,AV_CLASSROOM_EQUIPMENT,AV_CLASSROOM_EQUIPMENT,HIGH,MEDIUM,Lecture Hall C,en,lab_assistant,HARD,False,0,,Classroom audio visual equipment issue
single_00009,SINGLE,مشكلة في the campus network,The problem is with campus network في Engineering Building - Lab 4. Other devices in the same area seem to have the same problem.,INCIDENT,IT_NETWORK_ACCOUNTS,IT_NETWORK_ACCOUNTS,MEDIUM,MEDIUM,Engineering Building - Lab 4,mixed,lab_assistant,HARD,False,0,,Network or account access problem
single_00010,SINGLE,عطل في Wi-Fi,في مشكلة في Wi-Fi في Science Building - Chemistry Lab. The connection drops after a few minutes.,INCIDENT,IT_NETWORK_ACCOUNTS,IT_NETWORK_ACCOUNTS,MEDIUM,MEDIUM,Science Building - Chemistry Lab,ar_eg,admin_staff,HARD,False,0,,Network or account access problem
single_00011,SINGLE,Gate needs attention,I noticed that the gate is not working in Outdoor Courtyard. The gate cannot be operated normally.,INCIDENT,GROUNDS_OUTDOOR,GROUNDS_OUTDOOR,MEDIUM,MEDIUM,Outdoor Courtyard,en,student,MEDIUM,False,0,,Outdoor area or grounds maintenance issue
single_00012,SINGLE,Facility needs attention,The facility has an unusual issue at Library - Second Floor The exact cause is not clear.,SERVICE_REQUEST,OTHER,OTHER,MEDIUM,MEDIUM,Library - Second Floor,en,admin_staff,HARD,False,0,,Issue does not fit a specific category
single_00013,SINGLE,مشكلة في floor tile,في مشكلة في floor tile at Dormitory A - Floor 2. The damaged tile is located in a frequently used area. الموضوع محتاج prompt attention.,INCIDENT,BUILDING_STRUCTURE,BUILDING_STRUCTURE,MEDIUM,HIGH,Dormitory A - Floor 2,mixed,lab_assistant,HARD,False,0,,"Building surface, door, window or structural issue"
single_00014,SINGLE,mshkela fe shelf,el shelf needs repair fe Computer Science Building - Room 203. The shelf is loose and needs maintenance.,INCIDENT,FURNITURE_FIXTURES,FURNITURE_FIXTURES,MEDIUM,LOW,Computer Science Building - Room 203,arabizi,lab_assistant,HARD,False,0,,Furniture or fixture maintenance problem
single_00015,SINGLE,Issue with network connection,I noticed that the network connection is very slow in Science Building - Chemistry Lab. The connection becomes slow during normal campus use.,INCIDENT,IT_NETWORK_ACCOUNTS,IT_NETWORK_ACCOUNTS,MEDIUM,MEDIUM,Science Building - Chemistry Lab,en,student,HARD,False,0,,Network or account access problem
single_00016,SINGLE,el gate mehtag check,momken 7ad yshoof el gate fe Parking Area?,INCIDENT,GROUNDS_OUTDOOR,GROUNDS_OUTDOOR,MEDIUM,MEDIUM,Parking Area,arabizi,lab_assistant,HARD,False,0,,Outdoor area or grounds maintenance issue
single_00017,SINGLE,مشكلة في door,في مشكلة في door at Engineering Building - Lab 2. The damage was noticed today.,INCIDENT,BUILDING_STRUCTURE,BUILDING_STRUCTURE,MEDIUM,LOW,Engineering Building - Lab 2,mixed,student,MEDIUM,False,0,,"Building surface, door, window or structural issue"
single_00018,SINGLE,Wall needs attention,The wall is cracked at Administration Building - Room 12. The crack has become more noticeable.,INCIDENT,FURNITURE_FIXTURES,BUILDING_STRUCTURE,MEDIUM,MEDIUM,Administration Building - Room 12,en,student,MEDIUM,False,0,,"Building surface, door, window or structural issue"
single_00019,SINGLE,مشكلة في the room,The problem is with room في Engineering Building - Lab 2. The reporter could not identify the exact problem.,SERVICE_REQUEST,OTHER,OTHER,MEDIUM,MEDIUM,Engineering Building - Lab 2,mixed,lab_assistant,HARD,False,0,,Issue does not fit a specific category
single_00020,SINGLE,Problem with equipment area,The equipment area is not functioning normally at Parking Area. The problem could not be classified more specifically.,INCIDENT,OTHER,OTHER,MEDIUM,MEDIUM,Parking Area,en,dorm_resident,MEDIUM,False,0,,Issue does not fit a specific category
single_00021,SINGLE,Problem with bathroom,The bathroom needs cleaning at Dormitory B - Floor 3. Regular cleaning is needed before normal use. Several people may be affected.,SERVICE_REQUEST,PLUMBING_WATER,CLEANING_WASTE,HIGH,MEDIUM,Dormitory B - Floor 3,en,security_staff,HARD,False,0,,Cleaning or waste management problem
single_00022,SINGLE,The smoke has an issue,The problem is with smoke في Dormitory B - Floor 1. The source of the smoke is not clear. أكتر من شخص ممكن يكون affected.,INCIDENT,SAFETY_HAZARD,SAFETY_HAZARD,HIGH,MEDIUM,Dormitory B - Floor 1,mixed,lecturer,HARD,False,0,,Reported physical safety hazard
single_00023,SINGLE,Walkway is blocked,The walkway is blocked at Parking Area. Part of the walkway cannot be used normally.,INCIDENT,GROUNDS_OUTDOOR,GROUNDS_OUTDOOR,MEDIUM,MEDIUM,Parking Area,en,admin_staff,MEDIUM,False,0,,Outdoor area or grounds maintenance issue
single_00024,SINGLE,3atel fe elevator,el elevator is not moving fe Administration Building - Room 18. People are currently using the building stairs. el mawdoo3 mehtag check بسرعة. aktar men 7ad momken ykoon mota2asser.,INCIDENT,ELECTRICAL,ELEVATOR,HIGH,HIGH,Administration Building - Room 18,arabizi,lecturer,MEDIUM,False,0,,Elevator or lift malfunction
single_00025,SINGLE,مشكلة في floor,لاحظت إن floor فيه مشكلة في Library - First Floor. The floor needs routine cleaning.,INCIDENT,CLEANING_WASTE,CLEANING_WASTE,LOW,LOW,Library - First Floor,ar_eg,security_staff,EASY,False,0,,Cleaning or waste management problem
single_00026,SINGLE,laptop فيه مشكلة,laptop محتاج متابعة في Science Building - Chemistry Lab. Applications take a long time to respond.,INCIDENT,IT_HARDWARE_PRINTING,IT_HARDWARE_PRINTING,MEDIUM,LOW,Science Building - Chemistry Lab,ar_eg,dorm_resident,MEDIUM,False,0,,Physical computer or printing equipment issue
single_00027,SINGLE,Issue with university email,Please check the university email at Computer Science Building - Room 203. It cannot be accessed. The account cannot open the university email service. The issue needs prompt attention.,INCIDENT,IT_NETWORK_ACCOUNTS,IT_NETWORK_ACCOUNTS,LOW,HIGH,Computer Science Building - Room 203,en,admin_staff,MEDIUM,False,0,,Network or account access problem
single_00028,SINGLE,Laptop issue,There is a problem with the laptop at Library - Second Floor. Applications take a long time to respond.,INCIDENT,IT_HARDWARE_PRINTING,IT_HARDWARE_PRINTING,LOW,LOW,Library - Second Floor,en,security_staff,MEDIUM,False,0,,Physical computer or printing equipment issue
single_00029,SINGLE,el facility feh moshkela,el facility has an unusual issue fe Lecture Hall B. The exact cause is not clear.,SERVICE_REQUEST,CLEANING_WASTE,OTHER,LOW,MEDIUM,Lecture Hall B,arabizi,student,MEDIUM,False,0,,Issue does not fit a specific category
single_00030,SINGLE,مشكلة في equipment area,The equipment area is not functioning normally في Main Entrance. The problem could not be classified more specifically. أكتر من شخص ممكن يكون affected.,SERVICE_REQUEST,CLEANING_WASTE,OTHER,HIGH,MEDIUM,Main Entrance,mixed,lab_assistant,EASY,False,0,,Issue does not fit a specific category
single_00031,SINGLE,Problem with campus network,في مشكلة في campus network at Computer Science Building - Lab 3. Other devices in the same area seem to have the same problem. أكتر من شخص ممكن يكون affected.,INCIDENT,IT_HARDWARE_PRINTING,IT_NETWORK_ACCOUNTS,HIGH,MEDIUM,Computer Science Building - Lab 3,mixed,admin_staff,MEDIUM,False,0,,Network or account access problem
single_00032,SINGLE,The drain has an issue,في مشكلة في drain at Dormitory A - Floor 2. Water is draining very slowly.,INCIDENT,PLUMBING_WATER,PLUMBING_WATER,MEDIUM,MEDIUM,Dormitory A - Floor 2,mixed,dorm_resident,MEDIUM,False,0,,"Water supply, drainage or plumbing problem"
single_00033,SINGLE,Water pipe needs attention,I noticed that the water pipe is leaking in Student Affairs Office. The leak becomes worse when the water is used. Several people may be affected.,INCIDENT,PLUMBING_WATER,PLUMBING_WATER,HIGH,MEDIUM,Student Affairs Office,en,admin_staff,MEDIUM,False,0,,"Water supply, drainage or plumbing problem"
single_00034,SINGLE,Issue with gate,The gate is not working at Outdoor Courtyard. The gate cannot be operated normally.,INCIDENT,GROUNDS_OUTDOOR,GROUNDS_OUTDOOR,LOW,MEDIUM,Outdoor Courtyard,en,dorm_resident,MEDIUM,False,0,,Outdoor area or grounds maintenance issue
single_00035,SINGLE,عطل في vent,محتاجين حد يشوف vent في Dormitory A - Floor 1. Airflow from the vent is not normal.,INCIDENT,HVAC_AC,HVAC_AC,LOW,LOW,Dormitory A - Floor 1,ar_eg,admin_staff,MEDIUM,False,0,,Air conditioning or ventilation issue
single_00036,SINGLE,Wall socket issue,I noticed that the wall socket has no power in Dormitory B - Floor 1. Other sockets in the room still have power. There is a visible electrical safety concern in the area.,INCIDENT,ELECTRICAL,ELECTRICAL,HIGH,HIGH,Dormitory B - Floor 1,en,security_staff,MEDIUM,True,0,,Electrical power or lighting problem
single_00037,SINGLE,الأسانسير مش شغال,في مشكلة في elevator door في Sports Building. The elevator cannot be used normally. الموضوع محتاج متابعة بسرعة. أكتر من شخص ممكن يكون متأثر.,INCIDENT,BUILDING_STRUCTURE,ELEVATOR,HIGH,HIGH,Sports Building,ar_eg,lecturer,HARD,False,0,,Elevator or lift malfunction
single_00038,SINGLE,broken railing مش آمن,broken railing محتاج متابعة في Main Entrance. The damaged railing is located on a frequently used path. أكتر من شخص ممكن يكون متأثر. في خطر على السلامة ومحتاج مراجعة بسرعة.,INCIDENT,ELECTRICAL,SAFETY_HAZARD,HIGH,HIGH,Main Entrance,ar_eg,lecturer,HARD,True,0,,Reported physical safety hazard
single_00039,SINGLE,Equipment area is not functioning normally,The equipment area is not functioning normally at Administration Building - Room 18. The problem could not be classified more specifically.,INCIDENT,OTHER,OTHER,LOW,MEDIUM,Administration Building - Room 18,en,lab_assistant,MEDIUM,False,0,,Issue does not fit a specific category
single_00040,SINGLE,Power supply needs attention,There is a problem with the power supply at Computer Science Building - Room 203. The equipment loses power repeatedly. The issue needs prompt attention. Several people may be affected.,INCIDENT,OTHER,ELECTRICAL,HIGH,HIGH,Computer Science Building - Room 203,en,lecturer,HARD,False,0,,Electrical power or lighting problem
single_00041,SINGLE,ceiling panel فيه مشكلة,لاحظت إن ceiling panel فيه مشكلة في Administration Building - Room 12. The panel needs to be inspected before it becomes unsafe. الموضوع محتاج متابعة بسرعة.,INCIDENT,BUILDING_STRUCTURE,BUILDING_STRUCTURE,MEDIUM,HIGH,Administration Building - Room 12,ar_eg,security_staff,MEDIUM,False,0,,"Building surface, door, window or structural issue"
single_00042,SINGLE,Problem with water pipe,في مشكلة في water pipe at Engineering Building - Lab 4. The leak becomes worse when the water is used. الموضوع محتاج prompt attention. أكتر من شخص ممكن يكون affected.,INCIDENT,PLUMBING_WATER,PLUMBING_WATER,HIGH,HIGH,Engineering Building - Lab 4,mixed,lab_assistant,MEDIUM,False,0,,"Water supply, drainage or plumbing problem"
single_00043,SINGLE,عطل في shelf,shelf محتاج متابعة في Dormitory A - Floor 2. The shelf is loose and needs maintenance.,INCIDENT,FURNITURE_FIXTURES,FURNITURE_FIXTURES,MEDIUM,MEDIUM,Dormitory A - Floor 2,ar_eg,admin_staff,MEDIUM,False,0,,Furniture or fixture maintenance problem
single_00044,SINGLE,el elevator mehtag check,el moshkela fe elevator zahret fe Dormitory B - Floor 3.,INCIDENT,ELEVATOR,ELEVATOR,MEDIUM,MEDIUM,Dormitory B - Floor 3,arabizi,lab_assistant,HARD,False,0,,Elevator or lift malfunction
single_00045,SINGLE,عطل في gate,لاحظت إن gate فيه مشكلة في Parking Area. The gate cannot be operated normally.,INCIDENT,GROUNDS_OUTDOOR,GROUNDS_OUTDOOR,LOW,MEDIUM,Parking Area,ar_eg,admin_staff,MEDIUM,False,0,,Outdoor area or grounds maintenance issue
single_00046,SINGLE,el microphone feh moshkela,el moshkela fe microphone zahret fe Administration Building - Room 12. el mawdoo3 mehtag check بسرعة. aktar men 7ad momken ykoon mota2asser.,INCIDENT,AV_CLASSROOM_EQUIPMENT,AV_CLASSROOM_EQUIPMENT,HIGH,HIGH,Administration Building - Room 12,arabizi,security_staff,HARD,False,0,,Classroom audio visual equipment issue
single_00047,SINGLE,Issue with faucet,The faucet is dripping at Library - First Floor. The leak continues even when the faucet is closed.,INCIDENT,BUILDING_STRUCTURE,PLUMBING_WATER,LOW,LOW,Library - First Floor,en,lab_assistant,EASY,False,0,,"Water supply, drainage or plumbing problem"
single_00048,SINGLE,mshkela fe student account,el student account does not accept the password fe Engineering Building - Lab 2. The password is correct but the login keeps failing. el mawdoo3 mehtag check بسرعة.,INCIDENT,IT_HARDWARE_PRINTING,IT_NETWORK_ACCOUNTS,MEDIUM,HIGH,Engineering Building - Lab 2,arabizi,dorm_resident,MEDIUM,False,0,,Network or account access problem
single_00049,SINGLE,مشكلة في floor tile,لاحظت إن floor tile فيه مشكلة في Outdoor Courtyard. The damaged tile is located in a frequently used area.,INCIDENT,BUILDING_STRUCTURE,BUILDING_STRUCTURE,LOW,MEDIUM,Outdoor Courtyard,ar_eg,admin_staff,MEDIUM,False,0,,"Building surface, door, window or structural issue"
single_00050,SINGLE,mouse مش شغال,في مشكلة في mouse في Science Building - Physics Lab. The pointer does not move normally.,INCIDENT,IT_HARDWARE_PRINTING,IT_HARDWARE_PRINTING,LOW,LOW,Science Building - Physics Lab,ar_eg,lab_assistant,EASY,False,0,,Physical computer or printing equipment issue
single_00051,SINGLE,The water pipe has an issue,The water pipe is leaking في Engineering Building - Lab 2. The leak becomes worse when the water is used.,INCIDENT,PLUMBING_WATER,PLUMBING_WATER,MEDIUM,MEDIUM,Engineering Building - Lab 2,mixed,security_staff,HARD,False,0,,"Water supply, drainage or plumbing problem"
single_00052,SINGLE,Ceiling issue,Please check the ceiling at Computer Science Building - Lab 1. It is damaged. The damage is limited to one area.,INCIDENT,BUILDING_STRUCTURE,BUILDING_STRUCTURE,MEDIUM,LOW,Computer Science Building - Lab 1,en,dorm_resident,MEDIUM,False,0,,"Building surface, door, window or structural issue"
single_00053,SINGLE,عطل في walkway,walkway محتاج متابعة في Parking Area. Part of the walkway cannot be used normally.,INCIDENT,GROUNDS_OUTDOOR,GROUNDS_OUTDOOR,LOW,LOW,Parking Area,ar_eg,student,EASY,False,0,,Outdoor area or grounds maintenance issue
single_00054,SINGLE,Problem with wall,في مشكلة في wall at Main Lecture Hall. The crack has become more noticeable. please,INCIDENT,BUILDING_STRUCTURE,BUILDING_STRUCTURE,MEDIUM,MEDIUM,Main Lecture Hall,mixed,admin_staff,MEDIUM,False,0,,"Building surface, door, window or structural issue"
single_00055,SINGLE,Gate is not working,There is a problem with the gate at Outdoor Courtyard. The gate cannot be operated normally.,INCIDENT,GROUNDS_OUTDOOR,GROUNDS_OUTDOOR,MEDIUM,MEDIUM,Outdoor Courtyard,en,dorm_resident,MEDIUM,False,0,,Outdoor area or grounds maintenance issue
single_00056,SINGLE,Outdoor bench issue,There is a problem with the outdoor bench at Parking Area. The bench needs maintenance before regular use.,INCIDENT,GROUNDS_OUTDOOR,GROUNDS_OUTDOOR,LOW,LOW,Parking Area,en,security_staff,MEDIUM,False,0,,Outdoor area or grounds maintenance issue
single_00057,SINGLE,Problem with faucet,Please check the faucet at Sports Building. It is dripping. The leak continues even when the faucet is closed.,INCIDENT,PLUMBING_WATER,PLUMBING_WATER,MEDIUM,MEDIUM,Sports Building,en,student,EASY,False,0,,"Water supply, drainage or plumbing problem"
single_00058,SINGLE,mshkela fe lift,el lift stopped between floors fe Library - Second Floor. The elevator requires immediate technical inspection. aktar men 7ad momken ykoon mota2asser.,INCIDENT,ELEVATOR,ELEVATOR,HIGH,LOW,Library - Second Floor,arabizi,lecturer,HARD,False,0,,Elevator or lift malfunction
single_00059,SINGLE,عطل في network connection,network connection محتاج متابعة في Engineering Building - Lab 4. The connection becomes slow during normal campus use.,INCIDENT,IT_NETWORK_ACCOUNTS,IT_NETWORK_ACCOUNTS,LOW,LOW,Engineering Building - Lab 4,ar_eg,lab_assistant,EASY,False,0,,Network or account access problem
single_00060,SINGLE,mshkela fe lecture screen,el lecture screen is showing a blank screen fe Lecture Hall B. The issue affects the classroom display.,INCIDENT,AV_CLASSROOM_EQUIPMENT,AV_CLASSROOM_EQUIPMENT,LOW,MEDIUM,Lecture Hall B,arabizi,student,MEDIUM,False,0,,Classroom audio visual equipment issue
single_00061,SINGLE,el elevator mehtag check,momken 7ad yshoof el elevator fe Science Building - Physics Lab? el mawdoo3 mehtag check بسرعة.,INCIDENT,ELEVATOR,ELEVATOR,LOW,HIGH,Science Building - Physics Lab,arabizi,lab_assistant,MEDIUM,False,0,,Elevator or lift malfunction
single_00062,SINGLE,Door handle is loose,I noticed that the door handle is loose in Outdoor Courtyard. The handle moves when the door is opened. Several people may be affected.,INCIDENT,FURNITURE_FIXTURES,FURNITURE_FIXTURES,HIGH,LOW,Outdoor Courtyard,en,student,HARD,False,0,,Furniture or fixture maintenance problem
single_00063,SINGLE,Classroom issue,Please check the classroom at Lecture Hall C. It has not been cleaned. The area has been used throughout the day. Please check.,INCIDENT,CLEANING_WASTE,CLEANING_WASTE,LOW,LOW,Lecture Hall C,en,lab_assistant,HARD,False,0,,Cleaning or waste management problem
single_00064,SINGLE,3atel fe power supply,el power supply keeps turning off fe Student Affairs Office. The equipment loses power repeatedly. aktar men 7ad momken ykoon mota2asser. plz check.,INCIDENT,ELECTRICAL,ELECTRICAL,HIGH,MEDIUM,Student Affairs Office,arabizi,lecturer,HARD,False,0,,Electrical power or lighting problem
single_00065,SINGLE,مشكلة في the microphone,The problem is with microphone في Lecture Hall B. The microphone is not producing any sound during the current class. الموضوع محتاج prompt attention.,INCIDENT,AV_CLASSROOM_EQUIPMENT,AV_CLASSROOM_EQUIPMENT,MEDIUM,HIGH,Lecture Hall B,mixed,admin_staff,HARD,False,0,,Classroom audio visual equipment issue
single_00066,SINGLE,Floor tile needs attention,The floor tile is damaged at Dormitory B - Floor 3. The damaged tile is located in a frequently used area. Several people may be affected.,INCIDENT,BUILDING_STRUCTURE,BUILDING_STRUCTURE,HIGH,MEDIUM,Dormitory B - Floor 3,en,admin_staff,MEDIUM,False,0,,"Building surface, door, window or structural issue"
single_00067,SINGLE,مشكلة في the damaged safety sign,محتاجين حد يشوف the damaged safety sign في Dormitory A - Floor 1. أكتر من شخص ممكن يكون affected.,INCIDENT,ELECTRICAL,SAFETY_HAZARD,HIGH,MEDIUM,Dormitory A - Floor 1,mixed,lab_assistant,MEDIUM,False,0,,Reported physical safety hazard
single_00068,SINGLE,Issue with ceiling,The ceiling is damaged at Main Lecture Hall. The damage is limited to one area. The issue needs prompt attention.,INCIDENT,BUILDING_STRUCTURE,BUILDING_STRUCTURE,MEDIUM,HIGH,Main Lecture Hall,en,lecturer,MEDIUM,False,0,,"Building surface, door, window or structural issue"
single_00069,SINGLE,Issue with air conditioner,The air conditioner is not cooling at Engineering Building - Room 101. The room becomes uncomfortable after some time.,INCIDENT,HVAC_AC,HVAC_AC,LOW,MEDIUM,Engineering Building - Room 101,en,security_staff,MEDIUM,False,0,,Air conditioning or ventilation issue
single_00070,SINGLE,عطل في air conditioning system,في مشكلة في air conditioning system في Library - First Floor. The room is not cooling normally. لو سمحت.,INCIDENT,ELECTRICAL,HVAC_AC,MEDIUM,MEDIUM,Library - First Floor,ar_eg,lecturer,MEDIUM,False,0,,Air conditioning or ventilation issue
single_00071,SINGLE,مشكلة سلامة في slippery floor,slippery floor محتاج متابعة في Dormitory A - Floor 2. People are still using the area. الموضوع محتاج متابعة بسرعة.,INCIDENT,SAFETY_HAZARD,SAFETY_HAZARD,MEDIUM,HIGH,Dormitory A - Floor 2,ar_eg,student,HARD,False,0,,Reported physical safety hazard
single_00072,SINGLE,مشكلة في the smoke,في مشكلة في smoke at Library - First Floor. The source of the smoke is not clear. الموضوع محتاج prompt attention.,INCIDENT,SAFETY_HAZARD,SAFETY_HAZARD,MEDIUM,HIGH,Library - First Floor,mixed,dorm_resident,HARD,False,0,,Reported physical safety hazard
single_00073,SINGLE,مشكلة في الأسانسير,محتاجين حد يشوف elevator في Administration Building - Room 12. The building has other access routes. الموضوع محتاج متابعة بسرعة.,INCIDENT,ELEVATOR,ELEVATOR,MEDIUM,HIGH,Administration Building - Room 12,ar_eg,lab_assistant,MEDIUM,False,0,,Elevator or lift malfunction
single_00074,SINGLE,مشكلة في باب الأسانسير,elevator panel محتاج متابعة في Administration Building - Room 18. The elevator controls are not working normally. الموضوع محتاج متابعة بسرعة.,INCIDENT,ELEVATOR,ELEVATOR,MEDIUM,HIGH,Administration Building - Room 18,ar_eg,lab_assistant,HARD,False,0,,Elevator or lift malfunction
single_00075,SINGLE,el light mehtag check,el moshkela fe light zahret fe Engineering Building - Lab 2.,INCIDENT,ELECTRICAL,ELECTRICAL,MEDIUM,MEDIUM,Engineering Building - Lab 2,arabizi,lab_assistant,MEDIUM,False,0,,Electrical power or lighting problem
single_00076,SINGLE,مشكلة في the room,The room requires inspection في Dormitory B - Floor 1. The reporter could not identify the exact problem. الموضوع محتاج prompt attention.,SERVICE_REQUEST,OTHER,OTHER,MEDIUM,HIGH,Dormitory B - Floor 1,mixed,security_staff,MEDIUM,False,0,,Issue does not fit a specific category
single_00077,SINGLE,Issue with wall,The wall is cracked at Engineering Building - Lab 4. The crack has become more noticeable.,INCIDENT,SAFETY_HAZARD,BUILDING_STRUCTURE,MEDIUM,MEDIUM,Engineering Building - Lab 4,en,lecturer,MEDIUM,False,0,,"Building surface, door, window or structural issue"
single_00078,SINGLE,The smoke has an issue,في مشكلة في smoke at Dormitory A - Floor 2. The source of the smoke is not clear. الموضوع محتاج prompt attention.,INCIDENT,SAFETY_HAZARD,SAFETY_HAZARD,LOW,HIGH,Dormitory A - Floor 2,mixed,lab_assistant,HARD,False,0,,Reported physical safety hazard
single_00079,SINGLE,3atel fe shelf,feh moshkela fel shelf fe Parking Area. el mawdoo3 mehtag check بسرعة.,INCIDENT,FURNITURE_FIXTURES,FURNITURE_FIXTURES,MEDIUM,HIGH,Parking Area,arabizi,lecturer,MEDIUM,False,0,,Furniture or fixture maintenance problem
single_00080,SINGLE,Issue with AC unit,I noticed that the AC unit is making a strange noise in Computer Science Building - Lab 3. The noise started during the current session.,INCIDENT,HVAC_AC,HVAC_AC,MEDIUM,MEDIUM,Computer Science Building - Lab 3,en,lecturer,HARD,False,0,,Air conditioning or ventilation issue
single_00081,SINGLE,Elevator panel issue,I noticed that the elevator panel is showing an error in Engineering Building - Room 101. The elevator controls are not working normally. The issue needs prompt attention. Please check.,INCIDENT,ELEVATOR,ELEVATOR,MEDIUM,HIGH,Engineering Building - Room 101,en,dorm_resident,MEDIUM,False,0,,Elevator or lift malfunction
single_00082,SINGLE,el AC unit mehtag check,el moshkela fe AC unit zahret fe Administration Building - Room 12. el mawdoo3 mehtag check بسرعة. plz,INCIDENT,HVAC_AC,HVAC_AC,MEDIUM,HIGH,Administration Building - Room 12,arabizi,admin_staff,MEDIUM,False,0,,Air conditioning or ventilation issue
single_00083,SINGLE,مشكلة في door handle,door handle محتاج متابعة في Main Entrance. The handle moves when the door is opened.,INCIDENT,FURNITURE_FIXTURES,FURNITURE_FIXTURES,MEDIUM,MEDIUM,Main Entrance,ar_eg,student,MEDIUM,False,0,,Furniture or fixture maintenance problem
single_00084,SINGLE,مشكلة في faucet,The faucet is dripping في Science Building - Chemistry Lab. The leak continues even when the faucet is closed.,INCIDENT,PLUMBING_WATER,PLUMBING_WATER,LOW,LOW,Science Building - Chemistry Lab,mixed,dorm_resident,EASY,False,0,,"Water supply, drainage or plumbing problem"
single_00085,SINGLE,Problem with smoke,I noticed that the smoke creates a safety concern in Engineering Building - Lab 4. The source of the smoke is not clear. The issue needs prompt attention. Several people may be affected.,INCIDENT,SAFETY_HAZARD,SAFETY_HAZARD,HIGH,HIGH,Engineering Building - Lab 4,en,lecturer,MEDIUM,False,0,,Reported physical safety hazard
single_00086,SINGLE,مشكلة في AC unit,AC unit محتاج متابعة في Library - Second Floor. Water is appearing below the unit. الموضوع محتاج متابعة بسرعة.,INCIDENT,HVAC_AC,HVAC_AC,MEDIUM,HIGH,Library - Second Floor,ar_eg,lab_assistant,MEDIUM,False,0,,Air conditioning or ventilation issue
single_00087,SINGLE,مشكلة في the projector,The projector does not turn on في Administration Building - Room 18. The instructor needs the equipment for the current class.,INCIDENT,AV_CLASSROOM_EQUIPMENT,AV_CLASSROOM_EQUIPMENT,MEDIUM,MEDIUM,Administration Building - Room 18,mixed,lab_assistant,MEDIUM,False,0,,Classroom audio visual equipment issue
single_00088,SINGLE,Mouse needs attention,There is a problem with the mouse at Engineering Building - Lab 4. The pointer does not move normally.,INCIDENT,IT_HARDWARE_PRINTING,IT_HARDWARE_PRINTING,LOW,LOW,Engineering Building - Lab 4,en,admin_staff,EASY,False,0,,Physical computer or printing equipment issue
single_00089,SINGLE,power supply فيه مشكلة,power supply محتاج متابعة في Cafeteria. The equipment loses power repeatedly. ضروري شوية,INCIDENT,ELECTRICAL,ELECTRICAL,MEDIUM,MEDIUM,Cafeteria,ar_eg,admin_staff,HARD,False,0,,Electrical power or lighting problem
single_00090,SINGLE,مشكلة في light,محتاجين حد يشوف the light في Parking Area.,INCIDENT,ELECTRICAL,ELECTRICAL,MEDIUM,MEDIUM,Parking Area,mixed,dorm_resident,EASY,False,0,,Electrical power or lighting problem
single_00091,SINGLE,ceiling فيه مشكلة,محتاجين حد يشوف ceiling في Administration Building - Room 12. The damage is limited to one area. الموضوع محتاج متابعة بسرعة. أكتر من شخص ممكن يكون متأثر. لو سمحت.,INCIDENT,FURNITURE_FIXTURES,BUILDING_STRUCTURE,HIGH,HIGH,Administration Building - Room 12,ar_eg,lab_assistant,EASY,False,0,,"Building surface, door, window or structural issue"
single_00092,SINGLE,Sink is leaking,There is a problem with the sink at Main Entrance. Water is collecting on the floor.,INCIDENT,PLUMBING_WATER,PLUMBING_WATER,MEDIUM,MEDIUM,Main Entrance,en,student,HARD,False,0,,"Water supply, drainage or plumbing problem"
single_00093,SINGLE,مشكلة في projector,The projector does not turn on في Lecture Hall C. The instructor needs the equipment for the current class. أكتر من شخص ممكن يكون affected.,INCIDENT,ELECTRICAL,AV_CLASSROOM_EQUIPMENT,HIGH,MEDIUM,Lecture Hall C,mixed,lecturer,HARD,False,0,,Classroom audio visual equipment issue
single_00094,SINGLE,el microphone feh moshkela,momken 7ad yshoof el microphone fe Administration Building - Room 18? el mawdoo3 mehtag check بسرعة. aktar men 7ad momken ykoon mota2asser. plz check.,INCIDENT,AV_CLASSROOM_EQUIPMENT,AV_CLASSROOM_EQUIPMENT,HIGH,HIGH,Administration Building - Room 18,arabizi,dorm_resident,HARD,False,0,,Classroom audio visual equipment issue
single_00095,SINGLE,Issue with water supply,I noticed that the water supply has no water in Administration Building - Room 18. The bathroom cannot be used normally. The issue needs prompt attention.,INCIDENT,PLUMBING_WATER,PLUMBING_WATER,MEDIUM,HIGH,Administration Building - Room 18,en,student,MEDIUM,False,0,,"Water supply, drainage or plumbing problem"
single_00096,SINGLE,عطل في login,login محتاج متابعة في Engineering Building - Lab 2. The system repeatedly asks the user to sign in.,INCIDENT,IT_NETWORK_ACCOUNTS,IT_NETWORK_ACCOUNTS,MEDIUM,MEDIUM,Engineering Building - Lab 2,ar_eg,dorm_resident,HARD,False,0,,Network or account access problem
single_00097,SINGLE,window فيه مشكلة,window محتاج متابعة في Computer Science Building - Lab 1. The room is still accessible but the window needs repair. الموضوع محتاج متابعة بسرعة. أكتر من شخص ممكن يكون متأثر.,INCIDENT,BUILDING_STRUCTURE,BUILDING_STRUCTURE,HIGH,HIGH,Computer Science Building - Lab 1,ar_eg,security_staff,HARD,False,0,,"Building surface, door, window or structural issue"
single_00098,SINGLE,Floor needs attention,I noticed that the floor is dirty in Library - Second Floor. The floor needs routine cleaning.,INCIDENT,CLEANING_WASTE,CLEANING_WASTE,LOW,MEDIUM,Library - Second Floor,en,dorm_resident,EASY,False,0,,Cleaning or waste management problem
single_00099,SINGLE,Issue with wall socket,The wall socket has no power at Student Affairs Office Other sockets in the room still have power.,INCIDENT,ELECTRICAL,ELECTRICAL,MEDIUM,MEDIUM,Student Affairs Office,en,admin_staff,MEDIUM,False,0,,Electrical power or lighting problem
single_00100,SINGLE,Desktop computer issue,The desktop computer keeps restarting at Library - Second Floor. The computer restarts while it is being used.,INCIDENT,OTHER,IT_HARDWARE_PRINTING,MEDIUM,MEDIUM,Library - Second Floor,en,lecturer,HARD,False,0,,Physical computer or printing equipment issue
single_00101,SINGLE,el smoke feh moshkela,el moshkela fe smoke zahret fe Dormitory B - Floor 3.,INCIDENT,SAFETY_HAZARD,SAFETY_HAZARD,MEDIUM,MEDIUM,Dormitory B - Floor 3,arabizi,admin_staff,HARD,False,0,,Reported physical safety hazard
single_00102,SINGLE,Monitor needs attention,The monitor shows a blank screen at Science Building - Physics Lab. The computer is running but nothing appears on the display. The issue needs prompt attention. Several people may be affected.,INCIDENT,OTHER,IT_HARDWARE_PRINTING,HIGH,HIGH,Science Building - Physics Lab,en,lecturer,MEDIUM,False,0,,Physical computer or printing equipment issue
single_00103,SINGLE,مشكلة في the broken railing,The broken railing is damaged في Main Lecture Hall. The damaged railing is located on a frequently used path. الموضوع محتاج prompt attention. أكتر من شخص ممكن يكون affected.,INCIDENT,SAFETY_HAZARD,SAFETY_HAZARD,HIGH,HIGH,Main Lecture Hall,mixed,admin_staff,HARD,False,0,,Reported physical safety hazard
single_00104,SINGLE,mshkela fe exposed wire,feh moshkela fel exposed wire fe Administration Building - Room 12. el mawdoo3 mehtag check بسرعة.,INCIDENT,SAFETY_HAZARD,SAFETY_HAZARD,MEDIUM,HIGH,Administration Building - Room 12,arabizi,lab_assistant,HARD,False,0,,Reported physical safety hazard
single_00105,SINGLE,مشكلة محتاجة فحص,محتاجين حد يشوف facility في Student Affairs Office. The exact cause is not clear.,INCIDENT,OTHER,OTHER,MEDIUM,MEDIUM,Student Affairs Office,ar_eg,lab_assistant,MEDIUM,False,0,,Issue does not fit a specific category
single_00106,SINGLE,water pipe فيه مشكلة,لاحظت إن water pipe فيه مشكلة في Science Building - Physics Lab. The leak becomes worse when the water is used. أكتر من شخص ممكن يكون متأثر. المية بدأت تنتشر على جزء من الأرض.,INCIDENT,PLUMBING_WATER,PLUMBING_WATER,HIGH,HIGH,Science Building - Physics Lab,ar_eg,student,HARD,True,0,,"Water supply, drainage or plumbing problem"
single_00107,SINGLE,Problem with service area,There is a problem with the service area at Computer Science Building - Lab 3. A technician may need to inspect the area. Several people may be affected. Please check.,SERVICE_REQUEST,OTHER,OTHER,HIGH,MEDIUM,Computer Science Building - Lab 3,en,lab_assistant,HARD,False,0,,Issue does not fit a specific category
single_00108,SINGLE,Issue with outdoor light,There is a problem with the outdoor light at Outdoor Courtyard The outdoor area is poorly lit after dark. The issue needs prompt attention.,INCIDENT,GROUNDS_OUTDOOR,GROUNDS_OUTDOOR,MEDIUM,HIGH,Outdoor Courtyard,en,admin_staff,MEDIUM,False,0,,Outdoor area or grounds maintenance issue
single_00109,SINGLE,el campus network mehtag check,el moshkela fe campus network zahret fe Science Building - Chemistry Lab. el mawdoo3 mehtag check بسرعة.,INCIDENT,IT_HARDWARE_PRINTING,IT_NETWORK_ACCOUNTS,MEDIUM,HIGH,Science Building - Chemistry Lab,arabizi,dorm_resident,HARD,False,0,,Network or account access problem
single_00110,SINGLE,مشكلة في shelf,The problem is with shelf في Engineering Building - Lab 4. The shelf is loose and needs maintenance.,INCIDENT,FURNITURE_FIXTURES,FURNITURE_FIXTURES,MEDIUM,MEDIUM,Engineering Building - Lab 4,mixed,lecturer,MEDIUM,False,0,,Furniture or fixture maintenance problem
single_00111,SINGLE,مشكلة في the slippery floor,محتاجين حد يشوف the slippery floor في Dormitory B - Floor 3. الموضوع محتاج prompt attention. أكتر من شخص ممكن يكون affected.,INCIDENT,SAFETY_HAZARD,SAFETY_HAZARD,HIGH,HIGH,Dormitory B - Floor 3,mixed,lecturer,HARD,False,0,,Reported physical safety hazard
single_00112,SINGLE,مشكلة صيانة غير واضحة,محتاجين حد يشوف service area في Administration Building - Room 12. A technician may need to inspect the area.,SERVICE_REQUEST,OTHER,OTHER,LOW,MEDIUM,Administration Building - Room 12,ar_eg,lecturer,HARD,False,0,,Issue does not fit a specific category
single_00113,SINGLE,عطل في AC unit,AC unit محتاج متابعة في Library - Second Floor. Water is appearing below the unit. الموضوع محتاج متابعة بسرعة. أكتر من شخص ممكن يكون متأثر.,INCIDENT,PLUMBING_WATER,HVAC_AC,HIGH,HIGH,Library - Second Floor,ar_eg,admin_staff,HARD,False,0,,Air conditioning or ventilation issue
single_00114,SINGLE,مشكلة محتاجة فحص,facility محتاج متابعة في Dormitory B - Floor 3. The exact cause is not clear. ضروري شوية,INCIDENT,OTHER,OTHER,MEDIUM,LOW,Dormitory B - Floor 3,ar_eg,admin_staff,MEDIUM,False,0,,Issue does not fit a specific category
single_00115,SINGLE,el air conditioner feh moshkela,momken 7ad yshoof el air conditioner fe Parking Area?,INCIDENT,HVAC_AC,HVAC_AC,MEDIUM,MEDIUM,Parking Area,arabizi,lecturer,MEDIUM,False,0,,Air conditioning or ventilation issue
single_00116,SINGLE,Issue with drain,There is a problem with the drain at Cafeteria. Water is draining very slowly. The issue needs prompt attention.,INCIDENT,PLUMBING_WATER,PLUMBING_WATER,MEDIUM,HIGH,Cafeteria,en,dorm_resident,MEDIUM,False,0,,"Water supply, drainage or plumbing problem"
single_00117,SINGLE,el damaged safety sign mehtag check,el damaged safety sign needs attention fe Main Entrance. The safety information is no longer clearly visible.,INCIDENT,SAFETY_HAZARD,SAFETY_HAZARD,LOW,MEDIUM,Main Entrance,arabizi,security_staff,HARD,False,0,,Reported physical safety hazard
single_00118,SINGLE,Scanner needs attention,There is a problem with the scanner at Library - Second Floor. The scanner cannot be used from the connected computer. Please check.,INCIDENT,IT_HARDWARE_PRINTING,IT_HARDWARE_PRINTING,MEDIUM,MEDIUM,Library - Second Floor,en,lecturer,HARD,False,0,,Physical computer or printing equipment issue
single_00119,SINGLE,Faucet is dripping,The faucet is dripping at Science Building - Physics Lab. The leak continues even when the faucet is closed.,INCIDENT,PLUMBING_WATER,PLUMBING_WATER,LOW,LOW,Science Building - Physics Lab,en,lecturer,EASY,False,0,,"Water supply, drainage or plumbing problem"
single_00120,SINGLE,مشكلة صيانة غير واضحة,لاحظت إن equipment area فيه مشكلة في Computer Science Building - Lab 3. The problem could not be classified more specifically.,INCIDENT,OTHER,OTHER,MEDIUM,MEDIUM,Computer Science Building - Lab 3,ar_eg,security_staff,MEDIUM,False,0,,Issue does not fit a specific category
single_00121,SINGLE,Issue with elevator panel,There is a problem with the elevator panel at Science Building - Chemistry Lab. The elevator controls are not working normally. The issue needs prompt attention. Several people may be affected.,INCIDENT,ELECTRICAL,ELEVATOR,HIGH,HIGH,Science Building - Chemistry Lab,en,lab_assistant,HARD,False,0,,Elevator or lift malfunction
single_00122,SINGLE,corridor مش نضيف,في مشكلة في corridor في Lecture Hall C. The corridor needs its regular cleaning service.,INCIDENT,CLEANING_WASTE,CLEANING_WASTE,LOW,LOW,Lecture Hall C,ar_eg,lecturer,HARD,False,0,,Cleaning or waste management problem
single_00123,SINGLE,مشكلة في bathroom,محتاجين حد يشوف the bathroom في Dormitory B - Floor 3. الموضوع محتاج prompt attention. أكتر من شخص ممكن يكون affected.,SERVICE_REQUEST,CLEANING_WASTE,CLEANING_WASTE,HIGH,HIGH,Dormitory B - Floor 3,mixed,lab_assistant,HARD,False,0,,Cleaning or waste management problem
single_00124,SINGLE,University email cannot be accessed,There is a problem with the university email at Science Building - Chemistry Lab. The account cannot open the university email service.,INCIDENT,IT_NETWORK_ACCOUNTS,IT_NETWORK_ACCOUNTS,MEDIUM,MEDIUM,Science Building - Chemistry Lab,en,student,HARD,False,0,,Network or account access problem
single_00125,SINGLE,Display system keeps disconnecting,The display system keeps disconnecting at Lecture Hall B. The classroom display disconnects during use.,INCIDENT,AV_CLASSROOM_EQUIPMENT,AV_CLASSROOM_EQUIPMENT,MEDIUM,LOW,Lecture Hall B,en,dorm_resident,MEDIUM,False,0,,Classroom audio visual equipment issue
single_00126,SINGLE,عطل في smart board,smart board محتاج متابعة في Computer Science Building - Room 203. The board does not respond when the instructor interacts with it. لو سمحت.,INCIDENT,AV_CLASSROOM_EQUIPMENT,AV_CLASSROOM_EQUIPMENT,MEDIUM,MEDIUM,Computer Science Building - Room 203,ar_eg,admin_staff,MEDIUM,False,0,,Classroom audio visual equipment issue
single_00127,SINGLE,عطل في door,لاحظت إن door فيه مشكلة في Computer Science Building - Lab 1. The damage was noticed today.,INCIDENT,BUILDING_STRUCTURE,BUILDING_STRUCTURE,MEDIUM,MEDIUM,Computer Science Building - Lab 1,ar_eg,dorm_resident,MEDIUM,False,0,,"Building surface, door, window or structural issue"
single_00128,SINGLE,عطل في monitor,في مشكلة في monitor في Library - Second Floor. The computer is running but nothing appears on the display. أكتر من شخص ممكن يكون متأثر.,INCIDENT,IT_HARDWARE_PRINTING,IT_HARDWARE_PRINTING,HIGH,MEDIUM,Library - Second Floor,ar_eg,security_staff,MEDIUM,False,0,,Physical computer or printing equipment issue
single_00129,SINGLE,Air conditioner needs attention,There is a problem with the air conditioner at Sports Building The room becomes uncomfortable after some time. The issue needs prompt attention.,INCIDENT,HVAC_AC,HVAC_AC,MEDIUM,HIGH,Sports Building,en,lecturer,MEDIUM,False,0,,Air conditioning or ventilation issue
single_00130,SINGLE,vent مش شغال,في مشكلة في vent في Parking Area. Airflow from the vent is not normal.,INCIDENT,HVAC_AC,HVAC_AC,MEDIUM,LOW,Parking Area,ar_eg,lab_assistant,EASY,False,0,,Air conditioning or ventilation issue
single_00131,SINGLE,Wall needs attention,Please check the wall at Main Lecture Hall. It is cracked. The crack has become more noticeable. The issue needs prompt attention. Several people may be affected.,INCIDENT,BUILDING_STRUCTURE,BUILDING_STRUCTURE,HIGH,HIGH,Main Lecture Hall,en,student,EASY,False,0,,"Building surface, door, window or structural issue"
single_00132,SINGLE,مشكلة في service area,service area محتاج متابعة في Main Lecture Hall. A technician may need to inspect the area.,SERVICE_REQUEST,OTHER,OTHER,MEDIUM,MEDIUM,Main Lecture Hall,ar_eg,dorm_resident,MEDIUM,False,0,,Issue does not fit a specific category
single_00133,SINGLE,Desk is unstable,Please check the desk at Library - First Floor. It is unstable. The desk moves when it is used.,INCIDENT,FURNITURE_FIXTURES,FURNITURE_FIXTURES,MEDIUM,MEDIUM,Library - First Floor,en,security_staff,MEDIUM,False,0,,Furniture or fixture maintenance problem
single_00134,SINGLE,lecture screen مش شغال,lecture screen محتاج متابعة في Main Lecture Hall. The issue affects the classroom display. الموضوع محتاج متابعة بسرعة. أكتر من شخص ممكن يكون متأثر.,INCIDENT,AV_CLASSROOM_EQUIPMENT,AV_CLASSROOM_EQUIPMENT,HIGH,HIGH,Main Lecture Hall,ar_eg,admin_staff,MEDIUM,False,0,,Classroom audio visual equipment issue
single_00135,SINGLE,student account فيه مشكلة,لاحظت إن student account فيه مشكلة في Engineering Building - Lab 2. The password is correct but the login keeps failing.,INCIDENT,IT_NETWORK_ACCOUNTS,IT_NETWORK_ACCOUNTS,MEDIUM,MEDIUM,Engineering Building - Lab 2,ar_eg,dorm_resident,HARD,False,0,,Network or account access problem
single_00136,SINGLE,مشكلة في the smart board,The smart board is not responding في Computer Science Building - Room 203. The board does not respond when the instructor interacts with it. الموضوع محتاج prompt attention.,INCIDENT,AV_CLASSROOM_EQUIPMENT,AV_CLASSROOM_EQUIPMENT,MEDIUM,HIGH,Computer Science Building - Room 203,mixed,student,MEDIUM,False,0,,Classroom audio visual equipment issue
single_00137,SINGLE,Problem with broken railing,The broken railing is damaged at Computer Science Building - Lab 1. The damaged railing is located on a frequently used path. Several people may be affected. Please check.,INCIDENT,SAFETY_HAZARD,SAFETY_HAZARD,HIGH,MEDIUM,Computer Science Building - Lab 1,en,security_staff,HARD,False,0,,Reported physical safety hazard
single_00138,SINGLE,Issue with classroom speakers,I noticed that the classroom speakers have no sound in Administration Building - Room 12 The problem affects audio during the class. The issue needs prompt attention.,INCIDENT,ELECTRICAL,AV_CLASSROOM_EQUIPMENT,MEDIUM,HIGH,Administration Building - Room 12,en,admin_staff,HARD,False,0,,Classroom audio visual equipment issue
single_00139,SINGLE,Usb port issue,There is a problem with the USB port at Science Building - Chemistry Lab. Connected devices are not recognized by the computer.,INCIDENT,IT_HARDWARE_PRINTING,IT_HARDWARE_PRINTING,LOW,LOW,Science Building - Chemistry Lab,en,admin_staff,EASY,False,0,,Physical computer or printing equipment issue
single_00140,SINGLE,outdoor bench محتاج صيانة,لاحظت إن outdoor bench فيه مشكلة في Main Entrance. The bench needs maintenance before regular use.,INCIDENT,GROUNDS_OUTDOOR,GROUNDS_OUTDOOR,LOW,LOW,Main Entrance,ar_eg,security_staff,MEDIUM,False,0,,Outdoor area or grounds maintenance issue
single_00141,SINGLE,Vpn issue,Please check the VPN at Computer Science Building - Room 203. It is not connecting. The VPN connection fails when access to the university network is required.,INCIDENT,IT_NETWORK_ACCOUNTS,IT_NETWORK_ACCOUNTS,MEDIUM,LOW,Computer Science Building - Room 203,en,security_staff,MEDIUM,False,0,,Network or account access problem
single_00142,SINGLE,Issue with parking area,Please check the parking area at Main Entrance. It needs maintenance. The issue affects one outdoor location.,SERVICE_REQUEST,GROUNDS_OUTDOOR,GROUNDS_OUTDOOR,LOW,LOW,Main Entrance,en,student,EASY,False,0,,Outdoor area or grounds maintenance issue
single_00143,SINGLE,Thermostat needs attention,I noticed that the thermostat is not responding in Student Affairs Office. The temperature cannot be adjusted normally.,INCIDENT,PLUMBING_WATER,HVAC_AC,MEDIUM,MEDIUM,Student Affairs Office,en,lecturer,MEDIUM,False,0,,Air conditioning or ventilation issue
single_00144,SINGLE,Smart board needs attention,There is a problem with the smart board at Main Lecture Hall The board does not respond when the instructor interacts with it.,INCIDENT,AV_CLASSROOM_EQUIPMENT,AV_CLASSROOM_EQUIPMENT,MEDIUM,LOW,Main Lecture Hall,en,security_staff,MEDIUM,False,0,,Classroom audio visual equipment issue
single_00145,SINGLE,sink فيه مشكلة,في مشكلة في sink في Computer Science Building - Lab 1. Water is collecting on the floor. الموضوع محتاج متابعة بسرعة. أكتر من شخص ممكن يكون متأثر.,INCIDENT,PLUMBING_WATER,PLUMBING_WATER,HIGH,HIGH,Computer Science Building - Lab 1,ar_eg,security_staff,HARD,False,0,,"Water supply, drainage or plumbing problem"
single_00146,SINGLE,Network connection needs attention,There is a problem with the network connection at Science Building - Physics Lab. The connection becomes slow during normal campus use.,INCIDENT,IT_NETWORK_ACCOUNTS,IT_NETWORK_ACCOUNTS,LOW,MEDIUM,Science Building - Physics Lab,en,lecturer,EASY,False,0,,Network or account access problem
single_00147,SINGLE,Water supply issue,I noticed that the water supply has no water in Engineering Building - Lab 2. The bathroom cannot be used normally.,INCIDENT,PLUMBING_WATER,PLUMBING_WATER,MEDIUM,MEDIUM,Engineering Building - Lab 2,en,dorm_resident,HARD,False,0,,"Water supply, drainage or plumbing problem"
single_00148,SINGLE,Issue with walkway,The walkway is blocked at Outdoor Courtyard. Part of the walkway cannot be used normally. The issue needs prompt attention.,INCIDENT,GROUNDS_OUTDOOR,GROUNDS_OUTDOOR,LOW,HIGH,Outdoor Courtyard,en,admin_staff,MEDIUM,False,0,,Outdoor area or grounds maintenance issue
single_00149,SINGLE,Power outlet needs attention,There is a problem with the power outlet at Student Affairs Office. The outlet is needed for equipment in the room.,INCIDENT,BUILDING_STRUCTURE,ELECTRICAL,MEDIUM,MEDIUM,Student Affairs Office,en,security_staff,HARD,False,0,,Electrical power or lighting problem
single_00150,SINGLE,Issue with microphone,I noticed that the microphone has no sound in Engineering Building - Room 101. The microphone is not producing any sound during the current class. Several people may be affected.,INCIDENT,AV_CLASSROOM_EQUIPMENT,AV_CLASSROOM_EQUIPMENT,HIGH,MEDIUM,Engineering Building - Room 101,en,lab_assistant,HARD,False,0,,Classroom audio visual equipment issue
single_00151,SINGLE,Ac unit is leaking water,Please check the AC unit at Main Entrance It is leaking water. Water is appearing below the unit. Several people may be affected.,INCIDENT,HVAC_AC,HVAC_AC,HIGH,MEDIUM,Main Entrance,en,dorm_resident,HARD,False,0,,Air conditioning or ventilation issue
single_00152,SINGLE,عطل في toilet,محتاجين حد يشوف toilet في Dormitory A - Floor 2. Water is spreading around the bathroom area. الموضوع محتاج متابعة بسرعة. أكتر من شخص ممكن يكون متأثر.,INCIDENT,PLUMBING_WATER,PLUMBING_WATER,HIGH,HIGH,Dormitory A - Floor 2,ar_eg,security_staff,HARD,False,0,,"Water supply, drainage or plumbing problem"
single_00153,SINGLE,الأسانسير مش شغال,لاحظت إن elevator فيه مشكلة في Administration Building - Room 12. People are currently using the building stairs. الموضوع محتاج متابعة بسرعة. أكتر من شخص ممكن يكون متأثر.,INCIDENT,ELEVATOR,ELEVATOR,HIGH,HIGH,Administration Building - Room 12,ar_eg,admin_staff,HARD,False,0,,Elevator or lift malfunction
single_00154,SINGLE,chair محتاج تصليح,محتاجين حد يشوف chair في Dormitory A - Floor 1. The chair can still be used with difficulty.,INCIDENT,FURNITURE_FIXTURES,FURNITURE_FIXTURES,MEDIUM,LOW,Dormitory A - Floor 1,ar_eg,lab_assistant,EASY,False,0,,Furniture or fixture maintenance problem
single_00155,SINGLE,Thermostat needs attention,There is a problem with the thermostat at Dormitory A - Floor 1. The temperature cannot be adjusted normally.,INCIDENT,HVAC_AC,HVAC_AC,MEDIUM,MEDIUM,Dormitory A - Floor 1,en,admin_staff,MEDIUM,False,0,,Air conditioning or ventilation issue
single_00156,SINGLE,Network connection needs attention,I noticed that the network connection is very slow in Engineering Building - Lab 2. The connection becomes slow during normal campus use.,INCIDENT,IT_NETWORK_ACCOUNTS,IT_NETWORK_ACCOUNTS,MEDIUM,LOW,Engineering Building - Lab 2,en,admin_staff,EASY,False,0,,Network or account access problem
single_00157,SINGLE,Lift needs attention,The lift stopped between floors at Computer Science Building - Lab 1. The elevator requires immediate technical inspection. The issue needs prompt attention.,INCIDENT,ELEVATOR,ELEVATOR,MEDIUM,HIGH,Computer Science Building - Lab 1,en,lab_assistant,MEDIUM,False,0,,Elevator or lift malfunction
single_00158,SINGLE,Wall is cracked,I noticed that the wall is cracked in Outdoor Courtyard. The crack has become more noticeable.,INCIDENT,BUILDING_STRUCTURE,BUILDING_STRUCTURE,MEDIUM,MEDIUM,Outdoor Courtyard,en,security_staff,MEDIUM,False,0,,"Building surface, door, window or structural issue"
single_00159,SINGLE,Common area issue,There is a problem with the common area at Dormitory B - Floor 1. The odor was noticed recently in the area.,INCIDENT,CLEANING_WASTE,CLEANING_WASTE,MEDIUM,MEDIUM,Dormitory B - Floor 1,en,lecturer,EASY,False,0,,Cleaning or waste management problem
single_00160,SINGLE,3atel fe ceiling light,el moshkela fe ceiling light zahret fe Outdoor Courtyard.,INCIDENT,ELECTRICAL,ELECTRICAL,MEDIUM,MEDIUM,Outdoor Courtyard,arabizi,admin_staff,MEDIUM,False,0,,Electrical power or lighting problem
single_00161,SINGLE,مشكلة صيانة غير واضحة,في مشكلة في service area في Lecture Hall C. A technician may need to inspect the area. أكتر من شخص ممكن يكون متأثر.,SERVICE_REQUEST,BUILDING_STRUCTURE,OTHER,HIGH,MEDIUM,Lecture Hall C,ar_eg,lab_assistant,MEDIUM,False,0,,Issue does not fit a specific category
single_00162,SINGLE,Parking area needs attention,There is a problem with the parking area at Main Entrance The issue affects one outdoor location.,SERVICE_REQUEST,GROUNDS_OUTDOOR,GROUNDS_OUTDOOR,LOW,LOW,Main Entrance,en,lecturer,EASY,False,0,,Outdoor area or grounds maintenance issue
single_00163,SINGLE,مشكلة في باب الأسانسير,محتاجين حد يشوف elevator في Science Building - Physics Lab. The building has other access routes. أكتر من شخص ممكن يكون متأثر.,INCIDENT,ELEVATOR,ELEVATOR,HIGH,MEDIUM,Science Building - Physics Lab,ar_eg,security_staff,MEDIUM,False,0,,Elevator or lift malfunction
single_00164,SINGLE,عطل في laptop,لاحظت إن laptop فيه مشكلة في Science Building - Physics Lab. Applications take a long time to respond. أكتر من شخص ممكن يكون متأثر.,INCIDENT,AV_CLASSROOM_EQUIPMENT,IT_HARDWARE_PRINTING,HIGH,LOW,Science Building - Physics Lab,ar_eg,lecturer,EASY,False,0,,Physical computer or printing equipment issue
single_00165,SINGLE,Water supply has no water,I noticed that the water supply has no water in Dormitory B - Floor 1. The bathroom cannot be used normally. Several people may be affected.,INCIDENT,PLUMBING_WATER,PLUMBING_WATER,HIGH,MEDIUM,Dormitory B - Floor 1,en,dorm_resident,HARD,False,0,,"Water supply, drainage or plumbing problem"
single_00166,SINGLE,mshkela fe projector,feh moshkela fel projector fe Computer Science Building - Room 203. el mawdoo3 mehtag check بسرعة.,INCIDENT,ELECTRICAL,AV_CLASSROOM_EQUIPMENT,LOW,HIGH,Computer Science Building - Room 203,arabizi,lab_assistant,MEDIUM,False,0,,Classroom audio visual equipment issue
single_00167,SINGLE,Issue with elevator door,There is a problem with the elevator door at Sports Building. The elevator cannot be used normally. Several people may be affected.,INCIDENT,BUILDING_STRUCTURE,ELEVATOR,HIGH,LOW,Sports Building,en,security_staff,HARD,False,0,,Elevator or lift malfunction
single_00168,SINGLE,Problem with USB port,I noticed that the USB port does not detect the device in Science Building - Chemistry Lab. Connected devices are not recognized by the computer.,INCIDENT,IT_HARDWARE_PRINTING,IT_HARDWARE_PRINTING,LOW,LOW,Science Building - Chemistry Lab,en,student,EASY,False,0,,Physical computer or printing equipment issue
single_00169,SINGLE,مشكلة في smoke,The smoke creates a safety concern في Computer Science Building - Room 203. The source of the smoke is not clear. الموضوع محتاج prompt attention. أكتر من شخص ممكن يكون affected.,INCIDENT,SAFETY_HAZARD,SAFETY_HAZARD,HIGH,HIGH,Computer Science Building - Room 203,mixed,dorm_resident,HARD,False,0,,Reported physical safety hazard
single_00170,SINGLE,Ceiling light stopped working,The ceiling light stopped working at Dormitory B - Floor 1. The room is less visible because the light is not working.,INCIDENT,ELECTRICAL,ELECTRICAL,LOW,MEDIUM,Dormitory B - Floor 1,en,dorm_resident,HARD,False,0,,Electrical power or lighting problem
single_00171,SINGLE,Microphone issue,I noticed that the microphone has no sound in Administration Building - Room 12. The microphone is not producing any sound during the current class.,INCIDENT,ELECTRICAL,AV_CLASSROOM_EQUIPMENT,MEDIUM,MEDIUM,Administration Building - Room 12,en,admin_staff,HARD,False,0,,Classroom audio visual equipment issue
single_00172,SINGLE,Classroom speakers needs attention,I noticed that the classroom speakers have no sound in Administration Building - Room 12. The problem affects audio during the class. The issue needs prompt attention.,INCIDENT,AV_CLASSROOM_EQUIPMENT,AV_CLASSROOM_EQUIPMENT,MEDIUM,HIGH,Administration Building - Room 12,en,lab_assistant,HARD,False,0,,Classroom audio visual equipment issue
single_00173,SINGLE,مشكلة في exposed wire,في مشكلة في exposed wire at Engineering Building - Lab 4. The exposed wire is accessible in the area. الموضوع محتاج prompt attention. أكتر من شخص ممكن يكون affected.,INCIDENT,SAFETY_HAZARD,SAFETY_HAZARD,HIGH,HIGH,Engineering Building - Lab 4,mixed,admin_staff,MEDIUM,False,0,,Reported physical safety hazard
single_00174,SINGLE,Problem with common area,Please check the common area at Dormitory B - Floor 3. It has a strong odor. The odor was noticed recently in the area.,INCIDENT,CLEANING_WASTE,CLEANING_WASTE,MEDIUM,MEDIUM,Dormitory B - Floor 3,en,student,MEDIUM,False,0,,Cleaning or waste management problem
single_00175,SINGLE,مشكلة في network connection,في مشكلة في network connection في Computer Science Building - Lab 3. The connection becomes slow during normal campus use.,INCIDENT,IT_NETWORK_ACCOUNTS,IT_NETWORK_ACCOUNTS,LOW,LOW,Computer Science Building - Lab 3,ar_eg,lab_assistant,EASY,False,0,,Network or account access problem
single_00176,SINGLE,Problem with outdoor light,Please check the outdoor light at Main Entrance. It is not working. The outdoor area is poorly lit after dark. The issue needs prompt attention.,INCIDENT,GROUNDS_OUTDOOR,GROUNDS_OUTDOOR,LOW,HIGH,Main Entrance,en,lab_assistant,MEDIUM,False,0,,Outdoor area or grounds maintenance issue
single_00177,SINGLE,Problem with cabinet,Please check the cabinet at Dormitory A - Floor 2. It does not close properly. The cabinet door remains partially open.,INCIDENT,BUILDING_STRUCTURE,FURNITURE_FIXTURES,LOW,LOW,Dormitory A - Floor 2,en,dorm_resident,MEDIUM,False,0,,Furniture or fixture maintenance problem
single_00178,SINGLE,el outdoor light mehtag check,el outdoor light is not working fe Outdoor Courtyard. The outdoor area is poorly lit after dark.,INCIDENT,GROUNDS_OUTDOOR,GROUNDS_OUTDOOR,MEDIUM,LOW,Outdoor Courtyard,arabizi,lab_assistant,MEDIUM,False,0,,Outdoor area or grounds maintenance issue
single_00179,SINGLE,Ac unit is making a strange noise,I noticed that the AC unit is making a strange noise in Engineering Building - Lab 2. The noise started during the current session.,INCIDENT,HVAC_AC,HVAC_AC,LOW,MEDIUM,Engineering Building - Lab 2,en,student,MEDIUM,False,0,,Air conditioning or ventilation issue
single_00180,SINGLE,USB port مش شغال,لاحظت إن USB port فيه مشكلة في Computer Science Building - Lab 1. Connected devices are not recognized by the computer.,INCIDENT,IT_HARDWARE_PRINTING,IT_HARDWARE_PRINTING,LOW,LOW,Computer Science Building - Lab 1,ar_eg,student,EASY,False,0,,Physical computer or printing equipment issue
single_00181,SINGLE,Service area issue,I noticed that the service area needs maintenance in Main Lecture Hall. A technician may need to inspect the area.,SERVICE_REQUEST,OTHER,OTHER,MEDIUM,LOW,Main Lecture Hall,en,security_staff,MEDIUM,False,0,,Issue does not fit a specific category
single_00182,SINGLE,el microphone mehtag check,el moshkela fe microphone zahret fe Lecture Hall C. el mawdoo3 mehtag check بسرعة. aktar men 7ad momken ykoon mota2asser. plz check.,INCIDENT,IT_HARDWARE_PRINTING,AV_CLASSROOM_EQUIPMENT,HIGH,HIGH,Lecture Hall C,arabizi,student,MEDIUM,False,0,,Classroom audio visual equipment issue
single_00183,SINGLE,el vent feh moshkela,el moshkela fe vent zahret fe Student Affairs Office.,INCIDENT,HVAC_AC,HVAC_AC,LOW,LOW,Student Affairs Office,arabizi,dorm_resident,MEDIUM,False,0,,Air conditioning or ventilation issue
single_00184,SINGLE,Issue with power supply,I noticed that the power supply keeps turning off in Dormitory A - Floor 2. The equipment loses power repeatedly. The issue needs prompt attention. Several people may be affected.,INCIDENT,ELECTRICAL,ELECTRICAL,HIGH,HIGH,Dormitory A - Floor 2,en,student,HARD,False,0,,Electrical power or lighting problem
single_00185,SINGLE,مشكلة في air conditioning system,في مشكلة في air conditioning system في Science Building - Chemistry Lab. The room is not cooling normally. الموضوع محتاج متابعة بسرعة.,INCIDENT,HVAC_AC,HVAC_AC,LOW,HIGH,Science Building - Chemistry Lab,ar_eg,dorm_resident,HARD,False,0,,Air conditioning or ventilation issue
single_00186,SINGLE,room محتاج فحص,في مشكلة في room في Library - Second Floor. The reporter could not identify the exact problem.,SERVICE_REQUEST,OTHER,OTHER,MEDIUM,LOW,Library - Second Floor,ar_eg,admin_staff,EASY,False,0,,Issue does not fit a specific category
single_00187,SINGLE,Issue with room,Please check the room at Science Building - Physics Lab. It requires inspection. The reporter could not identify the exact problem.,SERVICE_REQUEST,OTHER,OTHER,MEDIUM,MEDIUM,Science Building - Physics Lab,en,lab_assistant,MEDIUM,False,0,,Issue does not fit a specific category
single_00188,SINGLE,Ac unit issue,There is a problem with the AC unit at Sports Building. Water is appearing below the unit. The issue needs prompt attention. Several people may be affected.,INCIDENT,PLUMBING_WATER,HVAC_AC,HIGH,HIGH,Sports Building,en,student,HARD,False,0,,Air conditioning or ventilation issue
single_00189,SINGLE,مشكلة في elevator,محتاجين حد يشوف the elevator في Dormitory A - Floor 2. الموضوع محتاج prompt attention. أكتر من شخص ممكن يكون affected.,INCIDENT,ELEVATOR,ELEVATOR,HIGH,HIGH,Dormitory A - Floor 2,mixed,security_staff,HARD,False,0,,Elevator or lift malfunction
single_00190,SINGLE,Power supply issue,I noticed that the power supply keeps turning off in Sports Building The equipment loses power repeatedly. The issue needs prompt attention.,INCIDENT,ELECTRICAL,ELECTRICAL,MEDIUM,HIGH,Sports Building,en,lab_assistant,MEDIUM,False,0,,Electrical power or lighting problem
single_00191,SINGLE,Floor is dirty,The floor is dirty at Library - First Floor. The floor needs routine cleaning.,INCIDENT,CLEANING_WASTE,CLEANING_WASTE,LOW,LOW,Library - First Floor,en,security_staff,EASY,False,0,,Cleaning or waste management problem
single_00192,SINGLE,Issue with obstruction,Please check the obstruction at Lecture Hall B. It is blocking part of the area. The obstruction reduces the usable path. The issue needs prompt attention. Several people may be affected. Please check.,INCIDENT,SAFETY_HAZARD,SAFETY_HAZARD,HIGH,HIGH,Lecture Hall B,en,lab_assistant,HARD,False,0,,Reported physical safety hazard
single_00193,SINGLE,classroom محتاج تنظيف,في مشكلة في classroom في Lecture Hall C. The area has been used throughout the day. أكتر من شخص ممكن يكون متأثر.,INCIDENT,OTHER,CLEANING_WASTE,HIGH,LOW,Lecture Hall C,ar_eg,security_staff,HARD,False,0,,Cleaning or waste management problem
single_00194,SINGLE,Issue with corridor,Please check the corridor at Lecture Hall C. It has not been cleaned. The corridor needs its regular cleaning service.,INCIDENT,CLEANING_WASTE,CLEANING_WASTE,LOW,MEDIUM,Lecture Hall C,en,admin_staff,EASY,False,0,,Cleaning or waste management problem
single_00195,SINGLE,Outdoor bench needs attention,Please check the outdoor bench at Main Entrance. It is damaged. The bench needs maintenance before regular use. Please check.,INCIDENT,GROUNDS_OUTDOOR,GROUNDS_OUTDOOR,LOW,MEDIUM,Main Entrance,en,dorm_resident,MEDIUM,False,0,,Outdoor area or grounds maintenance issue
single_00196,SINGLE,Wi-Fi مش شغال,Wi-Fi محتاج متابعة في Engineering Building - Lab 4. The connection drops after a few minutes.,INCIDENT,IT_HARDWARE_PRINTING,IT_NETWORK_ACCOUNTS,MEDIUM,MEDIUM,Engineering Building - Lab 4,ar_eg,admin_staff,EASY,False,0,,Network or account access problem
single_00197,SINGLE,mouse مش شغال,لاحظت إن mouse فيه مشكلة في Computer Science Building - Room 203. The pointer does not move normally.,INCIDENT,IT_HARDWARE_PRINTING,IT_HARDWARE_PRINTING,LOW,LOW,Computer Science Building - Room 203,ar_eg,student,EASY,False,0,,Physical computer or printing equipment issue
single_00198,SINGLE,مشكلة في the outdoor light,في مشكلة في outdoor light at Parking Area. The outdoor area is poorly lit after dark.,INCIDENT,GROUNDS_OUTDOOR,GROUNDS_OUTDOOR,MEDIUM,MEDIUM,Parking Area,mixed,security_staff,MEDIUM,False,0,,Outdoor area or grounds maintenance issue
single_00199,SINGLE,عطل في gate,محتاجين حد يشوف gate في Parking Area. The gate cannot be operated normally. لو سمحت.,INCIDENT,GROUNDS_OUTDOOR,GROUNDS_OUTDOOR,MEDIUM,MEDIUM,Parking Area,ar_eg,student,HARD,False,0,,Outdoor area or grounds maintenance issue
single_00200,SINGLE,The toilet has an issue,في مشكلة في toilet at Student Affairs Office. Water is spreading around the bathroom area. الموضوع محتاج prompt attention. أكتر من شخص ممكن يكون affected.,INCIDENT,PLUMBING_WATER,PLUMBING_WATER,HIGH,HIGH,Student Affairs Office,mixed,lab_assistant,HARD,False,0,,"Water supply, drainage or plumbing problem"
single_00201,SINGLE,Scanner does not detect the device,There is a problem with the scanner at Science Building - Physics Lab. The scanner cannot be used from the connected computer.,INCIDENT,IT_HARDWARE_PRINTING,IT_HARDWARE_PRINTING,MEDIUM,MEDIUM,Science Building - Physics Lab,en,dorm_resident,MEDIUM,False,0,,Physical computer or printing equipment issue
single_00202,SINGLE,Room requires inspection,There is a problem with the room at Dormitory A - Floor 2. The reporter could not identify the exact problem. Several people may be affected.,SERVICE_REQUEST,OTHER,OTHER,HIGH,MEDIUM,Dormitory A - Floor 2,en,security_staff,MEDIUM,False,0,,Issue does not fit a specific category
single_00203,SINGLE,الأسانسير مش شغال,لاحظت إن elevator door فيه مشكلة في Dormitory A - Floor 1. The elevator cannot be used normally. الموضوع محتاج متابعة بسرعة.,INCIDENT,ELEVATOR,ELEVATOR,MEDIUM,HIGH,Dormitory A - Floor 1,ar_eg,lab_assistant,MEDIUM,False,0,,Elevator or lift malfunction
single_00204,SINGLE,Lecture screen is showing a blank screen,There is a problem with the lecture screen at Lecture Hall B. The issue affects the classroom display. The issue needs prompt attention.,INCIDENT,AV_CLASSROOM_EQUIPMENT,AV_CLASSROOM_EQUIPMENT,MEDIUM,HIGH,Lecture Hall B,en,lecturer,MEDIUM,False,0,,Classroom audio visual equipment issue
single_00205,SINGLE,عطل في wall socket,محتاجين حد يشوف wall socket في Computer Science Building - Lab 1. Other sockets in the room still have power.,INCIDENT,SAFETY_HAZARD,ELECTRICAL,MEDIUM,MEDIUM,Computer Science Building - Lab 1,ar_eg,student,MEDIUM,False,0,,Electrical power or lighting problem
single_00206,SINGLE,The shelf has an issue,في مشكلة في shelf at Dormitory B - Floor 3. The shelf is loose and needs maintenance. الموضوع محتاج prompt attention.,INCIDENT,FURNITURE_FIXTURES,FURNITURE_FIXTURES,LOW,HIGH,Dormitory B - Floor 3,mixed,admin_staff,EASY,False,0,,Furniture or fixture maintenance problem
single_00207,SINGLE,Vent issue,The vent is not working at Main Lecture Hall. Airflow from the vent is not normal.,INCIDENT,ELECTRICAL,HVAC_AC,LOW,LOW,Main Lecture Hall,en,lecturer,MEDIUM,False,0,,Air conditioning or ventilation issue
single_00208,SINGLE,electrical switch فيه مشكلة,في مشكلة في electrical switch في Sports Building. The switch does not control the connected light.,INCIDENT,ELECTRICAL,ELECTRICAL,MEDIUM,MEDIUM,Sports Building,ar_eg,student,MEDIUM,False,0,,Electrical power or lighting problem
single_00209,SINGLE,مشكلة في the equipment area,محتاجين حد يشوف the equipment area في Parking Area. الموضوع محتاج prompt attention. أكتر من شخص ممكن يكون affected.,SERVICE_REQUEST,OTHER,OTHER,HIGH,HIGH,Parking Area,mixed,lecturer,MEDIUM,False,0,,Issue does not fit a specific category
single_00210,SINGLE,common area محتاج تنظيف,محتاجين حد يشوف common area في Dormitory B - Floor 3. The odor was noticed recently in the area. الموضوع محتاج متابعة بسرعة.,INCIDENT,PLUMBING_WATER,CLEANING_WASTE,MEDIUM,HIGH,Dormitory B - Floor 3,ar_eg,admin_staff,MEDIUM,False,0,,Cleaning or waste management problem
single_00211,SINGLE,Elevator panel needs attention,I noticed that the elevator panel is showing an error in Computer Science Building - Room 203. The elevator controls are not working normally. The issue needs prompt attention.,INCIDENT,ELEVATOR,ELEVATOR,LOW,HIGH,Computer Science Building - Room 203,en,lab_assistant,HARD,False,0,,Elevator or lift malfunction
single_00212,SINGLE,Shelf needs repair,The shelf needs repair at Engineering Building - Room 101. The shelf is loose and needs maintenance.,INCIDENT,FURNITURE_FIXTURES,FURNITURE_FIXTURES,MEDIUM,MEDIUM,Engineering Building - Room 101,en,admin_staff,MEDIUM,False,0,,Furniture or fixture maintenance problem
single_00213,SINGLE,Issue with walkway,There is a problem with the walkway at Parking Area. Part of the walkway cannot be used normally. Please check.,INCIDENT,GROUNDS_OUTDOOR,GROUNDS_OUTDOOR,MEDIUM,MEDIUM,Parking Area,en,security_staff,MEDIUM,False,0,,Outdoor area or grounds maintenance issue
single_00214,SINGLE,مشكلة في Wi-Fi,في مشكلة في Wi-Fi at Computer Science Building - Room 203. The connection drops after a few minutes. الموضوع محتاج prompt attention. أكتر من شخص ممكن يكون affected.,INCIDENT,IT_NETWORK_ACCOUNTS,IT_NETWORK_ACCOUNTS,HIGH,HIGH,Computer Science Building - Room 203,mixed,student,EASY,False,0,,Network or account access problem
single_00215,SINGLE,el desk feh moshkela,el moshkela fe desk zahret fe Cafeteria.,INCIDENT,FURNITURE_FIXTURES,FURNITURE_FIXTURES,MEDIUM,MEDIUM,Cafeteria,arabizi,lecturer,MEDIUM,False,0,,Furniture or fixture maintenance problem
single_00216,SINGLE,Desk issue,There is a problem with the desk at Dormitory B - Floor 1. The desk moves when it is used.,INCIDENT,BUILDING_STRUCTURE,FURNITURE_FIXTURES,MEDIUM,MEDIUM,Dormitory B - Floor 1,en,student,HARD,False,0,,Furniture or fixture maintenance problem
single_00217,SINGLE,Usb port issue,There is a problem with the USB port at Science Building - Physics Lab. Connected devices are not recognized by the computer.,INCIDENT,IT_HARDWARE_PRINTING,IT_HARDWARE_PRINTING,LOW,LOW,Science Building - Physics Lab,en,security_staff,EASY,False,0,,Physical computer or printing equipment issue
single_00218,SINGLE,Elevator door is not opening,I noticed that the elevator door is not opening in Computer Science Building - Lab 1. The elevator cannot be used normally. The issue needs prompt attention.,INCIDENT,ELEVATOR,ELEVATOR,MEDIUM,HIGH,Computer Science Building - Lab 1,en,dorm_resident,HARD,False,0,,Elevator or lift malfunction
single_00219,SINGLE,classroom speakers مش شغال,لاحظت إن classroom speakers فيه مشكلة في Computer Science Building - Room 203. The problem affects audio during the class. الموضوع محتاج متابعة بسرعة. أكتر من شخص ممكن يكون متأثر.,INCIDENT,AV_CLASSROOM_EQUIPMENT,AV_CLASSROOM_EQUIPMENT,HIGH,HIGH,Computer Science Building - Room 203,ar_eg,lab_assistant,HARD,False,0,,Classroom audio visual equipment issue
single_00220,SINGLE,Issue with display system,Please check the display system at Engineering Building - Room 101. It keeps disconnecting. The classroom display disconnects during use. The issue needs prompt attention.,INCIDENT,AV_CLASSROOM_EQUIPMENT,AV_CLASSROOM_EQUIPMENT,MEDIUM,HIGH,Engineering Building - Room 101,en,admin_staff,MEDIUM,False,0,,Classroom audio visual equipment issue
single_00221,SINGLE,Window issue,I noticed that the window does not close properly in Outdoor Courtyard. The room is still accessible but the window needs repair. The issue needs prompt attention.,INCIDENT,BUILDING_STRUCTURE,BUILDING_STRUCTURE,MEDIUM,HIGH,Outdoor Courtyard,en,student,HARD,False,0,,"Building surface, door, window or structural issue"
single_00222,SINGLE,مشكلة في الأسانسير,elevator panel محتاج متابعة في Library - First Floor. The elevator controls are not working normally. الموضوع محتاج متابعة بسرعة. أكتر من شخص ممكن يكون متأثر.,INCIDENT,ELECTRICAL,ELEVATOR,HIGH,HIGH,Library - First Floor,ar_eg,student,MEDIUM,False,0,,Elevator or lift malfunction
single_00223,SINGLE,Issue with shelf,The shelf needs repair at Administration Building - Room 12. The shelf is loose and needs maintenance.,INCIDENT,BUILDING_STRUCTURE,FURNITURE_FIXTURES,MEDIUM,MEDIUM,Administration Building - Room 12,en,student,MEDIUM,False,0,,Furniture or fixture maintenance problem
single_00224,SINGLE,Problem with power supply,I noticed that the power supply keeps turning off in Dormitory B - Floor 3. The equipment loses power repeatedly. The issue needs prompt attention. Several people may be affected.,INCIDENT,ELECTRICAL,ELECTRICAL,HIGH,HIGH,Dormitory B - Floor 3,en,dorm_resident,MEDIUM,False,0,,Electrical power or lighting problem
single_00225,SINGLE,Elevator door needs attention,The elevator door is not opening at Library - Second Floor The elevator cannot be used normally. The issue needs prompt attention. Several people may be affected.,INCIDENT,ELEVATOR,ELEVATOR,HIGH,HIGH,Library - Second Floor,en,dorm_resident,HARD,False,0,,Elevator or lift malfunction
single_00226,SINGLE,مشكلة في facility,محتاجين حد يشوف the facility في Science Building - Physics Lab.,SERVICE_REQUEST,OTHER,OTHER,LOW,LOW,Science Building - Physics Lab,mixed,lecturer,HARD,False,0,,Issue does not fit a specific category
single_00227,SINGLE,عطل في الأسانسير,elevator panel محتاج متابعة في Dormitory A - Floor 1. The elevator controls are not working normally. الموضوع محتاج متابعة بسرعة. أكتر من شخص ممكن يكون متأثر.,INCIDENT,ELEVATOR,ELEVATOR,HIGH,HIGH,Dormitory A - Floor 1,ar_eg,student,HARD,False,0,,Elevator or lift malfunction
single_00228,SINGLE,عطل في vent,لاحظت إن vent فيه مشكلة في Main Entrance. Airflow from the vent is not normal.,INCIDENT,OTHER,HVAC_AC,MEDIUM,LOW,Main Entrance,ar_eg,dorm_resident,EASY,False,0,,Air conditioning or ventilation issue
single_00229,SINGLE,Ceiling light stopped working,The ceiling light stopped working at Computer Science Building - Lab 1 The room is less visible because the light is not working.,INCIDENT,ELECTRICAL,ELECTRICAL,LOW,MEDIUM,Computer Science Building - Lab 1,en,security_staff,MEDIUM,False,0,,Electrical power or lighting problem
single_00230,SINGLE,مشكلة في facility,The problem is with facility في Student Affairs Office. The exact cause is not clear. أكتر من شخص ممكن يكون affected.,INCIDENT,OTHER,OTHER,HIGH,MEDIUM,Student Affairs Office,mixed,student,HARD,False,0,,Issue does not fit a specific category
single_00231,SINGLE,Problem with drain,Please check the drain at Computer Science Building - Lab 3. It is blocked. Water is draining very slowly.,INCIDENT,PLUMBING_WATER,PLUMBING_WATER,MEDIUM,MEDIUM,Computer Science Building - Lab 3,en,dorm_resident,HARD,False,0,,"Water supply, drainage or plumbing problem"
single_00232,SINGLE,Garden area issue,The garden area needs maintenance at Outdoor Courtyard. The area needs routine grounds maintenance.,SERVICE_REQUEST,GROUNDS_OUTDOOR,GROUNDS_OUTDOOR,LOW,MEDIUM,Outdoor Courtyard,en,lecturer,EASY,False,0,,Outdoor area or grounds maintenance issue
single_00233,SINGLE,cabinet فيه مشكلة,لاحظت إن cabinet فيه مشكلة في Computer Science Building - Room 203. The cabinet door remains partially open.,INCIDENT,FURNITURE_FIXTURES,FURNITURE_FIXTURES,MEDIUM,LOW,Computer Science Building - Room 203,ar_eg,dorm_resident,MEDIUM,False,0,,Furniture or fixture maintenance problem
single_00234,SINGLE,مشكلة في room,في مشكلة في room at Cafeteria. The reporter could not identify the exact problem. أكتر من شخص ممكن يكون affected.,SERVICE_REQUEST,OTHER,OTHER,HIGH,MEDIUM,Cafeteria,mixed,security_staff,HARD,False,0,,Issue does not fit a specific category
single_00235,SINGLE,الأسانسير مش شغال,لاحظت إن elevator فيه مشكلة في Dormitory A - Floor 1. The building has other access routes. الموضوع محتاج متابعة بسرعة. أكتر من شخص ممكن يكون متأثر.,INCIDENT,ELEVATOR,ELEVATOR,HIGH,HIGH,Dormitory A - Floor 1,ar_eg,student,HARD,False,0,,Elevator or lift malfunction
single_00236,SINGLE,Problem with mouse,Please check the mouse at Computer Science Building - Lab 3. It stopped responding. The pointer does not move normally.,INCIDENT,IT_HARDWARE_PRINTING,IT_HARDWARE_PRINTING,LOW,LOW,Computer Science Building - Lab 3,en,dorm_resident,MEDIUM,False,0,,Physical computer or printing equipment issue
single_00237,SINGLE,Problem with login,The problem is with login في Computer Science Building - Lab 1. The system repeatedly asks the user to sign in.,INCIDENT,IT_NETWORK_ACCOUNTS,IT_NETWORK_ACCOUNTS,LOW,MEDIUM,Computer Science Building - Lab 1,mixed,student,MEDIUM,False,0,,Network or account access problem
single_00238,SINGLE,Display system keeps disconnecting,The display system keeps disconnecting at Computer Science Building - Room 203. The classroom display disconnects during use. Please check.,INCIDENT,IT_HARDWARE_PRINTING,AV_CLASSROOM_EQUIPMENT,MEDIUM,MEDIUM,Computer Science Building - Room 203,en,dorm_resident,MEDIUM,False,0,,Classroom audio visual equipment issue
single_00239,SINGLE,Issue with power outlet,The power outlet is not working at Cafeteria. The outlet is needed for equipment in the room.,INCIDENT,ELECTRICAL,ELECTRICAL,LOW,MEDIUM,Cafeteria,en,admin_staff,MEDIUM,False,0,,Electrical power or lighting problem
single_00240,SINGLE,مشكلة في bathroom,محتاجين حد يشوف bathroom في Main Lecture Hall. Regular cleaning is needed before normal use. الموضوع محتاج متابعة بسرعة. أكتر من شخص ممكن يكون متأثر.,SERVICE_REQUEST,CLEANING_WASTE,CLEANING_WASTE,HIGH,HIGH,Main Lecture Hall,ar_eg,lecturer,MEDIUM,False,0,,Cleaning or waste management problem
single_00241,SINGLE,3atel fe garden area,el garden area needs maintenance fe Main Entrance. The area needs routine grounds maintenance. plz,SERVICE_REQUEST,GROUNDS_OUTDOOR,GROUNDS_OUTDOOR,MEDIUM,MEDIUM,Main Entrance,arabizi,lab_assistant,EASY,False,0,,Outdoor area or grounds maintenance issue
single_00242,SINGLE,Problem with outdoor light,There is a problem with the outdoor light at Outdoor Courtyard The outdoor area is poorly lit after dark.,INCIDENT,GROUNDS_OUTDOOR,GROUNDS_OUTDOOR,MEDIUM,LOW,Outdoor Courtyard,en,security_staff,MEDIUM,False,0,,Outdoor area or grounds maintenance issue
single_00243,SINGLE,Problem with facility,محتاجين حد يشوف the facility في Dormitory A - Floor 1. الموضوع محتاج prompt attention.,INCIDENT,OTHER,OTHER,MEDIUM,HIGH,Dormitory A - Floor 1,mixed,admin_staff,HARD,False,0,,Issue does not fit a specific category
single_00244,SINGLE,Thermostat needs attention,The thermostat is not responding at Dormitory B - Floor 1. The temperature cannot be adjusted normally. Please check.,INCIDENT,HVAC_AC,HVAC_AC,MEDIUM,MEDIUM,Dormitory B - Floor 1,en,student,MEDIUM,False,0,,Air conditioning or ventilation issue
single_00245,SINGLE,Problem with university email,There is a problem with the university email at Engineering Building - Lab 2. The account cannot open the university email service.,INCIDENT,OTHER,IT_NETWORK_ACCOUNTS,MEDIUM,LOW,Engineering Building - Lab 2,en,lecturer,MEDIUM,False,0,,Network or account access problem
single_00246,SINGLE,Issue with outdoor light,The outdoor light is not working at Main Entrance. The outdoor area is poorly lit after dark. The issue needs prompt attention.,INCIDENT,BUILDING_STRUCTURE,GROUNDS_OUTDOOR,MEDIUM,HIGH,Main Entrance,en,dorm_resident,HARD,False,0,,Outdoor area or grounds maintenance issue
single_00247,SINGLE,مشكلة في drain,محتاجين حد يشوف the drain في Lecture Hall B.,INCIDENT,PLUMBING_WATER,PLUMBING_WATER,MEDIUM,MEDIUM,Lecture Hall B,mixed,student,HARD,False,0,,"Water supply, drainage or plumbing problem"
single_00248,SINGLE,3atel fe wall,feh moshkela fel wall fe Computer Science Building - Lab 1.,INCIDENT,BUILDING_STRUCTURE,BUILDING_STRUCTURE,MEDIUM,MEDIUM,Computer Science Building - Lab 1,arabizi,lecturer,HARD,False,0,,"Building surface, door, window or structural issue"
single_00249,SINGLE,مشكلة في the university email,The university email cannot be accessed في Computer Science Building - Lab 1. The account cannot open the university email service.,INCIDENT,IT_NETWORK_ACCOUNTS,IT_NETWORK_ACCOUNTS,LOW,MEDIUM,Computer Science Building - Lab 1,mixed,student,MEDIUM,False,0,,Network or account access problem
single_00250,SINGLE,مشكلة في projector,في مشكلة في projector في Lecture Hall B. Changing the input source did not help. الموضوع محتاج متابعة بسرعة. أكتر من شخص ممكن يكون متأثر.,INCIDENT,AV_CLASSROOM_EQUIPMENT,AV_CLASSROOM_EQUIPMENT,HIGH,HIGH,Lecture Hall B,ar_eg,security_staff,MEDIUM,False,0,,Classroom audio visual equipment issue
single_00251,SINGLE,مشكلة في the exposed wire,The problem is with exposed wire في Computer Science Building - Lab 1. The exposed wire is accessible in the area. الموضوع محتاج prompt attention. أكتر من شخص ممكن يكون affected.,INCIDENT,SAFETY_HAZARD,SAFETY_HAZARD,HIGH,HIGH,Computer Science Building - Lab 1,mixed,dorm_resident,HARD,False,0,,Reported physical safety hazard
single_00252,SINGLE,Faucet is dripping,There is a problem with the faucet at Computer Science Building - Lab 1. The leak continues even when the faucet is closed.,INCIDENT,PLUMBING_WATER,PLUMBING_WATER,MEDIUM,LOW,Computer Science Building - Lab 1,en,student,MEDIUM,False,0,,"Water supply, drainage or plumbing problem"
single_00253,SINGLE,Problem with wall socket,There is a problem with the wall socket at Main Entrance. Other sockets in the room still have power. The issue needs prompt attention.,INCIDENT,ELECTRICAL,ELECTRICAL,MEDIUM,HIGH,Main Entrance,en,lecturer,MEDIUM,False,0,,Electrical power or lighting problem
single_00254,SINGLE,Issue with walkway,Please check the walkway at Parking Area. It is blocked. Part of the walkway cannot be used normally. The issue needs prompt attention.,INCIDENT,GROUNDS_OUTDOOR,GROUNDS_OUTDOOR,MEDIUM,HIGH,Parking Area,en,admin_staff,MEDIUM,False,0,,Outdoor area or grounds maintenance issue
single_00255,SINGLE,Problem with waste bin,I noticed that the waste bin has overflowing waste in Library - First Floor. The waste bin has not been emptied recently. Several people may be affected.,INCIDENT,CLEANING_WASTE,CLEANING_WASTE,HIGH,MEDIUM,Library - First Floor,en,student,HARD,False,0,,Cleaning or waste management problem
single_00256,SINGLE,Shelf needs repair,I noticed that the shelf needs repair in Library - First Floor. The shelf is loose and needs maintenance. The issue needs prompt attention.,INCIDENT,FURNITURE_FIXTURES,FURNITURE_FIXTURES,LOW,HIGH,Library - First Floor,en,security_staff,EASY,False,0,,Furniture or fixture maintenance problem
single_00257,SINGLE,مشكلة في the door,محتاجين حد يشوف the door في Computer Science Building - Room 203.,INCIDENT,BUILDING_STRUCTURE,BUILDING_STRUCTURE,LOW,LOW,Computer Science Building - Room 203,mixed,admin_staff,HARD,False,0,,"Building surface, door, window or structural issue"
single_00258,SINGLE,desk محتاج تصليح,محتاجين حد يشوف desk في Library - First Floor. The desk moves when it is used.,INCIDENT,FURNITURE_FIXTURES,FURNITURE_FIXTURES,MEDIUM,LOW,Library - First Floor,ar_eg,admin_staff,MEDIUM,False,0,,Furniture or fixture maintenance problem
single_00259,SINGLE,Issue with classroom,There is a problem with the classroom at Dormitory B - Floor 3. The area has been used throughout the day.,INCIDENT,PLUMBING_WATER,CLEANING_WASTE,MEDIUM,MEDIUM,Dormitory B - Floor 3,en,lecturer,MEDIUM,False,0,,Cleaning or waste management problem
single_00260,SINGLE,Service area needs maintenance,Please check the service area at Dormitory B - Floor 3. It needs maintenance. A technician may need to inspect the area.,SERVICE_REQUEST,CLEANING_WASTE,OTHER,MEDIUM,MEDIUM,Dormitory B - Floor 3,en,admin_staff,HARD,False,0,,Issue does not fit a specific category
single_00261,SINGLE,مشكلة محتاجة فحص,لاحظت إن room فيه مشكلة في Science Building - Physics Lab. The reporter could not identify the exact problem. الموضوع محتاج متابعة بسرعة.,SERVICE_REQUEST,OTHER,OTHER,LOW,HIGH,Science Building - Physics Lab,ar_eg,dorm_resident,MEDIUM,False,0,,Issue does not fit a specific category
single_00262,SINGLE,Room issue,I noticed that the room requires inspection in Parking Area. The reporter could not identify the exact problem.,SERVICE_REQUEST,OTHER,OTHER,MEDIUM,MEDIUM,Parking Area,en,dorm_resident,MEDIUM,False,0,,Issue does not fit a specific category
single_00263,SINGLE,مشكلة في the wall socket,The wall socket has no power في Engineering Building - Lab 4. Other sockets in the room still have power. There is a كهربا safety concern في المكان.,INCIDENT,ELECTRICAL,ELECTRICAL,HIGH,HIGH,Engineering Building - Lab 4,mixed,student,HARD,True,0,,Electrical power or lighting problem
single_00264,SINGLE,Problem with elevator,The elevator is out of service at Engineering Building - Lab 2. The building has other access routes. The issue needs prompt attention. Several people may be affected.,INCIDENT,ELEVATOR,ELEVATOR,HIGH,HIGH,Engineering Building - Lab 2,en,admin_staff,HARD,False,0,,Elevator or lift malfunction
single_00265,SINGLE,el AC unit feh moshkela,el moshkela fe AC unit zahret fe Computer Science Building - Room 203.,INCIDENT,HVAC_AC,HVAC_AC,MEDIUM,MEDIUM,Computer Science Building - Room 203,arabizi,security_staff,HARD,False,0,,Air conditioning or ventilation issue
single_00266,SINGLE,wall فيه مشكلة,محتاجين حد يشوف wall في Lecture Hall B. The crack has become more noticeable. ضروري شوية,INCIDENT,BUILDING_STRUCTURE,BUILDING_STRUCTURE,MEDIUM,MEDIUM,Lecture Hall B,ar_eg,security_staff,HARD,False,0,,"Building surface, door, window or structural issue"
single_00267,SINGLE,Outdoor bench needs attention,I noticed that the outdoor bench is damaged in Main Entrance. The bench needs maintenance before regular use.,INCIDENT,GROUNDS_OUTDOOR,GROUNDS_OUTDOOR,LOW,LOW,Main Entrance,en,security_staff,MEDIUM,False,0,,Outdoor area or grounds maintenance issue
single_00268,SINGLE,3atel fe laptop,el moshkela fe laptop zahret fe Science Building - Chemistry Lab. plz check.,INCIDENT,IT_NETWORK_ACCOUNTS,IT_HARDWARE_PRINTING,LOW,MEDIUM,Science Building - Chemistry Lab,arabizi,admin_staff,MEDIUM,False,0,,Physical computer or printing equipment issue
single_00269,SINGLE,Problem with power outlet,Please check the power outlet at Engineering Building - Room 101. It is not working. The outlet is needed for equipment in the room.,INCIDENT,ELECTRICAL,ELECTRICAL,MEDIUM,MEDIUM,Engineering Building - Room 101,en,dorm_resident,HARD,False,0,,Electrical power or lighting problem
single_00270,SINGLE,Issue with cabinet,The cabinet does not close properly at Cafeteria. The cabinet door remains partially open.,INCIDENT,FURNITURE_FIXTURES,FURNITURE_FIXTURES,MEDIUM,LOW,Cafeteria,en,security_staff,EASY,False,0,,Furniture or fixture maintenance problem
single_00271,SINGLE,Student account does not accept the password,The student account does not accept the password at Computer Science Building - Room 203. The password is correct but the login keeps failing. The issue needs prompt attention.,INCIDENT,IT_NETWORK_ACCOUNTS,IT_NETWORK_ACCOUNTS,MEDIUM,HIGH,Computer Science Building - Room 203,en,admin_staff,EASY,False,0,,Network or account access problem
single_00272,SINGLE,مشكلة في elevator,في مشكلة في elevator at Dormitory A - Floor 2. People are currently using the building stairs. أكتر من شخص ممكن يكون affected.,INCIDENT,ELEVATOR,ELEVATOR,HIGH,MEDIUM,Dormitory A - Floor 2,mixed,security_staff,HARD,False,0,,Elevator or lift malfunction
single_00273,SINGLE,مشكلة نظافة في common area,لاحظت إن common area فيه مشكلة في Lecture Hall B. The odor was noticed recently in the area. لو سمحت.,INCIDENT,CLEANING_WASTE,CLEANING_WASTE,MEDIUM,MEDIUM,Lecture Hall B,ar_eg,admin_staff,HARD,False,0,,Cleaning or waste management problem
single_00274,SINGLE,Student account issue,The student account does not accept the password at Computer Science Building - Lab 1. The password is correct but the login keeps failing.,INCIDENT,IT_NETWORK_ACCOUNTS,IT_NETWORK_ACCOUNTS,LOW,MEDIUM,Computer Science Building - Lab 1,en,lab_assistant,HARD,False,0,,Network or account access problem
single_00275,SINGLE,Scanner issue,Please check the scanner at Engineering Building - Lab 4. It does not detect the device. The scanner cannot be used from the connected computer.,INCIDENT,IT_HARDWARE_PRINTING,IT_HARDWARE_PRINTING,MEDIUM,LOW,Engineering Building - Lab 4,en,admin_staff,MEDIUM,False,0,,Physical computer or printing equipment issue
single_00276,SINGLE,Window does not close properly,There is a problem with the window at Dormitory B - Floor 1. The room is still accessible but the window needs repair.,INCIDENT,BUILDING_STRUCTURE,BUILDING_STRUCTURE,MEDIUM,MEDIUM,Dormitory B - Floor 1,en,admin_staff,HARD,False,0,,"Building surface, door, window or structural issue"
single_00277,SINGLE,el door handle mehtag check,el door handle is loose fe Dormitory A - Floor 1. The handle moves when the door is opened. el mawdoo3 mehtag check بسرعة.,INCIDENT,FURNITURE_FIXTURES,FURNITURE_FIXTURES,MEDIUM,HIGH,Dormitory A - Floor 1,arabizi,lab_assistant,MEDIUM,False,0,,Furniture or fixture maintenance problem
single_00278,SINGLE,Problem with printer,I noticed that the printer is not printing in Computer Science Building - Room 203. The printer worked normally earlier today.,INCIDENT,IT_HARDWARE_PRINTING,IT_HARDWARE_PRINTING,MEDIUM,LOW,Computer Science Building - Room 203,en,security_staff,HARD,False,0,,Physical computer or printing equipment issue
single_00279,SINGLE,Facility has an unusual issue,The facility has an unusual issue at Computer Science Building - Lab 1. The exact cause is not clear.,INCIDENT,OTHER,OTHER,MEDIUM,LOW,Computer Science Building - Lab 1,en,dorm_resident,MEDIUM,False,0,,Issue does not fit a specific category
single_00280,SINGLE,عطل في table,في مشكلة في table في Parking Area. The table does not remain steady during use.,INCIDENT,FURNITURE_FIXTURES,FURNITURE_FIXTURES,LOW,LOW,Parking Area,ar_eg,student,EASY,False,0,,Furniture or fixture maintenance problem
single_00281,SINGLE,microphone فيه مشكلة,microphone محتاج متابعة في Lecture Hall C. The microphone is not producing any sound during the current class.,INCIDENT,AV_CLASSROOM_EQUIPMENT,AV_CLASSROOM_EQUIPMENT,MEDIUM,MEDIUM,Lecture Hall C,ar_eg,student,MEDIUM,False,0,,Classroom audio visual equipment issue
single_00282,SINGLE,Issue with damaged safety sign,There is a problem with the damaged safety sign at Computer Science Building - Lab 1. The safety information is no longer clearly visible.,INCIDENT,SAFETY_HAZARD,SAFETY_HAZARD,MEDIUM,MEDIUM,Computer Science Building - Lab 1,en,lab_assistant,MEDIUM,False,0,,Reported physical safety hazard
single_00283,SINGLE,مشكلة في student account,لاحظت إن student account فيه مشكلة في Computer Science Building - Lab 3. The password is correct but the login keeps failing. الموضوع محتاج متابعة بسرعة. ضروري شوية,INCIDENT,IT_NETWORK_ACCOUNTS,IT_NETWORK_ACCOUNTS,LOW,HIGH,Computer Science Building - Lab 3,ar_eg,admin_staff,MEDIUM,False,0,,Network or account access problem
single_00284,SINGLE,Issue with walkway,Please check the walkway at Main Entrance. It is blocked. Part of the walkway cannot be used normally.,INCIDENT,GROUNDS_OUTDOOR,GROUNDS_OUTDOOR,MEDIUM,MEDIUM,Main Entrance,en,dorm_resident,HARD,False,0,,Outdoor area or grounds maintenance issue
single_00285,SINGLE,Problem with thermostat,في مشكلة في thermostat at Dormitory A - Floor 1. The temperature cannot be adjusted normally. الموضوع محتاج prompt attention.,INCIDENT,HVAC_AC,HVAC_AC,MEDIUM,HIGH,Dormitory A - Floor 1,mixed,dorm_resident,MEDIUM,False,0,,Air conditioning or ventilation issue
single_00286,SINGLE,مشكلة في the light,The light is flickering في Parking Area. The light turns off and on repeatedly. الموضوع محتاج prompt attention. أكتر من شخص ممكن يكون affected.,INCIDENT,ELECTRICAL,ELECTRICAL,HIGH,HIGH,Parking Area,mixed,admin_staff,HARD,False,0,,Electrical power or lighting problem
single_00287,SINGLE,Electrical switch issue,The electrical switch is not working at Dormitory B - Floor 1. The switch does not control the connected light.,INCIDENT,ELECTRICAL,ELECTRICAL,MEDIUM,LOW,Dormitory B - Floor 1,en,lab_assistant,MEDIUM,False,0,,Electrical power or lighting problem
single_00288,SINGLE,Issue with door handle,The door handle is loose at Cafeteria. The handle moves when the door is opened.,INCIDENT,FURNITURE_FIXTURES,FURNITURE_FIXTURES,MEDIUM,MEDIUM,Cafeteria,en,lecturer,HARD,False,0,,Furniture or fixture maintenance problem
single_00289,SINGLE,مشكلة صيانة غير واضحة,equipment area محتاج متابعة في Science Building - Physics Lab. The problem could not be classified more specifically.,INCIDENT,CLEANING_WASTE,OTHER,LOW,MEDIUM,Science Building - Physics Lab,ar_eg,student,MEDIUM,False,0,,Issue does not fit a specific category
single_00290,SINGLE,Ac unit issue,There is a problem with the AC unit at Lecture Hall C. The noise started during the current session.,INCIDENT,HVAC_AC,HVAC_AC,MEDIUM,MEDIUM,Lecture Hall C,en,security_staff,MEDIUM,False,0,,Air conditioning or ventilation issue
single_00291,SINGLE,Monitor issue,I noticed that the monitor shows a blank screen in Computer Science Building - Lab 3. The computer is running but nothing appears on the display.,INCIDENT,OTHER,IT_HARDWARE_PRINTING,LOW,MEDIUM,Computer Science Building - Lab 3,en,admin_staff,MEDIUM,False,0,,Physical computer or printing equipment issue
single_00292,SINGLE,Issue with facility,There is a problem with the facility at Main Lecture Hall. The exact cause is not clear.,INCIDENT,OTHER,OTHER,LOW,LOW,Main Lecture Hall,en,dorm_resident,MEDIUM,False,0,,Issue does not fit a specific category
single_00293,SINGLE,Shelf needs attention,Please check the shelf at Science Building - Chemistry Lab. It needs repair. The shelf is loose and needs maintenance. Several people may be affected.,INCIDENT,FURNITURE_FIXTURES,FURNITURE_FIXTURES,HIGH,MEDIUM,Science Building - Chemistry Lab,en,security_staff,MEDIUM,False,0,,Furniture or fixture maintenance problem
single_00294,SINGLE,Broken railing needs attention,I noticed that the broken railing is damaged in Computer Science Building - Lab 3. The damaged railing is located on a frequently used path.,INCIDENT,SAFETY_HAZARD,SAFETY_HAZARD,MEDIUM,MEDIUM,Computer Science Building - Lab 3,en,security_staff,HARD,False,0,,Reported physical safety hazard
single_00295,SINGLE,AC unit فيه مشكلة,محتاجين حد يشوف AC unit في Student Affairs Office. The noise started during the current session.,INCIDENT,HVAC_AC,HVAC_AC,MEDIUM,MEDIUM,Student Affairs Office,ar_eg,admin_staff,MEDIUM,False,0,,Air conditioning or ventilation issue
single_00296,SINGLE,Problem with desktop computer,I noticed that the desktop computer keeps restarting in Science Building - Physics Lab. The computer restarts while it is being used.,INCIDENT,IT_HARDWARE_PRINTING,IT_HARDWARE_PRINTING,MEDIUM,MEDIUM,Science Building - Physics Lab,en,student,MEDIUM,False,0,,Physical computer or printing equipment issue
single_00297,SINGLE,Thermostat is not responding,Please check the thermostat at Main Lecture Hall. It is not responding. The temperature cannot be adjusted normally.,INCIDENT,HVAC_AC,HVAC_AC,LOW,LOW,Main Lecture Hall,en,lecturer,EASY,False,0,,Air conditioning or ventilation issue
single_00298,SINGLE,Projector has no signal,I noticed that the projector has no signal in Lecture Hall C. Changing the input source did not help. The issue needs prompt attention. Several people may be affected.,INCIDENT,AV_CLASSROOM_EQUIPMENT,AV_CLASSROOM_EQUIPMENT,HIGH,HIGH,Lecture Hall C,en,lecturer,MEDIUM,False,0,,Classroom audio visual equipment issue
single_00299,SINGLE,Smoke issue,I noticed that the smoke creates a safety concern in Dormitory A - Floor 2. The source of the smoke is not clear. The issue needs prompt attention. Please check. There is a safety concern that should be checked promptly.,INCIDENT,SAFETY_HAZARD,SAFETY_HAZARD,HIGH,HIGH,Dormitory A - Floor 2,en,student,HARD,True,0,,Reported physical safety hazard
single_00300,SINGLE,campus network فيه مشكلة,لاحظت إن campus network فيه مشكلة في Computer Science Building - Room 203. Other devices in the same area seem to have the same problem. أكتر من شخص ممكن يكون متأثر. لو سمحت.,INCIDENT,IT_NETWORK_ACCOUNTS,IT_NETWORK_ACCOUNTS,HIGH,MEDIUM,Computer Science Building - Room 203,ar_eg,admin_staff,HARD,False,0,,Network or account access problem
single_00301,SINGLE,Problem with student account,There is a problem with the student account at Science Building - Chemistry Lab. The password is correct but the login keeps failing.,INCIDENT,IT_NETWORK_ACCOUNTS,IT_NETWORK_ACCOUNTS,MEDIUM,MEDIUM,Science Building - Chemistry Lab,en,security_staff,MEDIUM,False,0,,Network or account access problem
single_00302,SINGLE,Wall is cracked,I noticed that the wall is cracked in Engineering Building - Room 101 The crack has become more noticeable.,INCIDENT,BUILDING_STRUCTURE,BUILDING_STRUCTURE,MEDIUM,LOW,Engineering Building - Room 101,en,lab_assistant,HARD,False,0,,"Building surface, door, window or structural issue"
single_00303,SINGLE,مشكلة في outdoor light,في مشكلة في outdoor light في Outdoor Courtyard. The outdoor area is poorly lit after dark. لو سمحت.,INCIDENT,OTHER,GROUNDS_OUTDOOR,MEDIUM,MEDIUM,Outdoor Courtyard,ar_eg,security_staff,HARD,False,0,,Outdoor area or grounds maintenance issue
single_00304,SINGLE,Scanner does not detect the device,There is a problem with the scanner at Computer Science Building - Room 203. The scanner cannot be used from the connected computer. The issue needs prompt attention. Several people may be affected.,INCIDENT,IT_HARDWARE_PRINTING,IT_HARDWARE_PRINTING,HIGH,HIGH,Computer Science Building - Room 203,en,dorm_resident,HARD,False,0,,Physical computer or printing equipment issue
single_00305,SINGLE,mouse فيه مشكلة,في مشكلة في mouse في Engineering Building - Lab 4. The pointer does not move normally.,INCIDENT,IT_HARDWARE_PRINTING,IT_HARDWARE_PRINTING,LOW,LOW,Engineering Building - Lab 4,ar_eg,lab_assistant,EASY,False,0,,Physical computer or printing equipment issue
single_00306,SINGLE,Issue with wall,I noticed that the wall is cracked in Lecture Hall B. The crack has become more noticeable. Part of the structure appears unsafe and needs inspection.,INCIDENT,BUILDING_STRUCTURE,BUILDING_STRUCTURE,HIGH,HIGH,Lecture Hall B,en,lecturer,MEDIUM,True,0,,"Building surface, door, window or structural issue"
single_00307,SINGLE,Door needs attention,The door is damaged at Dormitory B - Floor 1. The damage was noticed today. The issue needs prompt attention. Several people may be affected.,INCIDENT,BUILDING_STRUCTURE,BUILDING_STRUCTURE,HIGH,HIGH,Dormitory B - Floor 1,en,student,MEDIUM,False,0,,"Building surface, door, window or structural issue"
single_00308,SINGLE,3atel fe keyboard,momken 7ad yshoof el keyboard fe Library - First Floor?,INCIDENT,IT_NETWORK_ACCOUNTS,IT_HARDWARE_PRINTING,LOW,LOW,Library - First Floor,arabizi,admin_staff,HARD,False,0,,Physical computer or printing equipment issue
single_00309,SINGLE,Problem with air conditioner,There is a problem with the air conditioner at Engineering Building - Room 101. The room becomes uncomfortable after some time. Several people may be affected.,INCIDENT,HVAC_AC,HVAC_AC,HIGH,MEDIUM,Engineering Building - Room 101,en,student,EASY,False,0,,Air conditioning or ventilation issue
single_00310,SINGLE,el ceiling mehtag check,el moshkela fe ceiling zahret fe Computer Science Building - Lab 3. el mawdoo3 mehtag check بسرعة.,INCIDENT,BUILDING_STRUCTURE,BUILDING_STRUCTURE,LOW,HIGH,Computer Science Building - Lab 3,arabizi,admin_staff,HARD,False,0,,"Building surface, door, window or structural issue"
single_00311,SINGLE,مشكلة في the slippery floor,في مشكلة في slippery floor at Computer Science Building - Lab 3. People are still using the area. أكتر من شخص ممكن يكون affected.,INCIDENT,BUILDING_STRUCTURE,SAFETY_HAZARD,HIGH,MEDIUM,Computer Science Building - Lab 3,mixed,student,HARD,False,0,,Reported physical safety hazard
single_00312,SINGLE,Issue with facility,Please check the facility at Administration Building - Room 18. It has an unusual issue. The exact cause is not clear. Please check.,INCIDENT,OTHER,OTHER,LOW,LOW,Administration Building - Room 18,en,lecturer,EASY,False,0,,Issue does not fit a specific category
single_00313,SINGLE,sink فيه مشكلة,في مشكلة في sink في Dormitory B - Floor 1. Water is collecting on the floor.,INCIDENT,PLUMBING_WATER,PLUMBING_WATER,MEDIUM,MEDIUM,Dormitory B - Floor 1,ar_eg,dorm_resident,MEDIUM,False,0,,"Water supply, drainage or plumbing problem"
single_00314,SINGLE,Walkway is blocked,I noticed that the walkway is blocked in Outdoor Courtyard. Part of the walkway cannot be used normally.,INCIDENT,GROUNDS_OUTDOOR,GROUNDS_OUTDOOR,MEDIUM,MEDIUM,Outdoor Courtyard,en,lecturer,EASY,False,0,,Outdoor area or grounds maintenance issue
single_00315,SINGLE,مشكلة في the wall,محتاجين حد يشوف the wall في Main Lecture Hall. أكتر من شخص ممكن يكون affected.,INCIDENT,BUILDING_STRUCTURE,BUILDING_STRUCTURE,HIGH,MEDIUM,Main Lecture Hall,mixed,lecturer,EASY,False,0,,"Building surface, door, window or structural issue"
single_00316,SINGLE,Usb port does not detect the device,The USB port does not detect the device at Engineering Building - Lab 4. Connected devices are not recognized by the computer.,INCIDENT,IT_HARDWARE_PRINTING,IT_HARDWARE_PRINTING,MEDIUM,LOW,Engineering Building - Lab 4,en,admin_staff,EASY,False,0,,Physical computer or printing equipment issue
single_00317,SINGLE,عطل في Wi-Fi,محتاجين حد يشوف Wi-Fi في Computer Science Building - Lab 3. The connection drops after a few minutes.,INCIDENT,IT_NETWORK_ACCOUNTS,IT_NETWORK_ACCOUNTS,LOW,MEDIUM,Computer Science Building - Lab 3,ar_eg,security_staff,EASY,False,0,,Network or account access problem
single_00318,SINGLE,مشكلة في the login,The login keeps asking for login في Library - First Floor. The system repeatedly asks the user to sign in. please,INCIDENT,IT_NETWORK_ACCOUNTS,IT_NETWORK_ACCOUNTS,MEDIUM,MEDIUM,Library - First Floor,mixed,security_staff,MEDIUM,False,0,,Network or account access problem
single_00319,SINGLE,Problem with broken railing,Please check the broken railing at Dormitory A - Floor 2. It is damaged. The damaged railing is located on a frequently used path. The issue needs prompt attention. Several people may be affected.,INCIDENT,SAFETY_HAZARD,SAFETY_HAZARD,HIGH,HIGH,Dormitory A - Floor 2,en,admin_staff,HARD,False,0,,Reported physical safety hazard
single_00320,SINGLE,عطل في parking area,لاحظت إن parking area فيه مشكلة في Main Entrance. The issue affects one outdoor location.,SERVICE_REQUEST,GROUNDS_OUTDOOR,GROUNDS_OUTDOOR,MEDIUM,LOW,Main Entrance,ar_eg,lecturer,EASY,False,0,,Outdoor area or grounds maintenance issue
single_00321,SINGLE,مشكلة في printer,محتاجين حد يشوف the printer في Engineering Building - Lab 4. please check.,INCIDENT,IT_HARDWARE_PRINTING,IT_HARDWARE_PRINTING,LOW,LOW,Engineering Building - Lab 4,mixed,security_staff,MEDIUM,False,0,,Physical computer or printing equipment issue
single_00322,SINGLE,Problem with parking area,The parking area needs maintenance at Main Entrance. The issue affects one outdoor location.,SERVICE_REQUEST,GROUNDS_OUTDOOR,GROUNDS_OUTDOOR,LOW,LOW,Main Entrance,en,security_staff,EASY,False,0,,Outdoor area or grounds maintenance issue
single_00323,SINGLE,مشكلة في باب الأسانسير,لاحظت إن elevator door فيه مشكلة في Science Building - Physics Lab. The elevator cannot be used normally. الموضوع محتاج متابعة بسرعة. أكتر من شخص ممكن يكون متأثر. ضروري شوية,INCIDENT,ELECTRICAL,ELEVATOR,HIGH,HIGH,Science Building - Physics Lab,ar_eg,security_staff,HARD,False,0,,Elevator or lift malfunction
single_00324,SINGLE,عطل في الأسانسير,محتاجين حد يشوف lift في Science Building - Chemistry Lab. The elevator requires immediate technical inspection. أكتر من شخص ممكن يكون متأثر.,INCIDENT,ELEVATOR,ELEVATOR,HIGH,MEDIUM,Science Building - Chemistry Lab,ar_eg,admin_staff,HARD,False,0,,Elevator or lift malfunction
single_00325,SINGLE,3atel fe smart board,el moshkela fe smart board zahret fe Administration Building - Room 12.,INCIDENT,AV_CLASSROOM_EQUIPMENT,AV_CLASSROOM_EQUIPMENT,LOW,MEDIUM,Administration Building - Room 12,arabizi,security_staff,MEDIUM,False,0,,Classroom audio visual equipment issue
single_00326,SINGLE,obstruction مش آمن,في مشكلة في obstruction في Student Affairs Office. The obstruction reduces the usable path. في خطر على السلامة ومحتاج مراجعة بسرعة.,INCIDENT,SAFETY_HAZARD,SAFETY_HAZARD,HIGH,HIGH,Student Affairs Office,ar_eg,admin_staff,MEDIUM,True,0,,Reported physical safety hazard
single_00327,SINGLE,Light is flickering,There is a problem with the light at Engineering Building - Lab 2. The light turns off and on repeatedly.,INCIDENT,ELECTRICAL,ELECTRICAL,LOW,MEDIUM,Engineering Building - Lab 2,en,lecturer,MEDIUM,False,0,,Electrical power or lighting problem
single_00328,SINGLE,keyboard فيه مشكلة,في مشكلة في keyboard في Library - Second Floor. Several keys do not respond when pressed.,INCIDENT,IT_HARDWARE_PRINTING,IT_HARDWARE_PRINTING,LOW,LOW,Library - Second Floor,ar_eg,lecturer,EASY,False,0,,Physical computer or printing equipment issue
single_00329,SINGLE,Issue with shelf,I noticed that the shelf needs repair in Sports Building. The shelf is loose and needs maintenance.,INCIDENT,FURNITURE_FIXTURES,FURNITURE_FIXTURES,MEDIUM,MEDIUM,Sports Building,en,student,MEDIUM,False,0,,Furniture or fixture maintenance problem
single_00330,SINGLE,عطل في walkway,لاحظت إن walkway فيه مشكلة في Main Entrance. Part of the walkway cannot be used normally.,INCIDENT,SAFETY_HAZARD,GROUNDS_OUTDOOR,MEDIUM,MEDIUM,Main Entrance,ar_eg,security_staff,MEDIUM,False,0,,Outdoor area or grounds maintenance issue
single_00331,SINGLE,Problem with laptop,There is a problem with the laptop at Science Building - Physics Lab. Applications take a long time to respond. Please check.,INCIDENT,IT_HARDWARE_PRINTING,IT_HARDWARE_PRINTING,LOW,MEDIUM,Science Building - Physics Lab,en,student,MEDIUM,False,0,,Physical computer or printing equipment issue
single_00332,SINGLE,wall فيه مشكلة,wall محتاج متابعة في Engineering Building - Lab 2. The crack has become more noticeable. أكتر من شخص ممكن يكون متأثر.,INCIDENT,BUILDING_STRUCTURE,BUILDING_STRUCTURE,HIGH,LOW,Engineering Building - Lab 2,ar_eg,security_staff,MEDIUM,False,0,,"Building surface, door, window or structural issue"
single_00333,SINGLE,Issue with common area,Please check the common area at Dormitory B - Floor 3 It has a strong odor. The odor was noticed recently in the area.,INCIDENT,CLEANING_WASTE,CLEANING_WASTE,MEDIUM,MEDIUM,Dormitory B - Floor 3,en,lecturer,HARD,False,0,,Cleaning or waste management problem
single_00334,SINGLE,Problem with power supply,The power supply keeps turning off في Outdoor Courtyard. The equipment loses power repeatedly. الموضوع محتاج prompt attention. أكتر من شخص ممكن يكون affected.,INCIDENT,ELECTRICAL,ELECTRICAL,HIGH,HIGH,Outdoor Courtyard,mixed,lecturer,MEDIUM,False,0,,Electrical power or lighting problem
single_00335,SINGLE,Ceiling panel is loose,Please check the ceiling panel at Main Entrance. It is loose. The panel needs to be inspected before it becomes unsafe. The issue needs prompt attention.,INCIDENT,BUILDING_STRUCTURE,BUILDING_STRUCTURE,MEDIUM,HIGH,Main Entrance,en,student,MEDIUM,False,0,,"Building surface, door, window or structural issue"
single_00336,SINGLE,Problem with gate,There is a problem with the gate at Parking Area. The gate cannot be operated normally.,INCIDENT,GROUNDS_OUTDOOR,GROUNDS_OUTDOOR,LOW,MEDIUM,Parking Area,en,security_staff,MEDIUM,False,0,,Outdoor area or grounds maintenance issue
single_00337,SINGLE,Printer is not printing,I noticed that the printer is not printing in Computer Science Building - Lab 1. The printer worked normally earlier today.,INCIDENT,IT_HARDWARE_PRINTING,IT_HARDWARE_PRINTING,MEDIUM,MEDIUM,Computer Science Building - Lab 1,en,dorm_resident,EASY,False,0,,Physical computer or printing equipment issue
single_00338,SINGLE,The outdoor bench has an issue,The outdoor bench is damaged في Outdoor Courtyard. The bench needs maintenance before regular use. please,INCIDENT,GROUNDS_OUTDOOR,GROUNDS_OUTDOOR,LOW,LOW,Outdoor Courtyard,mixed,student,EASY,False,0,,Outdoor area or grounds maintenance issue
single_00339,SINGLE,Issue with student account,Please check the student account at Computer Science Building - Lab 3. It does not accept the password. The password is correct but the login keeps failing.,INCIDENT,IT_NETWORK_ACCOUNTS,IT_NETWORK_ACCOUNTS,MEDIUM,MEDIUM,Computer Science Building - Lab 3,en,lecturer,MEDIUM,False,0,,Network or account access problem
single_00340,SINGLE,مشكلة في door handle,محتاجين حد يشوف door handle في Outdoor Courtyard. The handle moves when the door is opened. أكتر من شخص ممكن يكون متأثر.,INCIDENT,FURNITURE_FIXTURES,FURNITURE_FIXTURES,HIGH,MEDIUM,Outdoor Courtyard,ar_eg,student,MEDIUM,False,0,,Furniture or fixture maintenance problem
single_00341,SINGLE,Issue with mouse,I noticed that the mouse stopped responding in Science Building - Physics Lab. The pointer does not move normally.,INCIDENT,IT_HARDWARE_PRINTING,IT_HARDWARE_PRINTING,LOW,MEDIUM,Science Building - Physics Lab,en,lab_assistant,MEDIUM,False,0,,Physical computer or printing equipment issue
single_00342,SINGLE,مشكلة في display system,لاحظت إن display system فيه مشكلة في Computer Science Building - Room 203. The classroom display disconnects during use. ضروري شوية,INCIDENT,ELECTRICAL,AV_CLASSROOM_EQUIPMENT,MEDIUM,MEDIUM,Computer Science Building - Room 203,ar_eg,dorm_resident,MEDIUM,False,0,,Classroom audio visual equipment issue
single_00343,SINGLE,university email مش شغال,university email محتاج متابعة في Computer Science Building - Lab 1. The account cannot open the university email service.,INCIDENT,OTHER,IT_NETWORK_ACCOUNTS,MEDIUM,LOW,Computer Science Building - Lab 1,ar_eg,admin_staff,MEDIUM,False,0,,Network or account access problem
single_00344,SINGLE,Corridor has not been cleaned,Please check the corridor at Library - Second Floor. It has not been cleaned. The corridor needs its regular cleaning service.,INCIDENT,CLEANING_WASTE,CLEANING_WASTE,MEDIUM,LOW,Library - Second Floor,en,lecturer,MEDIUM,False,0,,Cleaning or waste management problem
single_00345,SINGLE,Problem with desktop computer,The desktop computer keeps restarting at Library - First Floor. The computer restarts while it is being used.,INCIDENT,IT_HARDWARE_PRINTING,IT_HARDWARE_PRINTING,MEDIUM,MEDIUM,Library - First Floor,en,security_staff,EASY,False,0,,Physical computer or printing equipment issue
single_00346,SINGLE,3atel fe monitor,momken 7ad yshoof el monitor fe Computer Science Building - Lab 3?,INCIDENT,IT_HARDWARE_PRINTING,IT_HARDWARE_PRINTING,MEDIUM,MEDIUM,Computer Science Building - Lab 3,arabizi,dorm_resident,MEDIUM,False,0,,Physical computer or printing equipment issue
single_00347,SINGLE,Projector issue,Please check the projector at Lecture Hall B. It does not turn on. The instructor needs the equipment for the current class.,INCIDENT,AV_CLASSROOM_EQUIPMENT,AV_CLASSROOM_EQUIPMENT,MEDIUM,MEDIUM,Lecture Hall B,en,dorm_resident,HARD,False,0,,Classroom audio visual equipment issue
single_00348,SINGLE,مشكلة في air conditioning system,The problem is with air conditioning system في Engineering Building - Lab 4. The room is not cooling normally.,INCIDENT,PLUMBING_WATER,HVAC_AC,MEDIUM,MEDIUM,Engineering Building - Lab 4,mixed,security_staff,MEDIUM,False,0,,Air conditioning or ventilation issue
single_00349,SINGLE,Problem with exposed wire,The exposed wire creates a safety concern at Engineering Building - Room 101. The exposed wire is accessible in the area.,INCIDENT,SAFETY_HAZARD,SAFETY_HAZARD,MEDIUM,MEDIUM,Engineering Building - Room 101,en,dorm_resident,MEDIUM,False,0,,Reported physical safety hazard
single_00350,SINGLE,The floor has an issue,في مشكلة في floor at Dormitory A - Floor 2. The floor needs routine cleaning.,INCIDENT,CLEANING_WASTE,CLEANING_WASTE,LOW,LOW,Dormitory A - Floor 2,mixed,admin_staff,MEDIUM,False,0,,Cleaning or waste management problem
single_00351,SINGLE,Problem with bathroom,I noticed that the bathroom needs cleaning in Main Lecture Hall. Regular cleaning is needed before normal use.,SERVICE_REQUEST,CLEANING_WASTE,CLEANING_WASTE,MEDIUM,MEDIUM,Main Lecture Hall,en,security_staff,MEDIUM,False,0,,Cleaning or waste management problem
single_00352,SINGLE,مشكلة في الأسانسير,محتاجين حد يشوف elevator في Engineering Building - Lab 2. The building has other access routes. الموضوع محتاج متابعة بسرعة.,INCIDENT,ELEVATOR,ELEVATOR,MEDIUM,HIGH,Engineering Building - Lab 2,ar_eg,admin_staff,HARD,False,0,,Elevator or lift malfunction
single_00353,SINGLE,VPN فيه مشكلة,في مشكلة في VPN في Library - First Floor. The VPN connection fails when access to the university network is required.,INCIDENT,IT_NETWORK_ACCOUNTS,IT_NETWORK_ACCOUNTS,LOW,MEDIUM,Library - First Floor,ar_eg,lab_assistant,EASY,False,0,,Network or account access problem
single_00354,SINGLE,bathroom مش نضيف,في مشكلة في bathroom في Cafeteria. Regular cleaning is needed before normal use.,SERVICE_REQUEST,CLEANING_WASTE,CLEANING_WASTE,LOW,MEDIUM,Cafeteria,ar_eg,security_staff,HARD,False,0,,Cleaning or waste management problem
single_00355,SINGLE,el desk feh moshkela,el moshkela fe desk zahret fe Administration Building - Room 18.,INCIDENT,BUILDING_STRUCTURE,FURNITURE_FIXTURES,MEDIUM,MEDIUM,Administration Building - Room 18,arabizi,admin_staff,MEDIUM,False,0,,Furniture or fixture maintenance problem
single_00356,SINGLE,mouse فيه مشكلة,في مشكلة في mouse في Engineering Building - Lab 4. The pointer does not move normally.,INCIDENT,IT_HARDWARE_PRINTING,IT_HARDWARE_PRINTING,MEDIUM,MEDIUM,Engineering Building - Lab 4,ar_eg,admin_staff,EASY,False,0,,Physical computer or printing equipment issue
single_00357,SINGLE,Floor tile needs attention,The floor tile is damaged at Science Building - Physics Lab. The damaged tile is located in a frequently used area.,INCIDENT,BUILDING_STRUCTURE,BUILDING_STRUCTURE,MEDIUM,LOW,Science Building - Physics Lab,en,student,HARD,False,0,,"Building surface, door, window or structural issue"
single_00358,SINGLE,Lecture screen issue,The lecture screen is showing a blank screen at Lecture Hall C. The issue affects the classroom display.,INCIDENT,AV_CLASSROOM_EQUIPMENT,AV_CLASSROOM_EQUIPMENT,LOW,MEDIUM,Lecture Hall C,en,lab_assistant,EASY,False,0,,Classroom audio visual equipment issue
single_00359,SINGLE,3atel fe elevator panel,el elevator panel is showing an error fe Computer Science Building - Lab 1. The elevator controls are not working normally. aktar men 7ad momken ykoon mota2asser.,INCIDENT,SAFETY_HAZARD,ELEVATOR,HIGH,MEDIUM,Computer Science Building - Lab 1,arabizi,security_staff,MEDIUM,False,0,,Elevator or lift malfunction
single_00360,SINGLE,el thermostat mehtag check,el thermostat is not responding fe Computer Science Building - Lab 1. The temperature cannot be adjusted normally.,INCIDENT,HVAC_AC,HVAC_AC,MEDIUM,MEDIUM,Computer Science Building - Lab 1,arabizi,lab_assistant,HARD,False,0,,Air conditioning or ventilation issue
single_00361,SINGLE,Problem with microphone,The microphone has no sound at Lecture Hall C. The microphone is not producing any sound during the current class. Several people may be affected.,INCIDENT,AV_CLASSROOM_EQUIPMENT,AV_CLASSROOM_EQUIPMENT,HIGH,MEDIUM,Lecture Hall C,en,security_staff,MEDIUM,False,0,,Classroom audio visual equipment issue
single_00362,SINGLE,مشكلة صيانة غير واضحة,في مشكلة في equipment area في Student Affairs Office. The problem could not be classified more specifically.,SERVICE_REQUEST,CLEANING_WASTE,OTHER,MEDIUM,MEDIUM,Student Affairs Office,ar_eg,security_staff,HARD,False,0,,Issue does not fit a specific category
single_00363,SINGLE,Faucet is dripping,The faucet is dripping at Dormitory A - Floor 2. The leak continues even when the faucet is closed.,INCIDENT,PLUMBING_WATER,PLUMBING_WATER,LOW,MEDIUM,Dormitory A - Floor 2,en,security_staff,MEDIUM,False,0,,"Water supply, drainage or plumbing problem"
single_00364,SINGLE,shelf فيه مشكلة,shelf محتاج متابعة في Computer Science Building - Lab 1. The shelf is loose and needs maintenance.,INCIDENT,FURNITURE_FIXTURES,FURNITURE_FIXTURES,LOW,MEDIUM,Computer Science Building - Lab 1,ar_eg,student,MEDIUM,False,0,,Furniture or fixture maintenance problem
single_00365,SINGLE,Issue with elevator panel,There is a problem with the elevator panel at Dormitory B - Floor 3. The elevator controls are not working normally. The issue needs prompt attention.,INCIDENT,ELEVATOR,ELEVATOR,MEDIUM,HIGH,Dormitory B - Floor 3,en,security_staff,HARD,False,0,,Elevator or lift malfunction
single_00366,SINGLE,Problem with elevator panel,The elevator panel is showing an error at Computer Science Building - Room 203. The elevator controls are not working normally.,INCIDENT,ELEVATOR,ELEVATOR,MEDIUM,MEDIUM,Computer Science Building - Room 203,en,dorm_resident,MEDIUM,False,0,,Elevator or lift malfunction
single_00367,SINGLE,Problem with door handle,في مشكلة في door handle at Computer Science Building - Lab 3. The handle moves when the door is opened.,INCIDENT,FURNITURE_FIXTURES,FURNITURE_FIXTURES,MEDIUM,MEDIUM,Computer Science Building - Lab 3,mixed,student,MEDIUM,False,0,,Furniture or fixture maintenance problem
single_00368,SINGLE,Elevator needs attention,There is a problem with the elevator at Engineering Building - Lab 2. People are currently using the building stairs. The issue needs prompt attention. Several people may be affected.,INCIDENT,ELECTRICAL,ELEVATOR,HIGH,HIGH,Engineering Building - Lab 2,en,security_staff,MEDIUM,False,0,,Elevator or lift malfunction
single_00369,SINGLE,Elevator needs attention,I noticed that the elevator is out of service in Sports Building. The building has other access routes. The issue needs prompt attention.,INCIDENT,ELEVATOR,ELEVATOR,MEDIUM,HIGH,Sports Building,en,lecturer,HARD,False,0,,Elevator or lift malfunction
single_00370,SINGLE,Slippery floor needs attention,I noticed that the slippery floor creates a safety concern in Library - First Floor. People are still using the area.,INCIDENT,SAFETY_HAZARD,SAFETY_HAZARD,MEDIUM,LOW,Library - First Floor,en,student,MEDIUM,False,0,,Reported physical safety hazard
single_00371,SINGLE,outdoor light محتاج صيانة,لاحظت إن outdoor light فيه مشكلة في Outdoor Courtyard. The outdoor area is poorly lit after dark.,INCIDENT,SAFETY_HAZARD,GROUNDS_OUTDOOR,MEDIUM,MEDIUM,Outdoor Courtyard,ar_eg,security_staff,MEDIUM,False,0,,Outdoor area or grounds maintenance issue
single_00372,SINGLE,مشكلة في table,محتاجين حد يشوف table في Engineering Building - Lab 4. The table does not remain steady during use.,INCIDENT,FURNITURE_FIXTURES,FURNITURE_FIXTURES,MEDIUM,LOW,Engineering Building - Lab 4,ar_eg,security_staff,EASY,False,0,,Furniture or fixture maintenance problem
single_00373,SINGLE,مشكلة محتاجة فحص,equipment area محتاج متابعة في Outdoor Courtyard. The problem could not be classified more specifically. ضروري شوية,INCIDENT,OTHER,OTHER,LOW,MEDIUM,Outdoor Courtyard,ar_eg,admin_staff,MEDIUM,False,0,,Issue does not fit a specific category
single_00374,SINGLE,Keyboard is not working,There is a problem with the keyboard at Science Building - Physics Lab. Several keys do not respond when pressed.,INCIDENT,IT_HARDWARE_PRINTING,IT_HARDWARE_PRINTING,LOW,MEDIUM,Science Building - Physics Lab,en,admin_staff,EASY,False,0,,Physical computer or printing equipment issue
single_00375,SINGLE,Problem with monitor,I noticed that the monitor shows a blank screen in Science Building - Chemistry Lab. The computer is running but nothing appears on the display. Several people may be affected.,INCIDENT,AV_CLASSROOM_EQUIPMENT,IT_HARDWARE_PRINTING,HIGH,LOW,Science Building - Chemistry Lab,en,lab_assistant,MEDIUM,False,0,,Physical computer or printing equipment issue
single_00376,SINGLE,Light is flickering,The light is flickering at Science Building - Physics Lab. The light turns off and on repeatedly.,INCIDENT,ELECTRICAL,ELECTRICAL,LOW,MEDIUM,Science Building - Physics Lab,en,lecturer,MEDIUM,False,0,,Electrical power or lighting problem
single_00377,SINGLE,Exposed wire needs attention,There is a problem with the exposed wire at Administration Building - Room 18. The exposed wire is accessible in the area. The issue needs prompt attention.,INCIDENT,SAFETY_HAZARD,SAFETY_HAZARD,MEDIUM,HIGH,Administration Building - Room 18,en,student,HARD,False,0,,Reported physical safety hazard
single_00378,SINGLE,mshkela fe service area,momken 7ad yshoof el service area fe Engineering Building - Lab 2?,SERVICE_REQUEST,OTHER,OTHER,MEDIUM,MEDIUM,Engineering Building - Lab 2,arabizi,lecturer,MEDIUM,False,0,,Issue does not fit a specific category
single_00379,SINGLE,Problem with smoke,The problem is with smoke في Main Lecture Hall. The source of the smoke is not clear.,INCIDENT,SAFETY_HAZARD,SAFETY_HAZARD,LOW,MEDIUM,Main Lecture Hall,mixed,lab_assistant,MEDIUM,False,0,,Reported physical safety hazard
single_00380,SINGLE,Drain issue,There is a problem with the drain at Main Lecture Hall. Water is draining very slowly.,INCIDENT,PLUMBING_WATER,PLUMBING_WATER,MEDIUM,MEDIUM,Main Lecture Hall,en,security_staff,MEDIUM,False,0,,"Water supply, drainage or plumbing problem"
single_00381,SINGLE,Problem with water pipe,I noticed that the water pipe is leaking in Computer Science Building - Room 203. The leak becomes worse when the water is used. The issue needs prompt attention. Several people may be affected.,INCIDENT,BUILDING_STRUCTURE,PLUMBING_WATER,HIGH,HIGH,Computer Science Building - Room 203,en,lecturer,MEDIUM,False,0,,"Water supply, drainage or plumbing problem"
single_00382,SINGLE,Issue with outdoor light,There is a problem with the outdoor light at Outdoor Courtyard. The outdoor area is poorly lit after dark.,INCIDENT,GROUNDS_OUTDOOR,GROUNDS_OUTDOOR,MEDIUM,MEDIUM,Outdoor Courtyard,en,dorm_resident,MEDIUM,False,0,,Outdoor area or grounds maintenance issue
single_00383,SINGLE,Elevator issue,There is a problem with the elevator at Dormitory B - Floor 3. People are currently using the building stairs. The issue needs prompt attention.,INCIDENT,ELEVATOR,ELEVATOR,MEDIUM,HIGH,Dormitory B - Floor 3,en,admin_staff,MEDIUM,False,0,,Elevator or lift malfunction
single_00384,SINGLE,bathroom محتاج تنظيف,محتاجين حد يشوف bathroom في Cafeteria. Regular cleaning is needed before normal use.,SERVICE_REQUEST,CLEANING_WASTE,CLEANING_WASTE,MEDIUM,MEDIUM,Cafeteria,ar_eg,admin_staff,HARD,False,0,,Cleaning or waste management problem
single_00385,SINGLE,خطر في obstruction,obstruction محتاج متابعة في Library - Second Floor. The obstruction reduces the usable path. الموضوع محتاج متابعة بسرعة. أكتر من شخص ممكن يكون متأثر.,INCIDENT,ELECTRICAL,SAFETY_HAZARD,HIGH,HIGH,Library - Second Floor,ar_eg,security_staff,HARD,False,0,,Reported physical safety hazard
single_00386,SINGLE,Elevator needs attention,Please check the elevator at Administration Building - Room 12. It is not moving. People are currently using the building stairs. The issue needs prompt attention. Several people may be affected.,INCIDENT,ELEVATOR,ELEVATOR,HIGH,HIGH,Administration Building - Room 12,en,admin_staff,MEDIUM,False,0,,Elevator or lift malfunction
single_00387,SINGLE,The ceiling has an issue,The ceiling is damaged في Student Affairs Office. The damage is limited to one area.,INCIDENT,FURNITURE_FIXTURES,BUILDING_STRUCTURE,MEDIUM,MEDIUM,Student Affairs Office,mixed,lab_assistant,HARD,False,0,,"Building surface, door, window or structural issue"
single_00388,SINGLE,Chair is broken,The chair is broken at Engineering Building - Room 101. The chair can still be used with difficulty.,INCIDENT,FURNITURE_FIXTURES,FURNITURE_FIXTURES,LOW,LOW,Engineering Building - Room 101,en,student,EASY,False,0,,Furniture or fixture maintenance problem
single_00389,SINGLE,Problem with classroom speakers,The classroom speakers have no sound at Lecture Hall B. The problem affects audio during the class. The issue needs prompt attention. Several people may be affected. Please check.,INCIDENT,AV_CLASSROOM_EQUIPMENT,AV_CLASSROOM_EQUIPMENT,HIGH,HIGH,Lecture Hall B,en,admin_staff,MEDIUM,False,0,,Classroom audio visual equipment issue
single_00390,SINGLE,مشكلة في AC unit,محتاجين حد يشوف the AC unit في Library - First Floor. الموضوع محتاج prompt attention.,INCIDENT,HVAC_AC,HVAC_AC,MEDIUM,HIGH,Library - First Floor,mixed,security_staff,HARD,False,0,,Air conditioning or ventilation issue
single_00391,SINGLE,The smoke has an issue,The problem is with smoke في Lecture Hall B. The source of the smoke is not clear. الموضوع محتاج prompt attention. أكتر من شخص ممكن يكون affected.,INCIDENT,SAFETY_HAZARD,SAFETY_HAZARD,HIGH,HIGH,Lecture Hall B,mixed,admin_staff,HARD,False,0,,Reported physical safety hazard
single_00392,SINGLE,Issue with projector,Please check the projector at Main Lecture Hall. It has no signal. Changing the input source did not help. Several people may be affected.,INCIDENT,AV_CLASSROOM_EQUIPMENT,AV_CLASSROOM_EQUIPMENT,HIGH,MEDIUM,Main Lecture Hall,en,lecturer,HARD,False,0,,Classroom audio visual equipment issue
single_00393,SINGLE,Issue with service area,I noticed that the service area needs maintenance in Lecture Hall B. A technician may need to inspect the area.,SERVICE_REQUEST,CLEANING_WASTE,OTHER,MEDIUM,MEDIUM,Lecture Hall B,en,security_staff,HARD,False,0,,Issue does not fit a specific category
single_00394,SINGLE,parking area فيه مشكلة,محتاجين حد يشوف parking area في Main Entrance. The issue affects one outdoor location.,SERVICE_REQUEST,GROUNDS_OUTDOOR,GROUNDS_OUTDOOR,MEDIUM,MEDIUM,Main Entrance,ar_eg,dorm_resident,EASY,False,0,,Outdoor area or grounds maintenance issue
single_00395,SINGLE,مشكلة في the waste bin,The problem is with waste bin في Lecture Hall C. The waste bin has not been emptied recently. الموضوع محتاج prompt attention.,INCIDENT,CLEANING_WASTE,CLEANING_WASTE,MEDIUM,HIGH,Lecture Hall C,mixed,lecturer,HARD,False,0,,Cleaning or waste management problem
single_00396,SINGLE,Issue with door,The door is damaged at Computer Science Building - Lab 3. The damage was noticed today.,INCIDENT,BUILDING_STRUCTURE,BUILDING_STRUCTURE,MEDIUM,LOW,Computer Science Building - Lab 3,en,student,EASY,False,0,,"Building surface, door, window or structural issue"
single_00397,SINGLE,Projector issue,The projector does not turn on at Main Lecture Hall. The instructor needs the equipment for the current class. The issue needs prompt attention. Several people may be affected.,INCIDENT,AV_CLASSROOM_EQUIPMENT,AV_CLASSROOM_EQUIPMENT,HIGH,HIGH,Main Lecture Hall,en,lab_assistant,HARD,False,0,,Classroom audio visual equipment issue
single_00398,SINGLE,Issue with display system,The display system keeps disconnecting at Computer Science Building - Room 203 The classroom display disconnects during use.,INCIDENT,AV_CLASSROOM_EQUIPMENT,AV_CLASSROOM_EQUIPMENT,MEDIUM,MEDIUM,Computer Science Building - Room 203,en,lecturer,EASY,False,0,,Classroom audio visual equipment issue
single_00399,SINGLE,equipment area محتاج فحص,equipment area محتاج متابعة في Science Building - Chemistry Lab. The problem could not be classified more specifically.,INCIDENT,OTHER,OTHER,MEDIUM,MEDIUM,Science Building - Chemistry Lab,ar_eg,student,MEDIUM,False,0,,Issue does not fit a specific category
single_00400,SINGLE,3atel fe faucet,feh moshkela fel faucet fe Dormitory A - Floor 1. el mawdoo3 mehtag check بسرعة.,INCIDENT,PLUMBING_WATER,PLUMBING_WATER,LOW,HIGH,Dormitory A - Floor 1,arabizi,security_staff,MEDIUM,False,0,,"Water supply, drainage or plumbing problem"
single_00401,SINGLE,mshkela fe light,el moshkela fe light zahret fe Library - First Floor.,INCIDENT,ELECTRICAL,ELECTRICAL,MEDIUM,MEDIUM,Library - First Floor,arabizi,lecturer,MEDIUM,False,0,,Electrical power or lighting problem
single_00402,SINGLE,Projector has no signal,There is a problem with the projector at Lecture Hall C. Changing the input source did not help. The issue needs prompt attention. Several people may be affected.,INCIDENT,IT_HARDWARE_PRINTING,AV_CLASSROOM_EQUIPMENT,HIGH,HIGH,Lecture Hall C,en,dorm_resident,HARD,False,0,,Classroom audio visual equipment issue
single_00403,SINGLE,outdoor light محتاج صيانة,في مشكلة في outdoor light في Outdoor Courtyard. The outdoor area is poorly lit after dark. الموضوع محتاج متابعة بسرعة. أكتر من شخص ممكن يكون متأثر.,INCIDENT,SAFETY_HAZARD,GROUNDS_OUTDOOR,HIGH,HIGH,Outdoor Courtyard,ar_eg,security_staff,MEDIUM,False,0,,Outdoor area or grounds maintenance issue
single_00404,SINGLE,AC unit مش شغال,لاحظت إن AC unit فيه مشكلة في Dormitory A - Floor 2. Water is appearing below the unit. الموضوع محتاج متابعة بسرعة.,INCIDENT,HVAC_AC,HVAC_AC,MEDIUM,HIGH,Dormitory A - Floor 2,ar_eg,lab_assistant,HARD,False,0,,Air conditioning or ventilation issue
single_00405,SINGLE,AC unit فيه مشكلة,محتاجين حد يشوف AC unit في Computer Science Building - Lab 3. Water is appearing below the unit. الموضوع محتاج متابعة بسرعة.,INCIDENT,HVAC_AC,HVAC_AC,MEDIUM,HIGH,Computer Science Building - Lab 3,ar_eg,security_staff,HARD,False,0,,Air conditioning or ventilation issue
single_00406,SINGLE,Ceiling panel is loose,Please check the ceiling panel at Dormitory B - Floor 3. It is loose. The panel needs to be inspected before it becomes unsafe. Several people may be affected.,INCIDENT,BUILDING_STRUCTURE,BUILDING_STRUCTURE,HIGH,MEDIUM,Dormitory B - Floor 3,en,student,MEDIUM,False,0,,"Building surface, door, window or structural issue"
single_00407,SINGLE,Damaged safety sign needs attention,I noticed that the damaged safety sign needs attention in Cafeteria. The safety information is no longer clearly visible.,INCIDENT,SAFETY_HAZARD,SAFETY_HAZARD,MEDIUM,MEDIUM,Cafeteria,en,lab_assistant,MEDIUM,False,0,,Reported physical safety hazard
single_00408,SINGLE,University email needs attention,There is a problem with the university email at Science Building - Physics Lab. The account cannot open the university email service. The issue needs prompt attention. Please check.,INCIDENT,IT_NETWORK_ACCOUNTS,IT_NETWORK_ACCOUNTS,MEDIUM,HIGH,Science Building - Physics Lab,en,dorm_resident,MEDIUM,False,0,,Network or account access problem
single_00409,SINGLE,مشكلة في power outlet,محتاجين حد يشوف power outlet في Administration Building - Room 18. The outlet is needed for equipment in the room. أكتر من شخص ممكن يكون متأثر.,INCIDENT,SAFETY_HAZARD,ELECTRICAL,HIGH,LOW,Administration Building - Room 18,ar_eg,dorm_resident,EASY,False,0,,Electrical power or lighting problem
single_00410,SINGLE,مشكلة في shelf,The shelf needs repair في Engineering Building - Lab 2. The shelf is loose and needs maintenance. أكتر من شخص ممكن يكون affected. please,INCIDENT,BUILDING_STRUCTURE,FURNITURE_FIXTURES,HIGH,MEDIUM,Engineering Building - Lab 2,mixed,security_staff,MEDIUM,False,0,,Furniture or fixture maintenance problem
single_00411,SINGLE,مشكلة في light,محتاجين حد يشوف light في Cafeteria. The light turns off and on repeatedly.,INCIDENT,ELECTRICAL,ELECTRICAL,MEDIUM,MEDIUM,Cafeteria,ar_eg,security_staff,EASY,False,0,,Electrical power or lighting problem
single_00412,SINGLE,عطل في outdoor light,محتاجين حد يشوف outdoor light في Outdoor Courtyard. The outdoor area is poorly lit after dark.,INCIDENT,GROUNDS_OUTDOOR,GROUNDS_OUTDOOR,MEDIUM,MEDIUM,Outdoor Courtyard,ar_eg,lab_assistant,MEDIUM,False,0,,Outdoor area or grounds maintenance issue
single_00413,SINGLE,el bathroom feh moshkela,el bathroom needs cleaning fe Dormitory A - Floor 2. Regular cleaning is needed before normal use.,SERVICE_REQUEST,CLEANING_WASTE,CLEANING_WASTE,LOW,MEDIUM,Dormitory A - Floor 2,arabizi,dorm_resident,MEDIUM,False,0,,Cleaning or waste management problem
single_00414,SINGLE,el bathroom feh moshkela,momken 7ad yshoof el bathroom fe Library - First Floor? plz check.,SERVICE_REQUEST,PLUMBING_WATER,CLEANING_WASTE,MEDIUM,MEDIUM,Library - First Floor,arabizi,lab_assistant,MEDIUM,False,0,,Cleaning or waste management problem
single_00415,SINGLE,Ceiling light needs attention,I noticed that the ceiling light stopped working in Library - First Floor The room is less visible because the light is not working. Several people may be affected.,INCIDENT,ELECTRICAL,ELECTRICAL,HIGH,MEDIUM,Library - First Floor,en,dorm_resident,EASY,False,0,,Electrical power or lighting problem
single_00416,SINGLE,Wall needs attention,I noticed that the wall is cracked in Science Building - Physics Lab. The crack has become more noticeable.,INCIDENT,BUILDING_STRUCTURE,BUILDING_STRUCTURE,MEDIUM,LOW,Science Building - Physics Lab,en,lecturer,MEDIUM,False,0,,"Building surface, door, window or structural issue"
single_00417,SINGLE,Parking area issue,The parking area needs maintenance at Outdoor Courtyard. The issue affects one outdoor location.,SERVICE_REQUEST,OTHER,GROUNDS_OUTDOOR,MEDIUM,LOW,Outdoor Courtyard,en,dorm_resident,EASY,False,0,,Outdoor area or grounds maintenance issue
single_00418,SINGLE,Problem with elevator,The elevator is not moving at Dormitory A - Floor 2. People are currently using the building stairs. The issue needs prompt attention.,INCIDENT,ELEVATOR,ELEVATOR,MEDIUM,HIGH,Dormitory A - Floor 2,en,lab_assistant,MEDIUM,False,0,,Elevator or lift malfunction
single_00419,SINGLE,Issue with broken railing,Please check the broken railing at Computer Science Building - Lab 1. It is damaged. The damaged railing is located on a frequently used path. The issue needs prompt attention. Several people may be affected.,INCIDENT,SAFETY_HAZARD,SAFETY_HAZARD,HIGH,HIGH,Computer Science Building - Lab 1,en,security_staff,HARD,False,0,,Reported physical safety hazard
single_00420,SINGLE,مشكلة في الأسانسير,elevator محتاج متابعة في Computer Science Building - Lab 1. The building has other access routes. أكتر من شخص ممكن يكون متأثر.,INCIDENT,ELEVATOR,ELEVATOR,HIGH,MEDIUM,Computer Science Building - Lab 1,ar_eg,lecturer,HARD,False,0,,Elevator or lift malfunction
single_00421,SINGLE,shelf محتاج تصليح,لاحظت إن shelf فيه مشكلة في Science Building - Chemistry Lab. The shelf is loose and needs maintenance. الموضوع محتاج متابعة بسرعة. أكتر من شخص ممكن يكون متأثر.,INCIDENT,FURNITURE_FIXTURES,FURNITURE_FIXTURES,HIGH,HIGH,Science Building - Chemistry Lab,ar_eg,security_staff,MEDIUM,False,0,,Furniture or fixture maintenance problem
single_00422,SINGLE,The drain has an issue,The drain is blocked في Main Entrance. Water is draining very slowly.,INCIDENT,PLUMBING_WATER,PLUMBING_WATER,MEDIUM,MEDIUM,Main Entrance,mixed,student,MEDIUM,False,0,,"Water supply, drainage or plumbing problem"
single_00423,SINGLE,el microphone feh moshkela,momken 7ad yshoof el microphone fe Computer Science Building - Room 203?,INCIDENT,IT_HARDWARE_PRINTING,AV_CLASSROOM_EQUIPMENT,MEDIUM,MEDIUM,Computer Science Building - Room 203,arabizi,security_staff,HARD,False,0,,Classroom audio visual equipment issue
single_00424,SINGLE,The outdoor light has an issue,The outdoor light is not working في Main Entrance. The outdoor area is poorly lit after dark.,INCIDENT,BUILDING_STRUCTURE,GROUNDS_OUTDOOR,MEDIUM,MEDIUM,Main Entrance,mixed,security_staff,EASY,False,0,,Outdoor area or grounds maintenance issue
single_00425,SINGLE,Problem with wall,The wall is cracked at Dormitory A - Floor 1. The crack has become more noticeable.,INCIDENT,BUILDING_STRUCTURE,BUILDING_STRUCTURE,MEDIUM,MEDIUM,Dormitory A - Floor 1,en,security_staff,MEDIUM,False,0,,"Building surface, door, window or structural issue"
single_00426,SINGLE,مشكلة سلامة في broken railing,broken railing محتاج متابعة في Dormitory B - Floor 3. The damaged railing is located on a frequently used path. الموضوع محتاج متابعة بسرعة. أكتر من شخص ممكن يكون متأثر.,INCIDENT,SAFETY_HAZARD,SAFETY_HAZARD,HIGH,HIGH,Dormitory B - Floor 3,ar_eg,dorm_resident,HARD,False,0,,Reported physical safety hazard
single_00427,SINGLE,Problem with obstruction,The problem is with obstruction في Cafeteria. The obstruction reduces the usable path. الموضوع محتاج prompt attention. أكتر من شخص ممكن يكون affected.,INCIDENT,OTHER,SAFETY_HAZARD,HIGH,HIGH,Cafeteria,mixed,admin_staff,HARD,False,0,,Reported physical safety hazard
single_00428,SINGLE,عطل في الأسانسير,elevator محتاج متابعة في Engineering Building - Room 101. The building has other access routes. أكتر من شخص ممكن يكون متأثر.,INCIDENT,ELECTRICAL,ELEVATOR,HIGH,LOW,Engineering Building - Room 101,ar_eg,security_staff,HARD,False,0,,Elevator or lift malfunction
single_00429,SINGLE,Smart board issue,Please check the smart board at Lecture Hall C. It is not responding. The board does not respond when the instructor interacts with it.,INCIDENT,AV_CLASSROOM_EQUIPMENT,AV_CLASSROOM_EQUIPMENT,MEDIUM,MEDIUM,Lecture Hall C,en,lecturer,MEDIUM,False,0,,Classroom audio visual equipment issue
single_00430,SINGLE,el student account feh moshkela,el moshkela fe student account zahret fe Computer Science Building - Room 203.,INCIDENT,IT_NETWORK_ACCOUNTS,IT_NETWORK_ACCOUNTS,MEDIUM,MEDIUM,Computer Science Building - Room 203,arabizi,lab_assistant,HARD,False,0,,Network or account access problem
single_00431,SINGLE,Lecture screen needs attention,I noticed that the lecture screen is showing a blank screen in Computer Science Building - Room 203. The issue affects the classroom display.,INCIDENT,AV_CLASSROOM_EQUIPMENT,AV_CLASSROOM_EQUIPMENT,LOW,MEDIUM,Computer Science Building - Room 203,en,security_staff,HARD,False,0,,Classroom audio visual equipment issue
single_00432,SINGLE,مشكلة في water pipe,لاحظت إن water pipe فيه مشكلة في Cafeteria. The leak becomes worse when the water is used. الموضوع محتاج متابعة بسرعة.,INCIDENT,BUILDING_STRUCTURE,PLUMBING_WATER,MEDIUM,HIGH,Cafeteria,ar_eg,lecturer,MEDIUM,False,0,,"Water supply, drainage or plumbing problem"
single_00433,SINGLE,display system مش شغال,لاحظت إن display system فيه مشكلة في Main Lecture Hall. The classroom display disconnects during use. ضروري شوية,INCIDENT,ELECTRICAL,AV_CLASSROOM_EQUIPMENT,MEDIUM,LOW,Main Lecture Hall,ar_eg,lab_assistant,MEDIUM,False,0,,Classroom audio visual equipment issue
single_00434,SINGLE,Microphone has no sound,There is a problem with the microphone at Computer Science Building - Room 203. The microphone is not producing any sound during the current class. The issue needs prompt attention. Please check.,INCIDENT,AV_CLASSROOM_EQUIPMENT,AV_CLASSROOM_EQUIPMENT,MEDIUM,HIGH,Computer Science Building - Room 203,en,security_staff,HARD,False,0,,Classroom audio visual equipment issue
single_00435,SINGLE,Equipment area is not functioning normally,Please check the equipment area at Administration Building - Room 18. It is not functioning normally. The problem could not be classified more specifically.,INCIDENT,OTHER,OTHER,MEDIUM,MEDIUM,Administration Building - Room 18,en,lab_assistant,HARD,False,0,,Issue does not fit a specific category
single_00436,SINGLE,el university email mehtag check,momken 7ad yshoof el university email fe Computer Science Building - Lab 1?,INCIDENT,OTHER,IT_NETWORK_ACCOUNTS,MEDIUM,MEDIUM,Computer Science Building - Lab 1,arabizi,lecturer,HARD,False,0,,Network or account access problem
single_00437,SINGLE,Power outlet needs attention,The power outlet is not working at Main Lecture Hall. The outlet is needed for equipment in the room.,INCIDENT,OTHER,ELECTRICAL,MEDIUM,LOW,Main Lecture Hall,en,dorm_resident,MEDIUM,False,0,,Electrical power or lighting problem
single_00438,SINGLE,Door is damaged,I noticed that the door is damaged in Lecture Hall C. The damage was noticed today.,INCIDENT,BUILDING_STRUCTURE,BUILDING_STRUCTURE,LOW,MEDIUM,Lecture Hall C,en,security_staff,EASY,False,0,,"Building surface, door, window or structural issue"
single_00439,SINGLE,مشكلة في the table,The table is unstable في Engineering Building - Lab 2. The table does not remain steady during use.,INCIDENT,OTHER,FURNITURE_FIXTURES,LOW,LOW,Engineering Building - Lab 2,mixed,security_staff,EASY,False,0,,Furniture or fixture maintenance problem
single_00440,SINGLE,Issue with laptop,The laptop is very slow at Computer Science Building - Room 203. Applications take a long time to respond.,INCIDENT,IT_NETWORK_ACCOUNTS,IT_HARDWARE_PRINTING,LOW,LOW,Computer Science Building - Room 203,en,student,EASY,False,0,,Physical computer or printing equipment issue
single_00441,SINGLE,outdoor bench فيه مشكلة,في مشكلة في outdoor bench في Main Entrance. The bench needs maintenance before regular use.,INCIDENT,GROUNDS_OUTDOOR,GROUNDS_OUTDOOR,LOW,LOW,Main Entrance,ar_eg,student,MEDIUM,False,0,,Outdoor area or grounds maintenance issue
single_00442,SINGLE,door handle فيه مشكلة,لاحظت إن door handle فيه مشكلة في Lecture Hall C. The handle moves when the door is opened.,INCIDENT,FURNITURE_FIXTURES,FURNITURE_FIXTURES,MEDIUM,MEDIUM,Lecture Hall C,ar_eg,security_staff,HARD,False,0,,Furniture or fixture maintenance problem
single_00443,SINGLE,Problem with smart board,The smart board is not responding at Administration Building - Room 18. The board does not respond when the instructor interacts with it. The issue needs prompt attention. Several people may be affected.,INCIDENT,AV_CLASSROOM_EQUIPMENT,AV_CLASSROOM_EQUIPMENT,HIGH,HIGH,Administration Building - Room 18,en,dorm_resident,EASY,False,0,,Classroom audio visual equipment issue
single_00444,SINGLE,Problem with ceiling light,Please check the ceiling light at Dormitory A - Floor 2. It stopped working. The room is less visible because the light is not working. Several people may be affected.,INCIDENT,ELECTRICAL,ELECTRICAL,HIGH,MEDIUM,Dormitory A - Floor 2,en,lab_assistant,MEDIUM,False,0,,Electrical power or lighting problem
single_00445,SINGLE,Problem with floor tile,The floor tile is damaged at Dormitory B - Floor 3. The damaged tile is located in a frequently used area. Several people may be affected.,INCIDENT,FURNITURE_FIXTURES,BUILDING_STRUCTURE,HIGH,MEDIUM,Dormitory B - Floor 3,en,admin_staff,MEDIUM,False,0,,"Building surface, door, window or structural issue"
single_00446,SINGLE,Issue with Wi-Fi,I noticed that the Wi-Fi keeps disconnecting in Science Building - Chemistry Lab. The connection drops after a few minutes.,INCIDENT,IT_NETWORK_ACCOUNTS,IT_NETWORK_ACCOUNTS,MEDIUM,LOW,Science Building - Chemistry Lab,en,admin_staff,EASY,False,0,,Network or account access problem
single_00447,SINGLE,مشكلة في water supply,في مشكلة في water supply في Computer Science Building - Lab 3. The bathroom cannot be used normally.,INCIDENT,PLUMBING_WATER,PLUMBING_WATER,MEDIUM,MEDIUM,Computer Science Building - Lab 3,ar_eg,security_staff,EASY,False,0,,"Water supply, drainage or plumbing problem"
single_00448,SINGLE,Air conditioning system issue,There is a problem with the air conditioning system at Engineering Building - Lab 4. The room is not cooling normally.,INCIDENT,HVAC_AC,HVAC_AC,LOW,MEDIUM,Engineering Building - Lab 4,en,security_staff,MEDIUM,False,0,,Air conditioning or ventilation issue
single_00449,SINGLE,Corridor needs attention,There is a problem with the corridor at Dormitory B - Floor 3. The corridor needs its regular cleaning service.,INCIDENT,CLEANING_WASTE,CLEANING_WASTE,LOW,MEDIUM,Dormitory B - Floor 3,en,dorm_resident,EASY,False,0,,Cleaning or waste management problem
single_00450,SINGLE,Issue with thermostat,Please check the thermostat at Dormitory B - Floor 3. It is not responding. The temperature cannot be adjusted normally.,INCIDENT,HVAC_AC,HVAC_AC,LOW,MEDIUM,Dormitory B - Floor 3,en,lecturer,MEDIUM,False,0,,Air conditioning or ventilation issue
single_00451,SINGLE,Problem with elevator door,Please check the elevator door at Dormitory B - Floor 1. It is not opening. The elevator cannot be used normally. The issue needs prompt attention.,INCIDENT,ELEVATOR,ELEVATOR,LOW,HIGH,Dormitory B - Floor 1,en,student,MEDIUM,False,0,,Elevator or lift malfunction
single_00452,SINGLE,Vent issue,There is a problem with the vent at Library - Second Floor. Airflow from the vent is not normal.,INCIDENT,HVAC_AC,HVAC_AC,MEDIUM,LOW,Library - Second Floor,en,dorm_resident,MEDIUM,False,0,,Air conditioning or ventilation issue
single_00453,SINGLE,عطل في monitor,monitor محتاج متابعة في Computer Science Building - Room 203. The computer is running but nothing appears on the display.,INCIDENT,OTHER,IT_HARDWARE_PRINTING,MEDIUM,MEDIUM,Computer Science Building - Room 203,ar_eg,student,HARD,False,0,,Physical computer or printing equipment issue
single_00454,SINGLE,Slippery floor needs attention,There is a problem with the slippery floor at Main Lecture Hall. People are still using the area.,INCIDENT,OTHER,SAFETY_HAZARD,MEDIUM,MEDIUM,Main Lecture Hall,en,security_staff,HARD,False,0,,Reported physical safety hazard
single_00455,SINGLE,Damaged safety sign issue,Please check the damaged safety sign at Lecture Hall B. It needs attention. The safety information is no longer clearly visible. Several people may be affected.,INCIDENT,SAFETY_HAZARD,SAFETY_HAZARD,HIGH,MEDIUM,Lecture Hall B,en,admin_staff,HARD,False,0,,Reported physical safety hazard
single_00456,SINGLE,classroom speakers فيه مشكلة,classroom speakers محتاج متابعة في Administration Building - Room 12. The problem affects audio during the class. الموضوع محتاج متابعة بسرعة. أكتر من شخص ممكن يكون متأثر. ضروري شوية,INCIDENT,AV_CLASSROOM_EQUIPMENT,AV_CLASSROOM_EQUIPMENT,HIGH,HIGH,Administration Building - Room 12,ar_eg,admin_staff,MEDIUM,False,0,,Classroom audio visual equipment issue
single_00457,SINGLE,Issue with ceiling light,The ceiling light stopped working at Lecture Hall B. The room is less visible because the light is not working.,INCIDENT,ELECTRICAL,ELECTRICAL,MEDIUM,MEDIUM,Lecture Hall B,en,student,MEDIUM,False,0,,Electrical power or lighting problem
single_00458,SINGLE,Bathroom needs cleaning,I noticed that the bathroom needs cleaning in Lecture Hall C. Regular cleaning is needed before normal use.,SERVICE_REQUEST,CLEANING_WASTE,CLEANING_WASTE,LOW,MEDIUM,Lecture Hall C,en,security_staff,MEDIUM,False,0,,Cleaning or waste management problem
single_00459,SINGLE,Network connection is very slow,There is a problem with the network connection at Engineering Building - Lab 2. The connection becomes slow during normal campus use.,INCIDENT,IT_NETWORK_ACCOUNTS,IT_NETWORK_ACCOUNTS,LOW,MEDIUM,Engineering Building - Lab 2,en,admin_staff,EASY,False,0,,Network or account access problem
single_00460,SINGLE,Problem with login,I noticed that the login keeps asking for login in Computer Science Building - Lab 3. The system repeatedly asks the user to sign in.,INCIDENT,IT_NETWORK_ACCOUNTS,IT_NETWORK_ACCOUNTS,MEDIUM,MEDIUM,Computer Science Building - Lab 3,en,security_staff,MEDIUM,False,0,,Network or account access problem
single_00461,SINGLE,Problem with waste bin,There is a problem with the waste bin at Lecture Hall C. The waste bin has not been emptied recently.,INCIDENT,PLUMBING_WATER,CLEANING_WASTE,MEDIUM,MEDIUM,Lecture Hall C,en,lecturer,HARD,False,0,,Cleaning or waste management problem
single_00462,SINGLE,Water supply has no water,Please check the water supply at Engineering Building - Lab 4. It has no water. The bathroom cannot be used normally.,INCIDENT,BUILDING_STRUCTURE,PLUMBING_WATER,LOW,MEDIUM,Engineering Building - Lab 4,en,lecturer,MEDIUM,False,0,,"Water supply, drainage or plumbing problem"
single_00463,SINGLE,Problem with Wi-Fi,The Wi-Fi keeps disconnecting at Library - First Floor. The connection drops after a few minutes. The issue needs prompt attention. Several people may be affected.,INCIDENT,IT_NETWORK_ACCOUNTS,IT_NETWORK_ACCOUNTS,HIGH,HIGH,Library - First Floor,en,dorm_resident,MEDIUM,False,0,,Network or account access problem
single_00464,SINGLE,مشكلة في the room,محتاجين حد يشوف the room في Administration Building - Room 12. أكتر من شخص ممكن يكون affected.,SERVICE_REQUEST,OTHER,OTHER,HIGH,MEDIUM,Administration Building - Room 12,mixed,dorm_resident,HARD,False,0,,Issue does not fit a specific category
single_00465,SINGLE,Electrical switch issue,Please check the electrical switch at Parking Area. It is not working. The switch does not control the connected light.,INCIDENT,ELECTRICAL,ELECTRICAL,MEDIUM,MEDIUM,Parking Area,en,lecturer,EASY,False,0,,Electrical power or lighting problem
single_00466,SINGLE,Monitor shows a blank screen,Please check the monitor at Science Building - Chemistry Lab. It shows a blank screen. The computer is running but nothing appears on the display.,INCIDENT,IT_HARDWARE_PRINTING,IT_HARDWARE_PRINTING,MEDIUM,LOW,Science Building - Chemistry Lab,en,admin_staff,MEDIUM,False,0,,Physical computer or printing equipment issue
single_00467,SINGLE,Issue with facility,Please check the facility at Science Building - Physics Lab. It has an unusual issue. The exact cause is not clear. Please check.,INCIDENT,OTHER,OTHER,MEDIUM,MEDIUM,Science Building - Physics Lab,en,lab_assistant,MEDIUM,False,0,,Issue does not fit a specific category
single_00468,SINGLE,Problem with electrical switch,محتاجين حد يشوف the electrical switch في Main Lecture Hall. please,INCIDENT,ELECTRICAL,ELECTRICAL,MEDIUM,LOW,Main Lecture Hall,mixed,security_staff,MEDIUM,False,0,,Electrical power or lighting problem
single_00469,SINGLE,Lift needs attention,Please check the lift at Dormitory A - Floor 1. It stopped between floors. The elevator requires immediate technical inspection. The issue needs prompt attention. Several people may be affected.,INCIDENT,ELEVATOR,ELEVATOR,HIGH,HIGH,Dormitory A - Floor 1,en,admin_staff,HARD,False,0,,Elevator or lift malfunction
single_00470,SINGLE,exposed wire مش آمن,exposed wire محتاج متابعة في Outdoor Courtyard. The exposed wire is accessible in the area. الموضوع محتاج متابعة بسرعة. أكتر من شخص ممكن يكون متأثر.,INCIDENT,SAFETY_HAZARD,SAFETY_HAZARD,HIGH,HIGH,Outdoor Courtyard,ar_eg,security_staff,MEDIUM,False,0,,Reported physical safety hazard
single_00471,SINGLE,عطل في cabinet,محتاجين حد يشوف cabinet في Library - Second Floor. The cabinet door remains partially open.,INCIDENT,OTHER,FURNITURE_FIXTURES,MEDIUM,LOW,Library - Second Floor,ar_eg,admin_staff,EASY,False,0,,Furniture or fixture maintenance problem
single_00472,SINGLE,Lift stopped between floors,The lift stopped between floors at Engineering Building - Lab 2. The elevator requires immediate technical inspection. The issue needs prompt attention. Several people may be affected.,INCIDENT,ELEVATOR,ELEVATOR,HIGH,HIGH,Engineering Building - Lab 2,en,admin_staff,HARD,False,0,,Elevator or lift malfunction
single_00473,SINGLE,Issue with AC unit,Please check the AC unit at Dormitory B - Floor 1. It is leaking water. Water is appearing below the unit. The issue needs prompt attention.,INCIDENT,HVAC_AC,HVAC_AC,MEDIUM,HIGH,Dormitory B - Floor 1,en,dorm_resident,HARD,False,0,,Air conditioning or ventilation issue
single_00474,SINGLE,Problem with corridor,I noticed that the corridor has not been cleaned in Dormitory A - Floor 1. The corridor needs its regular cleaning service. Please check.,INCIDENT,CLEANING_WASTE,CLEANING_WASTE,LOW,MEDIUM,Dormitory A - Floor 1,en,lab_assistant,EASY,False,0,,Cleaning or waste management problem
single_00475,SINGLE,Obstruction needs attention,Please check the obstruction at Engineering Building - Lab 4. It is blocking part of the area. The obstruction reduces the usable path.,INCIDENT,BUILDING_STRUCTURE,SAFETY_HAZARD,MEDIUM,MEDIUM,Engineering Building - Lab 4,en,lecturer,HARD,False,0,,Reported physical safety hazard
single_00476,SINGLE,floor tile محتاج تصليح,محتاجين حد يشوف floor tile في Computer Science Building - Lab 3. The damaged tile is located in a frequently used area.,INCIDENT,BUILDING_STRUCTURE,BUILDING_STRUCTURE,LOW,MEDIUM,Computer Science Building - Lab 3,ar_eg,lecturer,MEDIUM,False,0,,"Building surface, door, window or structural issue"
single_00477,SINGLE,مشكلة في classroom,لاحظت إن classroom فيه مشكلة في Dormitory A - Floor 1. The area has been used throughout the day.,INCIDENT,CLEANING_WASTE,CLEANING_WASTE,LOW,LOW,Dormitory A - Floor 1,ar_eg,dorm_resident,MEDIUM,False,0,,Cleaning or waste management problem
single_00478,SINGLE,mshkela fe bathroom,momken 7ad yshoof el bathroom fe Library - Second Floor? el mawdoo3 mehtag check بسرعة.,SERVICE_REQUEST,CLEANING_WASTE,CLEANING_WASTE,MEDIUM,HIGH,Library - Second Floor,arabizi,security_staff,HARD,False,0,,Cleaning or waste management problem
single_00479,SINGLE,air conditioner فيه مشكلة,محتاجين حد يشوف air conditioner في Dormitory B - Floor 1. The room becomes uncomfortable after some time.,INCIDENT,HVAC_AC,HVAC_AC,MEDIUM,MEDIUM,Dormitory B - Floor 1,ar_eg,lab_assistant,MEDIUM,False,0,,Air conditioning or ventilation issue
single_00480,SINGLE,mshkela fe outdoor bench,momken 7ad yshoof el outdoor bench fe Main Entrance?,INCIDENT,GROUNDS_OUTDOOR,GROUNDS_OUTDOOR,LOW,LOW,Main Entrance,arabizi,admin_staff,EASY,False,0,,Outdoor area or grounds maintenance issue
single_00481,SINGLE,Elevator panel issue,The elevator panel is showing an error at Library - First Floor. The elevator controls are not working normally. The issue needs prompt attention. Several people may be affected.,INCIDENT,ELEVATOR,ELEVATOR,HIGH,HIGH,Library - First Floor,en,admin_staff,HARD,False,0,,Elevator or lift malfunction
single_00482,SINGLE,Issue with lift,I noticed that the lift stopped between floors in Computer Science Building - Lab 3. The elevator requires immediate technical inspection.,INCIDENT,ELEVATOR,ELEVATOR,MEDIUM,MEDIUM,Computer Science Building - Lab 3,en,admin_staff,HARD,False,0,,Elevator or lift malfunction
single_00483,SINGLE,Issue with Wi-Fi,I noticed that the Wi-Fi keeps disconnecting in Library - First Floor. The connection drops after a few minutes.,INCIDENT,IT_NETWORK_ACCOUNTS,IT_NETWORK_ACCOUNTS,LOW,MEDIUM,Library - First Floor,en,lecturer,MEDIUM,False,0,,Network or account access problem
single_00484,SINGLE,garden area محتاج صيانة,garden area محتاج متابعة في Outdoor Courtyard. The area needs routine grounds maintenance.,SERVICE_REQUEST,BUILDING_STRUCTURE,GROUNDS_OUTDOOR,LOW,LOW,Outdoor Courtyard,ar_eg,student,MEDIUM,False,0,,Outdoor area or grounds maintenance issue
single_00485,SINGLE,Water pipe issue,Please check the water pipe at Administration Building - Room 18. It is leaking. The leak becomes worse when the water is used. Several people may be affected.,INCIDENT,PLUMBING_WATER,PLUMBING_WATER,HIGH,MEDIUM,Administration Building - Room 18,en,lab_assistant,HARD,False,0,,"Water supply, drainage or plumbing problem"
single_00486,SINGLE,3atel fe vent,momken 7ad yshoof el vent fe Cafeteria?,INCIDENT,OTHER,HVAC_AC,LOW,MEDIUM,Cafeteria,arabizi,security_staff,MEDIUM,False,0,,Air conditioning or ventilation issue
single_00487,SINGLE,Problem with equipment area,There is a problem with the equipment area at Dormitory B - Floor 1. The problem could not be classified more specifically.,SERVICE_REQUEST,OTHER,OTHER,MEDIUM,MEDIUM,Dormitory B - Floor 1,en,dorm_resident,MEDIUM,False,0,,Issue does not fit a specific category
single_00488,SINGLE,Problem with exposed wire,The exposed wire creates a safety concern at Main Entrance. The exposed wire is accessible in the area. The issue needs prompt attention. Several people may be affected. Please check.,INCIDENT,SAFETY_HAZARD,SAFETY_HAZARD,HIGH,HIGH,Main Entrance,en,student,HARD,False,0,,Reported physical safety hazard
single_00489,SINGLE,Issue with keyboard,I noticed that the keyboard is not working in Engineering Building - Lab 4. Several keys do not respond when pressed.,INCIDENT,IT_HARDWARE_PRINTING,IT_HARDWARE_PRINTING,LOW,LOW,Engineering Building - Lab 4,en,dorm_resident,MEDIUM,False,0,,Physical computer or printing equipment issue
single_00490,SINGLE,Issue with walkway,There is a problem with the walkway at Parking Area. Part of the walkway cannot be used normally.,INCIDENT,GROUNDS_OUTDOOR,GROUNDS_OUTDOOR,MEDIUM,LOW,Parking Area,en,dorm_resident,EASY,False,0,,Outdoor area or grounds maintenance issue
single_00491,SINGLE,Problem with facility,Please check the facility at Computer Science Building - Lab 3. It has an unusual issue. The exact cause is not clear.,SERVICE_REQUEST,OTHER,OTHER,MEDIUM,MEDIUM,Computer Science Building - Lab 3,en,admin_staff,MEDIUM,False,0,,Issue does not fit a specific category
single_00492,SINGLE,Floor tile is damaged,The floor tile is damaged at Computer Science Building - Room 203. The damaged tile is located in a frequently used area.,INCIDENT,BUILDING_STRUCTURE,BUILDING_STRUCTURE,MEDIUM,MEDIUM,Computer Science Building - Room 203,en,dorm_resident,EASY,False,0,,"Building surface, door, window or structural issue"
single_00493,SINGLE,The sink has an issue,محتاجين حد يشوف the sink في Engineering Building - Room 101. الموضوع محتاج prompt attention.,INCIDENT,PLUMBING_WATER,PLUMBING_WATER,MEDIUM,HIGH,Engineering Building - Room 101,mixed,dorm_resident,MEDIUM,False,0,,"Water supply, drainage or plumbing problem"
single_00494,SINGLE,مشكلة نظافة في waste bin,في مشكلة في waste bin في Library - Second Floor. The waste bin has not been emptied recently.,INCIDENT,CLEANING_WASTE,CLEANING_WASTE,MEDIUM,MEDIUM,Library - Second Floor,ar_eg,dorm_resident,MEDIUM,False,0,,Cleaning or waste management problem
single_00495,SINGLE,Ac unit is leaking water,Please check the AC unit at Engineering Building - Lab 4. It is leaking water. Water is appearing below the unit. The issue needs prompt attention. Several people may be affected.,INCIDENT,ELECTRICAL,HVAC_AC,HIGH,HIGH,Engineering Building - Lab 4,en,dorm_resident,HARD,False,0,,Air conditioning or ventilation issue
single_00496,SINGLE,faucet فيه مشكلة,faucet محتاج متابعة في Science Building - Chemistry Lab. The leak continues even when the faucet is closed. ضروري شوية,INCIDENT,PLUMBING_WATER,PLUMBING_WATER,LOW,LOW,Science Building - Chemistry Lab,ar_eg,dorm_resident,MEDIUM,False,0,,"Water supply, drainage or plumbing problem"
single_00497,SINGLE,Slippery floor issue,Please check the slippery floor at Dormitory B - Floor 1. It creates a safety concern. People are still using the area. The issue needs prompt attention. Several people may be affected.,INCIDENT,SAFETY_HAZARD,SAFETY_HAZARD,HIGH,HIGH,Dormitory B - Floor 1,en,dorm_resident,HARD,False,0,,Reported physical safety hazard
single_00498,SINGLE,Facility needs attention,Please check the facility at Lecture Hall C. It has an unusual issue. The exact cause is not clear. The issue needs prompt attention. Several people may be affected.,INCIDENT,OTHER,OTHER,HIGH,HIGH,Lecture Hall C,en,student,HARD,False,0,,Issue does not fit a specific category
single_00499,SINGLE,Floor needs attention,The floor is dirty at Main Lecture Hall. The floor needs routine cleaning.,INCIDENT,CLEANING_WASTE,CLEANING_WASTE,MEDIUM,MEDIUM,Main Lecture Hall,en,dorm_resident,EASY,False,0,,Cleaning or waste management problem
single_00500,SINGLE,Slippery floor creates a safety concern,The slippery floor creates a safety concern at Administration Building - Room 12. People are still using the area.,INCIDENT,ELECTRICAL,SAFETY_HAZARD,MEDIUM,MEDIUM,Administration Building - Room 12,en,student,MEDIUM,False,0,,Reported physical safety hazard
single_00501,SINGLE,facility محتاج فحص,محتاجين حد يشوف facility في Main Entrance. The exact cause is not clear.,INCIDENT,OTHER,OTHER,LOW,MEDIUM,Main Entrance,ar_eg,dorm_resident,MEDIUM,False,0,,Issue does not fit a specific category
single_00502,SINGLE,Facility needs attention,I noticed that the facility has an unusual issue in Outdoor Courtyard. The exact cause is not clear.,SERVICE_REQUEST,OTHER,OTHER,MEDIUM,MEDIUM,Outdoor Courtyard,en,lecturer,MEDIUM,False,0,,Issue does not fit a specific category
single_00503,SINGLE,Elevator is not moving,The elevator is not moving at Computer Science Building - Lab 3. People are currently using the building stairs. The issue needs prompt attention.,INCIDENT,ELEVATOR,ELEVATOR,MEDIUM,HIGH,Computer Science Building - Lab 3,en,lab_assistant,HARD,False,0,,Elevator or lift malfunction
single_00504,SINGLE,عطل في mouse,mouse محتاج متابعة في Computer Science Building - Room 203. The pointer does not move normally.,INCIDENT,IT_HARDWARE_PRINTING,IT_HARDWARE_PRINTING,LOW,LOW,Computer Science Building - Room 203,ar_eg,lab_assistant,MEDIUM,False,0,,Physical computer or printing equipment issue
single_00505,SINGLE,projector فيه مشكلة,projector محتاج متابعة في Engineering Building - Room 101. Changing the input source did not help. أكتر من شخص ممكن يكون متأثر. لو سمحت.,INCIDENT,AV_CLASSROOM_EQUIPMENT,AV_CLASSROOM_EQUIPMENT,HIGH,MEDIUM,Engineering Building - Room 101,ar_eg,security_staff,MEDIUM,False,0,,Classroom audio visual equipment issue
single_00506,SINGLE,Electrical switch issue,The electrical switch is not working at Dormitory A - Floor 1. The switch does not control the connected light.,INCIDENT,ELECTRICAL,ELECTRICAL,LOW,MEDIUM,Dormitory A - Floor 1,en,security_staff,HARD,False,0,,Electrical power or lighting problem
single_00507,SINGLE,Equipment area issue,There is a problem with the equipment area at Cafeteria. The problem could not be classified more specifically.,INCIDENT,OTHER,OTHER,MEDIUM,MEDIUM,Cafeteria,en,student,MEDIUM,False,0,,Issue does not fit a specific category
single_00508,SINGLE,Problem with facility,Please check the facility at Administration Building - Room 18. It has an unusual issue. The exact cause is not clear.,SERVICE_REQUEST,OTHER,OTHER,MEDIUM,LOW,Administration Building - Room 18,en,student,MEDIUM,False,0,,Issue does not fit a specific category
single_00509,SINGLE,Issue with vent,I noticed that the vent is not working in Main Lecture Hall. Airflow from the vent is not normal.,INCIDENT,HVAC_AC,HVAC_AC,LOW,LOW,Main Lecture Hall,en,student,MEDIUM,False,0,,Air conditioning or ventilation issue
single_00510,SINGLE,Problem with electrical switch,Please check the electrical switch at Science Building - Chemistry Lab. It is not working. The switch does not control the connected light.,INCIDENT,ELECTRICAL,ELECTRICAL,MEDIUM,LOW,Science Building - Chemistry Lab,en,lecturer,EASY,False,0,,Electrical power or lighting problem
single_00511,SINGLE,Issue with broken railing,Please check the broken railing at Dormitory B - Floor 1. It is damaged. The damaged railing is located on a frequently used path. The issue needs prompt attention. Several people may be affected.,INCIDENT,SAFETY_HAZARD,SAFETY_HAZARD,HIGH,HIGH,Dormitory B - Floor 1,en,dorm_resident,HARD,False,0,,Reported physical safety hazard
single_00512,SINGLE,Ac unit needs attention,I noticed that the AC unit is leaking water in Dormitory B - Floor 3 Water is appearing below the unit.,INCIDENT,HVAC_AC,HVAC_AC,MEDIUM,MEDIUM,Dormitory B - Floor 3,en,dorm_resident,MEDIUM,False,0,,Air conditioning or ventilation issue
single_00513,SINGLE,Problem with corridor,I noticed that the corridor has not been cleaned in Library - First Floor. The corridor needs its regular cleaning service.,INCIDENT,CLEANING_WASTE,CLEANING_WASTE,LOW,LOW,Library - First Floor,en,admin_staff,EASY,False,0,,Cleaning or waste management problem
single_00514,SINGLE,Issue with lift,The lift stopped between floors at Dormitory A - Floor 2. The elevator requires immediate technical inspection.,INCIDENT,ELEVATOR,ELEVATOR,MEDIUM,MEDIUM,Dormitory A - Floor 2,en,student,EASY,False,0,,Elevator or lift malfunction
single_00515,SINGLE,Issue with shelf,I noticed that the shelf needs repair in Engineering Building - Lab 4 The shelf is loose and needs maintenance.,INCIDENT,FURNITURE_FIXTURES,FURNITURE_FIXTURES,LOW,MEDIUM,Engineering Building - Lab 4,en,lecturer,MEDIUM,False,0,,Furniture or fixture maintenance problem
single_00516,SINGLE,Issue with sink,Please check the sink at Parking Area. It is leaking. Water is collecting on the floor. Several people may be affected.,INCIDENT,PLUMBING_WATER,PLUMBING_WATER,HIGH,MEDIUM,Parking Area,en,lecturer,HARD,False,0,,"Water supply, drainage or plumbing problem"
single_00517,SINGLE,Walkway needs attention,The walkway is blocked at Outdoor Courtyard. Part of the walkway cannot be used normally.,INCIDENT,SAFETY_HAZARD,GROUNDS_OUTDOOR,MEDIUM,MEDIUM,Outdoor Courtyard,en,student,HARD,False,0,,Outdoor area or grounds maintenance issue
single_00518,SINGLE,Room issue,The room requires inspection at Sports Building The reporter could not identify the exact problem. The issue needs prompt attention.,SERVICE_REQUEST,OTHER,OTHER,MEDIUM,HIGH,Sports Building,en,admin_staff,EASY,False,0,,Issue does not fit a specific category
single_00519,SINGLE,Problem with air conditioner,I noticed that the air conditioner is not cooling in Parking Area. The room becomes uncomfortable after some time.,INCIDENT,HVAC_AC,HVAC_AC,MEDIUM,MEDIUM,Parking Area,en,security_staff,HARD,False,0,,Air conditioning or ventilation issue
single_00520,SINGLE,power supply فيه مشكلة,محتاجين حد يشوف power supply في Parking Area. The equipment loses power repeatedly. أكتر من شخص ممكن يكون متأثر.,INCIDENT,ELECTRICAL,ELECTRICAL,HIGH,MEDIUM,Parking Area,ar_eg,security_staff,HARD,False,0,,Electrical power or lighting problem
single_00521,SINGLE,Chair needs attention,There is a problem with the chair at Dormitory A - Floor 1. The chair can still be used with difficulty.,INCIDENT,FURNITURE_FIXTURES,FURNITURE_FIXTURES,LOW,LOW,Dormitory A - Floor 1,en,security_staff,EASY,False,0,,Furniture or fixture maintenance problem
single_00522,SINGLE,Problem with vent,محتاجين حد يشوف the vent في Science Building - Chemistry Lab.,INCIDENT,HVAC_AC,HVAC_AC,LOW,LOW,Science Building - Chemistry Lab,mixed,student,EASY,False,0,,Air conditioning or ventilation issue
single_00523,SINGLE,el sink feh moshkela,el moshkela fe sink zahret fe Computer Science Building - Lab 1. el mawdoo3 mehtag check بسرعة. aktar men 7ad momken ykoon mota2asser.,INCIDENT,CLEANING_WASTE,PLUMBING_WATER,HIGH,HIGH,Computer Science Building - Lab 1,arabizi,dorm_resident,HARD,False,0,,"Water supply, drainage or plumbing problem"
single_00524,SINGLE,door فيه مشكلة,door محتاج متابعة في Dormitory A - Floor 1. The damage was noticed today. الموضوع محتاج متابعة بسرعة.,INCIDENT,BUILDING_STRUCTURE,BUILDING_STRUCTURE,MEDIUM,HIGH,Dormitory A - Floor 1,ar_eg,lecturer,MEDIUM,False,0,,"Building surface, door, window or structural issue"
single_00525,SINGLE,عطل في gate,محتاجين حد يشوف gate في Parking Area. The gate cannot be operated normally.,INCIDENT,GROUNDS_OUTDOOR,GROUNDS_OUTDOOR,MEDIUM,MEDIUM,Parking Area,ar_eg,lecturer,HARD,False,0,,Outdoor area or grounds maintenance issue
single_00526,SINGLE,The room has an issue,في مشكلة في room at Dormitory B - Floor 3. The reporter could not identify the exact problem.,SERVICE_REQUEST,OTHER,OTHER,MEDIUM,MEDIUM,Dormitory B - Floor 3,mixed,lecturer,EASY,False,0,,Issue does not fit a specific category
single_00527,SINGLE,عطل في outdoor bench,محتاجين حد يشوف outdoor bench في Main Entrance. The bench needs maintenance before regular use.,INCIDENT,GROUNDS_OUTDOOR,GROUNDS_OUTDOOR,LOW,MEDIUM,Main Entrance,ar_eg,student,EASY,False,0,,Outdoor area or grounds maintenance issue
single_00528,SINGLE,مشكلة في power outlet,power outlet محتاج متابعة في Lecture Hall B. The outlet is needed for equipment in the room.,INCIDENT,OTHER,ELECTRICAL,MEDIUM,LOW,Lecture Hall B,ar_eg,lecturer,MEDIUM,False,0,,Electrical power or lighting problem
single_00529,SINGLE,Issue with equipment area,There is a problem with the equipment area at Dormitory A - Floor 1. The problem could not be classified more specifically.,INCIDENT,OTHER,OTHER,LOW,MEDIUM,Dormitory A - Floor 1,en,security_staff,MEDIUM,False,0,,Issue does not fit a specific category
single_00530,SINGLE,mshkela fe room,el room requires inspection fe Main Lecture Hall. The reporter could not identify the exact problem.,SERVICE_REQUEST,OTHER,OTHER,MEDIUM,MEDIUM,Main Lecture Hall,arabizi,lab_assistant,MEDIUM,False,0,,Issue does not fit a specific category
single_00531,SINGLE,Problem with scanner,I noticed that the scanner does not detect the device in Engineering Building - Lab 4. The scanner cannot be used from the connected computer.,INCIDENT,IT_HARDWARE_PRINTING,IT_HARDWARE_PRINTING,MEDIUM,MEDIUM,Engineering Building - Lab 4,en,admin_staff,MEDIUM,False,0,,Physical computer or printing equipment issue
single_00532,SINGLE,Facility needs attention,The facility has an unusual issue at Dormitory A - Floor 1. The exact cause is not clear. Several people may be affected.,INCIDENT,OTHER,OTHER,HIGH,MEDIUM,Dormitory A - Floor 1,en,student,MEDIUM,False,0,,Issue does not fit a specific category
single_00533,SINGLE,Issue with vent,The vent is not working at Engineering Building - Room 101. Airflow from the vent is not normal.,INCIDENT,HVAC_AC,HVAC_AC,LOW,LOW,Engineering Building - Room 101,en,admin_staff,MEDIUM,False,0,,Air conditioning or ventilation issue
single_00534,SINGLE,مشكلة في window,لاحظت إن window فيه مشكلة في Student Affairs Office. The room is still accessible but the window needs repair.,INCIDENT,BUILDING_STRUCTURE,BUILDING_STRUCTURE,LOW,MEDIUM,Student Affairs Office,ar_eg,dorm_resident,MEDIUM,False,0,,"Building surface, door, window or structural issue"
single_00535,SINGLE,3atel fe floor tile,el moshkela fe floor tile zahret fe Outdoor Courtyard. el mawdoo3 mehtag check بسرعة.,INCIDENT,BUILDING_STRUCTURE,BUILDING_STRUCTURE,LOW,HIGH,Outdoor Courtyard,arabizi,security_staff,MEDIUM,False,0,,"Building surface, door, window or structural issue"
single_00536,SINGLE,wall فيه مشكلة,wall محتاج متابعة في Dormitory A - Floor 2. The crack has become more noticeable.,INCIDENT,SAFETY_HAZARD,BUILDING_STRUCTURE,MEDIUM,LOW,Dormitory A - Floor 2,ar_eg,admin_staff,MEDIUM,False,0,,"Building surface, door, window or structural issue"
single_00537,SINGLE,Issue with door,I noticed that the door is damaged in Cafeteria. The damage was noticed today.,INCIDENT,BUILDING_STRUCTURE,BUILDING_STRUCTURE,MEDIUM,MEDIUM,Cafeteria,en,dorm_resident,MEDIUM,False,0,,"Building surface, door, window or structural issue"
single_00538,SINGLE,عطل في outdoor light,محتاجين حد يشوف outdoor light في Outdoor Courtyard. The outdoor area is poorly lit after dark. الموضوع محتاج متابعة بسرعة. أكتر من شخص ممكن يكون متأثر.,INCIDENT,GROUNDS_OUTDOOR,GROUNDS_OUTDOOR,HIGH,HIGH,Outdoor Courtyard,ar_eg,student,MEDIUM,False,0,,Outdoor area or grounds maintenance issue
single_00539,SINGLE,el door feh moshkela,momken 7ad yshoof el door fe Library - First Floor?,INCIDENT,BUILDING_STRUCTURE,BUILDING_STRUCTURE,MEDIUM,MEDIUM,Library - First Floor,arabizi,student,HARD,False,0,,"Building surface, door, window or structural issue"
single_00540,SINGLE,Problem with water supply,The water supply has no water at Library - Second Floor. The bathroom cannot be used normally.,INCIDENT,CLEANING_WASTE,PLUMBING_WATER,LOW,MEDIUM,Library - Second Floor,en,admin_staff,MEDIUM,False,0,,"Water supply, drainage or plumbing problem"
single_00541,SINGLE,مشكلة في display system,محتاجين حد يشوف display system في Main Lecture Hall. The classroom display disconnects during use.,INCIDENT,AV_CLASSROOM_EQUIPMENT,AV_CLASSROOM_EQUIPMENT,MEDIUM,LOW,Main Lecture Hall,ar_eg,admin_staff,MEDIUM,False,0,,Classroom audio visual equipment issue
single_00542,SINGLE,Problem with student account,I noticed that the student account does not accept the password in Computer Science Building - Room 203. The password is correct but the login keeps failing.,INCIDENT,IT_NETWORK_ACCOUNTS,IT_NETWORK_ACCOUNTS,MEDIUM,MEDIUM,Computer Science Building - Room 203,en,admin_staff,HARD,False,0,,Network or account access problem
single_00543,SINGLE,floor محتاج تنظيف,في مشكلة في floor في Library - Second Floor. The floor needs routine cleaning.,INCIDENT,PLUMBING_WATER,CLEANING_WASTE,LOW,LOW,Library - Second Floor,ar_eg,dorm_resident,MEDIUM,False,0,,Cleaning or waste management problem
single_00544,SINGLE,مشكلة في faucet,في مشكلة في faucet في Dormitory A - Floor 1. The leak continues even when the faucet is closed.,INCIDENT,PLUMBING_WATER,PLUMBING_WATER,LOW,LOW,Dormitory A - Floor 1,ar_eg,security_staff,EASY,False,0,,"Water supply, drainage or plumbing problem"
single_00545,SINGLE,Garden area needs maintenance,The garden area needs maintenance at Parking Area. The area needs routine grounds maintenance.,SERVICE_REQUEST,GROUNDS_OUTDOOR,GROUNDS_OUTDOOR,LOW,MEDIUM,Parking Area,en,student,EASY,False,0,,Outdoor area or grounds maintenance issue
single_00546,SINGLE,Room issue,The room requires inspection at Dormitory B - Floor 1. The reporter could not identify the exact problem. Several people may be affected. Please check.,SERVICE_REQUEST,OTHER,OTHER,HIGH,MEDIUM,Dormitory B - Floor 1,en,security_staff,HARD,False,0,,Issue does not fit a specific category
single_00547,SINGLE,Exposed wire creates a safety concern,I noticed that the exposed wire creates a safety concern in Dormitory B - Floor 1. The exposed wire is accessible in the area.,INCIDENT,SAFETY_HAZARD,SAFETY_HAZARD,MEDIUM,MEDIUM,Dormitory B - Floor 1,en,lecturer,MEDIUM,False,0,,Reported physical safety hazard
single_00548,SINGLE,mshkela fe drain,el drain is blocked fe Dormitory B - Floor 3. Water is draining very slowly.,INCIDENT,PLUMBING_WATER,PLUMBING_WATER,MEDIUM,LOW,Dormitory B - Floor 3,arabizi,dorm_resident,HARD,False,0,,"Water supply, drainage or plumbing problem"
single_00549,SINGLE,Problem with water pipe,Please check the water pipe at Dormitory A - Floor 1. It is leaking. The leak becomes worse when the water is used. Several people may be affected.,INCIDENT,PLUMBING_WATER,PLUMBING_WATER,HIGH,MEDIUM,Dormitory A - Floor 1,en,lecturer,MEDIUM,False,0,,"Water supply, drainage or plumbing problem"
single_00550,SINGLE,Monitor issue,The monitor shows a blank screen at Computer Science Building - Lab 1. The computer is running but nothing appears on the display.,INCIDENT,IT_HARDWARE_PRINTING,IT_HARDWARE_PRINTING,LOW,MEDIUM,Computer Science Building - Lab 1,en,security_staff,MEDIUM,False,0,,Physical computer or printing equipment issue
single_00551,SINGLE,Bathroom issue,Please check the bathroom at Library - Second Floor. It needs cleaning. Regular cleaning is needed before normal use.,SERVICE_REQUEST,CLEANING_WASTE,CLEANING_WASTE,MEDIUM,MEDIUM,Library - Second Floor,en,student,MEDIUM,False,0,,Cleaning or waste management problem
single_00552,SINGLE,toilet فيه مشكلة,لاحظت إن toilet فيه مشكلة في Science Building - Chemistry Lab. Water is spreading around the bathroom area. الموضوع محتاج متابعة بسرعة. أكتر من شخص ممكن يكون متأثر. لو سمحت.,INCIDENT,BUILDING_STRUCTURE,PLUMBING_WATER,HIGH,HIGH,Science Building - Chemistry Lab,ar_eg,lab_assistant,MEDIUM,False,0,,"Water supply, drainage or plumbing problem"
single_00553,SINGLE,Exposed wire creates a safety concern,I noticed that the exposed wire creates a safety concern in Engineering Building - Lab 4. The exposed wire is accessible in the area. The issue needs prompt attention. Several people may be affected. Please check.,INCIDENT,SAFETY_HAZARD,SAFETY_HAZARD,HIGH,HIGH,Engineering Building - Lab 4,en,dorm_resident,HARD,False,0,,Reported physical safety hazard
single_00554,SINGLE,Electrical switch needs attention,There is a problem with the electrical switch at Student Affairs Office. The switch does not control the connected light.,INCIDENT,ELECTRICAL,ELECTRICAL,LOW,MEDIUM,Student Affairs Office,en,lecturer,MEDIUM,False,0,,Electrical power or lighting problem
single_00555,SINGLE,مشكلة محتاجة فحص,في مشكلة في equipment area في Dormitory A - Floor 1. The problem could not be classified more specifically.,INCIDENT,OTHER,OTHER,MEDIUM,MEDIUM,Dormitory A - Floor 1,ar_eg,lab_assistant,MEDIUM,False,0,,Issue does not fit a specific category
single_00556,SINGLE,Wall issue,I noticed that the wall is cracked in Administration Building - Room 18. The crack has become more noticeable. Several people may be affected.,INCIDENT,SAFETY_HAZARD,BUILDING_STRUCTURE,HIGH,MEDIUM,Administration Building - Room 18,en,student,MEDIUM,False,0,,"Building surface, door, window or structural issue"
single_00557,SINGLE,Issue with elevator,There is a problem with the elevator at Dormitory B - Floor 1. People are currently using the building stairs. The issue needs prompt attention.,INCIDENT,ELEVATOR,ELEVATOR,MEDIUM,HIGH,Dormitory B - Floor 1,en,lab_assistant,HARD,False,0,,Elevator or lift malfunction
single_00558,SINGLE,مشكلة في the facility,The facility has an unusual issue في Lecture Hall C. The exact cause is not clear. الموضوع محتاج prompt attention. please check.,INCIDENT,CLEANING_WASTE,OTHER,LOW,HIGH,Lecture Hall C,mixed,student,MEDIUM,False,0,,Issue does not fit a specific category
single_00559,SINGLE,مشكلة في bathroom,bathroom محتاج متابعة في Main Lecture Hall. Regular cleaning is needed before normal use.,SERVICE_REQUEST,CLEANING_WASTE,CLEANING_WASTE,LOW,MEDIUM,Main Lecture Hall,ar_eg,lab_assistant,MEDIUM,False,0,,Cleaning or waste management problem
single_00560,SINGLE,خطر في smoke,محتاجين حد يشوف smoke في Engineering Building - Lab 2. The source of the smoke is not clear. أكتر من شخص ممكن يكون متأثر.,INCIDENT,SAFETY_HAZARD,SAFETY_HAZARD,HIGH,MEDIUM,Engineering Building - Lab 2,ar_eg,security_staff,HARD,False,0,,Reported physical safety hazard
single_00561,SINGLE,عطل في campus network,في مشكلة في campus network في Engineering Building - Lab 2. Other devices in the same area seem to have the same problem. الموضوع محتاج متابعة بسرعة.,INCIDENT,IT_NETWORK_ACCOUNTS,IT_NETWORK_ACCOUNTS,MEDIUM,HIGH,Engineering Building - Lab 2,ar_eg,dorm_resident,MEDIUM,False,0,,Network or account access problem
single_00562,SINGLE,Air conditioner issue,The air conditioner is not cooling at Library - Second Floor. The room becomes uncomfortable after some time.,INCIDENT,PLUMBING_WATER,HVAC_AC,MEDIUM,MEDIUM,Library - Second Floor,en,dorm_resident,MEDIUM,False,0,,Air conditioning or ventilation issue
single_00563,SINGLE,عطل في Wi-Fi,في مشكلة في Wi-Fi في Library - Second Floor. The connection drops after a few minutes.,INCIDENT,IT_NETWORK_ACCOUNTS,IT_NETWORK_ACCOUNTS,MEDIUM,LOW,Library - Second Floor,ar_eg,security_staff,EASY,False,0,,Network or account access problem
single_00564,SINGLE,table فيه مشكلة,لاحظت إن table فيه مشكلة في Parking Area. The table does not remain steady during use.,INCIDENT,FURNITURE_FIXTURES,FURNITURE_FIXTURES,LOW,LOW,Parking Area,ar_eg,student,EASY,False,0,,Furniture or fixture maintenance problem
single_00565,SINGLE,3atel fe AC unit,el moshkela fe AC unit zahret fe Dormitory A - Floor 2.,INCIDENT,HVAC_AC,HVAC_AC,MEDIUM,LOW,Dormitory A - Floor 2,arabizi,student,HARD,False,0,,Air conditioning or ventilation issue
single_00566,SINGLE,مشكلة في باب الأسانسير,elevator محتاج متابعة في Administration Building - Room 12. People are currently using the building stairs. الموضوع محتاج متابعة بسرعة.,INCIDENT,ELEVATOR,ELEVATOR,MEDIUM,HIGH,Administration Building - Room 12,ar_eg,security_staff,HARD,False,0,,Elevator or lift malfunction
single_00567,SINGLE,Service area issue,Please check the service area at Dormitory A - Floor 2. It needs maintenance. A technician may need to inspect the area.,SERVICE_REQUEST,OTHER,OTHER,MEDIUM,MEDIUM,Dormitory A - Floor 2,en,dorm_resident,MEDIUM,False,0,,Issue does not fit a specific category
single_00568,SINGLE,Issue with classroom,There is a problem with the classroom at Cafeteria. The area has been used throughout the day.,INCIDENT,CLEANING_WASTE,CLEANING_WASTE,LOW,LOW,Cafeteria,en,lecturer,EASY,False,0,,Cleaning or waste management problem
single_00569,SINGLE,مشكلة في waste bin,في مشكلة في waste bin at Dormitory B - Floor 3. The waste bin has not been emptied recently.,INCIDENT,CLEANING_WASTE,CLEANING_WASTE,LOW,MEDIUM,Dormitory B - Floor 3,mixed,student,HARD,False,0,,Cleaning or waste management problem
single_00570,SINGLE,Equipment area issue,I noticed that the equipment area is not functioning normally in Science Building - Chemistry Lab. The problem could not be classified more specifically.,INCIDENT,OTHER,OTHER,MEDIUM,LOW,Science Building - Chemistry Lab,en,dorm_resident,MEDIUM,False,0,,Issue does not fit a specific category
single_00571,SINGLE,Issue with elevator,Please check the elevator at Library - Second Floor. It is out of service. The building has other access routes. The issue needs prompt attention. Several people may be affected.,INCIDENT,ELEVATOR,ELEVATOR,HIGH,HIGH,Library - Second Floor,en,lecturer,HARD,False,0,,Elevator or lift malfunction
single_00572,SINGLE,Student account does not accept the password,The student account does not accept the password at Library - Second Floor. The password is correct but the login keeps failing. The issue needs prompt attention. Several people may be affected.,INCIDENT,OTHER,IT_NETWORK_ACCOUNTS,HIGH,HIGH,Library - Second Floor,en,admin_staff,HARD,False,0,,Network or account access problem
single_00573,SINGLE,Problem with mouse,I noticed that the mouse stopped responding in Science Building - Chemistry Lab The pointer does not move normally.,INCIDENT,AV_CLASSROOM_EQUIPMENT,IT_HARDWARE_PRINTING,LOW,LOW,Science Building - Chemistry Lab,en,lab_assistant,EASY,False,0,,Physical computer or printing equipment issue
single_00574,SINGLE,مشكلة في outdoor light,محتاجين حد يشوف outdoor light في Parking Area. The outdoor area is poorly lit after dark.,INCIDENT,GROUNDS_OUTDOOR,GROUNDS_OUTDOOR,MEDIUM,LOW,Parking Area,ar_eg,security_staff,MEDIUM,False,0,,Outdoor area or grounds maintenance issue
single_00575,SINGLE,مشكلة في باب الأسانسير,محتاجين حد يشوف elevator في Computer Science Building - Lab 3. The building has other access routes. الموضوع محتاج متابعة بسرعة.,INCIDENT,ELEVATOR,ELEVATOR,MEDIUM,HIGH,Computer Science Building - Lab 3,ar_eg,student,HARD,False,0,,Elevator or lift malfunction
single_00576,SINGLE,Student account issue,I noticed that the student account does not accept the password in Science Building - Physics Lab. The password is correct but the login keeps failing. The issue needs prompt attention.,INCIDENT,IT_NETWORK_ACCOUNTS,IT_NETWORK_ACCOUNTS,MEDIUM,HIGH,Science Building - Physics Lab,en,security_staff,MEDIUM,False,0,,Network or account access problem
single_00577,SINGLE,Walkway is blocked,I noticed that the walkway is blocked in Main Entrance. Part of the walkway cannot be used normally. Several people may be affected.,INCIDENT,GROUNDS_OUTDOOR,GROUNDS_OUTDOOR,HIGH,LOW,Main Entrance,en,security_staff,MEDIUM,False,0,,Outdoor area or grounds maintenance issue
single_00578,SINGLE,Shelf needs repair,Please check the shelf at Dormitory A - Floor 2. It needs repair. The shelf is loose and needs maintenance.,INCIDENT,OTHER,FURNITURE_FIXTURES,MEDIUM,LOW,Dormitory A - Floor 2,en,student,EASY,False,0,,Furniture or fixture maintenance problem
single_00579,SINGLE,Faucet issue,The faucet is dripping at Administration Building - Room 12. The leak continues even when the faucet is closed.,INCIDENT,BUILDING_STRUCTURE,PLUMBING_WATER,LOW,LOW,Administration Building - Room 12,en,lecturer,EASY,False,0,,"Water supply, drainage or plumbing problem"
single_00580,SINGLE,Window issue,Please check the window at Computer Science Building - Room 203. It does not close properly. The room is still accessible but the window needs repair.,INCIDENT,BUILDING_STRUCTURE,BUILDING_STRUCTURE,LOW,MEDIUM,Computer Science Building - Room 203,en,lab_assistant,MEDIUM,False,0,,"Building surface, door, window or structural issue"
single_00581,SINGLE,waste bin محتاج تنظيف,في مشكلة في waste bin في Main Lecture Hall. The waste bin has not been emptied recently.,INCIDENT,CLEANING_WASTE,CLEANING_WASTE,MEDIUM,MEDIUM,Main Lecture Hall,ar_eg,dorm_resident,MEDIUM,False,0,,Cleaning or waste management problem
single_00582,SINGLE,Issue with damaged safety sign,There is a problem with the damaged safety sign at Parking Area. The safety information is no longer clearly visible. The issue needs prompt attention. Several people may be affected.,INCIDENT,ELECTRICAL,SAFETY_HAZARD,HIGH,HIGH,Parking Area,en,security_staff,EASY,False,0,,Reported physical safety hazard
single_00583,SINGLE,Issue with garden area,Please check the garden area at Main Entrance. It needs maintenance. The area needs routine grounds maintenance.,SERVICE_REQUEST,GROUNDS_OUTDOOR,GROUNDS_OUTDOOR,LOW,LOW,Main Entrance,en,admin_staff,MEDIUM,False,0,,Outdoor area or grounds maintenance issue
single_00584,SINGLE,Elevator issue,I noticed that the elevator is not moving in Science Building - Physics Lab. People are currently using the building stairs. The issue needs prompt attention. Please check.,INCIDENT,SAFETY_HAZARD,ELEVATOR,MEDIUM,HIGH,Science Building - Physics Lab,en,dorm_resident,MEDIUM,False,0,,Elevator or lift malfunction
single_00585,SINGLE,Issue with elevator door,Please check the elevator door at Computer Science Building - Room 203 It is not opening. The elevator cannot be used normally. Several people may be affected.,INCIDENT,ELEVATOR,ELEVATOR,HIGH,LOW,Computer Science Building - Room 203,en,lecturer,HARD,False,0,,Elevator or lift malfunction
single_00586,SINGLE,Walkway issue,I noticed that the walkway is blocked in Parking Area. Part of the walkway cannot be used normally.,INCIDENT,GROUNDS_OUTDOOR,GROUNDS_OUTDOOR,MEDIUM,MEDIUM,Parking Area,en,lecturer,EASY,False,0,,Outdoor area or grounds maintenance issue
single_00587,SINGLE,مشكلة في the chair,The chair is broken في Administration Building - Room 12. The chair can still be used with difficulty. please check.,INCIDENT,FURNITURE_FIXTURES,FURNITURE_FIXTURES,LOW,MEDIUM,Administration Building - Room 12,mixed,security_staff,EASY,False,0,,Furniture or fixture maintenance problem
single_00588,SINGLE,Problem with smart board,The smart board is not responding في Administration Building - Room 12. The board does not respond when the instructor interacts with it.,INCIDENT,AV_CLASSROOM_EQUIPMENT,AV_CLASSROOM_EQUIPMENT,MEDIUM,MEDIUM,Administration Building - Room 12,mixed,lab_assistant,MEDIUM,False,0,,Classroom audio visual equipment issue
single_00589,SINGLE,Issue with campus network,There is a problem with the campus network at Engineering Building - Lab 2. Other devices in the same area seem to have the same problem. The issue needs prompt attention. Several people may be affected.,INCIDENT,IT_NETWORK_ACCOUNTS,IT_NETWORK_ACCOUNTS,HIGH,HIGH,Engineering Building - Lab 2,en,security_staff,HARD,False,0,,Network or account access problem
single_00590,SINGLE,Damaged safety sign needs attention,There is a problem with the damaged safety sign at Dormitory A - Floor 1. The safety information is no longer clearly visible. The issue needs prompt attention. Several people may be affected.,INCIDENT,SAFETY_HAZARD,SAFETY_HAZARD,HIGH,HIGH,Dormitory A - Floor 1,en,lecturer,MEDIUM,False,0,,Reported physical safety hazard
single_00591,SINGLE,Chair issue,There is a problem with the chair at Library - First Floor. The chair can still be used with difficulty.,INCIDENT,OTHER,FURNITURE_FIXTURES,LOW,LOW,Library - First Floor,en,lab_assistant,EASY,False,0,,Furniture or fixture maintenance problem
single_00592,SINGLE,مشكلة في the table,The table is unstable في Dormitory A - Floor 2. The table does not remain steady during use.,INCIDENT,FURNITURE_FIXTURES,FURNITURE_FIXTURES,LOW,LOW,Dormitory A - Floor 2,mixed,lecturer,EASY,False,0,,Furniture or fixture maintenance problem
single_00593,SINGLE,Wi-fi keeps disconnecting,Please check the Wi-Fi at Science Building - Physics Lab. It keeps disconnecting. The connection drops after a few minutes.,INCIDENT,OTHER,IT_NETWORK_ACCOUNTS,MEDIUM,MEDIUM,Science Building - Physics Lab,en,lab_assistant,HARD,False,0,,Network or account access problem
single_00594,SINGLE,parking area فيه مشكلة,لاحظت إن parking area فيه مشكلة في Main Entrance. The issue affects one outdoor location.,SERVICE_REQUEST,GROUNDS_OUTDOOR,GROUNDS_OUTDOOR,LOW,LOW,Main Entrance,ar_eg,lecturer,MEDIUM,False,0,,Outdoor area or grounds maintenance issue
single_00595,SINGLE,walkway محتاج صيانة,walkway محتاج متابعة في Outdoor Courtyard. Part of the walkway cannot be used normally.,INCIDENT,GROUNDS_OUTDOOR,GROUNDS_OUTDOOR,MEDIUM,MEDIUM,Outdoor Courtyard,ar_eg,lecturer,EASY,False,0,,Outdoor area or grounds maintenance issue
single_00596,SINGLE,Problem with power supply,The problem is with power supply في Main Entrance. The equipment loses power repeatedly. الموضوع محتاج prompt attention. أكتر من شخص ممكن يكون affected.,INCIDENT,ELECTRICAL,ELECTRICAL,HIGH,HIGH,Main Entrance,mixed,admin_staff,EASY,False,0,,Electrical power or lighting problem
single_00597,SINGLE,Usb port needs attention,Please check the USB port at Engineering Building - Lab 2. It does not detect the device. Connected devices are not recognized by the computer.,INCIDENT,IT_HARDWARE_PRINTING,IT_HARDWARE_PRINTING,LOW,LOW,Engineering Building - Lab 2,en,security_staff,MEDIUM,False,0,,Physical computer or printing equipment issue
single_00598,SINGLE,mshkela fe gate,el moshkela fe gate zahret fe Parking Area. aktar men 7ad momken ykoon mota2asser. plz,INCIDENT,GROUNDS_OUTDOOR,GROUNDS_OUTDOOR,HIGH,MEDIUM,Parking Area,arabizi,dorm_resident,MEDIUM,False,0,,Outdoor area or grounds maintenance issue
single_00599,SINGLE,Problem with toilet,The toilet is overflowing at Lecture Hall C. Water is spreading around the bathroom area. Several people may be affected.,INCIDENT,PLUMBING_WATER,PLUMBING_WATER,HIGH,MEDIUM,Lecture Hall C,en,lecturer,MEDIUM,False,0,,"Water supply, drainage or plumbing problem"
single_00600,SINGLE,Problem with service area,Please check the service area at Main Entrance. It needs maintenance. A technician may need to inspect the area.,SERVICE_REQUEST,OTHER,OTHER,LOW,MEDIUM,Main Entrance,en,admin_staff,HARD,False,0,,Issue does not fit a specific category
single_00601,SINGLE,Issue with door handle,The door handle is loose at Lecture Hall B. The handle moves when the door is opened. The issue needs prompt attention. Please check.,INCIDENT,FURNITURE_FIXTURES,FURNITURE_FIXTURES,MEDIUM,HIGH,Lecture Hall B,en,lab_assistant,MEDIUM,False,0,,Furniture or fixture maintenance problem
single_00602,SINGLE,mshkela fe vent,momken 7ad yshoof el vent fe Administration Building - Room 18?,INCIDENT,HVAC_AC,HVAC_AC,MEDIUM,LOW,Administration Building - Room 18,arabizi,lecturer,EASY,False,0,,Air conditioning or ventilation issue
single_00603,SINGLE,3atel fe USB port,feh moshkela fel USB port fe Computer Science Building - Lab 3.,INCIDENT,IT_HARDWARE_PRINTING,IT_HARDWARE_PRINTING,LOW,LOW,Computer Science Building - Lab 3,arabizi,dorm_resident,EASY,False,0,,Physical computer or printing equipment issue
single_00604,SINGLE,مشكلة في VPN,في مشكلة في VPN في Computer Science Building - Lab 3. The VPN connection fails when access to the university network is required. الموضوع محتاج متابعة بسرعة.,INCIDENT,IT_NETWORK_ACCOUNTS,IT_NETWORK_ACCOUNTS,MEDIUM,HIGH,Computer Science Building - Lab 3,ar_eg,dorm_resident,MEDIUM,False,0,,Network or account access problem
single_00605,SINGLE,Issue with wall,There is a problem with the wall at Parking Area. The crack has become more noticeable. The issue needs prompt attention.,INCIDENT,BUILDING_STRUCTURE,BUILDING_STRUCTURE,LOW,HIGH,Parking Area,en,lab_assistant,MEDIUM,False,0,,"Building surface, door, window or structural issue"
single_00606,SINGLE,Room requires inspection,Please check the room at Main Entrance It requires inspection. The reporter could not identify the exact problem. Several people may be affected.,SERVICE_REQUEST,OTHER,OTHER,HIGH,LOW,Main Entrance,en,admin_staff,HARD,False,0,,Issue does not fit a specific category
single_00607,SINGLE,classroom speakers فيه مشكلة,classroom speakers محتاج متابعة في Lecture Hall C. The problem affects audio during the class.,INCIDENT,AV_CLASSROOM_EQUIPMENT,AV_CLASSROOM_EQUIPMENT,MEDIUM,MEDIUM,Lecture Hall C,ar_eg,dorm_resident,MEDIUM,False,0,,Classroom audio visual equipment issue
single_00608,SINGLE,Problem with printer,I noticed that the printer is not printing in Computer Science Building - Lab 1. The printer worked normally earlier today.,INCIDENT,IT_HARDWARE_PRINTING,IT_HARDWARE_PRINTING,MEDIUM,LOW,Computer Science Building - Lab 1,en,dorm_resident,EASY,False,0,,Physical computer or printing equipment issue
single_00609,SINGLE,مشكلة في damaged safety sign,محتاجين حد يشوف the damaged safety sign في Computer Science Building - Lab 1.,INCIDENT,SAFETY_HAZARD,SAFETY_HAZARD,MEDIUM,MEDIUM,Computer Science Building - Lab 1,mixed,lab_assistant,MEDIUM,False,0,,Reported physical safety hazard
single_00610,SINGLE,Issue with window,Please check the window at Lecture Hall C. It does not close properly. The room is still accessible but the window needs repair.,INCIDENT,BUILDING_STRUCTURE,BUILDING_STRUCTURE,MEDIUM,MEDIUM,Lecture Hall C,en,security_staff,HARD,False,0,,"Building surface, door, window or structural issue"
single_00611,SINGLE,عطل في outdoor bench,لاحظت إن outdoor bench فيه مشكلة في Parking Area. The bench needs maintenance before regular use.,INCIDENT,GROUNDS_OUTDOOR,GROUNDS_OUTDOOR,LOW,MEDIUM,Parking Area,ar_eg,lab_assistant,EASY,False,0,,Outdoor area or grounds maintenance issue
single_00612,SINGLE,Floor needs attention,There is a problem with the floor at Dormitory A - Floor 2. The floor needs routine cleaning.,INCIDENT,CLEANING_WASTE,CLEANING_WASTE,LOW,MEDIUM,Dormitory A - Floor 2,en,dorm_resident,EASY,False,0,,Cleaning or waste management problem
single_00613,SINGLE,Table issue,Please check the table at Science Building - Physics Lab It is unstable. The table does not remain steady during use.,INCIDENT,FURNITURE_FIXTURES,FURNITURE_FIXTURES,LOW,LOW,Science Building - Physics Lab,en,lab_assistant,EASY,False,0,,Furniture or fixture maintenance problem
single_00614,SINGLE,toilet بيسرب مية,لاحظت إن toilet فيه مشكلة في Cafeteria. Water is spreading around the bathroom area.,INCIDENT,PLUMBING_WATER,PLUMBING_WATER,LOW,MEDIUM,Cafeteria,ar_eg,dorm_resident,MEDIUM,False,0,,"Water supply, drainage or plumbing problem"
single_00615,SINGLE,Issue with parking area,There is a problem with the parking area at Parking Area. The issue affects one outdoor location.,SERVICE_REQUEST,GROUNDS_OUTDOOR,GROUNDS_OUTDOOR,MEDIUM,MEDIUM,Parking Area,en,security_staff,MEDIUM,False,0,,Outdoor area or grounds maintenance issue
single_00616,SINGLE,Classroom has not been cleaned,There is a problem with the classroom at Main Lecture Hall. The area has been used throughout the day.,INCIDENT,PLUMBING_WATER,CLEANING_WASTE,LOW,MEDIUM,Main Lecture Hall,en,dorm_resident,MEDIUM,False,0,,Cleaning or waste management problem
single_00617,SINGLE,Lift needs attention,There is a problem with the lift at Administration Building - Room 18. The elevator requires immediate technical inspection. The issue needs prompt attention. Several people may be affected.,INCIDENT,ELEVATOR,ELEVATOR,HIGH,HIGH,Administration Building - Room 18,en,admin_staff,MEDIUM,False,0,,Elevator or lift malfunction
single_00618,SINGLE,Problem with gate,The gate is not working في Parking Area. The gate cannot be operated normally.,INCIDENT,GROUNDS_OUTDOOR,GROUNDS_OUTDOOR,MEDIUM,MEDIUM,Parking Area,mixed,lab_assistant,EASY,False,0,,Outdoor area or grounds maintenance issue
single_00619,SINGLE,عطل في campus network,في مشكلة في campus network في Computer Science Building - Room 203. Other devices in the same area seem to have the same problem.,INCIDENT,IT_NETWORK_ACCOUNTS,IT_NETWORK_ACCOUNTS,MEDIUM,MEDIUM,Computer Science Building - Room 203,ar_eg,admin_staff,MEDIUM,False,0,,Network or account access problem
single_00620,SINGLE,Issue with AC unit,There is a problem with the AC unit at Outdoor Courtyard. The noise started during the current session. The issue needs prompt attention. Several people may be affected.,INCIDENT,HVAC_AC,HVAC_AC,HIGH,HIGH,Outdoor Courtyard,en,lab_assistant,MEDIUM,False,0,,Air conditioning or ventilation issue
single_00621,SINGLE,Lecture screen needs attention,Please check the lecture screen at Administration Building - Room 12. It is showing a blank screen. The issue affects the classroom display.,INCIDENT,AV_CLASSROOM_EQUIPMENT,AV_CLASSROOM_EQUIPMENT,MEDIUM,MEDIUM,Administration Building - Room 12,en,dorm_resident,HARD,False,0,,Classroom audio visual equipment issue
single_00622,SINGLE,مشكلة في classroom speakers,The classroom speakers have no sound في Administration Building - Room 18. The problem affects audio during the class.,INCIDENT,ELECTRICAL,AV_CLASSROOM_EQUIPMENT,MEDIUM,MEDIUM,Administration Building - Room 18,mixed,security_staff,MEDIUM,False,0,,Classroom audio visual equipment issue
single_00623,SINGLE,el classroom feh moshkela,feh moshkela fel classroom fe Dormitory A - Floor 2.,INCIDENT,CLEANING_WASTE,CLEANING_WASTE,LOW,LOW,Dormitory A - Floor 2,arabizi,lecturer,HARD,False,0,,Cleaning or waste management problem
single_00624,SINGLE,The gate has an issue,The problem is with gate في Outdoor Courtyard. The gate cannot be operated normally. please check.,INCIDENT,GROUNDS_OUTDOOR,GROUNDS_OUTDOOR,LOW,MEDIUM,Outdoor Courtyard,mixed,dorm_resident,MEDIUM,False,0,,Outdoor area or grounds maintenance issue
single_00625,SINGLE,el water pipe mehtag check,momken 7ad yshoof el water pipe fe Cafeteria?,INCIDENT,PLUMBING_WATER,PLUMBING_WATER,MEDIUM,MEDIUM,Cafeteria,arabizi,lab_assistant,HARD,False,0,,"Water supply, drainage or plumbing problem"
single_00626,SINGLE,room محتاج فحص,محتاجين حد يشوف room في Main Lecture Hall. The reporter could not identify the exact problem. الموضوع محتاج متابعة بسرعة.,SERVICE_REQUEST,OTHER,OTHER,LOW,HIGH,Main Lecture Hall,ar_eg,security_staff,MEDIUM,False,0,,Issue does not fit a specific category
single_00627,SINGLE,floor مش نضيف,لاحظت إن floor فيه مشكلة في Library - First Floor. The floor needs routine cleaning.,INCIDENT,CLEANING_WASTE,CLEANING_WASTE,LOW,LOW,Library - First Floor,ar_eg,student,EASY,False,0,,Cleaning or waste management problem
single_00628,SINGLE,مشكلة في water pipe,water pipe محتاج متابعة في Library - First Floor. The leak becomes worse when the water is used. الموضوع محتاج متابعة بسرعة. أكتر من شخص ممكن يكون متأثر.,INCIDENT,PLUMBING_WATER,PLUMBING_WATER,HIGH,HIGH,Library - First Floor,ar_eg,admin_staff,MEDIUM,False,0,,"Water supply, drainage or plumbing problem"
single_00629,SINGLE,Walkway needs attention,I noticed that the walkway is blocked in Outdoor Courtyard. Part of the walkway cannot be used normally.,INCIDENT,OTHER,GROUNDS_OUTDOOR,LOW,LOW,Outdoor Courtyard,en,security_staff,MEDIUM,False,0,,Outdoor area or grounds maintenance issue
single_00630,SINGLE,water supply بيسرب مية,محتاجين حد يشوف water supply في Dormitory A - Floor 1. The bathroom cannot be used normally. الموضوع محتاج متابعة بسرعة.,INCIDENT,PLUMBING_WATER,PLUMBING_WATER,MEDIUM,HIGH,Dormitory A - Floor 1,ar_eg,lab_assistant,MEDIUM,False,0,,"Water supply, drainage or plumbing problem"
single_00631,SINGLE,display system فيه مشكلة,display system محتاج متابعة في Computer Science Building - Room 203. The classroom display disconnects during use. الموضوع محتاج متابعة بسرعة.,INCIDENT,AV_CLASSROOM_EQUIPMENT,AV_CLASSROOM_EQUIPMENT,MEDIUM,HIGH,Computer Science Building - Room 203,ar_eg,lab_assistant,MEDIUM,False,0,,Classroom audio visual equipment issue
single_00632,SINGLE,مشكلة في bathroom,في مشكلة في bathroom at Dormitory B - Floor 1. Regular cleaning is needed before normal use.,SERVICE_REQUEST,CLEANING_WASTE,CLEANING_WASTE,MEDIUM,MEDIUM,Dormitory B - Floor 1,mixed,lab_assistant,MEDIUM,False,0,,Cleaning or waste management problem
single_00633,SINGLE,wall محتاج تصليح,محتاجين حد يشوف wall في Computer Science Building - Room 203. The crack has become more noticeable. جزء من المكان شكله غير آمن ومحتاج فحص.,INCIDENT,BUILDING_STRUCTURE,BUILDING_STRUCTURE,HIGH,HIGH,Computer Science Building - Room 203,ar_eg,security_staff,MEDIUM,True,0,,"Building surface, door, window or structural issue"
single_00634,SINGLE,scanner فيه مشكلة,محتاجين حد يشوف scanner في Engineering Building - Lab 2. The scanner cannot be used from the connected computer. الموضوع محتاج متابعة بسرعة. أكتر من شخص ممكن يكون متأثر.,INCIDENT,IT_HARDWARE_PRINTING,IT_HARDWARE_PRINTING,HIGH,HIGH,Engineering Building - Lab 2,ar_eg,admin_staff,MEDIUM,False,0,,Physical computer or printing equipment issue
single_00635,SINGLE,Issue with wall,The wall is cracked at Library - Second Floor The crack has become more noticeable. Several people may be affected.,INCIDENT,BUILDING_STRUCTURE,BUILDING_STRUCTURE,HIGH,MEDIUM,Library - Second Floor,en,student,EASY,False,0,,"Building surface, door, window or structural issue"
single_00636,SINGLE,Issue with air conditioner,I noticed that the air conditioner is not cooling in Administration Building - Room 12. The room becomes uncomfortable after some time.,INCIDENT,HVAC_AC,HVAC_AC,MEDIUM,MEDIUM,Administration Building - Room 12,en,security_staff,EASY,False,0,,Air conditioning or ventilation issue
single_00637,SINGLE,مشكلة نظافة في waste bin,waste bin محتاج متابعة في Dormitory A - Floor 1. The waste bin has not been emptied recently. الموضوع محتاج متابعة بسرعة.,INCIDENT,CLEANING_WASTE,CLEANING_WASTE,MEDIUM,HIGH,Dormitory A - Floor 1,ar_eg,dorm_resident,HARD,False,0,,Cleaning or waste management problem
single_00638,SINGLE,Chair needs attention,There is a problem with the chair at Library - First Floor. The chair can still be used with difficulty.,INCIDENT,BUILDING_STRUCTURE,FURNITURE_FIXTURES,LOW,LOW,Library - First Floor,en,dorm_resident,EASY,False,0,,Furniture or fixture maintenance problem
single_00639,SINGLE,عطل في desktop computer,في مشكلة في desktop computer في Engineering Building - Lab 2. The computer restarts while it is being used. ضروري شوية,INCIDENT,IT_HARDWARE_PRINTING,IT_HARDWARE_PRINTING,MEDIUM,MEDIUM,Engineering Building - Lab 2,ar_eg,security_staff,EASY,False,0,,Physical computer or printing equipment issue
single_00640,SINGLE,Issue with classroom,The classroom has not been cleaned at Cafeteria. The area has been used throughout the day.,INCIDENT,OTHER,CLEANING_WASTE,MEDIUM,MEDIUM,Cafeteria,en,dorm_resident,EASY,False,0,,Cleaning or waste management problem
single_00641,SINGLE,Campus network is not connecting,I noticed that the campus network is not connecting in Science Building - Physics Lab. Other devices in the same area seem to have the same problem. Several people may be affected.,INCIDENT,IT_NETWORK_ACCOUNTS,IT_NETWORK_ACCOUNTS,HIGH,MEDIUM,Science Building - Physics Lab,en,admin_staff,HARD,False,0,,Network or account access problem
single_00642,SINGLE,Projector has no signal,The projector has no signal at Computer Science Building - Room 203. Changing the input source did not help. Several people may be affected.,INCIDENT,IT_HARDWARE_PRINTING,AV_CLASSROOM_EQUIPMENT,HIGH,LOW,Computer Science Building - Room 203,en,dorm_resident,HARD,False,0,,Classroom audio visual equipment issue
single_00643,SINGLE,Scanner needs attention,I noticed that the scanner does not detect the device in Engineering Building - Lab 2. The scanner cannot be used from the connected computer.,INCIDENT,IT_HARDWARE_PRINTING,IT_HARDWARE_PRINTING,LOW,MEDIUM,Engineering Building - Lab 2,en,student,HARD,False,0,,Physical computer or printing equipment issue
single_00644,SINGLE,مشكلة محتاجة فحص,محتاجين حد يشوف facility في Administration Building - Room 18. The exact cause is not clear.,INCIDENT,OTHER,OTHER,MEDIUM,MEDIUM,Administration Building - Room 18,ar_eg,student,HARD,False,0,,Issue does not fit a specific category
single_00645,SINGLE,الأسانسير مش شغال,لاحظت إن elevator فيه مشكلة في Library - Second Floor. The building has other access routes.,INCIDENT,ELEVATOR,ELEVATOR,MEDIUM,MEDIUM,Library - Second Floor,ar_eg,lecturer,HARD,False,0,,Elevator or lift malfunction
single_00646,SINGLE,مشكلة في microphone,The microphone has no sound في Lecture Hall B. The microphone is not producing any sound during the current class. please check.,INCIDENT,ELECTRICAL,AV_CLASSROOM_EQUIPMENT,LOW,LOW,Lecture Hall B,mixed,security_staff,HARD,False,0,,Classroom audio visual equipment issue
single_00647,SINGLE,Ceiling needs attention,The ceiling is damaged at Cafeteria. The damage is limited to one area.,INCIDENT,SAFETY_HAZARD,BUILDING_STRUCTURE,LOW,MEDIUM,Cafeteria,en,admin_staff,HARD,False,0,,"Building surface, door, window or structural issue"
single_00648,SINGLE,desk فيه مشكلة,محتاجين حد يشوف desk في Science Building - Chemistry Lab. The desk moves when it is used.,INCIDENT,OTHER,FURNITURE_FIXTURES,MEDIUM,LOW,Science Building - Chemistry Lab,ar_eg,lab_assistant,MEDIUM,False,0,,Furniture or fixture maintenance problem
single_00649,SINGLE,Problem with garden area,The garden area needs maintenance at Parking Area. The area needs routine grounds maintenance.,SERVICE_REQUEST,GROUNDS_OUTDOOR,GROUNDS_OUTDOOR,LOW,LOW,Parking Area,en,lecturer,EASY,False,0,,Outdoor area or grounds maintenance issue
single_00650,SINGLE,mshkela fe network connection,feh moshkela fel network connection fe Library - First Floor.,INCIDENT,IT_NETWORK_ACCOUNTS,IT_NETWORK_ACCOUNTS,MEDIUM,LOW,Library - First Floor,arabizi,dorm_resident,EASY,False,0,,Network or account access problem
single_00651,SINGLE,Exposed wire creates a safety concern,Please check the exposed wire at Lecture Hall B. It creates a safety concern. The exposed wire is accessible in the area. Several people may be affected.,INCIDENT,OTHER,SAFETY_HAZARD,HIGH,MEDIUM,Lecture Hall B,en,security_staff,HARD,False,0,,Reported physical safety hazard
single_00652,SINGLE,Light issue,I noticed that the light is flickering in Parking Area. The light turns off and on repeatedly.,INCIDENT,ELECTRICAL,ELECTRICAL,MEDIUM,MEDIUM,Parking Area,en,dorm_resident,MEDIUM,False,0,,Electrical power or lighting problem
single_00653,SINGLE,el door mehtag check,feh moshkela fel door fe Dormitory B - Floor 3.,INCIDENT,BUILDING_STRUCTURE,BUILDING_STRUCTURE,MEDIUM,LOW,Dormitory B - Floor 3,arabizi,dorm_resident,HARD,False,0,,"Building surface, door, window or structural issue"
single_00654,SINGLE,مشكلة في الأسانسير,لاحظت إن elevator فيه مشكلة في Computer Science Building - Lab 3. The building has other access routes. أكتر من شخص ممكن يكون متأثر.,INCIDENT,ELEVATOR,ELEVATOR,HIGH,MEDIUM,Computer Science Building - Lab 3,ar_eg,security_staff,HARD,False,0,,Elevator or lift malfunction
single_00655,SINGLE,The lift has an issue,محتاجين حد يشوف the lift في Engineering Building - Room 101. الموضوع محتاج prompt attention. please check.,INCIDENT,ELEVATOR,ELEVATOR,MEDIUM,HIGH,Engineering Building - Room 101,mixed,dorm_resident,EASY,False,0,,Elevator or lift malfunction
single_00656,SINGLE,عطل في shelf,shelf محتاج متابعة في Student Affairs Office. The shelf is loose and needs maintenance. أكتر من شخص ممكن يكون متأثر.,INCIDENT,FURNITURE_FIXTURES,FURNITURE_FIXTURES,HIGH,LOW,Student Affairs Office,ar_eg,lab_assistant,MEDIUM,False,0,,Furniture or fixture maintenance problem
single_00657,SINGLE,Room issue,The room requires inspection at Administration Building - Room 12. The reporter could not identify the exact problem. Several people may be affected.,SERVICE_REQUEST,OTHER,OTHER,HIGH,LOW,Administration Building - Room 12,en,security_staff,MEDIUM,False,0,,Issue does not fit a specific category
single_00658,SINGLE,Room requires inspection,The room requires inspection at Science Building - Physics Lab. The reporter could not identify the exact problem. Please check.,SERVICE_REQUEST,OTHER,OTHER,LOW,MEDIUM,Science Building - Physics Lab,en,student,HARD,False,0,,Issue does not fit a specific category
single_00659,SINGLE,The door handle has an issue,The door handle is loose في Science Building - Physics Lab. The handle moves when the door is opened.,INCIDENT,FURNITURE_FIXTURES,FURNITURE_FIXTURES,MEDIUM,LOW,Science Building - Physics Lab,mixed,admin_staff,HARD,False,0,,Furniture or fixture maintenance problem
single_00660,SINGLE,Problem with classroom,The classroom has not been cleaned في Dormitory B - Floor 1. The area has been used throughout the day.,INCIDENT,CLEANING_WASTE,CLEANING_WASTE,LOW,LOW,Dormitory B - Floor 1,mixed,student,EASY,False,0,,Cleaning or waste management problem
single_00661,SINGLE,Garden area needs maintenance,The garden area needs maintenance at Parking Area. The area needs routine grounds maintenance.,SERVICE_REQUEST,GROUNDS_OUTDOOR,GROUNDS_OUTDOOR,MEDIUM,LOW,Parking Area,en,student,EASY,False,0,,Outdoor area or grounds maintenance issue
single_00662,SINGLE,مشكلة في the toilet,محتاجين حد يشوف the toilet في Dormitory B - Floor 3. أكتر من شخص ممكن يكون affected.,INCIDENT,PLUMBING_WATER,PLUMBING_WATER,HIGH,MEDIUM,Dormitory B - Floor 3,mixed,lecturer,MEDIUM,False,0,,"Water supply, drainage or plumbing problem"
single_00663,SINGLE,Elevator is not moving,I noticed that the elevator is not moving in Computer Science Building - Room 203. People are currently using the building stairs. The issue needs prompt attention. Several people may be affected.,INCIDENT,ELEVATOR,ELEVATOR,HIGH,HIGH,Computer Science Building - Room 203,en,lecturer,HARD,False,0,,Elevator or lift malfunction
single_00664,SINGLE,مشكلة في lecture screen,في مشكلة في lecture screen في Lecture Hall B. The issue affects the classroom display. ضروري شوية,INCIDENT,AV_CLASSROOM_EQUIPMENT,AV_CLASSROOM_EQUIPMENT,MEDIUM,MEDIUM,Lecture Hall B,ar_eg,security_staff,HARD,False,0,,Classroom audio visual equipment issue
single_00665,SINGLE,Elevator door issue,There is a problem with the elevator door at Computer Science Building - Lab 1. The elevator cannot be used normally. Several people may be affected.,INCIDENT,ELEVATOR,ELEVATOR,HIGH,MEDIUM,Computer Science Building - Lab 1,en,lecturer,HARD,False,0,,Elevator or lift malfunction
single_00666,SINGLE,common area محتاج تنظيف,لاحظت إن common area فيه مشكلة في Library - First Floor. The odor was noticed recently in the area. الموضوع محتاج متابعة بسرعة. أكتر من شخص ممكن يكون متأثر.,INCIDENT,CLEANING_WASTE,CLEANING_WASTE,HIGH,HIGH,Library - First Floor,ar_eg,security_staff,MEDIUM,False,0,,Cleaning or waste management problem
single_00667,SINGLE,Air conditioning system issue,There is a problem with the air conditioning system at Parking Area. The room is not cooling normally.,INCIDENT,HVAC_AC,HVAC_AC,MEDIUM,LOW,Parking Area,en,security_staff,MEDIUM,False,0,,Air conditioning or ventilation issue
single_00668,SINGLE,Display system needs attention,I noticed that the display system keeps disconnecting in Administration Building - Room 12. The classroom display disconnects during use.,INCIDENT,AV_CLASSROOM_EQUIPMENT,AV_CLASSROOM_EQUIPMENT,LOW,MEDIUM,Administration Building - Room 12,en,student,HARD,False,0,,Classroom audio visual equipment issue
single_00669,SINGLE,Problem with walkway,The walkway is blocked في Main Entrance. Part of the walkway cannot be used normally.,INCIDENT,GROUNDS_OUTDOOR,GROUNDS_OUTDOOR,LOW,MEDIUM,Main Entrance,mixed,lab_assistant,MEDIUM,False,0,,Outdoor area or grounds maintenance issue
single_00670,SINGLE,Bathroom issue,I noticed that the bathroom needs cleaning in Library - First Floor. Regular cleaning is needed before normal use.,SERVICE_REQUEST,CLEANING_WASTE,CLEANING_WASTE,MEDIUM,MEDIUM,Library - First Floor,en,admin_staff,EASY,False,0,,Cleaning or waste management problem
single_00671,SINGLE,drain بيسرب مية,drain محتاج متابعة في Engineering Building - Room 101. Water is draining very slowly.,INCIDENT,PLUMBING_WATER,PLUMBING_WATER,LOW,MEDIUM,Engineering Building - Room 101,ar_eg,lecturer,HARD,False,0,,"Water supply, drainage or plumbing problem"
single_00672,SINGLE,Issue with keyboard,The keyboard is not working at Computer Science Building - Room 203 Several keys do not respond when pressed.,INCIDENT,OTHER,IT_HARDWARE_PRINTING,LOW,MEDIUM,Computer Science Building - Room 203,en,admin_staff,EASY,False,0,,Physical computer or printing equipment issue
single_00673,SINGLE,Problem with projector,في مشكلة في projector at Lecture Hall C. The instructor needs the equipment for the current class. أكتر من شخص ممكن يكون affected.,INCIDENT,AV_CLASSROOM_EQUIPMENT,AV_CLASSROOM_EQUIPMENT,HIGH,MEDIUM,Lecture Hall C,mixed,admin_staff,HARD,False,0,,Classroom audio visual equipment issue
single_00674,SINGLE,Problem with drain,محتاجين حد يشوف the drain في Computer Science Building - Lab 1.,INCIDENT,BUILDING_STRUCTURE,PLUMBING_WATER,MEDIUM,MEDIUM,Computer Science Building - Lab 1,mixed,admin_staff,EASY,False,0,,"Water supply, drainage or plumbing problem"
single_00675,SINGLE,Lift issue,There is a problem with the lift at Administration Building - Room 18. The elevator requires immediate technical inspection. Several people may be affected.,INCIDENT,ELEVATOR,ELEVATOR,HIGH,MEDIUM,Administration Building - Room 18,en,security_staff,HARD,False,0,,Elevator or lift malfunction
single_00676,SINGLE,عطل في window,لاحظت إن window فيه مشكلة في Dormitory B - Floor 1. The room is still accessible but the window needs repair.,INCIDENT,BUILDING_STRUCTURE,BUILDING_STRUCTURE,MEDIUM,MEDIUM,Dormitory B - Floor 1,ar_eg,dorm_resident,MEDIUM,False,0,,"Building surface, door, window or structural issue"
single_00677,SINGLE,Issue with toilet,There is a problem with the toilet at Library - First Floor. Water is spreading around the bathroom area. Several people may be affected.,INCIDENT,PLUMBING_WATER,PLUMBING_WATER,HIGH,MEDIUM,Library - First Floor,en,admin_staff,HARD,False,0,,"Water supply, drainage or plumbing problem"
single_00678,SINGLE,Vpn issue,Please check the VPN at Science Building - Physics Lab. It is not connecting. The VPN connection fails when access to the university network is required. Please check.,INCIDENT,IT_NETWORK_ACCOUNTS,IT_NETWORK_ACCOUNTS,MEDIUM,MEDIUM,Science Building - Physics Lab,en,lab_assistant,MEDIUM,False,0,,Network or account access problem
single_00679,SINGLE,Problem with ceiling panel,The ceiling panel is loose at Dormitory A - Floor 1 The panel needs to be inspected before it becomes unsafe. Several people may be affected.,INCIDENT,BUILDING_STRUCTURE,BUILDING_STRUCTURE,HIGH,MEDIUM,Dormitory A - Floor 1,en,admin_staff,HARD,False,0,,"Building surface, door, window or structural issue"
single_00680,SINGLE,Ac unit issue,I noticed that the AC unit is making a strange noise in Library - Second Floor. The noise started during the current session.,INCIDENT,HVAC_AC,HVAC_AC,MEDIUM,MEDIUM,Library - Second Floor,en,admin_staff,MEDIUM,False,0,,Air conditioning or ventilation issue
single_00681,SINGLE,3atel fe display system,el moshkela fe display system zahret fe Engineering Building - Room 101.,INCIDENT,AV_CLASSROOM_EQUIPMENT,AV_CLASSROOM_EQUIPMENT,MEDIUM,MEDIUM,Engineering Building - Room 101,arabizi,admin_staff,MEDIUM,False,0,,Classroom audio visual equipment issue
single_00682,SINGLE,مشكلة في elevator,محتاجين حد يشوف the elevator في Dormitory A - Floor 1. الموضوع محتاج prompt attention. أكتر من شخص ممكن يكون affected.,INCIDENT,ELEVATOR,ELEVATOR,HIGH,HIGH,Dormitory A - Floor 1,mixed,lecturer,HARD,False,0,,Elevator or lift malfunction
single_00683,SINGLE,مشكلة في the elevator panel,في مشكلة في elevator panel at Administration Building - Room 12. The elevator controls are not working normally. الموضوع محتاج prompt attention.,INCIDENT,ELEVATOR,ELEVATOR,MEDIUM,HIGH,Administration Building - Room 12,mixed,student,MEDIUM,False,0,,Elevator or lift malfunction
single_00684,SINGLE,Corridor issue,There is a problem with the corridor at Library - First Floor. The corridor needs its regular cleaning service.,INCIDENT,CLEANING_WASTE,CLEANING_WASTE,LOW,MEDIUM,Library - First Floor,en,dorm_resident,EASY,False,0,,Cleaning or waste management problem
single_00685,SINGLE,مشكلة في cabinet,لاحظت إن cabinet فيه مشكلة في Main Lecture Hall. The cabinet door remains partially open.,INCIDENT,FURNITURE_FIXTURES,FURNITURE_FIXTURES,LOW,LOW,Main Lecture Hall,ar_eg,admin_staff,EASY,False,0,,Furniture or fixture maintenance problem
single_00686,SINGLE,عطل في thermostat,لاحظت إن thermostat فيه مشكلة في Lecture Hall C. The temperature cannot be adjusted normally.,INCIDENT,HVAC_AC,HVAC_AC,LOW,MEDIUM,Lecture Hall C,ar_eg,lab_assistant,HARD,False,0,,Air conditioning or ventilation issue
single_00687,SINGLE,عطل في air conditioning system,في مشكلة في air conditioning system في Computer Science Building - Room 203. The room is not cooling normally.,INCIDENT,HVAC_AC,HVAC_AC,MEDIUM,MEDIUM,Computer Science Building - Room 203,ar_eg,lecturer,MEDIUM,False,0,,Air conditioning or ventilation issue
single_00688,SINGLE,mshkela fe scanner,el scanner does not detect the device fe Library - Second Floor. The scanner cannot be used from the connected computer.,INCIDENT,IT_HARDWARE_PRINTING,IT_HARDWARE_PRINTING,MEDIUM,MEDIUM,Library - Second Floor,arabizi,dorm_resident,HARD,False,0,,Physical computer or printing equipment issue
single_00689,SINGLE,Problem with chair,I noticed that the chair is broken in Engineering Building - Lab 4. The chair can still be used with difficulty.,INCIDENT,BUILDING_STRUCTURE,FURNITURE_FIXTURES,MEDIUM,LOW,Engineering Building - Lab 4,en,dorm_resident,MEDIUM,False,0,,Furniture or fixture maintenance problem
single_00690,SINGLE,garden area فيه مشكلة,لاحظت إن garden area فيه مشكلة في Main Entrance. The area needs routine grounds maintenance. لو سمحت.,SERVICE_REQUEST,GROUNDS_OUTDOOR,GROUNDS_OUTDOOR,LOW,LOW,Main Entrance,ar_eg,security_staff,EASY,False,0,,Outdoor area or grounds maintenance issue
single_00691,SINGLE,Issue with display system,The display system keeps disconnecting at Main Lecture Hall. The classroom display disconnects during use.,INCIDENT,ELECTRICAL,AV_CLASSROOM_EQUIPMENT,MEDIUM,LOW,Main Lecture Hall,en,security_staff,EASY,False,0,,Classroom audio visual equipment issue
single_00692,SINGLE,toilet بيسرب مية,toilet محتاج متابعة في Lecture Hall C. Water is spreading around the bathroom area. أكتر من شخص ممكن يكون متأثر.,INCIDENT,CLEANING_WASTE,PLUMBING_WATER,HIGH,MEDIUM,Lecture Hall C,ar_eg,admin_staff,MEDIUM,False,0,,"Water supply, drainage or plumbing problem"
single_00693,SINGLE,Damaged safety sign needs attention,There is a problem with the damaged safety sign at Science Building - Physics Lab. The safety information is no longer clearly visible. Several people may be affected.,INCIDENT,SAFETY_HAZARD,SAFETY_HAZARD,HIGH,MEDIUM,Science Building - Physics Lab,en,student,EASY,False,0,,Reported physical safety hazard
single_00694,SINGLE,مشكلة في keyboard,محتاجين حد يشوف keyboard في Engineering Building - Lab 4. Several keys do not respond when pressed.,INCIDENT,IT_HARDWARE_PRINTING,IT_HARDWARE_PRINTING,LOW,LOW,Engineering Building - Lab 4,ar_eg,security_staff,EASY,False,0,,Physical computer or printing equipment issue
single_00695,SINGLE,Microphone issue,Please check the microphone at Administration Building - Room 12. It has no sound. The microphone is not producing any sound during the current class. The issue needs prompt attention. Several people may be affected.,INCIDENT,AV_CLASSROOM_EQUIPMENT,AV_CLASSROOM_EQUIPMENT,HIGH,HIGH,Administration Building - Room 12,en,dorm_resident,MEDIUM,False,0,,Classroom audio visual equipment issue
single_00696,SINGLE,Table is unstable,The table is unstable at Main Entrance. The table does not remain steady during use.,INCIDENT,FURNITURE_FIXTURES,FURNITURE_FIXTURES,MEDIUM,LOW,Main Entrance,en,admin_staff,EASY,False,0,,Furniture or fixture maintenance problem
single_00697,SINGLE,مشكلة في wall socket,wall socket محتاج متابعة في Computer Science Building - Lab 3. Other sockets in the room still have power. أكتر من شخص ممكن يكون متأثر.,INCIDENT,ELECTRICAL,ELECTRICAL,HIGH,MEDIUM,Computer Science Building - Lab 3,ar_eg,lecturer,MEDIUM,False,0,,Electrical power or lighting problem
single_00698,SINGLE,Problem with obstruction,The obstruction is blocking part of the area في Science Building - Chemistry Lab. The obstruction reduces the usable path. الموضوع محتاج prompt attention. أكتر من شخص ممكن يكون affected.,INCIDENT,OTHER,SAFETY_HAZARD,HIGH,HIGH,Science Building - Chemistry Lab,mixed,lecturer,MEDIUM,False,0,,Reported physical safety hazard
single_00699,SINGLE,Issue with water pipe,The water pipe is leaking at Science Building - Physics Lab. The leak becomes worse when the water is used. Several people may be affected.,INCIDENT,PLUMBING_WATER,PLUMBING_WATER,HIGH,MEDIUM,Science Building - Physics Lab,en,lecturer,HARD,False,0,,"Water supply, drainage or plumbing problem"
single_00700,SINGLE,مشكلة في the vent,The vent is not working في Main Entrance. Airflow from the vent is not normal.,INCIDENT,HVAC_AC,HVAC_AC,LOW,MEDIUM,Main Entrance,mixed,student,MEDIUM,False,0,,Air conditioning or ventilation issue
single_00701,SINGLE,AC unit فيه مشكلة,محتاجين حد يشوف AC unit في Student Affairs Office. The noise started during the current session.,INCIDENT,HVAC_AC,HVAC_AC,MEDIUM,LOW,Student Affairs Office,ar_eg,lab_assistant,HARD,False,0,,Air conditioning or ventilation issue
single_00702,SINGLE,chair فيه مشكلة,في مشكلة في chair في Main Entrance. The chair can still be used with difficulty. لو سمحت.,INCIDENT,FURNITURE_FIXTURES,FURNITURE_FIXTURES,LOW,LOW,Main Entrance,ar_eg,student,EASY,False,0,,Furniture or fixture maintenance problem
single_00703,SINGLE,Electrical switch is not working,There is a problem with the electrical switch at Dormitory A - Floor 2. The switch does not control the connected light.,INCIDENT,OTHER,ELECTRICAL,MEDIUM,LOW,Dormitory A - Floor 2,en,dorm_resident,MEDIUM,False,0,,Electrical power or lighting problem
single_00704,SINGLE,Outdoor bench is damaged,There is a problem with the outdoor bench at Parking Area. The bench needs maintenance before regular use. Please check.,INCIDENT,GROUNDS_OUTDOOR,GROUNDS_OUTDOOR,MEDIUM,MEDIUM,Parking Area,en,dorm_resident,EASY,False,0,,Outdoor area or grounds maintenance issue
single_00705,SINGLE,Lift stopped between floors,There is a problem with the lift at Engineering Building - Room 101. The elevator requires immediate technical inspection. The issue needs prompt attention.,INCIDENT,ELEVATOR,ELEVATOR,MEDIUM,HIGH,Engineering Building - Room 101,en,security_staff,HARD,False,0,,Elevator or lift malfunction
single_00706,SINGLE,Problem with door handle,في مشكلة في door handle at Library - Second Floor. The handle moves when the door is opened. الموضوع محتاج prompt attention. أكتر من شخص ممكن يكون affected.,INCIDENT,FURNITURE_FIXTURES,FURNITURE_FIXTURES,HIGH,HIGH,Library - Second Floor,mixed,lab_assistant,HARD,False,0,,Furniture or fixture maintenance problem
single_00707,SINGLE,el elevator panel mehtag check,momken 7ad yshoof el elevator panel fe Administration Building - Room 12? el mawdoo3 mehtag check بسرعة.,INCIDENT,ELEVATOR,ELEVATOR,MEDIUM,HIGH,Administration Building - Room 12,arabizi,admin_staff,MEDIUM,False,0,,Elevator or lift malfunction
single_00708,SINGLE,مشكلة في the ceiling light,The problem is with ceiling light في Main Entrance. The room is less visible because the light is not working.,INCIDENT,OTHER,ELECTRICAL,MEDIUM,MEDIUM,Main Entrance,mixed,student,EASY,False,0,,Electrical power or lighting problem
single_00709,SINGLE,Smoke needs attention,I noticed that the smoke creates a safety concern in Computer Science Building - Lab 1. The source of the smoke is not clear. The issue needs prompt attention. Several people may be affected.,INCIDENT,SAFETY_HAZARD,SAFETY_HAZARD,HIGH,HIGH,Computer Science Building - Lab 1,en,dorm_resident,MEDIUM,False,0,,Reported physical safety hazard
single_00710,SINGLE,Usb port issue,Please check the USB port at Science Building - Physics Lab. It does not detect the device. Connected devices are not recognized by the computer.,INCIDENT,IT_HARDWARE_PRINTING,IT_HARDWARE_PRINTING,LOW,LOW,Science Building - Physics Lab,en,lecturer,MEDIUM,False,0,,Physical computer or printing equipment issue
single_00711,SINGLE,Issue with wall socket,I noticed that the wall socket has no power in Lecture Hall C. Other sockets in the room still have power. Several people may be affected.,INCIDENT,ELECTRICAL,ELECTRICAL,HIGH,LOW,Lecture Hall C,en,lab_assistant,HARD,False,0,,Electrical power or lighting problem
single_00712,SINGLE,Problem with equipment area,There is a problem with the equipment area at Dormitory B - Floor 3. The problem could not be classified more specifically. The issue needs prompt attention.,INCIDENT,OTHER,OTHER,MEDIUM,HIGH,Dormitory B - Floor 3,en,admin_staff,MEDIUM,False,0,,Issue does not fit a specific category
single_00713,SINGLE,Toilet is overflowing,The toilet is overflowing at Computer Science Building - Lab 1. Water is spreading around the bathroom area. The issue needs prompt attention. Several people may be affected.,INCIDENT,PLUMBING_WATER,PLUMBING_WATER,HIGH,HIGH,Computer Science Building - Lab 1,en,admin_staff,MEDIUM,False,0,,"Water supply, drainage or plumbing problem"
single_00714,SINGLE,مشكلة في parking area,parking area محتاج متابعة في Outdoor Courtyard. The issue affects one outdoor location.,SERVICE_REQUEST,GROUNDS_OUTDOOR,GROUNDS_OUTDOOR,LOW,LOW,Outdoor Courtyard,ar_eg,lab_assistant,MEDIUM,False,0,,Outdoor area or grounds maintenance issue
single_00715,SINGLE,Laptop issue,The laptop is very slow at Science Building - Chemistry Lab. Applications take a long time to respond.,INCIDENT,IT_HARDWARE_PRINTING,IT_HARDWARE_PRINTING,MEDIUM,LOW,Science Building - Chemistry Lab,en,admin_staff,EASY,False,0,,Physical computer or printing equipment issue
single_00716,SINGLE,desk محتاج تصليح,محتاجين حد يشوف desk في Cafeteria. The desk moves when it is used.,INCIDENT,FURNITURE_FIXTURES,FURNITURE_FIXTURES,MEDIUM,LOW,Cafeteria,ar_eg,admin_staff,MEDIUM,False,0,,Furniture or fixture maintenance problem
single_00717,SINGLE,Issue with slippery floor,Please check the slippery floor at Engineering Building - Room 101. It creates a safety concern. People are still using the area.,INCIDENT,SAFETY_HAZARD,SAFETY_HAZARD,MEDIUM,LOW,Engineering Building - Room 101,en,lecturer,HARD,False,0,,Reported physical safety hazard
single_00718,SINGLE,عطل في keyboard,محتاجين حد يشوف keyboard في Computer Science Building - Lab 3. Several keys do not respond when pressed.,INCIDENT,IT_HARDWARE_PRINTING,IT_HARDWARE_PRINTING,LOW,MEDIUM,Computer Science Building - Lab 3,ar_eg,lab_assistant,EASY,False,0,,Physical computer or printing equipment issue
single_00719,SINGLE,The facility has an issue,The facility has an unusual issue في Library - First Floor. The exact cause is not clear. أكتر من شخص ممكن يكون affected.,INCIDENT,CLEANING_WASTE,OTHER,HIGH,MEDIUM,Library - First Floor,mixed,lecturer,MEDIUM,False,0,,Issue does not fit a specific category
single_00720,SINGLE,Problem with door,I noticed that the door is damaged in Cafeteria. The damage was noticed today.,INCIDENT,BUILDING_STRUCTURE,BUILDING_STRUCTURE,MEDIUM,MEDIUM,Cafeteria,en,lab_assistant,MEDIUM,False,0,,"Building surface, door, window or structural issue"
single_00721,SINGLE,projector مش شغال,محتاجين حد يشوف projector في Computer Science Building - Room 203. Changing the input source did not help. أكتر من شخص ممكن يكون متأثر.,INCIDENT,AV_CLASSROOM_EQUIPMENT,AV_CLASSROOM_EQUIPMENT,HIGH,MEDIUM,Computer Science Building - Room 203,ar_eg,lecturer,HARD,False,0,,Classroom audio visual equipment issue
single_00722,SINGLE,Door handle is loose,There is a problem with the door handle at Library - Second Floor. The handle moves when the door is opened. Several people may be affected. Please check.,INCIDENT,FURNITURE_FIXTURES,FURNITURE_FIXTURES,HIGH,MEDIUM,Library - Second Floor,en,student,HARD,False,0,,Furniture or fixture maintenance problem
single_00723,SINGLE,Power supply keeps turning off,The power supply keeps turning off at Outdoor Courtyard. The equipment loses power repeatedly. The issue needs prompt attention.,INCIDENT,ELECTRICAL,ELECTRICAL,MEDIUM,HIGH,Outdoor Courtyard,en,admin_staff,EASY,False,0,,Electrical power or lighting problem
single_00724,SINGLE,Service area issue,There is a problem with the service area at Dormitory B - Floor 3. A technician may need to inspect the area.,SERVICE_REQUEST,OTHER,OTHER,LOW,MEDIUM,Dormitory B - Floor 3,en,admin_staff,MEDIUM,False,0,,Issue does not fit a specific category
single_00725,SINGLE,air conditioning system مش شغال,في مشكلة في air conditioning system في Computer Science Building - Room 203. The room is not cooling normally.,INCIDENT,ELECTRICAL,HVAC_AC,MEDIUM,LOW,Computer Science Building - Room 203,ar_eg,admin_staff,HARD,False,0,,Air conditioning or ventilation issue
single_00726,SINGLE,Problem with common area,The common area has a strong odor at Cafeteria. The odor was noticed recently in the area.,INCIDENT,OTHER,CLEANING_WASTE,MEDIUM,MEDIUM,Cafeteria,en,lab_assistant,MEDIUM,False,0,,Cleaning or waste management problem
single_00727,SINGLE,Issue with AC unit,Please check the AC unit at Main Lecture Hall. It is leaking water. Water is appearing below the unit.,INCIDENT,HVAC_AC,HVAC_AC,MEDIUM,LOW,Main Lecture Hall,en,dorm_resident,MEDIUM,False,0,,Air conditioning or ventilation issue
single_00728,SINGLE,Equipment area issue,I noticed that the equipment area is not functioning normally in Parking Area. The problem could not be classified more specifically.,INCIDENT,OTHER,OTHER,LOW,LOW,Parking Area,en,dorm_resident,EASY,False,0,,Issue does not fit a specific category
single_00729,SINGLE,مشكلة في common area,محتاجين حد يشوف the common area في Lecture Hall C. الموضوع محتاج prompt attention.,INCIDENT,OTHER,CLEANING_WASTE,MEDIUM,HIGH,Lecture Hall C,mixed,student,MEDIUM,False,0,,Cleaning or waste management problem
single_00730,SINGLE,wall محتاج تصليح,محتاجين حد يشوف wall في Parking Area. The crack has become more noticeable.,INCIDENT,BUILDING_STRUCTURE,BUILDING_STRUCTURE,MEDIUM,MEDIUM,Parking Area,ar_eg,dorm_resident,HARD,False,0,,"Building surface, door, window or structural issue"
single_00731,SINGLE,Issue with service area,The service area needs maintenance at Computer Science Building - Room 203. A technician may need to inspect the area.,SERVICE_REQUEST,OTHER,OTHER,MEDIUM,LOW,Computer Science Building - Room 203,en,dorm_resident,MEDIUM,False,0,,Issue does not fit a specific category
single_00732,SINGLE,مشكلة في the thermostat,محتاجين حد يشوف the thermostat في Main Lecture Hall.,INCIDENT,HVAC_AC,HVAC_AC,MEDIUM,MEDIUM,Main Lecture Hall,mixed,dorm_resident,MEDIUM,False,0,,Air conditioning or ventilation issue
single_00733,SINGLE,Ceiling light issue,I noticed that the ceiling light stopped working in Dormitory B - Floor 1. The room is less visible because the light is not working. The issue needs prompt attention. Several people may be affected.,INCIDENT,ELECTRICAL,ELECTRICAL,HIGH,HIGH,Dormitory B - Floor 1,en,dorm_resident,EASY,False,0,,Electrical power or lighting problem
single_00734,SINGLE,chair فيه مشكلة,لاحظت إن chair فيه مشكلة في Lecture Hall C. The chair can still be used with difficulty.,INCIDENT,FURNITURE_FIXTURES,FURNITURE_FIXTURES,LOW,LOW,Lecture Hall C,ar_eg,lecturer,EASY,False,0,,Furniture or fixture maintenance problem
single_00735,SINGLE,مشكلة في باب الأسانسير,elevator محتاج متابعة في Administration Building - Room 12. People are currently using the building stairs. الموضوع محتاج متابعة بسرعة. أكتر من شخص ممكن يكون متأثر.,INCIDENT,SAFETY_HAZARD,ELEVATOR,HIGH,HIGH,Administration Building - Room 12,ar_eg,lab_assistant,HARD,False,0,,Elevator or lift malfunction
single_00736,SINGLE,Water supply issue,Please check the water supply at Dormitory B - Floor 3. It has no water. The bathroom cannot be used normally.,INCIDENT,PLUMBING_WATER,PLUMBING_WATER,LOW,LOW,Dormitory B - Floor 3,en,student,MEDIUM,False,0,,"Water supply, drainage or plumbing problem"
single_00737,SINGLE,Problem with power supply,The power supply keeps turning off at Computer Science Building - Lab 1. The equipment loses power repeatedly. The issue needs prompt attention.,INCIDENT,ELECTRICAL,ELECTRICAL,LOW,HIGH,Computer Science Building - Lab 1,en,admin_staff,MEDIUM,False,0,,Electrical power or lighting problem
single_00738,SINGLE,Issue with equipment area,There is a problem with the equipment area at Engineering Building - Room 101. The problem could not be classified more specifically.,INCIDENT,OTHER,OTHER,MEDIUM,MEDIUM,Engineering Building - Room 101,en,lecturer,MEDIUM,False,0,,Issue does not fit a specific category
single_00739,SINGLE,Problem with shelf,There is a problem with the shelf at Parking Area. The shelf is loose and needs maintenance.,INCIDENT,FURNITURE_FIXTURES,FURNITURE_FIXTURES,MEDIUM,MEDIUM,Parking Area,en,lecturer,EASY,False,0,,Furniture or fixture maintenance problem
single_00740,SINGLE,مشكلة في the elevator,The problem is with elevator في Computer Science Building - Lab 3. People are currently using the building stairs.,INCIDENT,ELEVATOR,ELEVATOR,MEDIUM,MEDIUM,Computer Science Building - Lab 3,mixed,lab_assistant,HARD,False,0,,Elevator or lift malfunction
single_00741,SINGLE,Problem with power supply,Please check the power supply at Sports Building. It keeps turning off. The equipment loses power repeatedly. Several people may be affected.,INCIDENT,ELECTRICAL,ELECTRICAL,HIGH,MEDIUM,Sports Building,en,admin_staff,MEDIUM,False,0,,Electrical power or lighting problem
single_00742,SINGLE,desk فيه مشكلة,desk محتاج متابعة في Computer Science Building - Lab 3. The desk moves when it is used. الموضوع محتاج متابعة بسرعة.,INCIDENT,FURNITURE_FIXTURES,FURNITURE_FIXTURES,LOW,HIGH,Computer Science Building - Lab 3,ar_eg,lab_assistant,EASY,False,0,,Furniture or fixture maintenance problem
single_00743,SINGLE,مشكلة سلامة في slippery floor,slippery floor محتاج متابعة في Library - Second Floor. People are still using the area. الموضوع محتاج متابعة بسرعة. أكتر من شخص ممكن يكون متأثر.,INCIDENT,OTHER,SAFETY_HAZARD,HIGH,HIGH,Library - Second Floor,ar_eg,lab_assistant,MEDIUM,False,0,,Reported physical safety hazard
single_00744,SINGLE,Obstruction needs attention,I noticed that the obstruction is blocking part of the area in Computer Science Building - Room 203. The obstruction reduces the usable path. The issue needs prompt attention. Please check.,INCIDENT,SAFETY_HAZARD,SAFETY_HAZARD,MEDIUM,HIGH,Computer Science Building - Room 203,en,student,HARD,False,0,,Reported physical safety hazard
single_00745,SINGLE,el elevator panel mehtag check,momken 7ad yshoof el elevator panel fe Computer Science Building - Lab 3? aktar men 7ad momken ykoon mota2asser.,INCIDENT,BUILDING_STRUCTURE,ELEVATOR,HIGH,MEDIUM,Computer Science Building - Lab 3,arabizi,security_staff,HARD,False,0,,Elevator or lift malfunction
single_00746,SINGLE,Laptop needs attention,Please check the laptop at Library - Second Floor. It is very slow. Applications take a long time to respond. Please check.,INCIDENT,IT_HARDWARE_PRINTING,IT_HARDWARE_PRINTING,LOW,LOW,Library - Second Floor,en,lab_assistant,EASY,False,0,,Physical computer or printing equipment issue
single_00747,SINGLE,الأسانسير مش شغال,في مشكلة في elevator في Computer Science Building - Room 203. People are currently using the building stairs. الموضوع محتاج متابعة بسرعة.,INCIDENT,ELEVATOR,ELEVATOR,MEDIUM,HIGH,Computer Science Building - Room 203,ar_eg,dorm_resident,HARD,False,0,,Elevator or lift malfunction
single_00748,SINGLE,Facility has an unusual issue,There is a problem with the facility at Library - First Floor. The exact cause is not clear. The issue needs prompt attention. Several people may be affected.,SERVICE_REQUEST,OTHER,OTHER,HIGH,HIGH,Library - First Floor,en,security_staff,EASY,False,0,,Issue does not fit a specific category
single_00749,SINGLE,Common area needs attention,Please check the common area at Lecture Hall C. It has a strong odor. The odor was noticed recently in the area. The issue needs prompt attention. Several people may be affected.,INCIDENT,CLEANING_WASTE,CLEANING_WASTE,HIGH,HIGH,Lecture Hall C,en,security_staff,MEDIUM,False,0,,Cleaning or waste management problem
single_00750,SINGLE,mshkela fe bathroom,el bathroom needs cleaning fe Library - Second Floor. Regular cleaning is needed before normal use.,SERVICE_REQUEST,CLEANING_WASTE,CLEANING_WASTE,MEDIUM,MEDIUM,Library - Second Floor,arabizi,dorm_resident,MEDIUM,False,0,,Cleaning or waste management problem
single_00751,SINGLE,3atel fe electrical switch,el moshkela fe electrical switch zahret fe Computer Science Building - Lab 1.,INCIDENT,ELECTRICAL,ELECTRICAL,MEDIUM,MEDIUM,Computer Science Building - Lab 1,arabizi,admin_staff,MEDIUM,False,0,,Electrical power or lighting problem
single_00752,SINGLE,Projector issue,I noticed that the projector has no signal in Computer Science Building - Room 203. Changing the input source did not help.,INCIDENT,AV_CLASSROOM_EQUIPMENT,AV_CLASSROOM_EQUIPMENT,MEDIUM,MEDIUM,Computer Science Building - Room 203,en,dorm_resident,HARD,False,0,,Classroom audio visual equipment issue
single_00753,SINGLE,مشكلة في الأسانسير,لاحظت إن lift فيه مشكلة في Administration Building - Room 12. The elevator requires immediate technical inspection. الموضوع محتاج متابعة بسرعة. لو سمحت.,INCIDENT,ELEVATOR,ELEVATOR,MEDIUM,HIGH,Administration Building - Room 12,ar_eg,lecturer,EASY,False,0,,Elevator or lift malfunction
single_00754,SINGLE,scanner مش شغال,محتاجين حد يشوف scanner في Science Building - Chemistry Lab. The scanner cannot be used from the connected computer. أكتر من شخص ممكن يكون متأثر. لو سمحت.,INCIDENT,IT_HARDWARE_PRINTING,IT_HARDWARE_PRINTING,HIGH,MEDIUM,Science Building - Chemistry Lab,ar_eg,admin_staff,MEDIUM,False,0,,Physical computer or printing equipment issue
single_00755,SINGLE,mshkela fe desk,momken 7ad yshoof el desk fe Computer Science Building - Lab 3? el mawdoo3 mehtag check بسرعة.,INCIDENT,OTHER,FURNITURE_FIXTURES,MEDIUM,HIGH,Computer Science Building - Lab 3,arabizi,student,MEDIUM,False,0,,Furniture or fixture maintenance problem
single_00756,SINGLE,عطل في water pipe,water pipe محتاج متابعة في Outdoor Courtyard. The leak becomes worse when the water is used. الموضوع محتاج متابعة بسرعة. أكتر من شخص ممكن يكون متأثر.,INCIDENT,PLUMBING_WATER,PLUMBING_WATER,HIGH,HIGH,Outdoor Courtyard,ar_eg,admin_staff,HARD,False,0,,"Water supply, drainage or plumbing problem"
single_00757,SINGLE,Water pipe issue,I noticed that the water pipe is leaking in Lecture Hall C. The leak becomes worse when the water is used.,INCIDENT,PLUMBING_WATER,PLUMBING_WATER,MEDIUM,MEDIUM,Lecture Hall C,en,lecturer,HARD,False,0,,"Water supply, drainage or plumbing problem"
single_00758,SINGLE,desk فيه مشكلة,في مشكلة في desk في Dormitory A - Floor 1. The desk moves when it is used.,INCIDENT,BUILDING_STRUCTURE,FURNITURE_FIXTURES,MEDIUM,MEDIUM,Dormitory A - Floor 1,ar_eg,lab_assistant,MEDIUM,False,0,,Furniture or fixture maintenance problem
single_00759,SINGLE,The chair has an issue,محتاجين حد يشوف the chair في Engineering Building - Lab 4.,INCIDENT,FURNITURE_FIXTURES,FURNITURE_FIXTURES,LOW,MEDIUM,Engineering Building - Lab 4,mixed,lecturer,MEDIUM,False,0,,Furniture or fixture maintenance problem
single_00760,SINGLE,mshkela fe university email,el moshkela fe university email zahret fe Library - First Floor. plz check.,INCIDENT,IT_NETWORK_ACCOUNTS,IT_NETWORK_ACCOUNTS,MEDIUM,LOW,Library - First Floor,arabizi,lecturer,MEDIUM,False,0,,Network or account access problem
single_00761,SINGLE,mshkela fe power supply,el moshkela fe power supply zahret fe Sports Building. el mawdoo3 mehtag check بسرعة. aktar men 7ad momken ykoon mota2asser.,INCIDENT,OTHER,ELECTRICAL,HIGH,HIGH,Sports Building,arabizi,security_staff,HARD,False,0,,Electrical power or lighting problem
single_00762,SINGLE,el damaged safety sign feh moshkela,momken 7ad yshoof el damaged safety sign fe Computer Science Building - Lab 1?,INCIDENT,BUILDING_STRUCTURE,SAFETY_HAZARD,LOW,MEDIUM,Computer Science Building - Lab 1,arabizi,admin_staff,MEDIUM,False,0,,Reported physical safety hazard
single_00763,SINGLE,el AC unit feh moshkela,feh moshkela fel AC unit fe Library - Second Floor.,INCIDENT,HVAC_AC,HVAC_AC,LOW,LOW,Library - Second Floor,arabizi,student,MEDIUM,False,0,,Air conditioning or ventilation issue
single_00764,SINGLE,Elevator door is not opening,There is a problem with the elevator door at Engineering Building - Lab 2. The elevator cannot be used normally. Please check.,INCIDENT,ELECTRICAL,ELEVATOR,MEDIUM,LOW,Engineering Building - Lab 2,en,security_staff,MEDIUM,False,0,,Elevator or lift malfunction
single_00765,SINGLE,Problem with ceiling,The ceiling is damaged at Computer Science Building - Lab 3. The damage is limited to one area. The issue needs prompt attention. Several people may be affected.,INCIDENT,BUILDING_STRUCTURE,BUILDING_STRUCTURE,HIGH,HIGH,Computer Science Building - Lab 3,en,dorm_resident,MEDIUM,False,0,,"Building surface, door, window or structural issue"
single_00766,SINGLE,Classroom speakers issue,Please check the classroom speakers at Computer Science Building - Room 203. It have no sound. The problem affects audio during the class. Several people may be affected.,INCIDENT,AV_CLASSROOM_EQUIPMENT,AV_CLASSROOM_EQUIPMENT,HIGH,MEDIUM,Computer Science Building - Room 203,en,admin_staff,HARD,False,0,,Classroom audio visual equipment issue
single_00767,SINGLE,Problem with classroom,The problem is with classroom في Main Lecture Hall. The area has been used throughout the day.,INCIDENT,CLEANING_WASTE,CLEANING_WASTE,LOW,LOW,Main Lecture Hall,mixed,lab_assistant,MEDIUM,False,0,,Cleaning or waste management problem
single_00768,SINGLE,Problem with garden area,Please check the garden area at Outdoor Courtyard. It needs maintenance. The area needs routine grounds maintenance.,SERVICE_REQUEST,GROUNDS_OUTDOOR,GROUNDS_OUTDOOR,LOW,MEDIUM,Outdoor Courtyard,en,lab_assistant,MEDIUM,False,0,,Outdoor area or grounds maintenance issue
single_00769,SINGLE,Toilet needs attention,Please check the toilet at Computer Science Building - Lab 1 It is overflowing. Water is spreading around the bathroom area. Several people may be affected.,INCIDENT,PLUMBING_WATER,PLUMBING_WATER,HIGH,MEDIUM,Computer Science Building - Lab 1,en,dorm_resident,HARD,False,0,,"Water supply, drainage or plumbing problem"
single_00770,SINGLE,Problem with laptop,محتاجين حد يشوف the laptop في Computer Science Building - Lab 1.,INCIDENT,AV_CLASSROOM_EQUIPMENT,IT_HARDWARE_PRINTING,MEDIUM,LOW,Computer Science Building - Lab 1,mixed,dorm_resident,HARD,False,0,,Physical computer or printing equipment issue
single_00771,SINGLE,Problem with toilet,Please check the toilet at Computer Science Building - Lab 3. It is overflowing. Water is spreading around the bathroom area. The issue needs prompt attention. Several people may be affected.,INCIDENT,PLUMBING_WATER,PLUMBING_WATER,HIGH,HIGH,Computer Science Building - Lab 3,en,security_staff,HARD,False,0,,"Water supply, drainage or plumbing problem"
single_00772,SINGLE,مشكلة في outdoor light,في مشكلة في outdoor light at Main Entrance. The outdoor area is poorly lit after dark. please,INCIDENT,GROUNDS_OUTDOOR,GROUNDS_OUTDOOR,MEDIUM,MEDIUM,Main Entrance,mixed,lecturer,EASY,False,0,,Outdoor area or grounds maintenance issue
single_00773,SINGLE,Issue with desk,There is a problem with the desk at Science Building - Chemistry Lab. The desk moves when it is used.,INCIDENT,FURNITURE_FIXTURES,FURNITURE_FIXTURES,LOW,MEDIUM,Science Building - Chemistry Lab,en,security_staff,HARD,False,0,,Furniture or fixture maintenance problem
single_00774,SINGLE,Wall socket issue,Please check the wall socket at Engineering Building - Lab 2. It has no power. Other sockets in the room still have power.,INCIDENT,ELECTRICAL,ELECTRICAL,MEDIUM,MEDIUM,Engineering Building - Lab 2,en,dorm_resident,MEDIUM,False,0,,Electrical power or lighting problem
single_00775,SINGLE,Issue with Wi-Fi,I noticed that the Wi-Fi keeps disconnecting in Computer Science Building - Lab 3. The connection drops after a few minutes. Several people may be affected.,INCIDENT,IT_HARDWARE_PRINTING,IT_NETWORK_ACCOUNTS,HIGH,MEDIUM,Computer Science Building - Lab 3,en,lecturer,MEDIUM,False,0,,Network or account access problem
single_00776,SINGLE,Ceiling issue,There is a problem with the ceiling at Dormitory A - Floor 2. The damage is limited to one area. Several people may be affected.,INCIDENT,BUILDING_STRUCTURE,BUILDING_STRUCTURE,HIGH,MEDIUM,Dormitory A - Floor 2,en,dorm_resident,MEDIUM,False,0,,"Building surface, door, window or structural issue"
single_00777,SINGLE,Problem with toilet,I noticed that the toilet is overflowing in Sports Building. Water is spreading around the bathroom area. The issue needs prompt attention. Several people may be affected.,INCIDENT,PLUMBING_WATER,PLUMBING_WATER,HIGH,HIGH,Sports Building,en,dorm_resident,MEDIUM,False,0,,"Water supply, drainage or plumbing problem"
single_00778,SINGLE,Problem with monitor,Please check the monitor at Library - Second Floor. It shows a blank screen. The computer is running but nothing appears on the display.,INCIDENT,IT_HARDWARE_PRINTING,IT_HARDWARE_PRINTING,MEDIUM,MEDIUM,Library - Second Floor,en,lecturer,MEDIUM,False,0,,Physical computer or printing equipment issue
single_00779,SINGLE,Problem with water pipe,في مشكلة في water pipe at Cafeteria. The leak becomes worse when the water is used.,INCIDENT,CLEANING_WASTE,PLUMBING_WATER,LOW,MEDIUM,Cafeteria,mixed,lab_assistant,MEDIUM,False,0,,"Water supply, drainage or plumbing problem"
single_00780,SINGLE,mshkela fe walkway,el walkway is blocked fe Main Entrance. Part of the walkway cannot be used normally. aktar men 7ad momken ykoon mota2asser.,INCIDENT,GROUNDS_OUTDOOR,GROUNDS_OUTDOOR,HIGH,MEDIUM,Main Entrance,arabizi,dorm_resident,MEDIUM,False,0,,Outdoor area or grounds maintenance issue
single_00781,SINGLE,Waste bin has overflowing waste,Please check the waste bin at Library - First Floor. It has overflowing waste. The waste bin has not been emptied recently.,INCIDENT,CLEANING_WASTE,CLEANING_WASTE,MEDIUM,MEDIUM,Library - First Floor,en,lecturer,HARD,False,0,,Cleaning or waste management problem
single_00782,SINGLE,walkway محتاج صيانة,محتاجين حد يشوف walkway في Outdoor Courtyard. Part of the walkway cannot be used normally. لو سمحت.,INCIDENT,GROUNDS_OUTDOOR,GROUNDS_OUTDOOR,LOW,MEDIUM,Outdoor Courtyard,ar_eg,admin_staff,HARD,False,0,,Outdoor area or grounds maintenance issue
single_00783,SINGLE,mshkela fe lecture screen,feh moshkela fel lecture screen fe Administration Building - Room 12.,INCIDENT,IT_HARDWARE_PRINTING,AV_CLASSROOM_EQUIPMENT,LOW,MEDIUM,Administration Building - Room 12,arabizi,student,EASY,False,0,,Classroom audio visual equipment issue
single_00784,SINGLE,خطر في broken railing,في مشكلة في broken railing في Library - First Floor. The damaged railing is located on a frequently used path. أكتر من شخص ممكن يكون متأثر.,INCIDENT,SAFETY_HAZARD,SAFETY_HAZARD,HIGH,MEDIUM,Library - First Floor,ar_eg,security_staff,MEDIUM,False,0,,Reported physical safety hazard
single_00785,SINGLE,مشكلة في the campus network,The problem is with campus network في Engineering Building - Lab 2. Other devices in the same area seem to have the same problem. الموضوع محتاج prompt attention.,INCIDENT,IT_HARDWARE_PRINTING,IT_NETWORK_ACCOUNTS,MEDIUM,HIGH,Engineering Building - Lab 2,mixed,admin_staff,HARD,False,0,,Network or account access problem
single_00786,SINGLE,slippery floor مش آمن,slippery floor محتاج متابعة في Science Building - Chemistry Lab. People are still using the area. الموضوع محتاج متابعة بسرعة.,INCIDENT,BUILDING_STRUCTURE,SAFETY_HAZARD,MEDIUM,HIGH,Science Building - Chemistry Lab,ar_eg,admin_staff,HARD,False,0,,Reported physical safety hazard
single_00787,SINGLE,Wall is cracked,There is a problem with the wall at Science Building - Chemistry Lab. The crack has become more noticeable.,INCIDENT,FURNITURE_FIXTURES,BUILDING_STRUCTURE,MEDIUM,LOW,Science Building - Chemistry Lab,en,lecturer,MEDIUM,False,0,,"Building surface, door, window or structural issue"
single_00788,SINGLE,Problem with smart board,في مشكلة في smart board at Lecture Hall B. The board does not respond when the instructor interacts with it. الموضوع محتاج prompt attention.,INCIDENT,ELECTRICAL,AV_CLASSROOM_EQUIPMENT,MEDIUM,HIGH,Lecture Hall B,mixed,student,HARD,False,0,,Classroom audio visual equipment issue
single_00789,SINGLE,Facility issue,I noticed that the facility has an unusual issue in Engineering Building - Lab 2. The exact cause is not clear. The issue needs prompt attention.,INCIDENT,OTHER,OTHER,MEDIUM,HIGH,Engineering Building - Lab 2,en,dorm_resident,HARD,False,0,,Issue does not fit a specific category
single_00790,SINGLE,Problem with elevator,Please check the elevator at Administration Building - Room 12. It is not moving. People are currently using the building stairs. The issue needs prompt attention.,INCIDENT,ELEVATOR,ELEVATOR,LOW,HIGH,Administration Building - Room 12,en,dorm_resident,MEDIUM,False,0,,Elevator or lift malfunction
single_00791,SINGLE,Problem with ceiling,The ceiling is damaged في Dormitory A - Floor 2. The damage is limited to one area.,INCIDENT,BUILDING_STRUCTURE,BUILDING_STRUCTURE,MEDIUM,MEDIUM,Dormitory A - Floor 2,mixed,student,MEDIUM,False,0,,"Building surface, door, window or structural issue"
single_00792,SINGLE,scanner فيه مشكلة,لاحظت إن scanner فيه مشكلة في Computer Science Building - Lab 1. The scanner cannot be used from the connected computer. أكتر من شخص ممكن يكون متأثر.,INCIDENT,IT_HARDWARE_PRINTING,IT_HARDWARE_PRINTING,HIGH,LOW,Computer Science Building - Lab 1,ar_eg,student,MEDIUM,False,0,,Physical computer or printing equipment issue
single_00793,SINGLE,Obstruction needs attention,There is a problem with the obstruction at Computer Science Building - Room 203 The obstruction reduces the usable path. The issue needs prompt attention.,INCIDENT,BUILDING_STRUCTURE,SAFETY_HAZARD,MEDIUM,HIGH,Computer Science Building - Room 203,en,lecturer,HARD,False,0,,Reported physical safety hazard
single_00794,SINGLE,The laptop has an issue,The problem is with laptop في Computer Science Building - Room 203. Applications take a long time to respond.,INCIDENT,IT_HARDWARE_PRINTING,IT_HARDWARE_PRINTING,MEDIUM,LOW,Computer Science Building - Room 203,mixed,security_staff,EASY,False,0,,Physical computer or printing equipment issue
single_00795,SINGLE,Problem with USB port,There is a problem with the USB port at Engineering Building - Lab 4. Connected devices are not recognized by the computer.,INCIDENT,IT_NETWORK_ACCOUNTS,IT_HARDWARE_PRINTING,LOW,LOW,Engineering Building - Lab 4,en,dorm_resident,EASY,False,0,,Physical computer or printing equipment issue
single_00796,SINGLE,window محتاج تصليح,window محتاج متابعة في Sports Building. The room is still accessible but the window needs repair. الموضوع محتاج متابعة بسرعة.,INCIDENT,BUILDING_STRUCTURE,BUILDING_STRUCTURE,LOW,HIGH,Sports Building,ar_eg,lab_assistant,MEDIUM,False,0,,"Building surface, door, window or structural issue"
single_00797,SINGLE,Ceiling panel needs attention,Please check the ceiling panel at Main Lecture Hall. It is loose. The panel needs to be inspected before it becomes unsafe. The issue needs prompt attention.,INCIDENT,FURNITURE_FIXTURES,BUILDING_STRUCTURE,LOW,HIGH,Main Lecture Hall,en,dorm_resident,HARD,False,0,,"Building surface, door, window or structural issue"
single_00798,SINGLE,مشكلة في wall,لاحظت إن wall فيه مشكلة في Dormitory A - Floor 1. The crack has become more noticeable.,INCIDENT,BUILDING_STRUCTURE,BUILDING_STRUCTURE,MEDIUM,MEDIUM,Dormitory A - Floor 1,ar_eg,lab_assistant,MEDIUM,False,0,,"Building surface, door, window or structural issue"
single_00799,SINGLE,el power outlet feh moshkela,momken 7ad yshoof el power outlet fe Computer Science Building - Room 203?,INCIDENT,ELECTRICAL,ELECTRICAL,MEDIUM,MEDIUM,Computer Science Building - Room 203,arabizi,lecturer,HARD,False,0,,Electrical power or lighting problem
single_00800,SINGLE,el waste bin feh moshkela,el moshkela fe waste bin zahret fe Main Lecture Hall.,INCIDENT,CLEANING_WASTE,CLEANING_WASTE,MEDIUM,LOW,Main Lecture Hall,arabizi,student,HARD,False,0,,Cleaning or waste management problem
single_00801,SINGLE,el walkway feh moshkela,feh moshkela fel walkway fe Main Entrance. el mawdoo3 mehtag check بسرعة. aktar men 7ad momken ykoon mota2asser.,INCIDENT,GROUNDS_OUTDOOR,GROUNDS_OUTDOOR,HIGH,HIGH,Main Entrance,arabizi,security_staff,MEDIUM,False,0,,Outdoor area or grounds maintenance issue
single_00802,SINGLE,Problem with projector,There is a problem with the projector at Computer Science Building - Room 203. Changing the input source did not help. Several people may be affected.,INCIDENT,AV_CLASSROOM_EQUIPMENT,AV_CLASSROOM_EQUIPMENT,HIGH,MEDIUM,Computer Science Building - Room 203,en,lab_assistant,MEDIUM,False,0,,Classroom audio visual equipment issue
single_00803,SINGLE,Problem with outdoor bench,I noticed that the outdoor bench is damaged in Main Entrance. The bench needs maintenance before regular use. Please check.,INCIDENT,GROUNDS_OUTDOOR,GROUNDS_OUTDOOR,LOW,MEDIUM,Main Entrance,en,lecturer,EASY,False,0,,Outdoor area or grounds maintenance issue
single_00804,SINGLE,cabinet محتاج تصليح,محتاجين حد يشوف cabinet في Dormitory A - Floor 1. The cabinet door remains partially open.,INCIDENT,FURNITURE_FIXTURES,FURNITURE_FIXTURES,LOW,LOW,Dormitory A - Floor 1,ar_eg,security_staff,MEDIUM,False,0,,Furniture or fixture maintenance problem
single_00805,SINGLE,Issue with corridor,Please check the corridor at Lecture Hall B. It has not been cleaned. The corridor needs its regular cleaning service.,INCIDENT,PLUMBING_WATER,CLEANING_WASTE,LOW,LOW,Lecture Hall B,en,student,MEDIUM,False,0,,Cleaning or waste management problem
single_00806,SINGLE,Smoke needs attention,There is a problem with the smoke at Student Affairs Office. The source of the smoke is not clear. Several people may be affected. Please check.,INCIDENT,SAFETY_HAZARD,SAFETY_HAZARD,HIGH,MEDIUM,Student Affairs Office,en,dorm_resident,HARD,False,0,,Reported physical safety hazard
single_00807,SINGLE,Sink issue,The sink is leaking at Science Building - Chemistry Lab. Water is collecting on the floor. The issue needs prompt attention. Several people may be affected. Water is spreading across part of the floor.,INCIDENT,PLUMBING_WATER,PLUMBING_WATER,HIGH,HIGH,Science Building - Chemistry Lab,en,admin_staff,HARD,True,0,,"Water supply, drainage or plumbing problem"
single_00808,SINGLE,Issue with elevator panel,I noticed that the elevator panel is showing an error in Engineering Building - Room 101. The elevator controls are not working normally. The issue needs prompt attention. Several people may be affected.,INCIDENT,ELEVATOR,ELEVATOR,HIGH,HIGH,Engineering Building - Room 101,en,admin_staff,EASY,False,0,,Elevator or lift malfunction
single_00809,SINGLE,desk محتاج تصليح,في مشكلة في desk في Sports Building. The desk moves when it is used. الموضوع محتاج متابعة بسرعة.,INCIDENT,FURNITURE_FIXTURES,FURNITURE_FIXTURES,MEDIUM,HIGH,Sports Building,ar_eg,lab_assistant,MEDIUM,False,0,,Furniture or fixture maintenance problem
single_00810,SINGLE,Problem with chair,I noticed that the chair is broken in Engineering Building - Lab 4. The chair can still be used with difficulty.,INCIDENT,FURNITURE_FIXTURES,FURNITURE_FIXTURES,LOW,MEDIUM,Engineering Building - Lab 4,en,lab_assistant,EASY,False,0,,Furniture or fixture maintenance problem
single_00811,SINGLE,Issue with obstruction,I noticed that the obstruction is blocking part of the area in Sports Building. The obstruction reduces the usable path. Several people may be affected.,INCIDENT,SAFETY_HAZARD,SAFETY_HAZARD,HIGH,LOW,Sports Building,en,security_staff,MEDIUM,False,0,,Reported physical safety hazard
single_00812,SINGLE,مشكلة في air conditioning system,لاحظت إن air conditioning system فيه مشكلة في Lecture Hall C. The room is not cooling normally. أكتر من شخص ممكن يكون متأثر.,INCIDENT,OTHER,HVAC_AC,HIGH,MEDIUM,Lecture Hall C,ar_eg,dorm_resident,HARD,False,0,,Air conditioning or ventilation issue
single_00813,SINGLE,Door issue,I noticed that the door is damaged in Engineering Building - Lab 4. The damage was noticed today. Several people may be affected. Please check.,INCIDENT,BUILDING_STRUCTURE,BUILDING_STRUCTURE,HIGH,MEDIUM,Engineering Building - Lab 4,en,security_staff,MEDIUM,False,0,,"Building surface, door, window or structural issue"
single_00814,SINGLE,Problem with elevator,The elevator is not moving at Library - First Floor. People are currently using the building stairs. Several people may be affected.,INCIDENT,ELECTRICAL,ELEVATOR,HIGH,MEDIUM,Library - First Floor,en,lab_assistant,EASY,False,0,,Elevator or lift malfunction
single_00815,SINGLE,Ceiling issue,There is a problem with the ceiling at Computer Science Building - Lab 1 The damage is limited to one area.,INCIDENT,BUILDING_STRUCTURE,BUILDING_STRUCTURE,MEDIUM,LOW,Computer Science Building - Lab 1,en,dorm_resident,MEDIUM,False,0,,"Building surface, door, window or structural issue"
single_00816,SINGLE,table محتاج تصليح,في مشكلة في table في Dormitory B - Floor 3. The table does not remain steady during use.,INCIDENT,FURNITURE_FIXTURES,FURNITURE_FIXTURES,LOW,LOW,Dormitory B - Floor 3,ar_eg,student,EASY,False,0,,Furniture or fixture maintenance problem
single_00817,SINGLE,Laptop issue,Please check the laptop at Science Building - Physics Lab. It is very slow. Applications take a long time to respond.,INCIDENT,IT_HARDWARE_PRINTING,IT_HARDWARE_PRINTING,LOW,LOW,Science Building - Physics Lab,en,lecturer,EASY,False,0,,Physical computer or printing equipment issue
single_00818,SINGLE,3atel fe waste bin,feh moshkela fel waste bin fe Dormitory A - Floor 2. el mawdoo3 mehtag check بسرعة. aktar men 7ad momken ykoon mota2asser.,INCIDENT,CLEANING_WASTE,CLEANING_WASTE,HIGH,HIGH,Dormitory A - Floor 2,arabizi,student,MEDIUM,False,0,,Cleaning or waste management problem
single_00819,SINGLE,Problem with elevator panel,There is a problem with the elevator panel at Computer Science Building - Lab 1. The elevator controls are not working normally. The issue needs prompt attention. Several people may be affected.,INCIDENT,ELEVATOR,ELEVATOR,HIGH,HIGH,Computer Science Building - Lab 1,en,security_staff,MEDIUM,False,0,,Elevator or lift malfunction
single_00820,SINGLE,Problem with elevator,محتاجين حد يشوف the elevator في Dormitory B - Floor 3. الموضوع محتاج prompt attention.,INCIDENT,ELEVATOR,ELEVATOR,MEDIUM,HIGH,Dormitory B - Floor 3,mixed,lab_assistant,HARD,False,0,,Elevator or lift malfunction
single_00821,SINGLE,Slippery floor issue,I noticed that the slippery floor creates a safety concern in Parking Area. People are still using the area. The issue needs prompt attention. Several people may be affected.,INCIDENT,SAFETY_HAZARD,SAFETY_HAZARD,HIGH,HIGH,Parking Area,en,admin_staff,HARD,False,0,,Reported physical safety hazard
single_00822,SINGLE,مشكلة في the scanner,في مشكلة في scanner at Computer Science Building - Lab 1. The scanner cannot be used from the connected computer.,INCIDENT,IT_HARDWARE_PRINTING,IT_HARDWARE_PRINTING,MEDIUM,MEDIUM,Computer Science Building - Lab 1,mixed,lecturer,MEDIUM,False,0,,Physical computer or printing equipment issue
single_00823,SINGLE,Shelf needs attention,I noticed that the shelf needs repair in Dormitory B - Floor 3. The shelf is loose and needs maintenance.,INCIDENT,FURNITURE_FIXTURES,FURNITURE_FIXTURES,MEDIUM,LOW,Dormitory B - Floor 3,en,security_staff,HARD,False,0,,Furniture or fixture maintenance problem
single_00824,SINGLE,عطل في outdoor bench,محتاجين حد يشوف outdoor bench في Main Entrance. The bench needs maintenance before regular use. الموضوع محتاج متابعة بسرعة.,INCIDENT,GROUNDS_OUTDOOR,GROUNDS_OUTDOOR,LOW,HIGH,Main Entrance,ar_eg,lab_assistant,EASY,False,0,,Outdoor area or grounds maintenance issue
single_00825,SINGLE,el login feh moshkela,el moshkela fe login zahret fe Engineering Building - Lab 4.,INCIDENT,IT_NETWORK_ACCOUNTS,IT_NETWORK_ACCOUNTS,LOW,MEDIUM,Engineering Building - Lab 4,arabizi,dorm_resident,HARD,False,0,,Network or account access problem
single_00826,SINGLE,Equipment area issue,The equipment area is not functioning normally at Dormitory B - Floor 1. The problem could not be classified more specifically.,SERVICE_REQUEST,OTHER,OTHER,MEDIUM,MEDIUM,Dormitory B - Floor 1,en,dorm_resident,EASY,False,0,,Issue does not fit a specific category
single_00827,SINGLE,sink فيه مشكلة,في مشكلة في sink في Student Affairs Office. Water is collecting on the floor. الموضوع محتاج متابعة بسرعة.,INCIDENT,PLUMBING_WATER,PLUMBING_WATER,MEDIUM,HIGH,Student Affairs Office,ar_eg,lab_assistant,HARD,False,0,,"Water supply, drainage or plumbing problem"
single_00828,SINGLE,Wall issue,The wall is cracked at Lecture Hall C. The crack has become more noticeable.,INCIDENT,BUILDING_STRUCTURE,BUILDING_STRUCTURE,MEDIUM,MEDIUM,Lecture Hall C,en,lab_assistant,MEDIUM,False,0,,"Building surface, door, window or structural issue"
single_00829,SINGLE,مشكلة في the facility,The facility has an unusual issue في Sports Building. The exact cause is not clear.,INCIDENT,BUILDING_STRUCTURE,OTHER,MEDIUM,MEDIUM,Sports Building,mixed,lab_assistant,MEDIUM,False,0,,Issue does not fit a specific category
single_00830,SINGLE,Issue with cabinet,Please check the cabinet at Computer Science Building - Room 203. It does not close properly. The cabinet door remains partially open.,INCIDENT,FURNITURE_FIXTURES,FURNITURE_FIXTURES,LOW,MEDIUM,Computer Science Building - Room 203,en,lab_assistant,MEDIUM,False,0,,Furniture or fixture maintenance problem
single_00831,SINGLE,مشكلة محتاجة تدخل في obstruction,لاحظت إن obstruction فيه مشكلة في Dormitory A - Floor 1. The obstruction reduces the usable path. أكتر من شخص ممكن يكون متأثر. لو سمحت.,INCIDENT,BUILDING_STRUCTURE,SAFETY_HAZARD,HIGH,MEDIUM,Dormitory A - Floor 1,ar_eg,lecturer,HARD,False,0,,Reported physical safety hazard
single_00832,SINGLE,Chair needs attention,Please check the chair at Sports Building. It is broken. The chair can still be used with difficulty.,INCIDENT,FURNITURE_FIXTURES,FURNITURE_FIXTURES,MEDIUM,LOW,Sports Building,en,security_staff,EASY,False,0,,Furniture or fixture maintenance problem
single_00833,SINGLE,Problem with shelf,Please check the shelf at Student Affairs Office. It needs repair. The shelf is loose and needs maintenance. The issue needs prompt attention.,INCIDENT,FURNITURE_FIXTURES,FURNITURE_FIXTURES,MEDIUM,HIGH,Student Affairs Office,en,security_staff,HARD,False,0,,Furniture or fixture maintenance problem
single_00834,SINGLE,Corridor issue,I noticed that the corridor has not been cleaned in Library - Second Floor. The corridor needs its regular cleaning service.,INCIDENT,CLEANING_WASTE,CLEANING_WASTE,MEDIUM,LOW,Library - Second Floor,en,security_staff,EASY,False,0,,Cleaning or waste management problem
single_00835,SINGLE,Power outlet is not working,Please check the power outlet at Computer Science Building - Lab 1. It is not working. The outlet is needed for equipment in the room. Please check.,INCIDENT,ELECTRICAL,ELECTRICAL,MEDIUM,MEDIUM,Computer Science Building - Lab 1,en,security_staff,HARD,False,0,,Electrical power or lighting problem
single_00836,SINGLE,Problem with parking area,I noticed that the parking area needs maintenance in Main Entrance. The issue affects one outdoor location.,SERVICE_REQUEST,GROUNDS_OUTDOOR,GROUNDS_OUTDOOR,LOW,LOW,Main Entrance,en,lecturer,EASY,False,0,,Outdoor area or grounds maintenance issue
single_00837,SINGLE,Problem with service area,محتاجين حد يشوف the service area في Cafeteria.,SERVICE_REQUEST,BUILDING_STRUCTURE,OTHER,MEDIUM,MEDIUM,Cafeteria,mixed,lecturer,HARD,False,0,,Issue does not fit a specific category
single_00838,SINGLE,Issue with mouse,The mouse stopped responding at Library - First Floor. The pointer does not move normally.,INCIDENT,IT_NETWORK_ACCOUNTS,IT_HARDWARE_PRINTING,MEDIUM,MEDIUM,Library - First Floor,en,student,EASY,False,0,,Physical computer or printing equipment issue
single_00839,SINGLE,Issue with university email,I noticed that the university email cannot be accessed in Science Building - Physics Lab. The account cannot open the university email service. The issue needs prompt attention.,INCIDENT,IT_NETWORK_ACCOUNTS,IT_NETWORK_ACCOUNTS,LOW,HIGH,Science Building - Physics Lab,en,dorm_resident,MEDIUM,False,0,,Network or account access problem
single_00840,SINGLE,mshkela fe network connection,el network connection is very slow fe Engineering Building - Lab 4. The connection becomes slow during normal campus use.,INCIDENT,OTHER,IT_NETWORK_ACCOUNTS,LOW,LOW,Engineering Building - Lab 4,arabizi,student,EASY,False,0,,Network or account access problem
single_00841,SINGLE,el faucet feh moshkela,feh moshkela fel faucet fe Dormitory A - Floor 1.,INCIDENT,PLUMBING_WATER,PLUMBING_WATER,LOW,LOW,Dormitory A - Floor 1,arabizi,security_staff,EASY,False,0,,"Water supply, drainage or plumbing problem"
single_00842,SINGLE,Power supply issue,Please check the power supply at Science Building - Chemistry Lab. It keeps turning off. The equipment loses power repeatedly. The issue needs prompt attention.,INCIDENT,ELECTRICAL,ELECTRICAL,MEDIUM,HIGH,Science Building - Chemistry Lab,en,lab_assistant,EASY,False,0,,Electrical power or lighting problem
single_00843,SINGLE,Window does not close properly,There is a problem with the window at Main Entrance. The room is still accessible but the window needs repair.,INCIDENT,BUILDING_STRUCTURE,BUILDING_STRUCTURE,LOW,MEDIUM,Main Entrance,en,lecturer,MEDIUM,False,0,,"Building surface, door, window or structural issue"
single_00844,SINGLE,el wall socket mehtag check,el moshkela fe wall socket zahret fe Sports Building.,INCIDENT,ELECTRICAL,ELECTRICAL,MEDIUM,MEDIUM,Sports Building,arabizi,security_staff,MEDIUM,False,0,,Electrical power or lighting problem
single_00845,SINGLE,Vent needs attention,There is a problem with the vent at Dormitory A - Floor 1. Airflow from the vent is not normal.,INCIDENT,HVAC_AC,HVAC_AC,LOW,LOW,Dormitory A - Floor 1,en,student,MEDIUM,False,0,,Air conditioning or ventilation issue
single_00846,SINGLE,Problem with monitor,There is a problem with the monitor at Engineering Building - Lab 4 The computer is running but nothing appears on the display.,INCIDENT,IT_HARDWARE_PRINTING,IT_HARDWARE_PRINTING,MEDIUM,MEDIUM,Engineering Building - Lab 4,en,lecturer,HARD,False,0,,Physical computer or printing equipment issue
single_00847,SINGLE,vent مش شغال,لاحظت إن vent فيه مشكلة في Science Building - Physics Lab. Airflow from the vent is not normal. ضروري شوية,INCIDENT,HVAC_AC,HVAC_AC,LOW,LOW,Science Building - Physics Lab,ar_eg,admin_staff,EASY,False,0,,Air conditioning or ventilation issue
single_00848,SINGLE,water supply بيسرب مية,في مشكلة في water supply في Main Entrance. The bathroom cannot be used normally. أكتر من شخص ممكن يكون متأثر.,INCIDENT,PLUMBING_WATER,PLUMBING_WATER,HIGH,MEDIUM,Main Entrance,ar_eg,lab_assistant,MEDIUM,False,0,,"Water supply, drainage or plumbing problem"
single_00849,SINGLE,Ceiling issue,The ceiling is damaged at Dormitory B - Floor 3. The damage is limited to one area. The issue needs prompt attention.,INCIDENT,BUILDING_STRUCTURE,BUILDING_STRUCTURE,MEDIUM,HIGH,Dormitory B - Floor 3,en,lecturer,MEDIUM,False,0,,"Building surface, door, window or structural issue"
single_00850,SINGLE,3atel fe elevator panel,feh moshkela fel elevator panel fe Engineering Building - Lab 2. aktar men 7ad momken ykoon mota2asser. plz check.,INCIDENT,SAFETY_HAZARD,ELEVATOR,HIGH,MEDIUM,Engineering Building - Lab 2,arabizi,lab_assistant,MEDIUM,False,0,,Elevator or lift malfunction
single_00851,SINGLE,مشكلة في the scanner,The scanner does not detect the device في Science Building - Physics Lab. The scanner cannot be used from the connected computer.,INCIDENT,IT_HARDWARE_PRINTING,IT_HARDWARE_PRINTING,MEDIUM,MEDIUM,Science Building - Physics Lab,mixed,admin_staff,HARD,False,0,,Physical computer or printing equipment issue
single_00852,SINGLE,el parking area feh moshkela,feh moshkela fel parking area fe Parking Area.,SERVICE_REQUEST,GROUNDS_OUTDOOR,GROUNDS_OUTDOOR,LOW,LOW,Parking Area,arabizi,student,EASY,False,0,,Outdoor area or grounds maintenance issue
single_00853,SINGLE,Lecture screen issue,The lecture screen is showing a blank screen at Computer Science Building - Room 203. The issue affects the classroom display.,INCIDENT,AV_CLASSROOM_EQUIPMENT,AV_CLASSROOM_EQUIPMENT,LOW,MEDIUM,Computer Science Building - Room 203,en,lecturer,HARD,False,0,,Classroom audio visual equipment issue
single_00854,SINGLE,Issue with login,There is a problem with the login at Engineering Building - Lab 4. The system repeatedly asks the user to sign in. The issue needs prompt attention. Several people may be affected.,INCIDENT,IT_NETWORK_ACCOUNTS,IT_NETWORK_ACCOUNTS,HIGH,HIGH,Engineering Building - Lab 4,en,admin_staff,MEDIUM,False,0,,Network or account access problem
single_00855,SINGLE,عطل في projector,في مشكلة في projector في Administration Building - Room 18. Changing the input source did not help. أكتر من شخص ممكن يكون متأثر.,INCIDENT,AV_CLASSROOM_EQUIPMENT,AV_CLASSROOM_EQUIPMENT,HIGH,MEDIUM,Administration Building - Room 18,ar_eg,security_staff,EASY,False,0,,Classroom audio visual equipment issue
single_00856,SINGLE,مشكلة في power supply,محتاجين حد يشوف power supply في Administration Building - Room 18. The equipment loses power repeatedly. الموضوع محتاج متابعة بسرعة. أكتر من شخص ممكن يكون متأثر.,INCIDENT,ELECTRICAL,ELECTRICAL,HIGH,HIGH,Administration Building - Room 18,ar_eg,dorm_resident,HARD,False,0,,Electrical power or lighting problem
single_00857,SINGLE,عطل في power supply,لاحظت إن power supply فيه مشكلة في Administration Building - Room 18. The equipment loses power repeatedly.,INCIDENT,ELECTRICAL,ELECTRICAL,MEDIUM,MEDIUM,Administration Building - Room 18,ar_eg,student,HARD,False,0,,Electrical power or lighting problem
single_00858,SINGLE,Problem with thermostat,The thermostat is not responding at Outdoor Courtyard. The temperature cannot be adjusted normally.,INCIDENT,HVAC_AC,HVAC_AC,MEDIUM,MEDIUM,Outdoor Courtyard,en,admin_staff,EASY,False,0,,Air conditioning or ventilation issue
single_00859,SINGLE,el wall socket feh moshkela,momken 7ad yshoof el wall socket fe Science Building - Chemistry Lab?,INCIDENT,ELECTRICAL,ELECTRICAL,LOW,LOW,Science Building - Chemistry Lab,arabizi,security_staff,MEDIUM,False,0,,Electrical power or lighting problem
single_00860,SINGLE,عطل في الأسانسير,في مشكلة في elevator في Science Building - Physics Lab. The building has other access routes. الموضوع محتاج متابعة بسرعة. أكتر من شخص ممكن يكون متأثر.,INCIDENT,ELEVATOR,ELEVATOR,HIGH,HIGH,Science Building - Physics Lab,ar_eg,student,HARD,False,0,,Elevator or lift malfunction
single_00861,SINGLE,Issue with bathroom,There is a problem with the bathroom at Dormitory A - Floor 2. Regular cleaning is needed before normal use. Several people may be affected. Please check.,SERVICE_REQUEST,CLEANING_WASTE,CLEANING_WASTE,HIGH,MEDIUM,Dormitory A - Floor 2,en,admin_staff,HARD,False,0,,Cleaning or waste management problem
single_00862,SINGLE,Sink needs attention,Please check the sink at Science Building - Chemistry Lab. It is leaking. Water is collecting on the floor.,INCIDENT,PLUMBING_WATER,PLUMBING_WATER,MEDIUM,MEDIUM,Science Building - Chemistry Lab,en,lab_assistant,HARD,False,0,,"Water supply, drainage or plumbing problem"
single_00863,SINGLE,مشكلة في keyboard,محتاجين حد يشوف keyboard في Engineering Building - Lab 2. Several keys do not respond when pressed.,INCIDENT,IT_HARDWARE_PRINTING,IT_HARDWARE_PRINTING,LOW,MEDIUM,Engineering Building - Lab 2,ar_eg,student,EASY,False,0,,Physical computer or printing equipment issue
single_00864,SINGLE,الأسانسير مش شغال,محتاجين حد يشوف elevator panel في Library - First Floor. The elevator controls are not working normally. الموضوع محتاج متابعة بسرعة. أكتر من شخص ممكن يكون متأثر.,INCIDENT,ELEVATOR,ELEVATOR,HIGH,HIGH,Library - First Floor,ar_eg,dorm_resident,HARD,False,0,,Elevator or lift malfunction
single_00865,SINGLE,outdoor bench محتاج صيانة,لاحظت إن outdoor bench فيه مشكلة في Outdoor Courtyard. The bench needs maintenance before regular use. أكتر من شخص ممكن يكون متأثر.,INCIDENT,GROUNDS_OUTDOOR,GROUNDS_OUTDOOR,HIGH,MEDIUM,Outdoor Courtyard,ar_eg,dorm_resident,EASY,False,0,,Outdoor area or grounds maintenance issue
single_00866,SINGLE,Monitor issue,The monitor shows a blank screen at Library - First Floor. The computer is running but nothing appears on the display. The issue needs prompt attention.,INCIDENT,IT_HARDWARE_PRINTING,IT_HARDWARE_PRINTING,LOW,HIGH,Library - First Floor,en,student,MEDIUM,False,0,,Physical computer or printing equipment issue
single_00867,SINGLE,Problem with service area,The problem is with service area في Science Building - Physics Lab. A technician may need to inspect the area.,SERVICE_REQUEST,OTHER,OTHER,LOW,MEDIUM,Science Building - Physics Lab,mixed,lab_assistant,MEDIUM,False,0,,Issue does not fit a specific category
single_00868,SINGLE,corridor مش نضيف,corridor محتاج متابعة في Dormitory A - Floor 1. The corridor needs its regular cleaning service.,INCIDENT,CLEANING_WASTE,CLEANING_WASTE,LOW,MEDIUM,Dormitory A - Floor 1,ar_eg,dorm_resident,EASY,False,0,,Cleaning or waste management problem
single_00869,SINGLE,Ceiling needs attention,The ceiling is damaged at Outdoor Courtyard. The damage is limited to one area.,INCIDENT,SAFETY_HAZARD,BUILDING_STRUCTURE,MEDIUM,MEDIUM,Outdoor Courtyard,en,security_staff,MEDIUM,False,0,,"Building surface, door, window or structural issue"
single_00870,SINGLE,مشكلة في the shelf,The problem is with shelf في Science Building - Physics Lab. The shelf is loose and needs maintenance.,INCIDENT,FURNITURE_FIXTURES,FURNITURE_FIXTURES,LOW,MEDIUM,Science Building - Physics Lab,mixed,student,MEDIUM,False,0,,Furniture or fixture maintenance problem
single_00871,SINGLE,Scanner needs attention,I noticed that the scanner does not detect the device in Library - Second Floor. The scanner cannot be used from the connected computer.,INCIDENT,IT_HARDWARE_PRINTING,IT_HARDWARE_PRINTING,MEDIUM,LOW,Library - Second Floor,en,dorm_resident,EASY,False,0,,Physical computer or printing equipment issue
single_00872,SINGLE,Broken railing needs attention,The broken railing is damaged at Library - Second Floor. The damaged railing is located on a frequently used path. The issue needs prompt attention. Several people may be affected.,INCIDENT,SAFETY_HAZARD,SAFETY_HAZARD,HIGH,HIGH,Library - Second Floor,en,admin_staff,HARD,False,0,,Reported physical safety hazard
single_00873,SINGLE,ceiling فيه مشكلة,لاحظت إن ceiling فيه مشكلة في Main Entrance. The damage is limited to one area.,INCIDENT,BUILDING_STRUCTURE,BUILDING_STRUCTURE,MEDIUM,LOW,Main Entrance,ar_eg,lab_assistant,HARD,False,0,,"Building surface, door, window or structural issue"
single_00874,SINGLE,Drain issue,The drain is blocked at Dormitory B - Floor 1. Water is draining very slowly. The issue needs prompt attention. Several people may be affected. Please check. Water is spreading across part of the floor.,INCIDENT,PLUMBING_WATER,PLUMBING_WATER,HIGH,HIGH,Dormitory B - Floor 1,en,admin_staff,HARD,True,0,,"Water supply, drainage or plumbing problem"
single_00875,SINGLE,Problem with lecture screen,I noticed that the lecture screen is showing a blank screen in Computer Science Building - Room 203. The issue affects the classroom display.,INCIDENT,AV_CLASSROOM_EQUIPMENT,AV_CLASSROOM_EQUIPMENT,MEDIUM,MEDIUM,Computer Science Building - Room 203,en,security_staff,EASY,False,0,,Classroom audio visual equipment issue
single_00876,SINGLE,Printer issue,There is a problem with the printer at Science Building - Physics Lab. The printer worked normally earlier today.,INCIDENT,IT_NETWORK_ACCOUNTS,IT_HARDWARE_PRINTING,MEDIUM,MEDIUM,Science Building - Physics Lab,en,dorm_resident,MEDIUM,False,0,,Physical computer or printing equipment issue
single_00877,SINGLE,عطل في smart board,لاحظت إن smart board فيه مشكلة في Administration Building - Room 12. The board does not respond when the instructor interacts with it.,INCIDENT,AV_CLASSROOM_EQUIPMENT,AV_CLASSROOM_EQUIPMENT,LOW,LOW,Administration Building - Room 12,ar_eg,lecturer,MEDIUM,False,0,,Classroom audio visual equipment issue
single_00878,SINGLE,Usb port issue,There is a problem with the USB port at Engineering Building - Lab 4. Connected devices are not recognized by the computer.,INCIDENT,IT_HARDWARE_PRINTING,IT_HARDWARE_PRINTING,LOW,LOW,Engineering Building - Lab 4,en,lab_assistant,MEDIUM,False,0,,Physical computer or printing equipment issue
single_00879,SINGLE,Cabinet needs attention,There is a problem with the cabinet at Outdoor Courtyard. The cabinet door remains partially open.,INCIDENT,FURNITURE_FIXTURES,FURNITURE_FIXTURES,LOW,LOW,Outdoor Courtyard,en,student,MEDIUM,False,0,,Furniture or fixture maintenance problem
single_00880,SINGLE,مشكلة في باب الأسانسير,في مشكلة في elevator في Engineering Building - Lab 2. The building has other access routes.,INCIDENT,ELEVATOR,ELEVATOR,MEDIUM,MEDIUM,Engineering Building - Lab 2,ar_eg,admin_staff,MEDIUM,False,0,,Elevator or lift malfunction
single_00881,SINGLE,The equipment area has an issue,محتاجين حد يشوف the equipment area في Computer Science Building - Room 203. الموضوع محتاج prompt attention.,SERVICE_REQUEST,OTHER,OTHER,LOW,HIGH,Computer Science Building - Room 203,mixed,dorm_resident,MEDIUM,False,0,,Issue does not fit a specific category
single_00882,SINGLE,Issue with VPN,I noticed that the VPN is not connecting in Computer Science Building - Lab 1. The VPN connection fails when access to the university network is required.,INCIDENT,IT_NETWORK_ACCOUNTS,IT_NETWORK_ACCOUNTS,MEDIUM,MEDIUM,Computer Science Building - Lab 1,en,student,MEDIUM,False,0,,Network or account access problem
single_00883,SINGLE,slippery floor مش آمن,في مشكلة في slippery floor في Administration Building - Room 18. People are still using the area. الموضوع محتاج متابعة بسرعة. أكتر من شخص ممكن يكون متأثر.,INCIDENT,SAFETY_HAZARD,SAFETY_HAZARD,HIGH,HIGH,Administration Building - Room 18,ar_eg,student,MEDIUM,False,0,,Reported physical safety hazard
single_00884,SINGLE,Problem with wall socket,I noticed that the wall socket has no power in Engineering Building - Lab 2. Other sockets in the room still have power. Several people may be affected.,INCIDENT,ELECTRICAL,ELECTRICAL,HIGH,MEDIUM,Engineering Building - Lab 2,en,lab_assistant,EASY,False,0,,Electrical power or lighting problem
single_00885,SINGLE,Problem with floor,I noticed that the floor is dirty in Library - Second Floor. The floor needs routine cleaning.,INCIDENT,CLEANING_WASTE,CLEANING_WASTE,LOW,LOW,Library - Second Floor,en,security_staff,EASY,False,0,,Cleaning or waste management problem
single_00886,SINGLE,Issue with damaged safety sign,There is a problem with the damaged safety sign at Administration Building - Room 18. The safety information is no longer clearly visible.,INCIDENT,SAFETY_HAZARD,SAFETY_HAZARD,MEDIUM,MEDIUM,Administration Building - Room 18,en,lab_assistant,MEDIUM,False,0,,Reported physical safety hazard
single_00887,SINGLE,Issue with chair,The chair is broken at Engineering Building - Room 101. The chair can still be used with difficulty.,INCIDENT,FURNITURE_FIXTURES,FURNITURE_FIXTURES,LOW,LOW,Engineering Building - Room 101,en,lecturer,MEDIUM,False,0,,Furniture or fixture maintenance problem
single_00888,SINGLE,network connection فيه مشكلة,في مشكلة في network connection في Computer Science Building - Room 203. The connection becomes slow during normal campus use. الموضوع محتاج متابعة بسرعة.,INCIDENT,IT_NETWORK_ACCOUNTS,IT_NETWORK_ACCOUNTS,LOW,HIGH,Computer Science Building - Room 203,ar_eg,admin_staff,EASY,False,0,,Network or account access problem
single_00889,SINGLE,thermostat مش شغال,محتاجين حد يشوف thermostat في Lecture Hall C. The temperature cannot be adjusted normally.,INCIDENT,HVAC_AC,HVAC_AC,MEDIUM,LOW,Lecture Hall C,ar_eg,security_staff,MEDIUM,False,0,,Air conditioning or ventilation issue
single_00890,SINGLE,Issue with elevator,Please check the elevator at Dormitory A - Floor 1. It is out of service. The building has other access routes. Several people may be affected.,INCIDENT,ELECTRICAL,ELEVATOR,HIGH,MEDIUM,Dormitory A - Floor 1,en,admin_staff,HARD,False,0,,Elevator or lift malfunction
single_00891,SINGLE,عطل في microphone,في مشكلة في microphone في Administration Building - Room 12. The microphone is not producing any sound during the current class. الموضوع محتاج متابعة بسرعة. لو سمحت.,INCIDENT,ELECTRICAL,AV_CLASSROOM_EQUIPMENT,MEDIUM,HIGH,Administration Building - Room 12,ar_eg,lecturer,HARD,False,0,,Classroom audio visual equipment issue
single_00892,SINGLE,Problem with outdoor light,The outdoor light is not working at Parking Area. The outdoor area is poorly lit after dark.,INCIDENT,GROUNDS_OUTDOOR,GROUNDS_OUTDOOR,MEDIUM,MEDIUM,Parking Area,en,dorm_resident,MEDIUM,False,0,,Outdoor area or grounds maintenance issue
single_00893,SINGLE,مشكلة في classroom speakers,classroom speakers محتاج متابعة في Engineering Building - Room 101. The problem affects audio during the class. الموضوع محتاج متابعة بسرعة.,INCIDENT,AV_CLASSROOM_EQUIPMENT,AV_CLASSROOM_EQUIPMENT,MEDIUM,HIGH,Engineering Building - Room 101,ar_eg,student,MEDIUM,False,0,,Classroom audio visual equipment issue
single_00894,SINGLE,الأسانسير مش شغال,لاحظت إن elevator فيه مشكلة في Dormitory B - Floor 1. People are currently using the building stairs. الموضوع محتاج متابعة بسرعة.,INCIDENT,BUILDING_STRUCTURE,ELEVATOR,MEDIUM,HIGH,Dormitory B - Floor 1,ar_eg,dorm_resident,HARD,False,0,,Elevator or lift malfunction
single_00895,SINGLE,مشكلة في wall,لاحظت إن wall فيه مشكلة في Science Building - Chemistry Lab. The crack has become more noticeable. لو سمحت.,INCIDENT,BUILDING_STRUCTURE,BUILDING_STRUCTURE,MEDIUM,MEDIUM,Science Building - Chemistry Lab,ar_eg,security_staff,HARD,False,0,,"Building surface, door, window or structural issue"
single_00896,SINGLE,مشكلة في the lecture screen,في مشكلة في lecture screen at Main Lecture Hall. The issue affects the classroom display.,INCIDENT,AV_CLASSROOM_EQUIPMENT,AV_CLASSROOM_EQUIPMENT,MEDIUM,MEDIUM,Main Lecture Hall,mixed,student,HARD,False,0,,Classroom audio visual equipment issue
single_00897,SINGLE,مشكلة في the lift,The lift stopped between floors في Computer Science Building - Lab 1. The elevator requires immediate technical inspection. الموضوع محتاج prompt attention. أكتر من شخص ممكن يكون affected.,INCIDENT,ELEVATOR,ELEVATOR,HIGH,HIGH,Computer Science Building - Lab 1,mixed,security_staff,MEDIUM,False,0,,Elevator or lift malfunction
single_00898,SINGLE,The lecture screen has an issue,The problem is with lecture screen في Lecture Hall C. The issue affects the classroom display. أكتر من شخص ممكن يكون affected.,INCIDENT,AV_CLASSROOM_EQUIPMENT,AV_CLASSROOM_EQUIPMENT,HIGH,MEDIUM,Lecture Hall C,mixed,student,MEDIUM,False,0,,Classroom audio visual equipment issue
single_00899,SINGLE,Ac unit issue,Please check the AC unit at Science Building - Physics Lab. It is making a strange noise. The noise started during the current session. The issue needs prompt attention.,INCIDENT,OTHER,HVAC_AC,LOW,HIGH,Science Building - Physics Lab,en,security_staff,EASY,False,0,,Air conditioning or ventilation issue
single_00900,SINGLE,classroom محتاج تنظيف,محتاجين حد يشوف classroom في Library - First Floor. The area has been used throughout the day.,INCIDENT,CLEANING_WASTE,CLEANING_WASTE,LOW,LOW,Library - First Floor,ar_eg,admin_staff,HARD,False,0,,Cleaning or waste management problem
single_00901,SINGLE,Vpn needs attention,The VPN is not connecting at Engineering Building - Lab 2. The VPN connection fails when access to the university network is required.,INCIDENT,IT_NETWORK_ACCOUNTS,IT_NETWORK_ACCOUNTS,LOW,MEDIUM,Engineering Building - Lab 2,en,dorm_resident,HARD,False,0,,Network or account access problem
single_00902,SINGLE,el desktop computer mehtag check,el desktop computer keeps restarting fe Computer Science Building - Lab 3. The computer restarts while it is being used.,INCIDENT,IT_HARDWARE_PRINTING,IT_HARDWARE_PRINTING,LOW,MEDIUM,Computer Science Building - Lab 3,arabizi,lecturer,MEDIUM,False,0,,Physical computer or printing equipment issue
single_00903,SINGLE,Desk is unstable,Please check the desk at Dormitory A - Floor 2. It is unstable. The desk moves when it is used. The issue needs prompt attention. Several people may be affected. Please check.,INCIDENT,FURNITURE_FIXTURES,FURNITURE_FIXTURES,HIGH,HIGH,Dormitory A - Floor 2,en,lecturer,MEDIUM,False,0,,Furniture or fixture maintenance problem
single_00904,SINGLE,Room issue,I noticed that the room requires inspection in Computer Science Building - Room 203. The reporter could not identify the exact problem.,SERVICE_REQUEST,CLEANING_WASTE,OTHER,MEDIUM,MEDIUM,Computer Science Building - Room 203,en,lecturer,MEDIUM,False,0,,Issue does not fit a specific category
single_00905,SINGLE,Problem with Wi-Fi,The Wi-Fi keeps disconnecting at Library - Second Floor. The connection drops after a few minutes. Please check.,INCIDENT,IT_HARDWARE_PRINTING,IT_NETWORK_ACCOUNTS,MEDIUM,MEDIUM,Library - Second Floor,en,dorm_resident,MEDIUM,False,0,,Network or account access problem
single_00906,SINGLE,Issue with lecture screen,Please check the lecture screen at Computer Science Building - Room 203. It is showing a blank screen. The issue affects the classroom display. The issue needs prompt attention. Several people may be affected.,INCIDENT,AV_CLASSROOM_EQUIPMENT,AV_CLASSROOM_EQUIPMENT,HIGH,HIGH,Computer Science Building - Room 203,en,dorm_resident,EASY,False,0,,Classroom audio visual equipment issue
single_00907,SINGLE,Broken railing issue,There is a problem with the broken railing at Sports Building. The damaged railing is located on a frequently used path. The issue needs prompt attention.,INCIDENT,ELECTRICAL,SAFETY_HAZARD,MEDIUM,HIGH,Sports Building,en,dorm_resident,MEDIUM,False,0,,Reported physical safety hazard
single_00908,SINGLE,مشكلة في the faucet,The problem is with faucet في Dormitory A - Floor 2. The leak continues even when the faucet is closed. please check.,INCIDENT,PLUMBING_WATER,PLUMBING_WATER,LOW,MEDIUM,Dormitory A - Floor 2,mixed,dorm_resident,EASY,False,0,,"Water supply, drainage or plumbing problem"
single_00909,SINGLE,Problem with microphone,في مشكلة في microphone at Engineering Building - Room 101. The microphone is not producing any sound during the current class. أكتر من شخص ممكن يكون affected.,INCIDENT,IT_HARDWARE_PRINTING,AV_CLASSROOM_EQUIPMENT,HIGH,MEDIUM,Engineering Building - Room 101,mixed,lecturer,HARD,False,0,,Classroom audio visual equipment issue
single_00910,SINGLE,Problem with exposed wire,The problem is with exposed wire في Library - First Floor. The exposed wire is accessible in the area. أكتر من شخص ممكن يكون affected.,INCIDENT,SAFETY_HAZARD,SAFETY_HAZARD,HIGH,MEDIUM,Library - First Floor,mixed,admin_staff,HARD,False,0,,Reported physical safety hazard
single_00911,SINGLE,Cabinet does not close properly,There is a problem with the cabinet at Lecture Hall C. The cabinet door remains partially open. The issue needs prompt attention. Please check.,INCIDENT,FURNITURE_FIXTURES,FURNITURE_FIXTURES,LOW,HIGH,Lecture Hall C,en,lecturer,MEDIUM,False,0,,Furniture or fixture maintenance problem
single_00912,SINGLE,Facility issue,Please check the facility at Outdoor Courtyard. It has an unusual issue. The exact cause is not clear.,SERVICE_REQUEST,OTHER,OTHER,LOW,MEDIUM,Outdoor Courtyard,en,admin_staff,MEDIUM,False,0,,Issue does not fit a specific category
single_00913,SINGLE,مشكلة في facility,محتاجين حد يشوف facility في Library - Second Floor. The exact cause is not clear.,INCIDENT,CLEANING_WASTE,OTHER,LOW,MEDIUM,Library - Second Floor,ar_eg,dorm_resident,EASY,False,0,,Issue does not fit a specific category
single_00914,SINGLE,Desk needs attention,There is a problem with the desk at Library - First Floor. The desk moves when it is used. The issue needs prompt attention. Several people may be affected.,INCIDENT,FURNITURE_FIXTURES,FURNITURE_FIXTURES,HIGH,HIGH,Library - First Floor,en,dorm_resident,HARD,False,0,,Furniture or fixture maintenance problem
single_00915,SINGLE,Table needs attention,There is a problem with the table at Outdoor Courtyard. The table does not remain steady during use.,INCIDENT,FURNITURE_FIXTURES,FURNITURE_FIXTURES,LOW,LOW,Outdoor Courtyard,en,dorm_resident,EASY,False,0,,Furniture or fixture maintenance problem
single_00916,SINGLE,Issue with projector,The projector has no signal at Lecture Hall B. Changing the input source did not help. The issue needs prompt attention. Several people may be affected.,INCIDENT,AV_CLASSROOM_EQUIPMENT,AV_CLASSROOM_EQUIPMENT,HIGH,HIGH,Lecture Hall B,en,admin_staff,MEDIUM,False,0,,Classroom audio visual equipment issue
single_00917,SINGLE,Problem with monitor,I noticed that the monitor shows a blank screen in Computer Science Building - Lab 3. The computer is running but nothing appears on the display.,INCIDENT,IT_HARDWARE_PRINTING,IT_HARDWARE_PRINTING,LOW,MEDIUM,Computer Science Building - Lab 3,en,admin_staff,MEDIUM,False,0,,Physical computer or printing equipment issue
single_00918,SINGLE,مشكلة في الأسانسير,لاحظت إن elevator فيه مشكلة في Sports Building. The building has other access routes. الموضوع محتاج متابعة بسرعة. أكتر من شخص ممكن يكون متأثر. لو سمحت.,INCIDENT,ELEVATOR,ELEVATOR,HIGH,HIGH,Sports Building,ar_eg,dorm_resident,MEDIUM,False,0,,Elevator or lift malfunction
single_00919,SINGLE,3atel fe walkway,feh moshkela fel walkway fe Outdoor Courtyard. aktar men 7ad momken ykoon mota2asser. plz check.,INCIDENT,GROUNDS_OUTDOOR,GROUNDS_OUTDOOR,HIGH,MEDIUM,Outdoor Courtyard,arabizi,admin_staff,MEDIUM,False,0,,Outdoor area or grounds maintenance issue
single_00920,SINGLE,Problem with door,The door is damaged at Main Entrance. The damage was noticed today.,INCIDENT,BUILDING_STRUCTURE,BUILDING_STRUCTURE,MEDIUM,MEDIUM,Main Entrance,en,admin_staff,MEDIUM,False,0,,"Building surface, door, window or structural issue"
single_00921,SINGLE,Equipment area issue,I noticed that the equipment area is not functioning normally in Dormitory B - Floor 3. The problem could not be classified more specifically.,INCIDENT,OTHER,OTHER,LOW,MEDIUM,Dormitory B - Floor 3,en,admin_staff,HARD,False,0,,Issue does not fit a specific category
single_00922,SINGLE,Problem with campus network,Please check the campus network at Library - Second Floor. It is not connecting. Other devices in the same area seem to have the same problem. The issue needs prompt attention.,INCIDENT,IT_NETWORK_ACCOUNTS,IT_NETWORK_ACCOUNTS,MEDIUM,HIGH,Library - Second Floor,en,dorm_resident,MEDIUM,False,0,,Network or account access problem
single_00923,SINGLE,مشكلة في campus network,في مشكلة في campus network في Engineering Building - Lab 4. Other devices in the same area seem to have the same problem. أكتر من شخص ممكن يكون متأثر.,INCIDENT,OTHER,IT_NETWORK_ACCOUNTS,HIGH,LOW,Engineering Building - Lab 4,ar_eg,student,EASY,False,0,,Network or account access problem
single_00924,SINGLE,خطر في smoke,لاحظت إن smoke فيه مشكلة في Library - Second Floor. The source of the smoke is not clear. الموضوع محتاج متابعة بسرعة. أكتر من شخص ممكن يكون متأثر.,INCIDENT,SAFETY_HAZARD,SAFETY_HAZARD,HIGH,HIGH,Library - Second Floor,ar_eg,security_staff,MEDIUM,False,0,,Reported physical safety hazard
single_00925,SINGLE,mshkela fe outdoor bench,momken 7ad yshoof el outdoor bench fe Parking Area?,INCIDENT,GROUNDS_OUTDOOR,GROUNDS_OUTDOOR,MEDIUM,LOW,Parking Area,arabizi,lab_assistant,HARD,False,0,,Outdoor area or grounds maintenance issue
single_00926,SINGLE,Elevator panel needs attention,I noticed that the elevator panel is showing an error in Science Building - Physics Lab. The elevator controls are not working normally. Several people may be affected.,INCIDENT,ELEVATOR,ELEVATOR,HIGH,MEDIUM,Science Building - Physics Lab,en,lecturer,MEDIUM,False,0,,Elevator or lift malfunction
single_00927,SINGLE,Problem with service area,I noticed that the service area needs maintenance in Computer Science Building - Lab 1. A technician may need to inspect the area. Several people may be affected.,SERVICE_REQUEST,OTHER,OTHER,HIGH,MEDIUM,Computer Science Building - Lab 1,en,security_staff,MEDIUM,False,0,,Issue does not fit a specific category
single_00928,SINGLE,Issue with university email,The university email cannot be accessed at Engineering Building - Lab 4. The account cannot open the university email service.,INCIDENT,IT_NETWORK_ACCOUNTS,IT_NETWORK_ACCOUNTS,MEDIUM,MEDIUM,Engineering Building - Lab 4,en,lab_assistant,HARD,False,0,,Network or account access problem
single_00929,SINGLE,Scanner issue,There is a problem with the scanner at Library - Second Floor. The scanner cannot be used from the connected computer.,INCIDENT,IT_HARDWARE_PRINTING,IT_HARDWARE_PRINTING,LOW,MEDIUM,Library - Second Floor,en,lab_assistant,HARD,False,0,,Physical computer or printing equipment issue
single_00930,SINGLE,Issue with elevator,There is a problem with the elevator at Dormitory A - Floor 2. People are currently using the building stairs. Several people may be affected.,INCIDENT,ELEVATOR,ELEVATOR,HIGH,MEDIUM,Dormitory A - Floor 2,en,lab_assistant,MEDIUM,False,0,,Elevator or lift malfunction
single_00931,SINGLE,Garden area needs attention,There is a problem with the garden area at Main Entrance. The area needs routine grounds maintenance.,SERVICE_REQUEST,GROUNDS_OUTDOOR,GROUNDS_OUTDOOR,LOW,LOW,Main Entrance,en,security_staff,MEDIUM,False,0,,Outdoor area or grounds maintenance issue
single_00932,SINGLE,Window needs attention,Please check the window at Outdoor Courtyard. It does not close properly. The room is still accessible but the window needs repair.,INCIDENT,BUILDING_STRUCTURE,BUILDING_STRUCTURE,MEDIUM,MEDIUM,Outdoor Courtyard,en,admin_staff,HARD,False,0,,"Building surface, door, window or structural issue"
single_00933,SINGLE,Desk needs attention,There is a problem with the desk at Sports Building The desk moves when it is used. The issue needs prompt attention.,INCIDENT,FURNITURE_FIXTURES,FURNITURE_FIXTURES,LOW,HIGH,Sports Building,en,dorm_resident,HARD,False,0,,Furniture or fixture maintenance problem
single_00934,SINGLE,Drain is blocked,I noticed that the drain is blocked in Library - Second Floor. Water is draining very slowly.,INCIDENT,PLUMBING_WATER,PLUMBING_WATER,MEDIUM,MEDIUM,Library - Second Floor,en,lecturer,EASY,False,0,,"Water supply, drainage or plumbing problem"
single_00935,SINGLE,Microphone has no sound,Please check the microphone at Lecture Hall C. It has no sound. The microphone is not producing any sound during the current class.,INCIDENT,IT_HARDWARE_PRINTING,AV_CLASSROOM_EQUIPMENT,MEDIUM,MEDIUM,Lecture Hall C,en,student,MEDIUM,False,0,,Classroom audio visual equipment issue
single_00936,SINGLE,Student account does not accept the password,The student account does not accept the password at Library - First Floor. The password is correct but the login keeps failing.,INCIDENT,OTHER,IT_NETWORK_ACCOUNTS,LOW,MEDIUM,Library - First Floor,en,dorm_resident,MEDIUM,False,0,,Network or account access problem
single_00937,SINGLE,Chair is broken,I noticed that the chair is broken in Main Entrance. The chair can still be used with difficulty.,INCIDENT,FURNITURE_FIXTURES,FURNITURE_FIXTURES,LOW,LOW,Main Entrance,en,dorm_resident,MEDIUM,False,0,,Furniture or fixture maintenance problem
single_00938,SINGLE,Ac unit issue,The AC unit is leaking water at Main Entrance. Water is appearing below the unit. The issue needs prompt attention. Several people may be affected.,INCIDENT,HVAC_AC,HVAC_AC,HIGH,HIGH,Main Entrance,en,security_staff,MEDIUM,False,0,,Air conditioning or ventilation issue
single_00939,SINGLE,مشكلة في walkway,في مشكلة في walkway at Main Entrance. Part of the walkway cannot be used normally.,INCIDENT,GROUNDS_OUTDOOR,GROUNDS_OUTDOOR,MEDIUM,MEDIUM,Main Entrance,mixed,dorm_resident,EASY,False,0,,Outdoor area or grounds maintenance issue
single_00940,SINGLE,مشكلة في ceiling light,لاحظت إن ceiling light فيه مشكلة في Sports Building. The room is less visible because the light is not working. لو سمحت.,INCIDENT,ELECTRICAL,ELECTRICAL,MEDIUM,MEDIUM,Sports Building,ar_eg,lecturer,MEDIUM,False,0,,Electrical power or lighting problem
single_00941,SINGLE,Problem with keyboard,There is a problem with the keyboard at Computer Science Building - Lab 3. Several keys do not respond when pressed. The issue needs prompt attention.,INCIDENT,IT_HARDWARE_PRINTING,IT_HARDWARE_PRINTING,LOW,HIGH,Computer Science Building - Lab 3,en,dorm_resident,EASY,False,0,,Physical computer or printing equipment issue
single_00942,SINGLE,el broken railing mehtag check,momken 7ad yshoof el broken railing fe Administration Building - Room 18? plz,INCIDENT,SAFETY_HAZARD,SAFETY_HAZARD,MEDIUM,MEDIUM,Administration Building - Room 18,arabizi,dorm_resident,HARD,False,0,,Reported physical safety hazard
single_00943,SINGLE,3atel fe mouse,feh moshkela fel mouse fe Science Building - Physics Lab.,INCIDENT,IT_HARDWARE_PRINTING,IT_HARDWARE_PRINTING,LOW,LOW,Science Building - Physics Lab,arabizi,lecturer,MEDIUM,False,0,,Physical computer or printing equipment issue
single_00944,SINGLE,cabinet فيه مشكلة,لاحظت إن cabinet فيه مشكلة في Student Affairs Office. The cabinet door remains partially open.,INCIDENT,FURNITURE_FIXTURES,FURNITURE_FIXTURES,LOW,LOW,Student Affairs Office,ar_eg,security_staff,EASY,False,0,,Furniture or fixture maintenance problem
single_00945,SINGLE,Service area needs maintenance,There is a problem with the service area at Administration Building - Room 12. A technician may need to inspect the area.,SERVICE_REQUEST,OTHER,OTHER,MEDIUM,MEDIUM,Administration Building - Room 12,en,lab_assistant,MEDIUM,False,0,,Issue does not fit a specific category
single_00946,SINGLE,Power outlet needs attention,There is a problem with the power outlet at Computer Science Building - Lab 3 The outlet is needed for equipment in the room.,INCIDENT,ELECTRICAL,ELECTRICAL,MEDIUM,MEDIUM,Computer Science Building - Lab 3,en,security_staff,MEDIUM,False,0,,Electrical power or lighting problem
single_00947,SINGLE,Common area needs attention,The common area has a strong odor at Dormitory A - Floor 1. The odor was noticed recently in the area. The issue needs prompt attention. Several people may be affected.,INCIDENT,CLEANING_WASTE,CLEANING_WASTE,HIGH,HIGH,Dormitory A - Floor 1,en,dorm_resident,EASY,False,0,,Cleaning or waste management problem
single_00948,SINGLE,Problem with floor,There is a problem with the floor at Dormitory A - Floor 2. The floor needs routine cleaning.,INCIDENT,CLEANING_WASTE,CLEANING_WASTE,MEDIUM,MEDIUM,Dormitory A - Floor 2,en,security_staff,EASY,False,0,,Cleaning or waste management problem
single_00949,SINGLE,عطل في light,في مشكلة في light في Outdoor Courtyard. The light turns off and on repeatedly. الموضوع محتاج متابعة بسرعة.,INCIDENT,ELECTRICAL,ELECTRICAL,LOW,HIGH,Outdoor Courtyard,ar_eg,student,EASY,False,0,,Electrical power or lighting problem
single_00950,SINGLE,Problem with water supply,There is a problem with the water supply at Sports Building. The bathroom cannot be used normally.,INCIDENT,PLUMBING_WATER,PLUMBING_WATER,MEDIUM,MEDIUM,Sports Building,en,admin_staff,HARD,False,0,,"Water supply, drainage or plumbing problem"
single_00951,SINGLE,Issue with scanner,I noticed that the scanner does not detect the device in Computer Science Building - Room 203. The scanner cannot be used from the connected computer. Several people may be affected.,INCIDENT,IT_HARDWARE_PRINTING,IT_HARDWARE_PRINTING,HIGH,MEDIUM,Computer Science Building - Room 203,en,security_staff,HARD,False,0,,Physical computer or printing equipment issue
single_00952,SINGLE,مشكلة في the toilet,محتاجين حد يشوف the toilet في Administration Building - Room 12. الموضوع محتاج prompt attention. أكتر من شخص ممكن يكون affected.,INCIDENT,PLUMBING_WATER,PLUMBING_WATER,HIGH,HIGH,Administration Building - Room 12,mixed,admin_staff,HARD,False,0,,"Water supply, drainage or plumbing problem"
single_00953,SINGLE,Issue with scanner,Please check the scanner at Library - Second Floor. It does not detect the device. The scanner cannot be used from the connected computer.,INCIDENT,IT_HARDWARE_PRINTING,IT_HARDWARE_PRINTING,MEDIUM,MEDIUM,Library - Second Floor,en,dorm_resident,MEDIUM,False,0,,Physical computer or printing equipment issue
single_00954,SINGLE,مشكلة صيانة غير واضحة,محتاجين حد يشوف facility في Administration Building - Room 12. The exact cause is not clear.,SERVICE_REQUEST,OTHER,OTHER,MEDIUM,MEDIUM,Administration Building - Room 12,ar_eg,lecturer,MEDIUM,False,0,,Issue does not fit a specific category
single_00955,SINGLE,el exposed wire mehtag check,el exposed wire creates a safety concern fe Dormitory B - Floor 1. The exposed wire is accessible in the area. el mawdoo3 mehtag check بسرعة. aktar men 7ad momken ykoon mota2asser. plz check.,INCIDENT,SAFETY_HAZARD,SAFETY_HAZARD,HIGH,HIGH,Dormitory B - Floor 1,arabizi,lab_assistant,HARD,False,0,,Reported physical safety hazard
single_00956,SINGLE,Ceiling issue,I noticed that the ceiling is damaged in Main Lecture Hall. The damage is limited to one area.,INCIDENT,BUILDING_STRUCTURE,BUILDING_STRUCTURE,MEDIUM,LOW,Main Lecture Hall,en,student,MEDIUM,False,0,,"Building surface, door, window or structural issue"
single_00957,SINGLE,Equipment area is not functioning normally,The equipment area is not functioning normally at Administration Building - Room 18. The problem could not be classified more specifically.,SERVICE_REQUEST,OTHER,OTHER,MEDIUM,MEDIUM,Administration Building - Room 18,en,dorm_resident,MEDIUM,False,0,,Issue does not fit a specific category
single_00958,SINGLE,Issue with printer,Please check the printer at Computer Science Building - Lab 1. It is not printing. The printer worked normally earlier today.,INCIDENT,IT_NETWORK_ACCOUNTS,IT_HARDWARE_PRINTING,MEDIUM,MEDIUM,Computer Science Building - Lab 1,en,lecturer,MEDIUM,False,0,,Physical computer or printing equipment issue
single_00959,SINGLE,مشكلة صيانة غير واضحة,محتاجين حد يشوف room في Engineering Building - Room 101. The reporter could not identify the exact problem.,SERVICE_REQUEST,OTHER,OTHER,MEDIUM,MEDIUM,Engineering Building - Room 101,ar_eg,lab_assistant,MEDIUM,False,0,,Issue does not fit a specific category
single_00960,SINGLE,The lift has an issue,محتاجين حد يشوف the lift في Science Building - Chemistry Lab. الموضوع محتاج prompt attention.,INCIDENT,ELECTRICAL,ELEVATOR,MEDIUM,HIGH,Science Building - Chemistry Lab,mixed,security_staff,MEDIUM,False,0,,Elevator or lift malfunction
single_00961,SINGLE,3atel fe vent,el moshkela fe vent zahret fe Dormitory A - Floor 1.,INCIDENT,HVAC_AC,HVAC_AC,LOW,LOW,Dormitory A - Floor 1,arabizi,lecturer,EASY,False,0,,Air conditioning or ventilation issue
single_00962,SINGLE,Issue with door,I noticed that the door is damaged in Computer Science Building - Room 203. The damage was noticed today. Please check.,INCIDENT,BUILDING_STRUCTURE,BUILDING_STRUCTURE,MEDIUM,MEDIUM,Computer Science Building - Room 203,en,dorm_resident,MEDIUM,False,0,,"Building surface, door, window or structural issue"
single_00963,SINGLE,خطر في slippery floor,محتاجين حد يشوف slippery floor في Library - First Floor. People are still using the area. الموضوع محتاج متابعة بسرعة. أكتر من شخص ممكن يكون متأثر.,INCIDENT,BUILDING_STRUCTURE,SAFETY_HAZARD,HIGH,HIGH,Library - First Floor,ar_eg,lecturer,HARD,False,0,,Reported physical safety hazard
single_00964,SINGLE,3atel fe door handle,el door handle is loose fe Dormitory B - Floor 1. The handle moves when the door is opened.,INCIDENT,FURNITURE_FIXTURES,FURNITURE_FIXTURES,MEDIUM,MEDIUM,Dormitory B - Floor 1,arabizi,student,HARD,False,0,,Furniture or fixture maintenance problem
single_00965,SINGLE,Scanner needs attention,Please check the scanner at Computer Science Building - Lab 3. It does not detect the device. The scanner cannot be used from the connected computer.,INCIDENT,IT_HARDWARE_PRINTING,IT_HARDWARE_PRINTING,MEDIUM,MEDIUM,Computer Science Building - Lab 3,en,security_staff,EASY,False,0,,Physical computer or printing equipment issue
single_00966,SINGLE,Problem with campus network,The campus network is not connecting في Computer Science Building - Room 203. Other devices in the same area seem to have the same problem. أكتر من شخص ممكن يكون affected. please,INCIDENT,OTHER,IT_NETWORK_ACCOUNTS,HIGH,MEDIUM,Computer Science Building - Room 203,mixed,lecturer,HARD,False,0,,Network or account access problem
single_00967,SINGLE,Issue with equipment area,There is a problem with the equipment area at Lecture Hall C. The problem could not be classified more specifically.,SERVICE_REQUEST,OTHER,OTHER,MEDIUM,MEDIUM,Lecture Hall C,en,security_staff,MEDIUM,False,0,,Issue does not fit a specific category
single_00968,SINGLE,Issue with classroom,There is a problem with the classroom at Lecture Hall C. The area has been used throughout the day.,INCIDENT,OTHER,CLEANING_WASTE,LOW,LOW,Lecture Hall C,en,lecturer,EASY,False,0,,Cleaning or waste management problem
single_00969,SINGLE,مشكلة في the common area,في مشكلة في common area at Dormitory B - Floor 1. The odor was noticed recently in the area. الموضوع محتاج prompt attention.,INCIDENT,CLEANING_WASTE,CLEANING_WASTE,MEDIUM,HIGH,Dormitory B - Floor 1,mixed,admin_staff,MEDIUM,False,0,,Cleaning or waste management problem
single_00970,SINGLE,Light issue,The light is flickering at Administration Building - Room 12. The light turns off and on repeatedly.,INCIDENT,ELECTRICAL,ELECTRICAL,LOW,LOW,Administration Building - Room 12,en,lecturer,MEDIUM,False,0,,Electrical power or lighting problem
single_00971,SINGLE,sink فيه مشكلة,محتاجين حد يشوف sink في Cafeteria. Water is collecting on the floor. الموضوع محتاج متابعة بسرعة.,INCIDENT,PLUMBING_WATER,PLUMBING_WATER,MEDIUM,HIGH,Cafeteria,ar_eg,admin_staff,HARD,False,0,,"Water supply, drainage or plumbing problem"
single_00972,SINGLE,Problem with elevator panel,The elevator panel is showing an error في Computer Science Building - Lab 3. The elevator controls are not working normally. الموضوع محتاج prompt attention.,INCIDENT,BUILDING_STRUCTURE,ELEVATOR,LOW,HIGH,Computer Science Building - Lab 3,mixed,lab_assistant,HARD,False,0,,Elevator or lift malfunction
single_00973,SINGLE,مشكلة في the elevator,The elevator is out of service في Engineering Building - Lab 4. The building has other access routes. الموضوع محتاج prompt attention.,INCIDENT,SAFETY_HAZARD,ELEVATOR,MEDIUM,HIGH,Engineering Building - Lab 4,mixed,lecturer,HARD,False,0,,Elevator or lift malfunction
single_00974,SINGLE,Corridor needs attention,There is a problem with the corridor at Dormitory A - Floor 1. The corridor needs its regular cleaning service.,INCIDENT,CLEANING_WASTE,CLEANING_WASTE,LOW,LOW,Dormitory A - Floor 1,en,admin_staff,EASY,False,0,,Cleaning or waste management problem
single_00975,SINGLE,Obstruction issue,I noticed that the obstruction is blocking part of the area in Computer Science Building - Lab 1. The obstruction reduces the usable path. The issue needs prompt attention.,INCIDENT,SAFETY_HAZARD,SAFETY_HAZARD,MEDIUM,HIGH,Computer Science Building - Lab 1,en,security_staff,MEDIUM,False,0,,Reported physical safety hazard
single_00976,SINGLE,Issue with shelf,The shelf needs repair at Library - First Floor. The shelf is loose and needs maintenance.,INCIDENT,FURNITURE_FIXTURES,FURNITURE_FIXTURES,LOW,LOW,Library - First Floor,en,admin_staff,MEDIUM,False,0,,Furniture or fixture maintenance problem
single_00977,SINGLE,Door is damaged,I noticed that the door is damaged in Dormitory B - Floor 1. The damage was noticed today. The issue needs prompt attention.,INCIDENT,BUILDING_STRUCTURE,BUILDING_STRUCTURE,MEDIUM,HIGH,Dormitory B - Floor 1,en,admin_staff,MEDIUM,False,0,,"Building surface, door, window or structural issue"
single_00978,SINGLE,Issue with ceiling panel,There is a problem with the ceiling panel at Cafeteria. The panel needs to be inspected before it becomes unsafe. The issue needs prompt attention.,INCIDENT,FURNITURE_FIXTURES,BUILDING_STRUCTURE,MEDIUM,HIGH,Cafeteria,en,dorm_resident,MEDIUM,False,0,,"Building surface, door, window or structural issue"
single_00979,SINGLE,عطل في classroom speakers,محتاجين حد يشوف classroom speakers في Computer Science Building - Room 203. The problem affects audio during the class. الموضوع محتاج متابعة بسرعة. أكتر من شخص ممكن يكون متأثر. ضروري شوية,INCIDENT,AV_CLASSROOM_EQUIPMENT,AV_CLASSROOM_EQUIPMENT,HIGH,HIGH,Computer Science Building - Room 203,ar_eg,lecturer,EASY,False,0,,Classroom audio visual equipment issue
single_00980,SINGLE,عطل في AC unit,لاحظت إن AC unit فيه مشكلة في Main Entrance. Water is appearing below the unit. الموضوع محتاج متابعة بسرعة.,INCIDENT,HVAC_AC,HVAC_AC,MEDIUM,HIGH,Main Entrance,ar_eg,dorm_resident,MEDIUM,False,0,,Air conditioning or ventilation issue
single_00981,SINGLE,3atel fe wall socket,feh moshkela fel wall socket fe Science Building - Chemistry Lab.,INCIDENT,OTHER,ELECTRICAL,MEDIUM,LOW,Science Building - Chemistry Lab,arabizi,admin_staff,MEDIUM,False,0,,Electrical power or lighting problem
single_00982,SINGLE,Wall socket issue,There is a problem with the wall socket at Main Entrance. Other sockets in the room still have power.,INCIDENT,ELECTRICAL,ELECTRICAL,MEDIUM,LOW,Main Entrance,en,security_staff,MEDIUM,False,0,,Electrical power or lighting problem
single_00983,SINGLE,مشكلة سلامة في exposed wire,لاحظت إن exposed wire فيه مشكلة في Engineering Building - Room 101. The exposed wire is accessible in the area. الموضوع محتاج متابعة بسرعة. أكتر من شخص ممكن يكون متأثر.,INCIDENT,SAFETY_HAZARD,SAFETY_HAZARD,HIGH,HIGH,Engineering Building - Room 101,ar_eg,admin_staff,HARD,False,0,,Reported physical safety hazard
single_00984,SINGLE,Issue with water pipe,I noticed that the water pipe is leaking in Administration Building - Room 12. The leak becomes worse when the water is used. The issue needs prompt attention. Several people may be affected.,INCIDENT,PLUMBING_WATER,PLUMBING_WATER,HIGH,HIGH,Administration Building - Room 12,en,security_staff,HARD,False,0,,"Water supply, drainage or plumbing problem"
single_00985,SINGLE,عطل في air conditioning system,air conditioning system محتاج متابعة في Outdoor Courtyard. The room is not cooling normally.,INCIDENT,PLUMBING_WATER,HVAC_AC,MEDIUM,MEDIUM,Outdoor Courtyard,ar_eg,lecturer,EASY,False,0,,Air conditioning or ventilation issue
single_00986,SINGLE,Problem with elevator,There is a problem with the elevator at Sports Building. People are currently using the building stairs. The issue needs prompt attention. Several people may be affected.,INCIDENT,SAFETY_HAZARD,ELEVATOR,HIGH,HIGH,Sports Building,en,admin_staff,HARD,False,0,,Elevator or lift malfunction
single_00987,SINGLE,el student account feh moshkela,el student account does not accept the password fe Library - First Floor. The password is correct but the login keeps failing. el mawdoo3 mehtag check بسرعة.,INCIDENT,IT_NETWORK_ACCOUNTS,IT_NETWORK_ACCOUNTS,MEDIUM,HIGH,Library - First Floor,arabizi,admin_staff,MEDIUM,False,0,,Network or account access problem
single_00988,SINGLE,Faucet issue,The faucet is dripping at Sports Building. The leak continues even when the faucet is closed.,INCIDENT,PLUMBING_WATER,PLUMBING_WATER,MEDIUM,MEDIUM,Sports Building,en,student,MEDIUM,False,0,,"Water supply, drainage or plumbing problem"
single_00989,SINGLE,Problem with thermostat,The thermostat is not responding at Main Entrance. The temperature cannot be adjusted normally.,INCIDENT,HVAC_AC,HVAC_AC,MEDIUM,MEDIUM,Main Entrance,en,lab_assistant,MEDIUM,False,0,,Air conditioning or ventilation issue
single_00990,SINGLE,مشكلة في the AC unit,The AC unit is making a strange noise في Main Entrance. The noise started during the current session.,INCIDENT,HVAC_AC,HVAC_AC,MEDIUM,MEDIUM,Main Entrance,mixed,admin_staff,MEDIUM,False,0,,Air conditioning or ventilation issue
single_00991,SINGLE,مشكلة سلامة في damaged safety sign,damaged safety sign محتاج متابعة في Outdoor Courtyard. The safety information is no longer clearly visible. أكتر من شخص ممكن يكون متأثر.,INCIDENT,SAFETY_HAZARD,SAFETY_HAZARD,HIGH,MEDIUM,Outdoor Courtyard,ar_eg,lecturer,HARD,False,0,,Reported physical safety hazard
single_00992,SINGLE,Smoke issue,There is a problem with the smoke at Engineering Building - Lab 4. The source of the smoke is not clear. The issue needs prompt attention. Several people may be affected.,INCIDENT,SAFETY_HAZARD,SAFETY_HAZARD,HIGH,HIGH,Engineering Building - Lab 4,en,lab_assistant,HARD,False,0,,Reported physical safety hazard
single_00993,SINGLE,Window does not close properly,Please check the window at Computer Science Building - Room 203. It does not close properly. The room is still accessible but the window needs repair.,INCIDENT,BUILDING_STRUCTURE,BUILDING_STRUCTURE,MEDIUM,MEDIUM,Computer Science Building - Room 203,en,security_staff,MEDIUM,False,0,,"Building surface, door, window or structural issue"
single_00994,SINGLE,Issue with campus network,The campus network is not connecting at Engineering Building - Lab 2. Other devices in the same area seem to have the same problem. The issue needs prompt attention. Several people may be affected.,INCIDENT,OTHER,IT_NETWORK_ACCOUNTS,HIGH,HIGH,Engineering Building - Lab 2,en,lab_assistant,HARD,False,0,,Network or account access problem
single_00995,SINGLE,sink فيه مشكلة,في مشكلة في sink في Dormitory A - Floor 1. Water is collecting on the floor.,INCIDENT,PLUMBING_WATER,PLUMBING_WATER,MEDIUM,MEDIUM,Dormitory A - Floor 1,ar_eg,lab_assistant,HARD,False,0,,"Water supply, drainage or plumbing problem"
single_00996,SINGLE,cabinet فيه مشكلة,لاحظت إن cabinet فيه مشكلة في Main Lecture Hall. The cabinet door remains partially open.,INCIDENT,FURNITURE_FIXTURES,FURNITURE_FIXTURES,LOW,MEDIUM,Main Lecture Hall,ar_eg,student,EASY,False,0,,Furniture or fixture maintenance problem
single_00997,SINGLE,مشكلة في الأسانسير,محتاجين حد يشوف elevator panel في Computer Science Building - Room 203. The elevator controls are not working normally. الموضوع محتاج متابعة بسرعة. أكتر من شخص ممكن يكون متأثر.,INCIDENT,ELEVATOR,ELEVATOR,HIGH,HIGH,Computer Science Building - Room 203,ar_eg,student,MEDIUM,False,0,,Elevator or lift malfunction
single_00998,SINGLE,مشكلة في air conditioner,في مشكلة في air conditioner في Student Affairs Office. The room becomes uncomfortable after some time.,INCIDENT,HVAC_AC,HVAC_AC,MEDIUM,MEDIUM,Student Affairs Office,ar_eg,admin_staff,HARD,False,0,,Air conditioning or ventilation issue
single_00999,SINGLE,عطل في university email,محتاجين حد يشوف university email في Computer Science Building - Room 203. The account cannot open the university email service. الموضوع محتاج متابعة بسرعة.,INCIDENT,IT_NETWORK_ACCOUNTS,IT_NETWORK_ACCOUNTS,MEDIUM,HIGH,Computer Science Building - Room 203,ar_eg,student,MEDIUM,False,0,,Network or account access problem
single_01000,SINGLE,مشكلة في wall,لاحظت إن wall فيه مشكلة في Dormitory A - Floor 1. The crack has become more noticeable.,INCIDENT,BUILDING_STRUCTURE,BUILDING_STRUCTURE,LOW,LOW,Dormitory A - Floor 1,ar_eg,dorm_resident,MEDIUM,False,0,,"Building surface, door, window or structural issue"
single_01001,SINGLE,عطل في outdoor light,outdoor light محتاج متابعة في Parking Area. The outdoor area is poorly lit after dark. لو سمحت.,INCIDENT,GROUNDS_OUTDOOR,GROUNDS_OUTDOOR,MEDIUM,LOW,Parking Area,ar_eg,student,EASY,False,0,,Outdoor area or grounds maintenance issue
single_01002,SINGLE,Outdoor bench issue,I noticed that the outdoor bench is damaged in Main Entrance. The bench needs maintenance before regular use.,INCIDENT,GROUNDS_OUTDOOR,GROUNDS_OUTDOOR,LOW,MEDIUM,Main Entrance,en,lab_assistant,EASY,False,0,,Outdoor area or grounds maintenance issue
single_01003,SINGLE,University email needs attention,Please check the university email at Computer Science Building - Room 203. It cannot be accessed. The account cannot open the university email service.,INCIDENT,IT_NETWORK_ACCOUNTS,IT_NETWORK_ACCOUNTS,MEDIUM,LOW,Computer Science Building - Room 203,en,admin_staff,MEDIUM,False,0,,Network or account access problem
single_01004,SINGLE,Exposed wire issue,The exposed wire creates a safety concern at Main Entrance. The exposed wire is accessible in the area. The issue needs prompt attention. Several people may be affected.,INCIDENT,SAFETY_HAZARD,SAFETY_HAZARD,HIGH,HIGH,Main Entrance,en,lab_assistant,HARD,False,0,,Reported physical safety hazard
single_01005,SINGLE,campus network فيه مشكلة,campus network محتاج متابعة في Library - First Floor. Other devices in the same area seem to have the same problem. الموضوع محتاج متابعة بسرعة. أكتر من شخص ممكن يكون متأثر.,INCIDENT,IT_NETWORK_ACCOUNTS,IT_NETWORK_ACCOUNTS,HIGH,HIGH,Library - First Floor,ar_eg,dorm_resident,HARD,False,0,,Network or account access problem
single_01006,SINGLE,Bathroom needs attention,I noticed that the bathroom needs cleaning in Dormitory B - Floor 1. Regular cleaning is needed before normal use.,SERVICE_REQUEST,CLEANING_WASTE,CLEANING_WASTE,MEDIUM,LOW,Dormitory B - Floor 1,en,lecturer,EASY,False,0,,Cleaning or waste management problem
single_01007,SINGLE,Water supply needs attention,There is a problem with the water supply at Administration Building - Room 18. The bathroom cannot be used normally.,INCIDENT,PLUMBING_WATER,PLUMBING_WATER,LOW,LOW,Administration Building - Room 18,en,dorm_resident,MEDIUM,False,0,,"Water supply, drainage or plumbing problem"
single_01008,SINGLE,Equipment area issue,Please check the equipment area at Dormitory B - Floor 1. It is not functioning normally. The problem could not be classified more specifically. Several people may be affected.,SERVICE_REQUEST,BUILDING_STRUCTURE,OTHER,HIGH,MEDIUM,Dormitory B - Floor 1,en,admin_staff,MEDIUM,False,0,,Issue does not fit a specific category
single_01009,SINGLE,mshkela fe desk,momken 7ad yshoof el desk fe Computer Science Building - Room 203?,INCIDENT,FURNITURE_FIXTURES,FURNITURE_FIXTURES,MEDIUM,LOW,Computer Science Building - Room 203,arabizi,student,MEDIUM,False,0,,Furniture or fixture maintenance problem
single_01010,SINGLE,The smart board has an issue,The problem is with smart board في Administration Building - Room 18. The board does not respond when the instructor interacts with it.,INCIDENT,ELECTRICAL,AV_CLASSROOM_EQUIPMENT,LOW,MEDIUM,Administration Building - Room 18,mixed,admin_staff,HARD,False,0,,Classroom audio visual equipment issue
single_01011,SINGLE,The obstruction has an issue,محتاجين حد يشوف the obstruction في Dormitory A - Floor 2. الموضوع محتاج prompt attention.,INCIDENT,BUILDING_STRUCTURE,SAFETY_HAZARD,MEDIUM,HIGH,Dormitory A - Floor 2,mixed,security_staff,HARD,False,0,,Reported physical safety hazard
single_01012,SINGLE,Projector needs attention,Please check the projector at Administration Building - Room 12. It has no signal. Changing the input source did not help. The issue needs prompt attention. Several people may be affected.,INCIDENT,ELECTRICAL,AV_CLASSROOM_EQUIPMENT,HIGH,HIGH,Administration Building - Room 12,en,lab_assistant,HARD,False,0,,Classroom audio visual equipment issue
single_01013,SINGLE,Issue with chair,The chair is broken at Dormitory A - Floor 1. The chair can still be used with difficulty.,INCIDENT,FURNITURE_FIXTURES,FURNITURE_FIXTURES,LOW,MEDIUM,Dormitory A - Floor 1,en,security_staff,EASY,False,0,,Furniture or fixture maintenance problem
single_01014,SINGLE,Power supply needs attention,I noticed that the power supply keeps turning off in Engineering Building - Room 101. The equipment loses power repeatedly. The issue needs prompt attention. Several people may be affected.,INCIDENT,OTHER,ELECTRICAL,HIGH,HIGH,Engineering Building - Room 101,en,admin_staff,MEDIUM,False,0,,Electrical power or lighting problem
single_01015,SINGLE,Smart board is not responding,I noticed that the smart board is not responding in Computer Science Building - Room 203. The board does not respond when the instructor interacts with it.,INCIDENT,AV_CLASSROOM_EQUIPMENT,AV_CLASSROOM_EQUIPMENT,LOW,MEDIUM,Computer Science Building - Room 203,en,dorm_resident,MEDIUM,False,0,,Classroom audio visual equipment issue
single_01016,SINGLE,Floor tile issue,I noticed that the floor tile is damaged in Administration Building - Room 12. The damaged tile is located in a frequently used area.,INCIDENT,BUILDING_STRUCTURE,BUILDING_STRUCTURE,MEDIUM,MEDIUM,Administration Building - Room 12,en,lecturer,MEDIUM,False,0,,"Building surface, door, window or structural issue"
single_01017,SINGLE,el outdoor light mehtag check,momken 7ad yshoof el outdoor light fe Outdoor Courtyard?,INCIDENT,BUILDING_STRUCTURE,GROUNDS_OUTDOOR,MEDIUM,MEDIUM,Outdoor Courtyard,arabizi,lab_assistant,EASY,False,0,,Outdoor area or grounds maintenance issue
single_01018,SINGLE,Floor issue,Please check the floor at Dormitory B - Floor 1. It is dirty. The floor needs routine cleaning.,INCIDENT,CLEANING_WASTE,CLEANING_WASTE,LOW,LOW,Dormitory B - Floor 1,en,student,EASY,False,0,,Cleaning or waste management problem
single_01019,SINGLE,Problem with walkway,في مشكلة في walkway at Outdoor Courtyard. Part of the walkway cannot be used normally.,INCIDENT,GROUNDS_OUTDOOR,GROUNDS_OUTDOOR,MEDIUM,LOW,Outdoor Courtyard,mixed,dorm_resident,MEDIUM,False,0,,Outdoor area or grounds maintenance issue
single_01020,SINGLE,Problem with facility,The problem is with facility في Science Building - Physics Lab. The exact cause is not clear.,INCIDENT,OTHER,OTHER,MEDIUM,MEDIUM,Science Building - Physics Lab,mixed,lecturer,MEDIUM,False,0,,Issue does not fit a specific category
single_01021,SINGLE,Issue with USB port,There is a problem with the USB port at Computer Science Building - Lab 3. Connected devices are not recognized by the computer.,INCIDENT,IT_HARDWARE_PRINTING,IT_HARDWARE_PRINTING,LOW,LOW,Computer Science Building - Lab 3,en,admin_staff,EASY,False,0,,Physical computer or printing equipment issue
single_01022,SINGLE,Elevator issue,I noticed that the elevator is out of service in Administration Building - Room 18. The building has other access routes. The issue needs prompt attention. Several people may be affected.,INCIDENT,ELEVATOR,ELEVATOR,HIGH,HIGH,Administration Building - Room 18,en,lecturer,HARD,False,0,,Elevator or lift malfunction
single_01023,SINGLE,Problem with toilet,The toilet is overflowing at Computer Science Building - Lab 1. Water is spreading around the bathroom area. The issue needs prompt attention.,INCIDENT,PLUMBING_WATER,PLUMBING_WATER,MEDIUM,HIGH,Computer Science Building - Lab 1,en,dorm_resident,HARD,False,0,,"Water supply, drainage or plumbing problem"
single_01024,SINGLE,Problem with lift,There is a problem with the lift at Sports Building. The elevator requires immediate technical inspection. The issue needs prompt attention. Several people may be affected.,INCIDENT,ELEVATOR,ELEVATOR,HIGH,HIGH,Sports Building,en,security_staff,HARD,False,0,,Elevator or lift malfunction
single_01025,SINGLE,مشكلة في the elevator door,محتاجين حد يشوف the elevator door في Computer Science Building - Lab 3. الموضوع محتاج prompt attention. أكتر من شخص ممكن يكون affected. please check.,INCIDENT,ELEVATOR,ELEVATOR,HIGH,HIGH,Computer Science Building - Lab 3,mixed,lab_assistant,MEDIUM,False,0,,Elevator or lift malfunction
single_01026,SINGLE,Issue with mouse,The mouse stopped responding at Engineering Building - Lab 4. The pointer does not move normally.,INCIDENT,IT_HARDWARE_PRINTING,IT_HARDWARE_PRINTING,MEDIUM,MEDIUM,Engineering Building - Lab 4,en,security_staff,EASY,False,0,,Physical computer or printing equipment issue
single_01027,SINGLE,Problem with room,The problem is with room في Lecture Hall C. The reporter could not identify the exact problem.,SERVICE_REQUEST,OTHER,OTHER,MEDIUM,MEDIUM,Lecture Hall C,mixed,student,MEDIUM,False,0,,Issue does not fit a specific category
single_01028,SINGLE,The floor has an issue,في مشكلة في floor at Dormitory B - Floor 1. The floor needs routine cleaning.,INCIDENT,CLEANING_WASTE,CLEANING_WASTE,LOW,LOW,Dormitory B - Floor 1,mixed,student,EASY,False,0,,Cleaning or waste management problem
single_01029,SINGLE,Problem with slippery floor,في مشكلة في slippery floor at Dormitory B - Floor 3. People are still using the area. الموضوع محتاج prompt attention.,INCIDENT,SAFETY_HAZARD,SAFETY_HAZARD,MEDIUM,HIGH,Dormitory B - Floor 3,mixed,student,HARD,False,0,,Reported physical safety hazard
single_01030,SINGLE,Campus network issue,The campus network is not connecting at Engineering Building - Lab 4. Other devices in the same area seem to have the same problem. The issue needs prompt attention. Several people may be affected.,INCIDENT,IT_NETWORK_ACCOUNTS,IT_NETWORK_ACCOUNTS,HIGH,HIGH,Engineering Building - Lab 4,en,lab_assistant,HARD,False,0,,Network or account access problem
single_01031,SINGLE,Issue with USB port,The USB port does not detect the device at Library - First Floor. Connected devices are not recognized by the computer.,INCIDENT,IT_HARDWARE_PRINTING,IT_HARDWARE_PRINTING,MEDIUM,LOW,Library - First Floor,en,lecturer,MEDIUM,False,0,,Physical computer or printing equipment issue
single_01032,SINGLE,مشكلة في wall,The problem is with wall في Engineering Building - Room 101. The crack has become more noticeable.,INCIDENT,BUILDING_STRUCTURE,BUILDING_STRUCTURE,MEDIUM,MEDIUM,Engineering Building - Room 101,mixed,lab_assistant,MEDIUM,False,0,,"Building surface, door, window or structural issue"
single_01033,SINGLE,Common area issue,Please check the common area at Dormitory A - Floor 1 It has a strong odor. The odor was noticed recently in the area.,INCIDENT,CLEANING_WASTE,CLEANING_WASTE,MEDIUM,LOW,Dormitory A - Floor 1,en,lecturer,MEDIUM,False,0,,Cleaning or waste management problem
single_01034,SINGLE,3atel fe equipment area,feh moshkela fel equipment area fe Computer Science Building - Lab 3. aktar men 7ad momken ykoon mota2asser.,INCIDENT,OTHER,OTHER,HIGH,MEDIUM,Computer Science Building - Lab 3,arabizi,lab_assistant,HARD,False,0,,Issue does not fit a specific category
single_01035,SINGLE,Ceiling panel needs attention,Please check the ceiling panel at Outdoor Courtyard It is loose. The panel needs to be inspected before it becomes unsafe. The issue needs prompt attention. Several people may be affected.,INCIDENT,BUILDING_STRUCTURE,BUILDING_STRUCTURE,HIGH,HIGH,Outdoor Courtyard,en,student,HARD,False,0,,"Building surface, door, window or structural issue"
single_01036,SINGLE,el faucet feh moshkela,momken 7ad yshoof el faucet fe Science Building - Chemistry Lab?,INCIDENT,PLUMBING_WATER,PLUMBING_WATER,LOW,MEDIUM,Science Building - Chemistry Lab,arabizi,lecturer,EASY,False,0,,"Water supply, drainage or plumbing problem"
single_01037,SINGLE,window فيه مشكلة,محتاجين حد يشوف window في Administration Building - Room 18. The room is still accessible but the window needs repair.,INCIDENT,SAFETY_HAZARD,BUILDING_STRUCTURE,MEDIUM,MEDIUM,Administration Building - Room 18,ar_eg,admin_staff,EASY,False,0,,"Building surface, door, window or structural issue"
single_01038,SINGLE,Issue with air conditioning system,There is a problem with the air conditioning system at Outdoor Courtyard. The room is not cooling normally.,INCIDENT,HVAC_AC,HVAC_AC,MEDIUM,MEDIUM,Outdoor Courtyard,en,student,EASY,False,0,,Air conditioning or ventilation issue
single_01039,SINGLE,3atel fe display system,feh moshkela fel display system fe Computer Science Building - Room 203.,INCIDENT,AV_CLASSROOM_EQUIPMENT,AV_CLASSROOM_EQUIPMENT,MEDIUM,LOW,Computer Science Building - Room 203,arabizi,lecturer,MEDIUM,False,0,,Classroom audio visual equipment issue
single_01040,SINGLE,Room issue,Please check the room at Library - First Floor. It requires inspection. The reporter could not identify the exact problem.,SERVICE_REQUEST,OTHER,OTHER,MEDIUM,MEDIUM,Library - First Floor,en,lab_assistant,HARD,False,0,,Issue does not fit a specific category
single_01041,SINGLE,Issue with elevator,The elevator is not moving at Dormitory B - Floor 3 People are currently using the building stairs. The issue needs prompt attention.,INCIDENT,BUILDING_STRUCTURE,ELEVATOR,MEDIUM,HIGH,Dormitory B - Floor 3,en,dorm_resident,HARD,False,0,,Elevator or lift malfunction
single_01042,SINGLE,Issue with damaged safety sign,I noticed that the damaged safety sign needs attention in Administration Building - Room 18. The safety information is no longer clearly visible.,INCIDENT,SAFETY_HAZARD,SAFETY_HAZARD,MEDIUM,LOW,Administration Building - Room 18,en,student,HARD,False,0,,Reported physical safety hazard
single_01043,SINGLE,Elevator is out of service,I noticed that the elevator is out of service in Library - First Floor. The building has other access routes. The issue needs prompt attention. Several people may be affected.,INCIDENT,BUILDING_STRUCTURE,ELEVATOR,HIGH,HIGH,Library - First Floor,en,admin_staff,HARD,False,0,,Elevator or lift malfunction
single_01044,SINGLE,مشكلة في the monitor,The problem is with monitor في Computer Science Building - Lab 1. The computer is running but nothing appears on the display.,INCIDENT,IT_HARDWARE_PRINTING,IT_HARDWARE_PRINTING,LOW,MEDIUM,Computer Science Building - Lab 1,mixed,lab_assistant,HARD,False,0,,Physical computer or printing equipment issue
single_01045,SINGLE,el broken railing mehtag check,feh moshkela fel broken railing fe Computer Science Building - Lab 1. aktar men 7ad momken ykoon mota2asser.,INCIDENT,SAFETY_HAZARD,SAFETY_HAZARD,HIGH,MEDIUM,Computer Science Building - Lab 1,arabizi,student,HARD,False,0,,Reported physical safety hazard
single_01046,SINGLE,el VPN mehtag check,momken 7ad yshoof el VPN fe Library - Second Floor?,INCIDENT,IT_NETWORK_ACCOUNTS,IT_NETWORK_ACCOUNTS,MEDIUM,MEDIUM,Library - Second Floor,arabizi,student,EASY,False,0,,Network or account access problem
single_01047,SINGLE,Exposed wire needs attention,Please check the exposed wire at Dormitory A - Floor 2. It creates a safety concern. The exposed wire is accessible in the area. Several people may be affected.,INCIDENT,SAFETY_HAZARD,SAFETY_HAZARD,HIGH,LOW,Dormitory A - Floor 2,en,student,HARD,False,0,,Reported physical safety hazard
single_01048,SINGLE,The power supply has an issue,محتاجين حد يشوف the power supply في Sports Building. الموضوع محتاج prompt attention. أكتر من شخص ممكن يكون affected.,INCIDENT,ELECTRICAL,ELECTRICAL,HIGH,HIGH,Sports Building,mixed,lab_assistant,HARD,False,0,,Electrical power or lighting problem
single_01049,SINGLE,مشكلة في parking area,لاحظت إن parking area فيه مشكلة في Main Entrance. The issue affects one outdoor location.,SERVICE_REQUEST,GROUNDS_OUTDOOR,GROUNDS_OUTDOOR,LOW,LOW,Main Entrance,ar_eg,admin_staff,EASY,False,0,,Outdoor area or grounds maintenance issue
single_01050,SINGLE,Projector needs attention,There is a problem with the projector at Lecture Hall B. The instructor needs the equipment for the current class. Several people may be affected.,INCIDENT,AV_CLASSROOM_EQUIPMENT,AV_CLASSROOM_EQUIPMENT,HIGH,MEDIUM,Lecture Hall B,en,security_staff,MEDIUM,False,0,,Classroom audio visual equipment issue
single_01051,SINGLE,Problem with garden area,في مشكلة في garden area at Main Entrance. The area needs routine grounds maintenance.,SERVICE_REQUEST,GROUNDS_OUTDOOR,GROUNDS_OUTDOOR,MEDIUM,MEDIUM,Main Entrance,mixed,admin_staff,MEDIUM,False,0,,Outdoor area or grounds maintenance issue
single_01052,SINGLE,Problem with monitor,There is a problem with the monitor at Computer Science Building - Lab 3. The computer is running but nothing appears on the display. Please check.,INCIDENT,IT_NETWORK_ACCOUNTS,IT_HARDWARE_PRINTING,LOW,MEDIUM,Computer Science Building - Lab 3,en,lecturer,HARD,False,0,,Physical computer or printing equipment issue
single_01053,SINGLE,Problem with window,Please check the window at Science Building - Chemistry Lab. It does not close properly. The room is still accessible but the window needs repair. Several people may be affected.,INCIDENT,BUILDING_STRUCTURE,BUILDING_STRUCTURE,HIGH,MEDIUM,Science Building - Chemistry Lab,en,dorm_resident,MEDIUM,False,0,,"Building surface, door, window or structural issue"
single_01054,SINGLE,Issue with laptop,There is a problem with the laptop at Engineering Building - Lab 4. Applications take a long time to respond.,INCIDENT,IT_HARDWARE_PRINTING,IT_HARDWARE_PRINTING,LOW,LOW,Engineering Building - Lab 4,en,security_staff,MEDIUM,False,0,,Physical computer or printing equipment issue
single_01055,SINGLE,Issue with AC unit,The AC unit is making a strange noise at Administration Building - Room 18. The noise started during the current session. Please check.,INCIDENT,HVAC_AC,HVAC_AC,LOW,MEDIUM,Administration Building - Room 18,en,admin_staff,MEDIUM,False,0,,Air conditioning or ventilation issue
single_01056,SINGLE,Issue with facility,Please check the facility at Cafeteria. It has an unusual issue. The exact cause is not clear. Please check.,INCIDENT,BUILDING_STRUCTURE,OTHER,MEDIUM,LOW,Cafeteria,en,lab_assistant,MEDIUM,False,0,,Issue does not fit a specific category
single_01057,SINGLE,عطل في drain,في مشكلة في drain في Dormitory B - Floor 1. Water is draining very slowly. أكتر من شخص ممكن يكون متأثر. لو سمحت.,INCIDENT,PLUMBING_WATER,PLUMBING_WATER,HIGH,MEDIUM,Dormitory B - Floor 1,ar_eg,lecturer,HARD,False,0,,"Water supply, drainage or plumbing problem"
single_01058,SINGLE,Problem with service area,There is a problem with the service area at Student Affairs Office. A technician may need to inspect the area.,SERVICE_REQUEST,BUILDING_STRUCTURE,OTHER,MEDIUM,MEDIUM,Student Affairs Office,en,lecturer,HARD,False,0,,Issue does not fit a specific category
single_01059,SINGLE,The printer has an issue,The printer is not printing في Science Building - Chemistry Lab. The printer worked normally earlier today.,INCIDENT,IT_HARDWARE_PRINTING,IT_HARDWARE_PRINTING,MEDIUM,MEDIUM,Science Building - Chemistry Lab,mixed,dorm_resident,EASY,False,0,,Physical computer or printing equipment issue
single_01060,SINGLE,Air conditioning system needs attention,I noticed that the air conditioning system is blowing warm air in Engineering Building - Lab 2. The room is not cooling normally. Several people may be affected.,INCIDENT,HVAC_AC,HVAC_AC,HIGH,MEDIUM,Engineering Building - Lab 2,en,lab_assistant,MEDIUM,False,0,,Air conditioning or ventilation issue
single_01061,SINGLE,Campus network needs attention,Please check the campus network at Library - First Floor It is not connecting. Other devices in the same area seem to have the same problem. Several people may be affected.,INCIDENT,IT_NETWORK_ACCOUNTS,IT_NETWORK_ACCOUNTS,HIGH,LOW,Library - First Floor,en,student,HARD,False,0,,Network or account access problem
single_01062,SINGLE,Problem with elevator,محتاجين حد يشوف the elevator في Computer Science Building - Lab 1. الموضوع محتاج prompt attention. أكتر من شخص ممكن يكون affected.,INCIDENT,ELEVATOR,ELEVATOR,HIGH,HIGH,Computer Science Building - Lab 1,mixed,admin_staff,HARD,False,0,,Elevator or lift malfunction
single_01063,SINGLE,Issue with elevator,There is a problem with the elevator at Science Building - Physics Lab. The building has other access routes. Several people may be affected.,INCIDENT,ELEVATOR,ELEVATOR,HIGH,MEDIUM,Science Building - Physics Lab,en,lecturer,MEDIUM,False,0,,Elevator or lift malfunction
single_01064,SINGLE,Mouse needs attention,There is a problem with the mouse at Library - First Floor. The pointer does not move normally.,INCIDENT,IT_HARDWARE_PRINTING,IT_HARDWARE_PRINTING,MEDIUM,LOW,Library - First Floor,en,admin_staff,EASY,False,0,,Physical computer or printing equipment issue
single_01065,SINGLE,Lecture screen is showing a blank screen,I noticed that the lecture screen is showing a blank screen in Administration Building - Room 12. The issue affects the classroom display.,INCIDENT,AV_CLASSROOM_EQUIPMENT,AV_CLASSROOM_EQUIPMENT,MEDIUM,MEDIUM,Administration Building - Room 12,en,student,EASY,False,0,,Classroom audio visual equipment issue
single_01066,SINGLE,Wi-fi issue,I noticed that the Wi-Fi keeps disconnecting in Science Building - Chemistry Lab. The connection drops after a few minutes.,INCIDENT,IT_NETWORK_ACCOUNTS,IT_NETWORK_ACCOUNTS,LOW,MEDIUM,Science Building - Chemistry Lab,en,lab_assistant,HARD,False,0,,Network or account access problem
single_01067,SINGLE,Elevator needs attention,There is a problem with the elevator at Computer Science Building - Room 203. The building has other access routes. The issue needs prompt attention. Several people may be affected.,INCIDENT,ELEVATOR,ELEVATOR,HIGH,HIGH,Computer Science Building - Room 203,en,lab_assistant,MEDIUM,False,0,,Elevator or lift malfunction
single_01068,SINGLE,Display system keeps disconnecting,There is a problem with the display system at Administration Building - Room 12. The classroom display disconnects during use.,INCIDENT,ELECTRICAL,AV_CLASSROOM_EQUIPMENT,LOW,MEDIUM,Administration Building - Room 12,en,lab_assistant,HARD,False,0,,Classroom audio visual equipment issue
single_01069,SINGLE,3atel fe campus network,momken 7ad yshoof el campus network fe Engineering Building - Lab 4? aktar men 7ad momken ykoon mota2asser.,INCIDENT,IT_NETWORK_ACCOUNTS,IT_NETWORK_ACCOUNTS,HIGH,LOW,Engineering Building - Lab 4,arabizi,student,HARD,False,0,,Network or account access problem
single_01070,SINGLE,el classroom feh moshkela,el classroom has not been cleaned fe Dormitory A - Floor 2. The area has been used throughout the day.,INCIDENT,PLUMBING_WATER,CLEANING_WASTE,LOW,LOW,Dormitory A - Floor 2,arabizi,lecturer,EASY,False,0,,Cleaning or waste management problem
single_01071,SINGLE,ceiling light مش شغال,محتاجين حد يشوف ceiling light في Dormitory A - Floor 1. The room is less visible because the light is not working.,INCIDENT,SAFETY_HAZARD,ELECTRICAL,MEDIUM,MEDIUM,Dormitory A - Floor 1,ar_eg,security_staff,MEDIUM,False,0,,Electrical power or lighting problem
single_01072,SINGLE,Obstruction issue,The obstruction is blocking part of the area at Computer Science Building - Lab 1. The obstruction reduces the usable path. The issue needs prompt attention.,INCIDENT,BUILDING_STRUCTURE,SAFETY_HAZARD,MEDIUM,HIGH,Computer Science Building - Lab 1,en,dorm_resident,HARD,False,0,,Reported physical safety hazard
single_01073,SINGLE,Door handle is loose,There is a problem with the door handle at Main Lecture Hall. The handle moves when the door is opened.,INCIDENT,BUILDING_STRUCTURE,FURNITURE_FIXTURES,LOW,LOW,Main Lecture Hall,en,lab_assistant,HARD,False,0,,Furniture or fixture maintenance problem
single_01074,SINGLE,Problem with obstruction,Please check the obstruction at Outdoor Courtyard. It is blocking part of the area. The obstruction reduces the usable path.,INCIDENT,SAFETY_HAZARD,SAFETY_HAZARD,MEDIUM,LOW,Outdoor Courtyard,en,student,HARD,False,0,,Reported physical safety hazard
single_01075,SINGLE,Damaged safety sign needs attention,I noticed that the damaged safety sign needs attention in Science Building - Physics Lab. The safety information is no longer clearly visible.,INCIDENT,SAFETY_HAZARD,SAFETY_HAZARD,MEDIUM,LOW,Science Building - Physics Lab,en,student,EASY,False,0,,Reported physical safety hazard
single_01076,SINGLE,عطل في display system,لاحظت إن display system فيه مشكلة في Main Lecture Hall. The classroom display disconnects during use.,INCIDENT,AV_CLASSROOM_EQUIPMENT,AV_CLASSROOM_EQUIPMENT,MEDIUM,MEDIUM,Main Lecture Hall,ar_eg,security_staff,MEDIUM,False,0,,Classroom audio visual equipment issue
single_01077,SINGLE,Problem with water pipe,محتاجين حد يشوف the water pipe في Outdoor Courtyard. الموضوع محتاج prompt attention.,INCIDENT,PLUMBING_WATER,PLUMBING_WATER,MEDIUM,HIGH,Outdoor Courtyard,mixed,student,MEDIUM,False,0,,"Water supply, drainage or plumbing problem"
single_01078,SINGLE,Toilet needs attention,The toilet is overflowing at Parking Area Water is spreading around the bathroom area. The issue needs prompt attention. Several people may be affected.,INCIDENT,PLUMBING_WATER,PLUMBING_WATER,HIGH,HIGH,Parking Area,en,dorm_resident,MEDIUM,False,0,,"Water supply, drainage or plumbing problem"
single_01079,SINGLE,مشكلة في gate,في مشكلة في gate في Parking Area. The gate cannot be operated normally.,INCIDENT,SAFETY_HAZARD,GROUNDS_OUTDOOR,LOW,MEDIUM,Parking Area,ar_eg,dorm_resident,MEDIUM,False,0,,Outdoor area or grounds maintenance issue
single_01080,SINGLE,Problem with water supply,محتاجين حد يشوف the water supply في Main Lecture Hall.,INCIDENT,BUILDING_STRUCTURE,PLUMBING_WATER,MEDIUM,MEDIUM,Main Lecture Hall,mixed,security_staff,MEDIUM,False,0,,"Water supply, drainage or plumbing problem"
single_01081,SINGLE,Issue with window,The window does not close properly at Administration Building - Room 18. The room is still accessible but the window needs repair. The issue needs prompt attention.,INCIDENT,SAFETY_HAZARD,BUILDING_STRUCTURE,MEDIUM,HIGH,Administration Building - Room 18,en,dorm_resident,MEDIUM,False,0,,"Building surface, door, window or structural issue"
single_01082,SINGLE,مشكلة في the elevator,محتاجين حد يشوف the elevator في Administration Building - Room 18. الموضوع محتاج prompt attention. أكتر من شخص ممكن يكون affected.,INCIDENT,ELEVATOR,ELEVATOR,HIGH,HIGH,Administration Building - Room 18,mixed,lecturer,HARD,False,0,,Elevator or lift malfunction
single_01083,SINGLE,Login keeps asking for login,I noticed that the login keeps asking for login in Engineering Building - Lab 2. The system repeatedly asks the user to sign in.,INCIDENT,OTHER,IT_NETWORK_ACCOUNTS,MEDIUM,MEDIUM,Engineering Building - Lab 2,en,security_staff,EASY,False,0,,Network or account access problem
single_01084,SINGLE,student account فيه مشكلة,محتاجين حد يشوف student account في Library - First Floor. The password is correct but the login keeps failing. أكتر من شخص ممكن يكون متأثر.,INCIDENT,IT_NETWORK_ACCOUNTS,IT_NETWORK_ACCOUNTS,HIGH,LOW,Library - First Floor,ar_eg,student,MEDIUM,False,0,,Network or account access problem
single_01085,SINGLE,Power outlet needs attention,There is a problem with the power outlet at Library - First Floor. The outlet is needed for equipment in the room.,INCIDENT,ELECTRICAL,ELECTRICAL,MEDIUM,MEDIUM,Library - First Floor,en,dorm_resident,MEDIUM,False,0,,Electrical power or lighting problem
single_01086,SINGLE,Problem with room,There is a problem with the room at Lecture Hall B. The reporter could not identify the exact problem.,SERVICE_REQUEST,OTHER,OTHER,LOW,LOW,Lecture Hall B,en,admin_staff,MEDIUM,False,0,,Issue does not fit a specific category
single_01087,SINGLE,el desktop computer mehtag check,momken 7ad yshoof el desktop computer fe Computer Science Building - Room 203?,INCIDENT,IT_HARDWARE_PRINTING,IT_HARDWARE_PRINTING,MEDIUM,MEDIUM,Computer Science Building - Room 203,arabizi,lab_assistant,MEDIUM,False,0,,Physical computer or printing equipment issue
single_01088,SINGLE,مشكلة في wall,محتاجين حد يشوف the wall في Science Building - Chemistry Lab.,INCIDENT,SAFETY_HAZARD,BUILDING_STRUCTURE,LOW,MEDIUM,Science Building - Chemistry Lab,mixed,student,MEDIUM,False,0,,"Building surface, door, window or structural issue"
single_01089,SINGLE,Desktop computer issue,There is a problem with the desktop computer at Science Building - Physics Lab. The computer restarts while it is being used.,INCIDENT,IT_HARDWARE_PRINTING,IT_HARDWARE_PRINTING,MEDIUM,LOW,Science Building - Physics Lab,en,dorm_resident,EASY,False,0,,Physical computer or printing equipment issue
single_01090,SINGLE,Problem with shelf,Please check the shelf at Dormitory B - Floor 3. It needs repair. The shelf is loose and needs maintenance.,INCIDENT,FURNITURE_FIXTURES,FURNITURE_FIXTURES,LOW,LOW,Dormitory B - Floor 3,en,admin_staff,MEDIUM,False,0,,Furniture or fixture maintenance problem
single_01091,SINGLE,power supply مش شغال,لاحظت إن power supply فيه مشكلة في Parking Area. The equipment loses power repeatedly. الموضوع محتاج متابعة بسرعة. لو سمحت.,INCIDENT,ELECTRICAL,ELECTRICAL,LOW,HIGH,Parking Area,ar_eg,lecturer,EASY,False,0,,Electrical power or lighting problem
single_01092,SINGLE,el electrical switch mehtag check,el moshkela fe electrical switch zahret fe Dormitory A - Floor 2.,INCIDENT,ELECTRICAL,ELECTRICAL,MEDIUM,MEDIUM,Dormitory A - Floor 2,arabizi,security_staff,EASY,False,0,,Electrical power or lighting problem
single_01093,SINGLE,The walkway has an issue,The walkway is blocked في Parking Area. Part of the walkway cannot be used normally.,INCIDENT,SAFETY_HAZARD,GROUNDS_OUTDOOR,LOW,MEDIUM,Parking Area,mixed,admin_staff,EASY,False,0,,Outdoor area or grounds maintenance issue
single_01094,SINGLE,Display system needs attention,There is a problem with the display system at Lecture Hall C The classroom display disconnects during use.,INCIDENT,ELECTRICAL,AV_CLASSROOM_EQUIPMENT,LOW,MEDIUM,Lecture Hall C,en,security_staff,HARD,False,0,,Classroom audio visual equipment issue
single_01095,SINGLE,Elevator door is not opening,Please check the elevator door at Science Building - Physics Lab. It is not opening. The elevator cannot be used normally. The issue needs prompt attention.,INCIDENT,ELEVATOR,ELEVATOR,MEDIUM,HIGH,Science Building - Physics Lab,en,security_staff,HARD,False,0,,Elevator or lift malfunction
single_01096,SINGLE,door محتاج تصليح,في مشكلة في door في Administration Building - Room 12. The damage was noticed today.,INCIDENT,BUILDING_STRUCTURE,BUILDING_STRUCTURE,LOW,MEDIUM,Administration Building - Room 12,ar_eg,security_staff,MEDIUM,False,0,,"Building surface, door, window or structural issue"
single_01097,SINGLE,el mouse feh moshkela,el moshkela fe mouse zahret fe Engineering Building - Lab 2.,INCIDENT,IT_HARDWARE_PRINTING,IT_HARDWARE_PRINTING,LOW,LOW,Engineering Building - Lab 2,arabizi,dorm_resident,EASY,False,0,,Physical computer or printing equipment issue
single_01098,SINGLE,Ceiling panel needs attention,There is a problem with the ceiling panel at Dormitory A - Floor 1. The panel needs to be inspected before it becomes unsafe. The issue needs prompt attention.,INCIDENT,BUILDING_STRUCTURE,BUILDING_STRUCTURE,MEDIUM,HIGH,Dormitory A - Floor 1,en,security_staff,MEDIUM,False,0,,"Building surface, door, window or structural issue"
single_01099,SINGLE,Problem with elevator door,I noticed that the elevator door is not opening in Engineering Building - Lab 4. The elevator cannot be used normally. Several people may be affected.,INCIDENT,ELEVATOR,ELEVATOR,HIGH,MEDIUM,Engineering Building - Lab 4,en,student,HARD,False,0,,Elevator or lift malfunction
single_01100,SINGLE,مشكلة في the room,محتاجين حد يشوف the room في Sports Building. الموضوع محتاج prompt attention.,SERVICE_REQUEST,OTHER,OTHER,LOW,HIGH,Sports Building,mixed,lab_assistant,HARD,False,0,,Issue does not fit a specific category
single_01101,SINGLE,desk فيه مشكلة,desk محتاج متابعة في Lecture Hall B. The desk moves when it is used. ضروري شوية,INCIDENT,FURNITURE_FIXTURES,FURNITURE_FIXTURES,LOW,MEDIUM,Lecture Hall B,ar_eg,admin_staff,HARD,False,0,,Furniture or fixture maintenance problem
single_01102,SINGLE,Faucet needs attention,The faucet is dripping at Main Lecture Hall. The leak continues even when the faucet is closed.,INCIDENT,PLUMBING_WATER,PLUMBING_WATER,LOW,LOW,Main Lecture Hall,en,student,EASY,False,0,,"Water supply, drainage or plumbing problem"
single_01103,SINGLE,مشكلة في Wi-Fi,محتاجين حد يشوف Wi-Fi في Engineering Building - Lab 2. The connection drops after a few minutes.,INCIDENT,IT_NETWORK_ACCOUNTS,IT_NETWORK_ACCOUNTS,MEDIUM,LOW,Engineering Building - Lab 2,ar_eg,security_staff,HARD,False,0,,Network or account access problem
single_01104,SINGLE,Microphone needs attention,I noticed that the microphone has no sound in Engineering Building - Room 101. The microphone is not producing any sound during the current class. The issue needs prompt attention. Several people may be affected.,INCIDENT,ELECTRICAL,AV_CLASSROOM_EQUIPMENT,HIGH,HIGH,Engineering Building - Room 101,en,admin_staff,MEDIUM,False,0,,Classroom audio visual equipment issue
single_01105,SINGLE,The garden area has an issue,The problem is with garden area في Main Entrance. The area needs routine grounds maintenance. please,SERVICE_REQUEST,BUILDING_STRUCTURE,GROUNDS_OUTDOOR,LOW,LOW,Main Entrance,mixed,lab_assistant,EASY,False,0,,Outdoor area or grounds maintenance issue
single_01106,SINGLE,Issue with damaged safety sign,Please check the damaged safety sign at Dormitory B - Floor 3. It needs attention. The safety information is no longer clearly visible. The issue needs prompt attention.,INCIDENT,SAFETY_HAZARD,SAFETY_HAZARD,MEDIUM,HIGH,Dormitory B - Floor 3,en,lecturer,HARD,False,0,,Reported physical safety hazard
single_01107,SINGLE,desktop computer فيه مشكلة,في مشكلة في desktop computer في Library - First Floor. The computer restarts while it is being used.,INCIDENT,IT_HARDWARE_PRINTING,IT_HARDWARE_PRINTING,MEDIUM,MEDIUM,Library - First Floor,ar_eg,lecturer,HARD,False,0,,Physical computer or printing equipment issue
single_01108,SINGLE,مشكلة في the ceiling panel,في مشكلة في ceiling panel at Dormitory A - Floor 1. The panel needs to be inspected before it becomes unsafe.,INCIDENT,BUILDING_STRUCTURE,BUILDING_STRUCTURE,MEDIUM,MEDIUM,Dormitory A - Floor 1,mixed,student,HARD,False,0,,"Building surface, door, window or structural issue"
single_01109,SINGLE,Issue with projector,The projector does not turn on at Lecture Hall B. The instructor needs the equipment for the current class. The issue needs prompt attention. Several people may be affected.,INCIDENT,AV_CLASSROOM_EQUIPMENT,AV_CLASSROOM_EQUIPMENT,HIGH,HIGH,Lecture Hall B,en,lab_assistant,HARD,False,0,,Classroom audio visual equipment issue
single_01110,SINGLE,ceiling محتاج تصليح,في مشكلة في ceiling في Outdoor Courtyard. The damage is limited to one area.,INCIDENT,BUILDING_STRUCTURE,BUILDING_STRUCTURE,MEDIUM,MEDIUM,Outdoor Courtyard,ar_eg,admin_staff,MEDIUM,False,0,,"Building surface, door, window or structural issue"
single_01111,SINGLE,عطل في الأسانسير,lift محتاج متابعة في Engineering Building - Lab 2. The elevator requires immediate technical inspection. الموضوع محتاج متابعة بسرعة. أكتر من شخص ممكن يكون متأثر.,INCIDENT,ELEVATOR,ELEVATOR,HIGH,HIGH,Engineering Building - Lab 2,ar_eg,dorm_resident,HARD,False,0,,Elevator or lift malfunction
single_01112,SINGLE,Common area has a strong odor,I noticed that the common area has a strong odor in Main Lecture Hall The odor was noticed recently in the area.,INCIDENT,CLEANING_WASTE,CLEANING_WASTE,LOW,MEDIUM,Main Lecture Hall,en,security_staff,MEDIUM,False,0,,Cleaning or waste management problem
single_01113,SINGLE,Problem with smart board,محتاجين حد يشوف the smart board في Computer Science Building - Room 203.,INCIDENT,AV_CLASSROOM_EQUIPMENT,AV_CLASSROOM_EQUIPMENT,MEDIUM,MEDIUM,Computer Science Building - Room 203,mixed,lab_assistant,MEDIUM,False,0,,Classroom audio visual equipment issue
single_01114,SINGLE,Issue with walkway,The walkway is blocked at Main Entrance. Part of the walkway cannot be used normally. The issue needs prompt attention. Several people may be affected.,INCIDENT,SAFETY_HAZARD,GROUNDS_OUTDOOR,HIGH,HIGH,Main Entrance,en,admin_staff,EASY,False,0,,Outdoor area or grounds maintenance issue
single_01115,SINGLE,Elevator door issue,Please check the elevator door at Library - Second Floor. It is not opening. The elevator cannot be used normally. The issue needs prompt attention.,INCIDENT,BUILDING_STRUCTURE,ELEVATOR,MEDIUM,HIGH,Library - Second Floor,en,security_staff,HARD,False,0,,Elevator or lift malfunction
single_01116,SINGLE,مشكلة في the cabinet,The cabinet does not close properly في Library - First Floor. The cabinet door remains partially open.,INCIDENT,FURNITURE_FIXTURES,FURNITURE_FIXTURES,MEDIUM,LOW,Library - First Floor,mixed,lab_assistant,EASY,False,0,,Furniture or fixture maintenance problem
single_01117,SINGLE,Ceiling panel issue,I noticed that the ceiling panel is loose in Computer Science Building - Lab 3. The panel needs to be inspected before it becomes unsafe. The issue needs prompt attention. Several people may be affected.,INCIDENT,BUILDING_STRUCTURE,BUILDING_STRUCTURE,HIGH,HIGH,Computer Science Building - Lab 3,en,student,MEDIUM,False,0,,"Building surface, door, window or structural issue"
single_01118,SINGLE,mshkela fe water supply,el moshkela fe water supply zahret fe Library - Second Floor.,INCIDENT,PLUMBING_WATER,PLUMBING_WATER,LOW,MEDIUM,Library - Second Floor,arabizi,security_staff,MEDIUM,False,0,,"Water supply, drainage or plumbing problem"
single_01119,SINGLE,el electrical switch mehtag check,el electrical switch is not working fe Engineering Building - Lab 2. The switch does not control the connected light. plz,INCIDENT,ELECTRICAL,ELECTRICAL,LOW,MEDIUM,Engineering Building - Lab 2,arabizi,security_staff,MEDIUM,False,0,,Electrical power or lighting problem
single_01120,SINGLE,مشكلة في garden area,في مشكلة في garden area at Main Entrance. The area needs routine grounds maintenance.,SERVICE_REQUEST,GROUNDS_OUTDOOR,GROUNDS_OUTDOOR,LOW,LOW,Main Entrance,mixed,dorm_resident,EASY,False,0,,Outdoor area or grounds maintenance issue
single_01121,SINGLE,عطل في campus network,campus network محتاج متابعة في Science Building - Chemistry Lab. Other devices in the same area seem to have the same problem. أكتر من شخص ممكن يكون متأثر.,INCIDENT,IT_HARDWARE_PRINTING,IT_NETWORK_ACCOUNTS,HIGH,LOW,Science Building - Chemistry Lab,ar_eg,lecturer,HARD,False,0,,Network or account access problem
single_01122,SINGLE,faucet فيه مشكلة,لاحظت إن faucet فيه مشكلة في Sports Building. The leak continues even when the faucet is closed.,INCIDENT,CLEANING_WASTE,PLUMBING_WATER,MEDIUM,MEDIUM,Sports Building,ar_eg,dorm_resident,EASY,False,0,,"Water supply, drainage or plumbing problem"
single_01123,SINGLE,Vent issue,There is a problem with the vent at Dormitory B - Floor 3. Airflow from the vent is not normal. Please check.,INCIDENT,HVAC_AC,HVAC_AC,MEDIUM,LOW,Dormitory B - Floor 3,en,student,EASY,False,0,,Air conditioning or ventilation issue
single_01124,SINGLE,مشكلة في printer,في مشكلة في printer في Engineering Building - Lab 4. The printer worked normally earlier today. لو سمحت.,INCIDENT,IT_HARDWARE_PRINTING,IT_HARDWARE_PRINTING,MEDIUM,MEDIUM,Engineering Building - Lab 4,ar_eg,lab_assistant,EASY,False,0,,Physical computer or printing equipment issue
single_01125,SINGLE,3atel fe ceiling panel,momken 7ad yshoof el ceiling panel fe Administration Building - Room 12? aktar men 7ad momken ykoon mota2asser.,INCIDENT,BUILDING_STRUCTURE,BUILDING_STRUCTURE,HIGH,MEDIUM,Administration Building - Room 12,arabizi,lab_assistant,MEDIUM,False,0,,"Building surface, door, window or structural issue"
single_01126,SINGLE,Issue with slippery floor,There is a problem with the slippery floor at Computer Science Building - Lab 1. People are still using the area. Several people may be affected.,INCIDENT,SAFETY_HAZARD,SAFETY_HAZARD,HIGH,MEDIUM,Computer Science Building - Lab 1,en,lecturer,HARD,False,0,,Reported physical safety hazard
single_01127,SINGLE,air conditioning system مش شغال,air conditioning system محتاج متابعة في Student Affairs Office. The room is not cooling normally. الموضوع محتاج متابعة بسرعة. ضروري شوية,INCIDENT,HVAC_AC,HVAC_AC,LOW,HIGH,Student Affairs Office,ar_eg,lab_assistant,MEDIUM,False,0,,Air conditioning or ventilation issue
single_01128,SINGLE,Smoke issue,Please check the smoke at Administration Building - Room 12 It creates a safety concern. The source of the smoke is not clear. The issue needs prompt attention. Several people may be affected.,INCIDENT,SAFETY_HAZARD,SAFETY_HAZARD,HIGH,HIGH,Administration Building - Room 12,en,dorm_resident,HARD,False,0,,Reported physical safety hazard
single_01129,SINGLE,Issue with corridor,There is a problem with the corridor at Cafeteria. The corridor needs its regular cleaning service.,INCIDENT,CLEANING_WASTE,CLEANING_WASTE,LOW,LOW,Cafeteria,en,dorm_resident,MEDIUM,False,0,,Cleaning or waste management problem
single_01130,SINGLE,Wall socket issue,I noticed that the wall socket has no power in Outdoor Courtyard. Other sockets in the room still have power. Several people may be affected.,INCIDENT,ELECTRICAL,ELECTRICAL,HIGH,MEDIUM,Outdoor Courtyard,en,admin_staff,EASY,False,0,,Electrical power or lighting problem
single_01131,SINGLE,Waste bin needs attention,I noticed that the waste bin has overflowing waste in Main Lecture Hall. The waste bin has not been emptied recently. The issue needs prompt attention. Several people may be affected.,INCIDENT,CLEANING_WASTE,CLEANING_WASTE,HIGH,HIGH,Main Lecture Hall,en,security_staff,MEDIUM,False,0,,Cleaning or waste management problem
single_01132,SINGLE,Problem with elevator,The elevator is out of service في Computer Science Building - Lab 1. The building has other access routes. الموضوع محتاج prompt attention. أكتر من شخص ممكن يكون affected.,INCIDENT,ELEVATOR,ELEVATOR,HIGH,HIGH,Computer Science Building - Lab 1,mixed,lecturer,MEDIUM,False,0,,Elevator or lift malfunction
single_01133,SINGLE,Printer is not printing,There is a problem with the printer at Computer Science Building - Lab 1. The printer worked normally earlier today. The issue needs prompt attention.,INCIDENT,AV_CLASSROOM_EQUIPMENT,IT_HARDWARE_PRINTING,MEDIUM,HIGH,Computer Science Building - Lab 1,en,admin_staff,MEDIUM,False,0,,Physical computer or printing equipment issue
single_01134,SINGLE,air conditioning system مش شغال,لاحظت إن air conditioning system فيه مشكلة في Library - Second Floor. The room is not cooling normally.,INCIDENT,HVAC_AC,HVAC_AC,MEDIUM,MEDIUM,Library - Second Floor,ar_eg,admin_staff,HARD,False,0,,Air conditioning or ventilation issue
single_01135,SINGLE,el waste bin feh moshkela,el moshkela fe waste bin zahret fe Lecture Hall C. plz,INCIDENT,PLUMBING_WATER,CLEANING_WASTE,MEDIUM,MEDIUM,Lecture Hall C,arabizi,lab_assistant,MEDIUM,False,0,,Cleaning or waste management problem
single_01136,SINGLE,Problem with university email,Please check the university email at Science Building - Chemistry Lab. It cannot be accessed. The account cannot open the university email service.,INCIDENT,IT_NETWORK_ACCOUNTS,IT_NETWORK_ACCOUNTS,MEDIUM,MEDIUM,Science Building - Chemistry Lab,en,student,EASY,False,0,,Network or account access problem
single_01137,SINGLE,el floor tile mehtag check,el floor tile is damaged fe Lecture Hall B. The damaged tile is located in a frequently used area. plz,INCIDENT,BUILDING_STRUCTURE,BUILDING_STRUCTURE,MEDIUM,MEDIUM,Lecture Hall B,arabizi,student,HARD,False,0,,"Building surface, door, window or structural issue"
single_01138,SINGLE,mshkela fe room,el moshkela fe room zahret fe Engineering Building - Lab 4.,SERVICE_REQUEST,CLEANING_WASTE,OTHER,LOW,MEDIUM,Engineering Building - Lab 4,arabizi,dorm_resident,MEDIUM,False,0,,Issue does not fit a specific category
single_01139,SINGLE,مشكلة في AC unit,The problem is with AC unit في Administration Building - Room 18. The noise started during the current session.,INCIDENT,HVAC_AC,HVAC_AC,MEDIUM,LOW,Administration Building - Room 18,mixed,student,MEDIUM,False,0,,Air conditioning or ventilation issue
single_01140,SINGLE,Problem with table,The table is unstable at Main Entrance. The table does not remain steady during use.,INCIDENT,FURNITURE_FIXTURES,FURNITURE_FIXTURES,LOW,LOW,Main Entrance,en,lab_assistant,MEDIUM,False,0,,Furniture or fixture maintenance problem
single_01141,SINGLE,Campus network needs attention,Please check the campus network at Computer Science Building - Lab 3. It is not connecting. Other devices in the same area seem to have the same problem. The issue needs prompt attention.,INCIDENT,IT_NETWORK_ACCOUNTS,IT_NETWORK_ACCOUNTS,MEDIUM,HIGH,Computer Science Building - Lab 3,en,student,MEDIUM,False,0,,Network or account access problem
single_01142,SINGLE,Ac unit is leaking water,There is a problem with the AC unit at Library - Second Floor. Water is appearing below the unit. The issue needs prompt attention.,INCIDENT,OTHER,HVAC_AC,MEDIUM,HIGH,Library - Second Floor,en,lab_assistant,HARD,False,0,,Air conditioning or ventilation issue
single_01143,SINGLE,Problem with laptop,The laptop is very slow at Computer Science Building - Room 203. Applications take a long time to respond.,INCIDENT,IT_HARDWARE_PRINTING,IT_HARDWARE_PRINTING,LOW,MEDIUM,Computer Science Building - Room 203,en,student,MEDIUM,False,0,,Physical computer or printing equipment issue
single_01144,SINGLE,عطل في network connection,محتاجين حد يشوف network connection في Engineering Building - Lab 4. The connection becomes slow during normal campus use.,INCIDENT,IT_NETWORK_ACCOUNTS,IT_NETWORK_ACCOUNTS,LOW,LOW,Engineering Building - Lab 4,ar_eg,security_staff,MEDIUM,False,0,,Network or account access problem
single_01145,SINGLE,مشكلة في printer,في مشكلة في printer في Engineering Building - Lab 4. The printer worked normally earlier today.,INCIDENT,IT_HARDWARE_PRINTING,IT_HARDWARE_PRINTING,MEDIUM,MEDIUM,Engineering Building - Lab 4,ar_eg,dorm_resident,HARD,False,0,,Physical computer or printing equipment issue
single_01146,SINGLE,Exposed wire needs attention,I noticed that the exposed wire creates a safety concern in Dormitory A - Floor 1. The exposed wire is accessible in the area. The issue needs prompt attention.,INCIDENT,OTHER,SAFETY_HAZARD,MEDIUM,HIGH,Dormitory A - Floor 1,en,dorm_resident,HARD,False,0,,Reported physical safety hazard
single_01147,SINGLE,outdoor light محتاج صيانة,في مشكلة في outdoor light في Main Entrance. The outdoor area is poorly lit after dark.,INCIDENT,GROUNDS_OUTDOOR,GROUNDS_OUTDOOR,MEDIUM,MEDIUM,Main Entrance,ar_eg,student,EASY,False,0,,Outdoor area or grounds maintenance issue
single_01148,SINGLE,Monitor issue,I noticed that the monitor shows a blank screen in Computer Science Building - Lab 3. The computer is running but nothing appears on the display.,INCIDENT,IT_HARDWARE_PRINTING,IT_HARDWARE_PRINTING,MEDIUM,MEDIUM,Computer Science Building - Lab 3,en,lab_assistant,MEDIUM,False,0,,Physical computer or printing equipment issue
single_01149,SINGLE,مشكلة في thermostat,في مشكلة في thermostat في Library - First Floor. The temperature cannot be adjusted normally. أكتر من شخص ممكن يكون متأثر.,INCIDENT,HVAC_AC,HVAC_AC,HIGH,MEDIUM,Library - First Floor,ar_eg,dorm_resident,MEDIUM,False,0,,Air conditioning or ventilation issue
single_01150,SINGLE,Parking area needs maintenance,There is a problem with the parking area at Parking Area. The issue affects one outdoor location.,SERVICE_REQUEST,GROUNDS_OUTDOOR,GROUNDS_OUTDOOR,MEDIUM,LOW,Parking Area,en,dorm_resident,HARD,False,0,,Outdoor area or grounds maintenance issue
single_01151,SINGLE,عطل في thermostat,محتاجين حد يشوف thermostat في Sports Building. The temperature cannot be adjusted normally. الموضوع محتاج متابعة بسرعة.,INCIDENT,HVAC_AC,HVAC_AC,MEDIUM,HIGH,Sports Building,ar_eg,admin_staff,MEDIUM,False,0,,Air conditioning or ventilation issue
single_01152,SINGLE,Issue with room,Please check the room at Lecture Hall B. It requires inspection. The reporter could not identify the exact problem.,SERVICE_REQUEST,CLEANING_WASTE,OTHER,MEDIUM,MEDIUM,Lecture Hall B,en,dorm_resident,MEDIUM,False,0,,Issue does not fit a specific category
single_01153,SINGLE,Problem with wall,Please check the wall at Computer Science Building - Lab 1. It is cracked. The crack has become more noticeable.,INCIDENT,BUILDING_STRUCTURE,BUILDING_STRUCTURE,MEDIUM,MEDIUM,Computer Science Building - Lab 1,en,student,MEDIUM,False,0,,"Building surface, door, window or structural issue"
single_01154,SINGLE,مشكلة في shelf,The problem is with shelf في Science Building - Chemistry Lab. The shelf is loose and needs maintenance.,INCIDENT,FURNITURE_FIXTURES,FURNITURE_FIXTURES,LOW,MEDIUM,Science Building - Chemistry Lab,mixed,lecturer,HARD,False,0,,Furniture or fixture maintenance problem
single_01155,SINGLE,Issue with campus network,Please check the campus network at Computer Science Building - Lab 3. It is not connecting. Other devices in the same area seem to have the same problem. Several people may be affected.,INCIDENT,IT_NETWORK_ACCOUNTS,IT_NETWORK_ACCOUNTS,HIGH,LOW,Computer Science Building - Lab 3,en,security_staff,HARD,False,0,,Network or account access problem
single_01156,SINGLE,Problem with smart board,I noticed that the smart board is not responding in Main Lecture Hall. The board does not respond when the instructor interacts with it. Several people may be affected.,INCIDENT,AV_CLASSROOM_EQUIPMENT,AV_CLASSROOM_EQUIPMENT,HIGH,LOW,Main Lecture Hall,en,student,MEDIUM,False,0,,Classroom audio visual equipment issue
single_01157,SINGLE,Problem with window,في مشكلة في window at Computer Science Building - Lab 3. The room is still accessible but the window needs repair.,INCIDENT,BUILDING_STRUCTURE,BUILDING_STRUCTURE,MEDIUM,LOW,Computer Science Building - Lab 3,mixed,dorm_resident,MEDIUM,False,0,,"Building surface, door, window or structural issue"
single_01158,SINGLE,vent مش شغال,لاحظت إن vent فيه مشكلة في Engineering Building - Lab 4. Airflow from the vent is not normal.,INCIDENT,HVAC_AC,HVAC_AC,LOW,LOW,Engineering Building - Lab 4,ar_eg,lab_assistant,HARD,False,0,,Air conditioning or ventilation issue
single_01159,SINGLE,Walkway issue,I noticed that the walkway is blocked in Parking Area. Part of the walkway cannot be used normally.,INCIDENT,GROUNDS_OUTDOOR,GROUNDS_OUTDOOR,MEDIUM,LOW,Parking Area,en,lab_assistant,MEDIUM,False,0,,Outdoor area or grounds maintenance issue
single_01160,SINGLE,مشكلة في the thermostat,The thermostat is not responding في Dormitory B - Floor 3. The temperature cannot be adjusted normally.,INCIDENT,ELECTRICAL,HVAC_AC,LOW,MEDIUM,Dormitory B - Floor 3,mixed,security_staff,HARD,False,0,,Air conditioning or ventilation issue
single_01161,SINGLE,Laptop issue,The laptop is very slow at Library - First Floor. Applications take a long time to respond.,INCIDENT,OTHER,IT_HARDWARE_PRINTING,LOW,MEDIUM,Library - First Floor,en,lab_assistant,EASY,False,0,,Physical computer or printing equipment issue
single_01162,SINGLE,Service area issue,There is a problem with the service area at Administration Building - Room 18. A technician may need to inspect the area.,SERVICE_REQUEST,OTHER,OTHER,MEDIUM,MEDIUM,Administration Building - Room 18,en,student,HARD,False,0,,Issue does not fit a specific category
single_01163,SINGLE,ceiling محتاج تصليح,في مشكلة في ceiling في Dormitory B - Floor 3. The damage is limited to one area.,INCIDENT,BUILDING_STRUCTURE,BUILDING_STRUCTURE,LOW,MEDIUM,Dormitory B - Floor 3,ar_eg,admin_staff,EASY,False,0,,"Building surface, door, window or structural issue"
single_01164,SINGLE,campus network فيه مشكلة,محتاجين حد يشوف campus network في Science Building - Physics Lab. Other devices in the same area seem to have the same problem. الموضوع محتاج متابعة بسرعة. أكتر من شخص ممكن يكون متأثر.,INCIDENT,IT_HARDWARE_PRINTING,IT_NETWORK_ACCOUNTS,HIGH,HIGH,Science Building - Physics Lab,ar_eg,lecturer,HARD,False,0,,Network or account access problem
single_01165,SINGLE,Water supply needs attention,I noticed that the water supply has no water in Administration Building - Room 12. The bathroom cannot be used normally.,INCIDENT,BUILDING_STRUCTURE,PLUMBING_WATER,MEDIUM,MEDIUM,Administration Building - Room 12,en,admin_staff,MEDIUM,False,0,,"Water supply, drainage or plumbing problem"
single_01166,SINGLE,Service area issue,The service area needs maintenance at Administration Building - Room 12 A technician may need to inspect the area.,SERVICE_REQUEST,OTHER,OTHER,MEDIUM,MEDIUM,Administration Building - Room 12,en,security_staff,MEDIUM,False,0,,Issue does not fit a specific category
single_01167,SINGLE,AC unit فيه مشكلة,AC unit محتاج متابعة في Dormitory A - Floor 2. Water is appearing below the unit. أكتر من شخص ممكن يكون متأثر.,INCIDENT,HVAC_AC,HVAC_AC,HIGH,MEDIUM,Dormitory A - Floor 2,ar_eg,lab_assistant,HARD,False,0,,Air conditioning or ventilation issue
single_01168,SINGLE,مشكلة في elevator,محتاجين حد يشوف the elevator في Engineering Building - Lab 2. الموضوع محتاج prompt attention. please check.,INCIDENT,ELEVATOR,ELEVATOR,MEDIUM,HIGH,Engineering Building - Lab 2,mixed,security_staff,MEDIUM,False,0,,Elevator or lift malfunction
single_01169,SINGLE,Desktop computer keeps restarting,Please check the desktop computer at Engineering Building - Lab 4. It keeps restarting. The computer restarts while it is being used.,INCIDENT,AV_CLASSROOM_EQUIPMENT,IT_HARDWARE_PRINTING,MEDIUM,LOW,Engineering Building - Lab 4,en,lecturer,MEDIUM,False,0,,Physical computer or printing equipment issue
single_01170,SINGLE,Problem with printer,Please check the printer at Computer Science Building - Room 203. It is not printing. The printer worked normally earlier today.,INCIDENT,IT_HARDWARE_PRINTING,IT_HARDWARE_PRINTING,MEDIUM,MEDIUM,Computer Science Building - Room 203,en,lab_assistant,MEDIUM,False,0,,Physical computer or printing equipment issue
single_01171,SINGLE,el service area feh moshkela,el moshkela fe service area zahret fe Dormitory A - Floor 2. el mawdoo3 mehtag check بسرعة. plz check.,SERVICE_REQUEST,OTHER,OTHER,MEDIUM,HIGH,Dormitory A - Floor 2,arabizi,dorm_resident,HARD,False,0,,Issue does not fit a specific category
single_01172,SINGLE,The light has an issue,محتاجين حد يشوف the light في Main Lecture Hall. الموضوع محتاج prompt attention. please check.,INCIDENT,ELECTRICAL,ELECTRICAL,LOW,HIGH,Main Lecture Hall,mixed,admin_staff,MEDIUM,False,0,,Electrical power or lighting problem
single_01173,SINGLE,gate فيه مشكلة,في مشكلة في gate في Main Entrance. The gate cannot be operated normally. الموضوع محتاج متابعة بسرعة. أكتر من شخص ممكن يكون متأثر.,INCIDENT,GROUNDS_OUTDOOR,GROUNDS_OUTDOOR,HIGH,HIGH,Main Entrance,ar_eg,student,HARD,False,0,,Outdoor area or grounds maintenance issue
single_01174,SINGLE,AC unit فيه مشكلة,AC unit محتاج متابعة في Cafeteria. The noise started during the current session.,INCIDENT,HVAC_AC,HVAC_AC,MEDIUM,MEDIUM,Cafeteria,ar_eg,student,MEDIUM,False,0,,Air conditioning or ventilation issue
single_01175,SINGLE,مشكلة في the ceiling light,في مشكلة في ceiling light at Lecture Hall C. The room is less visible because the light is not working. There is a كهربا safety concern في المكان.,INCIDENT,ELECTRICAL,ELECTRICAL,HIGH,HIGH,Lecture Hall C,mixed,admin_staff,HARD,True,0,,Electrical power or lighting problem
single_01176,SINGLE,Wi-fi needs attention,There is a problem with the Wi-Fi at Computer Science Building - Lab 3. The connection drops after a few minutes.,INCIDENT,IT_NETWORK_ACCOUNTS,IT_NETWORK_ACCOUNTS,MEDIUM,LOW,Computer Science Building - Lab 3,en,lecturer,MEDIUM,False,0,,Network or account access problem
single_01177,SINGLE,campus network مش شغال,لاحظت إن campus network فيه مشكلة في Computer Science Building - Lab 1. Other devices in the same area seem to have the same problem. أكتر من شخص ممكن يكون متأثر.,INCIDENT,IT_NETWORK_ACCOUNTS,IT_NETWORK_ACCOUNTS,HIGH,MEDIUM,Computer Science Building - Lab 1,ar_eg,admin_staff,HARD,False,0,,Network or account access problem
single_01178,SINGLE,Power supply issue,I noticed that the power supply keeps turning off in Dormitory B - Floor 3. The equipment loses power repeatedly. The issue needs prompt attention. Several people may be affected. Please check.,INCIDENT,SAFETY_HAZARD,ELECTRICAL,HIGH,HIGH,Dormitory B - Floor 3,en,lab_assistant,MEDIUM,False,0,,Electrical power or lighting problem
single_01179,SINGLE,مشكلة في printer,The printer is not printing في Engineering Building - Lab 2. The printer worked normally earlier today. please check.,INCIDENT,IT_HARDWARE_PRINTING,IT_HARDWARE_PRINTING,MEDIUM,LOW,Engineering Building - Lab 2,mixed,admin_staff,MEDIUM,False,0,,Physical computer or printing equipment issue
single_01180,SINGLE,مشكلة في wall socket,محتاجين حد يشوف wall socket في Student Affairs Office. Other sockets in the room still have power. في مشكلة كهرباء واضحة ومحتاجة تتراجع بسرعة.,INCIDENT,ELECTRICAL,ELECTRICAL,HIGH,HIGH,Student Affairs Office,ar_eg,admin_staff,MEDIUM,True,0,,Electrical power or lighting problem
single_01181,SINGLE,mshkela fe wall,el wall is cracked fe Engineering Building - Room 101. The crack has become more noticeable. aktar men 7ad momken ykoon mota2asser. goz2 men el makan mesh safe w mehtag inspection.,INCIDENT,FURNITURE_FIXTURES,BUILDING_STRUCTURE,HIGH,HIGH,Engineering Building - Room 101,arabizi,dorm_resident,EASY,True,0,,"Building surface, door, window or structural issue"
single_01182,SINGLE,مشكلة في الأسانسير,elevator door محتاج متابعة في Engineering Building - Lab 4. The elevator cannot be used normally. أكتر من شخص ممكن يكون متأثر.,INCIDENT,ELEVATOR,ELEVATOR,HIGH,MEDIUM,Engineering Building - Lab 4,ar_eg,lab_assistant,MEDIUM,False,0,,Elevator or lift malfunction
single_01183,SINGLE,University email issue,Please check the university email at Engineering Building - Lab 2. It cannot be accessed. The account cannot open the university email service.,INCIDENT,OTHER,IT_NETWORK_ACCOUNTS,LOW,MEDIUM,Engineering Building - Lab 2,en,student,MEDIUM,False,0,,Network or account access problem
single_01184,SINGLE,Issue with drain,Please check the drain at Administration Building - Room 12. It is blocked. Water is draining very slowly.,INCIDENT,CLEANING_WASTE,PLUMBING_WATER,LOW,MEDIUM,Administration Building - Room 12,en,dorm_resident,MEDIUM,False,0,,"Water supply, drainage or plumbing problem"
single_01185,SINGLE,The outdoor light has an issue,The problem is with outdoor light في Parking Area. The outdoor area is poorly lit after dark. الموضوع محتاج prompt attention.,INCIDENT,GROUNDS_OUTDOOR,GROUNDS_OUTDOOR,MEDIUM,HIGH,Parking Area,mixed,admin_staff,MEDIUM,False,0,,Outdoor area or grounds maintenance issue
single_01186,SINGLE,Problem with common area,Please check the common area at Dormitory A - Floor 2. It has a strong odor. The odor was noticed recently in the area.,INCIDENT,OTHER,CLEANING_WASTE,MEDIUM,MEDIUM,Dormitory A - Floor 2,en,security_staff,MEDIUM,False,0,,Cleaning or waste management problem
single_01187,SINGLE,Issue with cabinet,I noticed that the cabinet does not close properly in Main Lecture Hall. The cabinet door remains partially open.,INCIDENT,FURNITURE_FIXTURES,FURNITURE_FIXTURES,MEDIUM,MEDIUM,Main Lecture Hall,en,lecturer,EASY,False,0,,Furniture or fixture maintenance problem
single_01188,SINGLE,vent مش شغال,لاحظت إن vent فيه مشكلة في Sports Building. Airflow from the vent is not normal.,INCIDENT,HVAC_AC,HVAC_AC,MEDIUM,LOW,Sports Building,ar_eg,dorm_resident,MEDIUM,False,0,,Air conditioning or ventilation issue
single_01189,SINGLE,Cabinet issue,I noticed that the cabinet does not close properly in Engineering Building - Lab 2. The cabinet door remains partially open.,INCIDENT,FURNITURE_FIXTURES,FURNITURE_FIXTURES,LOW,LOW,Engineering Building - Lab 2,en,security_staff,EASY,False,0,,Furniture or fixture maintenance problem
single_01190,SINGLE,broken railing مش آمن,محتاجين حد يشوف broken railing في Dormitory A - Floor 2. The damaged railing is located on a frequently used path. الموضوع محتاج متابعة بسرعة. أكتر من شخص ممكن يكون متأثر.,INCIDENT,SAFETY_HAZARD,SAFETY_HAZARD,HIGH,HIGH,Dormitory A - Floor 2,ar_eg,admin_staff,MEDIUM,False,0,,Reported physical safety hazard
single_01191,SINGLE,Problem with outdoor light,The outdoor light is not working في Outdoor Courtyard. The outdoor area is poorly lit after dark.,INCIDENT,GROUNDS_OUTDOOR,GROUNDS_OUTDOOR,MEDIUM,MEDIUM,Outdoor Courtyard,mixed,lecturer,EASY,False,0,,Outdoor area or grounds maintenance issue
single_01192,SINGLE,مشكلة في mouse,في مشكلة في mouse في Library - Second Floor. The pointer does not move normally. لو سمحت.,INCIDENT,IT_NETWORK_ACCOUNTS,IT_HARDWARE_PRINTING,MEDIUM,LOW,Library - Second Floor,ar_eg,lecturer,EASY,False,0,,Physical computer or printing equipment issue
single_01193,SINGLE,Desktop computer keeps restarting,There is a problem with the desktop computer at Science Building - Physics Lab. The computer restarts while it is being used. Several people may be affected.,INCIDENT,IT_HARDWARE_PRINTING,IT_HARDWARE_PRINTING,HIGH,MEDIUM,Science Building - Physics Lab,en,student,EASY,False,0,,Physical computer or printing equipment issue
single_01194,SINGLE,Air conditioning system is blowing warm air,Please check the air conditioning system at Dormitory B - Floor 3. It is blowing warm air. The room is not cooling normally.,INCIDENT,HVAC_AC,HVAC_AC,MEDIUM,LOW,Dormitory B - Floor 3,en,dorm_resident,MEDIUM,False,0,,Air conditioning or ventilation issue
single_01195,SINGLE,University email issue,Please check the university email at Engineering Building - Lab 4. It cannot be accessed. The account cannot open the university email service.,INCIDENT,IT_NETWORK_ACCOUNTS,IT_NETWORK_ACCOUNTS,LOW,MEDIUM,Engineering Building - Lab 4,en,security_staff,MEDIUM,False,0,,Network or account access problem
single_01196,SINGLE,Cabinet does not close properly,Please check the cabinet at Dormitory A - Floor 2. It does not close properly. The cabinet door remains partially open.,INCIDENT,FURNITURE_FIXTURES,FURNITURE_FIXTURES,LOW,MEDIUM,Dormitory A - Floor 2,en,admin_staff,MEDIUM,False,0,,Furniture or fixture maintenance problem
single_01197,SINGLE,Air conditioning system is blowing warm air,I noticed that the air conditioning system is blowing warm air in Administration Building - Room 12. The room is not cooling normally. The issue needs prompt attention. Several people may be affected.,INCIDENT,HVAC_AC,HVAC_AC,HIGH,HIGH,Administration Building - Room 12,en,dorm_resident,HARD,False,0,,Air conditioning or ventilation issue
single_01198,SINGLE,Problem with damaged safety sign,The problem is with damaged safety sign في Library - First Floor. The safety information is no longer clearly visible.,INCIDENT,SAFETY_HAZARD,SAFETY_HAZARD,MEDIUM,MEDIUM,Library - First Floor,mixed,lab_assistant,MEDIUM,False,0,,Reported physical safety hazard
single_01199,SINGLE,مشكلة في garden area,لاحظت إن garden area فيه مشكلة في Main Entrance. The area needs routine grounds maintenance.,SERVICE_REQUEST,GROUNDS_OUTDOOR,GROUNDS_OUTDOOR,LOW,MEDIUM,Main Entrance,ar_eg,lecturer,MEDIUM,False,0,,Outdoor area or grounds maintenance issue
single_01200,SINGLE,Problem with USB port,I noticed that the USB port does not detect the device in Computer Science Building - Room 203. Connected devices are not recognized by the computer.,INCIDENT,IT_HARDWARE_PRINTING,IT_HARDWARE_PRINTING,MEDIUM,LOW,Computer Science Building - Room 203,en,dorm_resident,EASY,False,0,,Physical computer or printing equipment issue
single_01201,SINGLE,مشكلة سلامة في smoke,smoke محتاج متابعة في Computer Science Building - Room 203. The source of the smoke is not clear. الموضوع محتاج متابعة بسرعة. أكتر من شخص ممكن يكون متأثر.,INCIDENT,SAFETY_HAZARD,SAFETY_HAZARD,HIGH,HIGH,Computer Science Building - Room 203,ar_eg,dorm_resident,HARD,False,0,,Reported physical safety hazard
single_01202,SINGLE,مشكلة في facility,facility محتاج متابعة في Computer Science Building - Room 203. The exact cause is not clear. لو سمحت.,INCIDENT,OTHER,OTHER,MEDIUM,LOW,Computer Science Building - Room 203,ar_eg,security_staff,MEDIUM,False,0,,Issue does not fit a specific category
single_01203,SINGLE,Monitor needs attention,I noticed that the monitor shows a blank screen in Computer Science Building - Room 203. The computer is running but nothing appears on the display.,INCIDENT,IT_HARDWARE_PRINTING,IT_HARDWARE_PRINTING,MEDIUM,MEDIUM,Computer Science Building - Room 203,en,lecturer,HARD,False,0,,Physical computer or printing equipment issue
single_01204,SINGLE,floor tile محتاج تصليح,لاحظت إن floor tile فيه مشكلة في Main Entrance. The damaged tile is located in a frequently used area.,INCIDENT,BUILDING_STRUCTURE,BUILDING_STRUCTURE,MEDIUM,MEDIUM,Main Entrance,ar_eg,student,HARD,False,0,,"Building surface, door, window or structural issue"
single_01205,SINGLE,مشكلة في classroom speakers,محتاجين حد يشوف classroom speakers في Engineering Building - Room 101. The problem affects audio during the class. الموضوع محتاج متابعة بسرعة. أكتر من شخص ممكن يكون متأثر.,INCIDENT,AV_CLASSROOM_EQUIPMENT,AV_CLASSROOM_EQUIPMENT,HIGH,HIGH,Engineering Building - Room 101,ar_eg,student,HARD,False,0,,Classroom audio visual equipment issue
single_01206,SINGLE,Projector does not turn on,I noticed that the projector does not turn on in Administration Building - Room 12. The instructor needs the equipment for the current class.,INCIDENT,AV_CLASSROOM_EQUIPMENT,AV_CLASSROOM_EQUIPMENT,MEDIUM,MEDIUM,Administration Building - Room 12,en,lecturer,HARD,False,0,,Classroom audio visual equipment issue
single_01207,SINGLE,مشكلة سلامة في exposed wire,لاحظت إن exposed wire فيه مشكلة في Computer Science Building - Lab 1. The exposed wire is accessible in the area. الموضوع محتاج متابعة بسرعة. أكتر من شخص ممكن يكون متأثر.,INCIDENT,SAFETY_HAZARD,SAFETY_HAZARD,HIGH,HIGH,Computer Science Building - Lab 1,ar_eg,security_staff,MEDIUM,False,0,,Reported physical safety hazard
single_01208,SINGLE,Service area issue,Please check the service area at Engineering Building - Lab 2. It needs maintenance. A technician may need to inspect the area. Please check.,SERVICE_REQUEST,OTHER,OTHER,LOW,LOW,Engineering Building - Lab 2,en,lab_assistant,MEDIUM,False,0,,Issue does not fit a specific category
single_01209,SINGLE,مشكلة محتاجة تدخل في broken railing,لاحظت إن broken railing فيه مشكلة في Sports Building. The damaged railing is located on a frequently used path. الموضوع محتاج متابعة بسرعة. أكتر من شخص ممكن يكون متأثر.,INCIDENT,SAFETY_HAZARD,SAFETY_HAZARD,HIGH,HIGH,Sports Building,ar_eg,lecturer,MEDIUM,False,0,,Reported physical safety hazard
single_01210,SINGLE,Classroom has not been cleaned,There is a problem with the classroom at Dormitory B - Floor 3. The area has been used throughout the day. The issue needs prompt attention.,INCIDENT,PLUMBING_WATER,CLEANING_WASTE,LOW,HIGH,Dormitory B - Floor 3,en,student,MEDIUM,False,0,,Cleaning or waste management problem
single_01211,SINGLE,Drain needs attention,I noticed that the drain is blocked in Library - Second Floor. Water is draining very slowly.,INCIDENT,PLUMBING_WATER,PLUMBING_WATER,MEDIUM,MEDIUM,Library - Second Floor,en,admin_staff,EASY,False,0,,"Water supply, drainage or plumbing problem"
single_01212,SINGLE,monitor مش شغال,محتاجين حد يشوف monitor في Computer Science Building - Lab 3. The computer is running but nothing appears on the display.,INCIDENT,AV_CLASSROOM_EQUIPMENT,IT_HARDWARE_PRINTING,MEDIUM,MEDIUM,Computer Science Building - Lab 3,ar_eg,student,MEDIUM,False,0,,Physical computer or printing equipment issue
single_01213,SINGLE,3atel fe thermostat,el moshkela fe thermostat zahret fe Main Lecture Hall.,INCIDENT,HVAC_AC,HVAC_AC,MEDIUM,LOW,Main Lecture Hall,arabizi,lecturer,MEDIUM,False,0,,Air conditioning or ventilation issue
single_01214,SINGLE,مشكلة في light,محتاجين حد يشوف the light في Main Entrance.,INCIDENT,ELECTRICAL,ELECTRICAL,LOW,MEDIUM,Main Entrance,mixed,lecturer,MEDIUM,False,0,,Electrical power or lighting problem
single_01215,SINGLE,Issue with smart board,There is a problem with the smart board at Lecture Hall C. The board does not respond when the instructor interacts with it.,INCIDENT,IT_HARDWARE_PRINTING,AV_CLASSROOM_EQUIPMENT,LOW,MEDIUM,Lecture Hall C,en,lecturer,MEDIUM,False,0,,Classroom audio visual equipment issue
single_01216,SINGLE,عطل في floor tile,في مشكلة في floor tile في Dormitory B - Floor 3. The damaged tile is located in a frequently used area. لو سمحت.,INCIDENT,BUILDING_STRUCTURE,BUILDING_STRUCTURE,MEDIUM,MEDIUM,Dormitory B - Floor 3,ar_eg,admin_staff,HARD,False,0,,"Building surface, door, window or structural issue"
single_01217,SINGLE,mshkela fe equipment area,el moshkela fe equipment area zahret fe Dormitory A - Floor 1.,INCIDENT,OTHER,OTHER,MEDIUM,LOW,Dormitory A - Floor 1,arabizi,admin_staff,MEDIUM,False,0,,Issue does not fit a specific category
single_01218,SINGLE,مشكلة في window,في مشكلة في window في Computer Science Building - Lab 3. The room is still accessible but the window needs repair.,INCIDENT,BUILDING_STRUCTURE,BUILDING_STRUCTURE,MEDIUM,MEDIUM,Computer Science Building - Lab 3,ar_eg,lecturer,HARD,False,0,,"Building surface, door, window or structural issue"
single_01219,SINGLE,مشكلة في corridor,في مشكلة في corridor في Dormitory A - Floor 2. The corridor needs its regular cleaning service.,INCIDENT,PLUMBING_WATER,CLEANING_WASTE,LOW,LOW,Dormitory A - Floor 2,ar_eg,dorm_resident,MEDIUM,False,0,,Cleaning or waste management problem
single_01220,SINGLE,الأسانسير مش شغال,لاحظت إن elevator door فيه مشكلة في Library - First Floor. The elevator cannot be used normally. الموضوع محتاج متابعة بسرعة. أكتر من شخص ممكن يكون متأثر. لو سمحت.,INCIDENT,ELEVATOR,ELEVATOR,HIGH,HIGH,Library - First Floor,ar_eg,security_staff,MEDIUM,False,0,,Elevator or lift malfunction
single_01221,SINGLE,Problem with elevator,The elevator is out of service at Science Building - Chemistry Lab. The building has other access routes. Several people may be affected.,INCIDENT,ELEVATOR,ELEVATOR,HIGH,LOW,Science Building - Chemistry Lab,en,lab_assistant,HARD,False,0,,Elevator or lift malfunction
single_01222,SINGLE,el elevator door feh moshkela,el elevator door is not opening fe Dormitory A - Floor 2. The elevator cannot be used normally. el mawdoo3 mehtag check بسرعة.,INCIDENT,ELEVATOR,ELEVATOR,MEDIUM,HIGH,Dormitory A - Floor 2,arabizi,lecturer,HARD,False,0,,Elevator or lift malfunction
single_01223,SINGLE,Issue with faucet,Please check the faucet at Lecture Hall C. It is dripping. The leak continues even when the faucet is closed.,INCIDENT,PLUMBING_WATER,PLUMBING_WATER,LOW,LOW,Lecture Hall C,en,security_staff,EASY,False,0,,"Water supply, drainage or plumbing problem"
single_01224,SINGLE,The gate has an issue,The problem is with gate في Main Entrance. The gate cannot be operated normally. الموضوع محتاج prompt attention. please check.,INCIDENT,GROUNDS_OUTDOOR,GROUNDS_OUTDOOR,MEDIUM,HIGH,Main Entrance,mixed,admin_staff,EASY,False,0,,Outdoor area or grounds maintenance issue
single_01225,SINGLE,مشكلة نظافة في waste bin,لاحظت إن waste bin فيه مشكلة في Library - Second Floor. The waste bin has not been emptied recently.,INCIDENT,CLEANING_WASTE,CLEANING_WASTE,MEDIUM,MEDIUM,Library - Second Floor,ar_eg,dorm_resident,MEDIUM,False,0,,Cleaning or waste management problem
single_01226,SINGLE,Ceiling light needs attention,I noticed that the ceiling light stopped working in Science Building - Physics Lab. The room is less visible because the light is not working.,INCIDENT,BUILDING_STRUCTURE,ELECTRICAL,MEDIUM,MEDIUM,Science Building - Physics Lab,en,admin_staff,MEDIUM,False,0,,Electrical power or lighting problem
single_01227,SINGLE,Issue with printer,The printer is not printing at Engineering Building - Lab 2. The printer worked normally earlier today.,INCIDENT,IT_HARDWARE_PRINTING,IT_HARDWARE_PRINTING,MEDIUM,MEDIUM,Engineering Building - Lab 2,en,lab_assistant,MEDIUM,False,0,,Physical computer or printing equipment issue
single_01228,SINGLE,Ac unit needs attention,I noticed that the AC unit is leaking water in Computer Science Building - Lab 3. Water is appearing below the unit. The issue needs prompt attention.,INCIDENT,HVAC_AC,HVAC_AC,MEDIUM,HIGH,Computer Science Building - Lab 3,en,lecturer,HARD,False,0,,Air conditioning or ventilation issue
single_01229,SINGLE,Desk is unstable,There is a problem with the desk at Dormitory B - Floor 3. The desk moves when it is used. Several people may be affected.,INCIDENT,FURNITURE_FIXTURES,FURNITURE_FIXTURES,HIGH,LOW,Dormitory B - Floor 3,en,student,MEDIUM,False,0,,Furniture or fixture maintenance problem
single_01230,SINGLE,Toilet is overflowing,The toilet is overflowing at Student Affairs Office. Water is spreading around the bathroom area. Several people may be affected.,INCIDENT,PLUMBING_WATER,PLUMBING_WATER,HIGH,MEDIUM,Student Affairs Office,en,lecturer,HARD,False,0,,"Water supply, drainage or plumbing problem"
single_01231,SINGLE,Problem with room,The room requires inspection في Computer Science Building - Lab 3. The reporter could not identify the exact problem.,SERVICE_REQUEST,BUILDING_STRUCTURE,OTHER,MEDIUM,MEDIUM,Computer Science Building - Lab 3,mixed,lab_assistant,HARD,False,0,,Issue does not fit a specific category
single_01232,SINGLE,مشكلة في faucet,في مشكلة في faucet at Outdoor Courtyard. The leak continues even when the faucet is closed.,INCIDENT,PLUMBING_WATER,PLUMBING_WATER,LOW,LOW,Outdoor Courtyard,mixed,security_staff,MEDIUM,False,0,,"Water supply, drainage or plumbing problem"
single_01233,SINGLE,مشكلة في the AC unit,في مشكلة في AC unit at Engineering Building - Lab 2. Water is appearing below the unit. الموضوع محتاج prompt attention. أكتر من شخص ممكن يكون affected.,INCIDENT,HVAC_AC,HVAC_AC,HIGH,HIGH,Engineering Building - Lab 2,mixed,security_staff,HARD,False,0,,Air conditioning or ventilation issue
single_01234,SINGLE,Problem with ceiling light,The ceiling light stopped working في Administration Building - Room 12. The room is less visible because the light is not working.,INCIDENT,ELECTRICAL,ELECTRICAL,MEDIUM,MEDIUM,Administration Building - Room 12,mixed,lecturer,HARD,False,0,,Electrical power or lighting problem
single_01235,SINGLE,Classroom speakers needs attention,Please check the classroom speakers at Lecture Hall C. It have no sound. The problem affects audio during the class. The issue needs prompt attention. Several people may be affected.,INCIDENT,AV_CLASSROOM_EQUIPMENT,AV_CLASSROOM_EQUIPMENT,HIGH,HIGH,Lecture Hall C,en,lab_assistant,HARD,False,0,,Classroom audio visual equipment issue
single_01236,SINGLE,Floor needs attention,Please check the floor at Lecture Hall C It is dirty. The floor needs routine cleaning.,INCIDENT,CLEANING_WASTE,CLEANING_WASTE,LOW,LOW,Lecture Hall C,en,lab_assistant,EASY,False,0,,Cleaning or waste management problem
single_01237,SINGLE,Vpn is not connecting,There is a problem with the VPN at Science Building - Physics Lab. The VPN connection fails when access to the university network is required.,INCIDENT,IT_NETWORK_ACCOUNTS,IT_NETWORK_ACCOUNTS,LOW,LOW,Science Building - Physics Lab,en,student,MEDIUM,False,0,,Network or account access problem
single_01238,SINGLE,Equipment area issue,Please check the equipment area at Outdoor Courtyard. It is not functioning normally. The problem could not be classified more specifically.,INCIDENT,OTHER,OTHER,MEDIUM,MEDIUM,Outdoor Courtyard,en,security_staff,MEDIUM,False,0,,Issue does not fit a specific category
single_01239,SINGLE,el university email feh moshkela,el moshkela fe university email zahret fe Library - First Floor.,INCIDENT,IT_NETWORK_ACCOUNTS,IT_NETWORK_ACCOUNTS,MEDIUM,MEDIUM,Library - First Floor,arabizi,dorm_resident,MEDIUM,False,0,,Network or account access problem
single_01240,SINGLE,el power supply mehtag check,feh moshkela fel power supply fe Lecture Hall B. el mawdoo3 mehtag check بسرعة.,INCIDENT,ELECTRICAL,ELECTRICAL,MEDIUM,HIGH,Lecture Hall B,arabizi,student,HARD,False,0,,Electrical power or lighting problem
single_01241,SINGLE,مشكلة في thermostat,The thermostat is not responding في Engineering Building - Lab 4. The temperature cannot be adjusted normally.,INCIDENT,HVAC_AC,HVAC_AC,MEDIUM,LOW,Engineering Building - Lab 4,mixed,lab_assistant,MEDIUM,False,0,,Air conditioning or ventilation issue
single_01242,SINGLE,عطل في microphone,محتاجين حد يشوف microphone في Administration Building - Room 12. The microphone is not producing any sound during the current class. الموضوع محتاج متابعة بسرعة. أكتر من شخص ممكن يكون متأثر.,INCIDENT,AV_CLASSROOM_EQUIPMENT,AV_CLASSROOM_EQUIPMENT,HIGH,HIGH,Administration Building - Room 12,ar_eg,lecturer,HARD,False,0,,Classroom audio visual equipment issue
single_01243,SINGLE,Ceiling needs attention,The ceiling is damaged at Dormitory B - Floor 1. The damage is limited to one area. The issue needs prompt attention.,INCIDENT,BUILDING_STRUCTURE,BUILDING_STRUCTURE,MEDIUM,HIGH,Dormitory B - Floor 1,en,security_staff,HARD,False,0,,"Building surface, door, window or structural issue"
single_01244,SINGLE,floor مش نضيف,لاحظت إن floor فيه مشكلة في Dormitory A - Floor 2. The floor needs routine cleaning.,INCIDENT,CLEANING_WASTE,CLEANING_WASTE,LOW,LOW,Dormitory A - Floor 2,ar_eg,lecturer,MEDIUM,False,0,,Cleaning or waste management problem
single_01245,SINGLE,Problem with wall socket,Please check the wall socket at Library - Second Floor. It has no power. Other sockets in the room still have power.,INCIDENT,ELECTRICAL,ELECTRICAL,MEDIUM,MEDIUM,Library - Second Floor,en,student,HARD,False,0,,Electrical power or lighting problem
single_01246,SINGLE,Issue with microphone,The microphone has no sound at Engineering Building - Room 101. The microphone is not producing any sound during the current class. Several people may be affected.,INCIDENT,AV_CLASSROOM_EQUIPMENT,AV_CLASSROOM_EQUIPMENT,HIGH,MEDIUM,Engineering Building - Room 101,en,student,HARD,False,0,,Classroom audio visual equipment issue
single_01247,SINGLE,el classroom speakers mehtag check,momken 7ad yshoof el classroom speakers fe Lecture Hall C? aktar men 7ad momken ykoon mota2asser.,INCIDENT,AV_CLASSROOM_EQUIPMENT,AV_CLASSROOM_EQUIPMENT,HIGH,MEDIUM,Lecture Hall C,arabizi,admin_staff,MEDIUM,False,0,,Classroom audio visual equipment issue
single_01248,SINGLE,مشكلة في common area,في مشكلة في common area at Main Lecture Hall. The odor was noticed recently in the area.,INCIDENT,OTHER,CLEANING_WASTE,MEDIUM,MEDIUM,Main Lecture Hall,mixed,security_staff,MEDIUM,False,0,,Cleaning or waste management problem
single_01249,SINGLE,Table issue,The table is unstable at Lecture Hall C. The table does not remain steady during use.,INCIDENT,FURNITURE_FIXTURES,FURNITURE_FIXTURES,LOW,LOW,Lecture Hall C,en,dorm_resident,HARD,False,0,,Furniture or fixture maintenance problem
single_01250,SINGLE,Issue with corridor,Please check the corridor at Library - Second Floor. It has not been cleaned. The corridor needs its regular cleaning service.,INCIDENT,CLEANING_WASTE,CLEANING_WASTE,LOW,MEDIUM,Library - Second Floor,en,lecturer,EASY,False,0,,Cleaning or waste management problem
single_01251,SINGLE,Issue with AC unit,Please check the AC unit at Engineering Building - Lab 4. It is making a strange noise. The noise started during the current session.,INCIDENT,PLUMBING_WATER,HVAC_AC,MEDIUM,MEDIUM,Engineering Building - Lab 4,en,dorm_resident,MEDIUM,False,0,,Air conditioning or ventilation issue
single_01252,SINGLE,Projector needs attention,I noticed that the projector has no signal in Computer Science Building - Room 203. Changing the input source did not help. The issue needs prompt attention. Several people may be affected.,INCIDENT,ELECTRICAL,AV_CLASSROOM_EQUIPMENT,HIGH,HIGH,Computer Science Building - Room 203,en,admin_staff,HARD,False,0,,Classroom audio visual equipment issue
single_01253,SINGLE,Electrical switch is not working,I noticed that the electrical switch is not working in Main Lecture Hall. The switch does not control the connected light.,INCIDENT,BUILDING_STRUCTURE,ELECTRICAL,LOW,MEDIUM,Main Lecture Hall,en,security_staff,MEDIUM,False,0,,Electrical power or lighting problem
single_01254,SINGLE,The ceiling panel has an issue,The problem is with ceiling panel في Administration Building - Room 18. The panel needs to be inspected before it becomes unsafe.,INCIDENT,BUILDING_STRUCTURE,BUILDING_STRUCTURE,MEDIUM,LOW,Administration Building - Room 18,mixed,student,HARD,False,0,,"Building surface, door, window or structural issue"
single_01255,SINGLE,Problem with mouse,I noticed that the mouse stopped responding in Engineering Building - Lab 4. The pointer does not move normally. The issue needs prompt attention.,INCIDENT,IT_HARDWARE_PRINTING,IT_HARDWARE_PRINTING,LOW,HIGH,Engineering Building - Lab 4,en,security_staff,EASY,False,0,,Physical computer or printing equipment issue
single_01256,SINGLE,Floor tile issue,I noticed that the floor tile is damaged in Dormitory B - Floor 3. The damaged tile is located in a frequently used area.,INCIDENT,BUILDING_STRUCTURE,BUILDING_STRUCTURE,MEDIUM,LOW,Dormitory B - Floor 3,en,student,MEDIUM,False,0,,"Building surface, door, window or structural issue"
single_01257,SINGLE,عطل في parking area,parking area محتاج متابعة في Parking Area. The issue affects one outdoor location.,SERVICE_REQUEST,GROUNDS_OUTDOOR,GROUNDS_OUTDOOR,LOW,LOW,Parking Area,ar_eg,student,EASY,False,0,,Outdoor area or grounds maintenance issue
single_01258,SINGLE,Issue with common area,I noticed that the common area has a strong odor in Lecture Hall C. The odor was noticed recently in the area.,INCIDENT,CLEANING_WASTE,CLEANING_WASTE,MEDIUM,MEDIUM,Lecture Hall C,en,lecturer,MEDIUM,False,0,,Cleaning or waste management problem
single_01259,SINGLE,Vpn issue,There is a problem with the VPN at Computer Science Building - Room 203. The VPN connection fails when access to the university network is required. The issue needs prompt attention.,INCIDENT,IT_NETWORK_ACCOUNTS,IT_NETWORK_ACCOUNTS,LOW,HIGH,Computer Science Building - Room 203,en,lab_assistant,HARD,False,0,,Network or account access problem
single_01260,SINGLE,Problem with parking area,Please check the parking area at Outdoor Courtyard. It needs maintenance. The issue affects one outdoor location.,SERVICE_REQUEST,GROUNDS_OUTDOOR,GROUNDS_OUTDOOR,MEDIUM,LOW,Outdoor Courtyard,en,dorm_resident,EASY,False,0,,Outdoor area or grounds maintenance issue
single_01261,SINGLE,Issue with AC unit,There is a problem with the AC unit at Lecture Hall C. The noise started during the current session. The issue needs prompt attention.,INCIDENT,HVAC_AC,HVAC_AC,MEDIUM,HIGH,Lecture Hall C,en,admin_staff,HARD,False,0,,Air conditioning or ventilation issue
single_01262,SINGLE,vent فيه مشكلة,vent محتاج متابعة في Parking Area. Airflow from the vent is not normal. ضروري شوية,INCIDENT,PLUMBING_WATER,HVAC_AC,LOW,LOW,Parking Area,ar_eg,security_staff,MEDIUM,False,0,,Air conditioning or ventilation issue
single_01263,SINGLE,Ac unit is making a strange noise,There is a problem with the AC unit at Science Building - Chemistry Lab. The noise started during the current session.,INCIDENT,HVAC_AC,HVAC_AC,MEDIUM,MEDIUM,Science Building - Chemistry Lab,en,admin_staff,MEDIUM,False,0,,Air conditioning or ventilation issue
single_01264,SINGLE,مشكلة صيانة غير واضحة,service area محتاج متابعة في Science Building - Chemistry Lab. A technician may need to inspect the area. أكتر من شخص ممكن يكون متأثر.,SERVICE_REQUEST,OTHER,OTHER,HIGH,MEDIUM,Science Building - Chemistry Lab,ar_eg,security_staff,HARD,False,0,,Issue does not fit a specific category
single_01265,SINGLE,عطل في الأسانسير,lift محتاج متابعة في Engineering Building - Lab 2. The elevator requires immediate technical inspection. أكتر من شخص ممكن يكون متأثر. لو سمحت.,INCIDENT,ELEVATOR,ELEVATOR,HIGH,MEDIUM,Engineering Building - Lab 2,ar_eg,dorm_resident,HARD,False,0,,Elevator or lift malfunction
single_01266,SINGLE,Thermostat needs attention,I noticed that the thermostat is not responding in Student Affairs Office. The temperature cannot be adjusted normally.,INCIDENT,OTHER,HVAC_AC,MEDIUM,MEDIUM,Student Affairs Office,en,lab_assistant,EASY,False,0,,Air conditioning or ventilation issue
single_01267,SINGLE,Issue with elevator door,There is a problem with the elevator door at Science Building - Physics Lab. The elevator cannot be used normally. Several people may be affected. Please check.,INCIDENT,ELEVATOR,ELEVATOR,HIGH,MEDIUM,Science Building - Physics Lab,en,student,MEDIUM,False,0,,Elevator or lift malfunction
single_01268,SINGLE,Wall socket needs attention,Please check the wall socket at Engineering Building - Lab 4. It has no power. Other sockets in the room still have power. The issue needs prompt attention. Please check.,INCIDENT,ELECTRICAL,ELECTRICAL,MEDIUM,HIGH,Engineering Building - Lab 4,en,student,MEDIUM,False,0,,Electrical power or lighting problem
single_01269,SINGLE,The outdoor bench has an issue,The outdoor bench is damaged في Main Entrance. The bench needs maintenance before regular use.,INCIDENT,GROUNDS_OUTDOOR,GROUNDS_OUTDOOR,LOW,LOW,Main Entrance,mixed,dorm_resident,EASY,False,0,,Outdoor area or grounds maintenance issue
single_01270,SINGLE,table محتاج تصليح,table محتاج متابعة في Main Entrance. The table does not remain steady during use. لو سمحت.,INCIDENT,FURNITURE_FIXTURES,FURNITURE_FIXTURES,MEDIUM,LOW,Main Entrance,ar_eg,student,MEDIUM,False,0,,Furniture or fixture maintenance problem
single_01271,SINGLE,el smart board feh moshkela,momken 7ad yshoof el smart board fe Main Lecture Hall? plz,INCIDENT,IT_HARDWARE_PRINTING,AV_CLASSROOM_EQUIPMENT,MEDIUM,MEDIUM,Main Lecture Hall,arabizi,dorm_resident,MEDIUM,False,0,,Classroom audio visual equipment issue
single_01272,SINGLE,Water pipe is leaking,There is a problem with the water pipe at Computer Science Building - Lab 1. The leak becomes worse when the water is used. The issue needs prompt attention.,INCIDENT,CLEANING_WASTE,PLUMBING_WATER,MEDIUM,HIGH,Computer Science Building - Lab 1,en,student,MEDIUM,False,0,,"Water supply, drainage or plumbing problem"
single_01273,SINGLE,The monitor has an issue,The monitor shows a blank screen في Library - First Floor. The computer is running but nothing appears on the display. أكتر من شخص ممكن يكون affected.,INCIDENT,IT_HARDWARE_PRINTING,IT_HARDWARE_PRINTING,HIGH,MEDIUM,Library - First Floor,mixed,security_staff,MEDIUM,False,0,,Physical computer or printing equipment issue
single_01274,SINGLE,Scanner does not detect the device,The scanner does not detect the device at Engineering Building - Lab 2. The scanner cannot be used from the connected computer.,INCIDENT,IT_HARDWARE_PRINTING,IT_HARDWARE_PRINTING,LOW,MEDIUM,Engineering Building - Lab 2,en,admin_staff,EASY,False,0,,Physical computer or printing equipment issue
single_01275,SINGLE,Vent is not working,Please check the vent at Lecture Hall B. It is not working. Airflow from the vent is not normal.,INCIDENT,ELECTRICAL,HVAC_AC,LOW,LOW,Lecture Hall B,en,dorm_resident,HARD,False,0,,Air conditioning or ventilation issue
single_01276,SINGLE,عطل في wall socket,wall socket محتاج متابعة في Sports Building. Other sockets in the room still have power.,INCIDENT,ELECTRICAL,ELECTRICAL,MEDIUM,MEDIUM,Sports Building,ar_eg,student,HARD,False,0,,Electrical power or lighting problem
single_01277,SINGLE,Exposed wire issue,Please check the exposed wire at Lecture Hall B. It creates a safety concern. The exposed wire is accessible in the area. The issue needs prompt attention. Several people may be affected.,INCIDENT,SAFETY_HAZARD,SAFETY_HAZARD,HIGH,HIGH,Lecture Hall B,en,security_staff,HARD,False,0,,Reported physical safety hazard
single_01278,SINGLE,el login feh moshkela,el moshkela fe login zahret fe Library - Second Floor. el mawdoo3 mehtag check بسرعة.,INCIDENT,IT_NETWORK_ACCOUNTS,IT_NETWORK_ACCOUNTS,MEDIUM,HIGH,Library - Second Floor,arabizi,student,MEDIUM,False,0,,Network or account access problem
single_01279,SINGLE,مشكلة نظافة في bathroom,محتاجين حد يشوف bathroom في Dormitory A - Floor 1. Regular cleaning is needed before normal use. أكتر من شخص ممكن يكون متأثر. لو سمحت.,SERVICE_REQUEST,CLEANING_WASTE,CLEANING_WASTE,HIGH,MEDIUM,Dormitory A - Floor 1,ar_eg,dorm_resident,HARD,False,0,,Cleaning or waste management problem
single_01280,SINGLE,Mouse issue,Please check the mouse at Computer Science Building - Lab 3. It stopped responding. The pointer does not move normally.,INCIDENT,AV_CLASSROOM_EQUIPMENT,IT_HARDWARE_PRINTING,LOW,LOW,Computer Science Building - Lab 3,en,dorm_resident,EASY,False,0,,Physical computer or printing equipment issue
single_01281,SINGLE,Waste bin has overflowing waste,I noticed that the waste bin has overflowing waste in Library - First Floor. The waste bin has not been emptied recently.,INCIDENT,CLEANING_WASTE,CLEANING_WASTE,MEDIUM,MEDIUM,Library - First Floor,en,student,EASY,False,0,,Cleaning or waste management problem
single_01282,SINGLE,الأسانسير مش شغال,في مشكلة في elevator في Administration Building - Room 12. People are currently using the building stairs. الموضوع محتاج متابعة بسرعة. أكتر من شخص ممكن يكون متأثر.,INCIDENT,ELEVATOR,ELEVATOR,HIGH,HIGH,Administration Building - Room 12,ar_eg,admin_staff,HARD,False,0,,Elevator or lift malfunction
single_01283,SINGLE,Water pipe issue,There is a problem with the water pipe at Parking Area The leak becomes worse when the water is used.,INCIDENT,PLUMBING_WATER,PLUMBING_WATER,MEDIUM,MEDIUM,Parking Area,en,student,HARD,False,0,,"Water supply, drainage or plumbing problem"
single_01284,SINGLE,مشكلة في chair,The chair is broken في Main Entrance. The chair can still be used with difficulty. please,INCIDENT,FURNITURE_FIXTURES,FURNITURE_FIXTURES,LOW,LOW,Main Entrance,mixed,student,MEDIUM,False,0,,Furniture or fixture maintenance problem
single_01285,SINGLE,Elevator panel needs attention,I noticed that the elevator panel is showing an error in Computer Science Building - Room 203 The elevator controls are not working normally. Several people may be affected.,INCIDENT,ELEVATOR,ELEVATOR,HIGH,MEDIUM,Computer Science Building - Room 203,en,lab_assistant,HARD,False,0,,Elevator or lift malfunction
single_01286,SINGLE,Problem with microphone,I noticed that the microphone has no sound in Lecture Hall B. The microphone is not producing any sound during the current class. The issue needs prompt attention.,INCIDENT,AV_CLASSROOM_EQUIPMENT,AV_CLASSROOM_EQUIPMENT,MEDIUM,HIGH,Lecture Hall B,en,student,HARD,False,0,,Classroom audio visual equipment issue
single_01287,SINGLE,student account مش شغال,student account محتاج متابعة في Library - First Floor. The password is correct but the login keeps failing.,INCIDENT,IT_NETWORK_ACCOUNTS,IT_NETWORK_ACCOUNTS,MEDIUM,MEDIUM,Library - First Floor,ar_eg,lecturer,MEDIUM,False,0,,Network or account access problem
single_01288,SINGLE,Corridor has not been cleaned,Please check the corridor at Lecture Hall C. It has not been cleaned. The corridor needs its regular cleaning service.,INCIDENT,CLEANING_WASTE,CLEANING_WASTE,LOW,LOW,Lecture Hall C,en,security_staff,MEDIUM,False,0,,Cleaning or waste management problem
single_01289,SINGLE,Elevator is not moving,I noticed that the elevator is not moving in Computer Science Building - Lab 1 People are currently using the building stairs. The issue needs prompt attention. Several people may be affected.,INCIDENT,BUILDING_STRUCTURE,ELEVATOR,HIGH,HIGH,Computer Science Building - Lab 1,en,admin_staff,HARD,False,0,,Elevator or lift malfunction
single_01290,SINGLE,Campus network is not connecting,The campus network is not connecting at Science Building - Physics Lab. Other devices in the same area seem to have the same problem.,INCIDENT,IT_NETWORK_ACCOUNTS,IT_NETWORK_ACCOUNTS,MEDIUM,MEDIUM,Science Building - Physics Lab,en,dorm_resident,HARD,False,0,,Network or account access problem
single_01291,SINGLE,Outdoor bench is damaged,There is a problem with the outdoor bench at Parking Area. The bench needs maintenance before regular use. Several people may be affected.,INCIDENT,GROUNDS_OUTDOOR,GROUNDS_OUTDOOR,HIGH,MEDIUM,Parking Area,en,lecturer,MEDIUM,False,0,,Outdoor area or grounds maintenance issue
single_01292,SINGLE,Problem with door handle,I noticed that the door handle is loose in Cafeteria. The handle moves when the door is opened.,INCIDENT,FURNITURE_FIXTURES,FURNITURE_FIXTURES,MEDIUM,MEDIUM,Cafeteria,en,lecturer,HARD,False,0,,Furniture or fixture maintenance problem
single_01293,SINGLE,Drain is blocked,There is a problem with the drain at Engineering Building - Lab 2. Water is draining very slowly. Several people may be affected.,INCIDENT,PLUMBING_WATER,PLUMBING_WATER,HIGH,MEDIUM,Engineering Building - Lab 2,en,student,MEDIUM,False,0,,"Water supply, drainage or plumbing problem"
single_01294,SINGLE,Problem with sink,There is a problem with the sink at Dormitory B - Floor 1. Water is collecting on the floor. Several people may be affected.,INCIDENT,PLUMBING_WATER,PLUMBING_WATER,HIGH,MEDIUM,Dormitory B - Floor 1,en,student,HARD,False,0,,"Water supply, drainage or plumbing problem"
single_01295,SINGLE,Problem with cabinet,I noticed that the cabinet does not close properly in Outdoor Courtyard The cabinet door remains partially open.,INCIDENT,FURNITURE_FIXTURES,FURNITURE_FIXTURES,MEDIUM,LOW,Outdoor Courtyard,en,student,MEDIUM,False,0,,Furniture or fixture maintenance problem
single_01296,SINGLE,Walkway is blocked,The walkway is blocked at Outdoor Courtyard. Part of the walkway cannot be used normally.,INCIDENT,GROUNDS_OUTDOOR,GROUNDS_OUTDOOR,MEDIUM,MEDIUM,Outdoor Courtyard,en,dorm_resident,MEDIUM,False,0,,Outdoor area or grounds maintenance issue
single_01297,SINGLE,Mouse needs attention,I noticed that the mouse stopped responding in Library - Second Floor. The pointer does not move normally.,INCIDENT,IT_HARDWARE_PRINTING,IT_HARDWARE_PRINTING,MEDIUM,MEDIUM,Library - Second Floor,en,dorm_resident,EASY,False,0,,Physical computer or printing equipment issue
single_01298,SINGLE,Problem with classroom,I noticed that the classroom has not been cleaned in Dormitory A - Floor 2 The area has been used throughout the day.,INCIDENT,CLEANING_WASTE,CLEANING_WASTE,LOW,LOW,Dormitory A - Floor 2,en,security_staff,EASY,False,0,,Cleaning or waste management problem
single_01299,SINGLE,toilet فيه مشكلة,في مشكلة في toilet في Science Building - Chemistry Lab. Water is spreading around the bathroom area. أكتر من شخص ممكن يكون متأثر.,INCIDENT,PLUMBING_WATER,PLUMBING_WATER,HIGH,MEDIUM,Science Building - Chemistry Lab,ar_eg,security_staff,MEDIUM,False,0,,"Water supply, drainage or plumbing problem"
single_01300,SINGLE,Issue with elevator,I noticed that the elevator is out of service in Dormitory B - Floor 3. The building has other access routes. Several people may be affected.,INCIDENT,ELEVATOR,ELEVATOR,HIGH,MEDIUM,Dormitory B - Floor 3,en,admin_staff,MEDIUM,False,0,,Elevator or lift malfunction
single_01301,SINGLE,Issue with classroom,The classroom has not been cleaned at Dormitory A - Floor 2 The area has been used throughout the day.,INCIDENT,CLEANING_WASTE,CLEANING_WASTE,MEDIUM,LOW,Dormitory A - Floor 2,en,lecturer,EASY,False,0,,Cleaning or waste management problem
single_01302,SINGLE,Corridor needs attention,Please check the corridor at Library - Second Floor It has not been cleaned. The corridor needs its regular cleaning service.,INCIDENT,CLEANING_WASTE,CLEANING_WASTE,MEDIUM,MEDIUM,Library - Second Floor,en,admin_staff,HARD,False,0,,Cleaning or waste management problem
single_01303,SINGLE,toilet فيه مشكلة,لاحظت إن toilet فيه مشكلة في Dormitory B - Floor 3. Water is spreading around the bathroom area. الموضوع محتاج متابعة بسرعة.,INCIDENT,CLEANING_WASTE,PLUMBING_WATER,MEDIUM,HIGH,Dormitory B - Floor 3,ar_eg,lecturer,HARD,False,0,,"Water supply, drainage or plumbing problem"
single_01304,SINGLE,parking area محتاج صيانة,محتاجين حد يشوف parking area في Parking Area. The issue affects one outdoor location. لو سمحت.,SERVICE_REQUEST,GROUNDS_OUTDOOR,GROUNDS_OUTDOOR,LOW,MEDIUM,Parking Area,ar_eg,lab_assistant,MEDIUM,False,0,,Outdoor area or grounds maintenance issue
single_01305,SINGLE,Walkway is blocked,There is a problem with the walkway at Main Entrance. Part of the walkway cannot be used normally.,INCIDENT,OTHER,GROUNDS_OUTDOOR,MEDIUM,MEDIUM,Main Entrance,en,lecturer,MEDIUM,False,0,,Outdoor area or grounds maintenance issue
single_01306,SINGLE,Issue with projector,I noticed that the projector has no signal in Computer Science Building - Room 203. Changing the input source did not help. The issue needs prompt attention.,INCIDENT,AV_CLASSROOM_EQUIPMENT,AV_CLASSROOM_EQUIPMENT,MEDIUM,HIGH,Computer Science Building - Room 203,en,lecturer,HARD,False,0,,Classroom audio visual equipment issue
single_01307,SINGLE,Problem with network connection,Please check the network connection at Science Building - Physics Lab. It is very slow. The connection becomes slow during normal campus use.,INCIDENT,IT_NETWORK_ACCOUNTS,IT_NETWORK_ACCOUNTS,MEDIUM,LOW,Science Building - Physics Lab,en,admin_staff,MEDIUM,False,0,,Network or account access problem
single_01308,SINGLE,Microphone has no sound,I noticed that the microphone has no sound in Engineering Building - Room 101. The microphone is not producing any sound during the current class. Several people may be affected.,INCIDENT,AV_CLASSROOM_EQUIPMENT,AV_CLASSROOM_EQUIPMENT,HIGH,MEDIUM,Engineering Building - Room 101,en,lab_assistant,HARD,False,0,,Classroom audio visual equipment issue
single_01309,SINGLE,Issue with desk,I noticed that the desk is unstable in Main Entrance. The desk moves when it is used.,INCIDENT,OTHER,FURNITURE_FIXTURES,MEDIUM,MEDIUM,Main Entrance,en,security_staff,MEDIUM,False,0,,Furniture or fixture maintenance problem
single_01310,SINGLE,الأسانسير مش شغال,في مشكلة في lift في Dormitory B - Floor 1. The elevator requires immediate technical inspection. الموضوع محتاج متابعة بسرعة. أكتر من شخص ممكن يكون متأثر.,INCIDENT,ELEVATOR,ELEVATOR,HIGH,HIGH,Dormitory B - Floor 1,ar_eg,lecturer,HARD,False,0,,Elevator or lift malfunction
single_01311,SINGLE,Water pipe needs attention,The water pipe is leaking at Computer Science Building - Room 203. The leak becomes worse when the water is used. The issue needs prompt attention. Several people may be affected.,INCIDENT,PLUMBING_WATER,PLUMBING_WATER,HIGH,HIGH,Computer Science Building - Room 203,en,security_staff,MEDIUM,False,0,,"Water supply, drainage or plumbing problem"
single_01312,SINGLE,el door handle feh moshkela,feh moshkela fel door handle fe Dormitory A - Floor 1.,INCIDENT,BUILDING_STRUCTURE,FURNITURE_FIXTURES,MEDIUM,LOW,Dormitory A - Floor 1,arabizi,student,HARD,False,0,,Furniture or fixture maintenance problem
single_01313,SINGLE,عطل في الأسانسير,لاحظت إن elevator فيه مشكلة في Sports Building. People are currently using the building stairs. الموضوع محتاج متابعة بسرعة. أكتر من شخص ممكن يكون متأثر.,INCIDENT,ELEVATOR,ELEVATOR,HIGH,HIGH,Sports Building,ar_eg,admin_staff,HARD,False,0,,Elevator or lift malfunction
single_01314,SINGLE,Login keeps asking for login,Please check the login at Engineering Building - Lab 4. It keeps asking for login. The system repeatedly asks the user to sign in. The issue needs prompt attention.,INCIDENT,IT_NETWORK_ACCOUNTS,IT_NETWORK_ACCOUNTS,LOW,HIGH,Engineering Building - Lab 4,en,lecturer,MEDIUM,False,0,,Network or account access problem
single_01315,SINGLE,Bathroom needs cleaning,The bathroom needs cleaning at Library - First Floor. Regular cleaning is needed before normal use.,SERVICE_REQUEST,CLEANING_WASTE,CLEANING_WASTE,MEDIUM,MEDIUM,Library - First Floor,en,admin_staff,HARD,False,0,,Cleaning or waste management problem
single_01316,SINGLE,Issue with walkway,The walkway is blocked at Outdoor Courtyard. Part of the walkway cannot be used normally.,INCIDENT,GROUNDS_OUTDOOR,GROUNDS_OUTDOOR,MEDIUM,MEDIUM,Outdoor Courtyard,en,dorm_resident,HARD,False,0,,Outdoor area or grounds maintenance issue
single_01317,SINGLE,مشكلة نظافة في classroom,في مشكلة في classroom في Library - First Floor. The area has been used throughout the day.,INCIDENT,OTHER,CLEANING_WASTE,LOW,LOW,Library - First Floor,ar_eg,security_staff,EASY,False,0,,Cleaning or waste management problem
single_01318,SINGLE,bathroom مش نضيف,bathroom محتاج متابعة في Cafeteria. Regular cleaning is needed before normal use. الموضوع محتاج متابعة بسرعة.,SERVICE_REQUEST,CLEANING_WASTE,CLEANING_WASTE,MEDIUM,HIGH,Cafeteria,ar_eg,lecturer,MEDIUM,False,0,,Cleaning or waste management problem
single_01319,SINGLE,Room needs attention,Please check the room at Engineering Building - Lab 2. It requires inspection. The reporter could not identify the exact problem.,SERVICE_REQUEST,OTHER,OTHER,LOW,MEDIUM,Engineering Building - Lab 2,en,security_staff,MEDIUM,False,0,,Issue does not fit a specific category
single_01320,SINGLE,Wi-Fi فيه مشكلة,لاحظت إن Wi-Fi فيه مشكلة في Science Building - Chemistry Lab. The connection drops after a few minutes.,INCIDENT,IT_NETWORK_ACCOUNTS,IT_NETWORK_ACCOUNTS,MEDIUM,LOW,Science Building - Chemistry Lab,ar_eg,lab_assistant,MEDIUM,False,0,,Network or account access problem
single_01321,SINGLE,Elevator panel issue,I noticed that the elevator panel is showing an error in Administration Building - Room 12. The elevator controls are not working normally. The issue needs prompt attention. Several people may be affected.,INCIDENT,ELEVATOR,ELEVATOR,HIGH,HIGH,Administration Building - Room 12,en,lecturer,HARD,False,0,,Elevator or lift malfunction
single_01322,SINGLE,عطل في door handle,محتاجين حد يشوف door handle في Student Affairs Office. The handle moves when the door is opened.,INCIDENT,FURNITURE_FIXTURES,FURNITURE_FIXTURES,MEDIUM,MEDIUM,Student Affairs Office,ar_eg,student,HARD,False,0,,Furniture or fixture maintenance problem
single_01323,SINGLE,Problem with login,The login keeps asking for login في Computer Science Building - Room 203. The system repeatedly asks the user to sign in.,INCIDENT,IT_NETWORK_ACCOUNTS,IT_NETWORK_ACCOUNTS,MEDIUM,LOW,Computer Science Building - Room 203,mixed,security_staff,HARD,False,0,,Network or account access problem
single_01324,SINGLE,مشكلة في sink,محتاجين حد يشوف the sink في Engineering Building - Room 101.,INCIDENT,PLUMBING_WATER,PLUMBING_WATER,MEDIUM,MEDIUM,Engineering Building - Room 101,mixed,dorm_resident,HARD,False,0,,"Water supply, drainage or plumbing problem"
single_01325,SINGLE,wall socket مش شغال,wall socket محتاج متابعة في Engineering Building - Lab 4. Other sockets in the room still have power.,INCIDENT,ELECTRICAL,ELECTRICAL,MEDIUM,MEDIUM,Engineering Building - Lab 4,ar_eg,dorm_resident,MEDIUM,False,0,,Electrical power or lighting problem
single_01326,SINGLE,عطل في water pipe,لاحظت إن water pipe فيه مشكلة في Library - Second Floor. The leak becomes worse when the water is used. أكتر من شخص ممكن يكون متأثر.,INCIDENT,PLUMBING_WATER,PLUMBING_WATER,HIGH,MEDIUM,Library - Second Floor,ar_eg,dorm_resident,HARD,False,0,,"Water supply, drainage or plumbing problem"
single_01327,SINGLE,مشكلة في the parking area,The problem is with parking area في Main Entrance. The issue affects one outdoor location.,SERVICE_REQUEST,GROUNDS_OUTDOOR,GROUNDS_OUTDOOR,MEDIUM,LOW,Main Entrance,mixed,admin_staff,EASY,False,0,,Outdoor area or grounds maintenance issue
single_01328,SINGLE,Broken railing issue,There is a problem with the broken railing at Engineering Building - Lab 2. The damaged railing is located on a frequently used path. The issue needs prompt attention.,INCIDENT,SAFETY_HAZARD,SAFETY_HAZARD,MEDIUM,HIGH,Engineering Building - Lab 2,en,admin_staff,HARD,False,0,,Reported physical safety hazard
single_01329,SINGLE,Display system issue,There is a problem with the display system at Lecture Hall B. The classroom display disconnects during use. The issue needs prompt attention.,INCIDENT,AV_CLASSROOM_EQUIPMENT,AV_CLASSROOM_EQUIPMENT,LOW,HIGH,Lecture Hall B,en,student,MEDIUM,False,0,,Classroom audio visual equipment issue
single_01330,SINGLE,classroom محتاج تنظيف,محتاجين حد يشوف classroom في Lecture Hall B. The area has been used throughout the day.,INCIDENT,CLEANING_WASTE,CLEANING_WASTE,LOW,LOW,Lecture Hall B,ar_eg,admin_staff,EASY,False,0,,Cleaning or waste management problem
single_01331,SINGLE,Display system issue,I noticed that the display system keeps disconnecting in Engineering Building - Room 101. The classroom display disconnects during use.,INCIDENT,AV_CLASSROOM_EQUIPMENT,AV_CLASSROOM_EQUIPMENT,MEDIUM,MEDIUM,Engineering Building - Room 101,en,admin_staff,MEDIUM,False,0,,Classroom audio visual equipment issue
single_01332,SINGLE,Problem with ceiling light,The ceiling light stopped working at Main Lecture Hall The room is less visible because the light is not working.,INCIDENT,ELECTRICAL,ELECTRICAL,MEDIUM,MEDIUM,Main Lecture Hall,en,security_staff,EASY,False,0,,Electrical power or lighting problem
single_01333,SINGLE,مشكلة في gate,لاحظت إن gate فيه مشكلة في Outdoor Courtyard. The gate cannot be operated normally.,INCIDENT,BUILDING_STRUCTURE,GROUNDS_OUTDOOR,MEDIUM,LOW,Outdoor Courtyard,ar_eg,student,HARD,False,0,,Outdoor area or grounds maintenance issue
single_01334,SINGLE,Lecture screen is showing a blank screen,Please check the lecture screen at Administration Building - Room 18. It is showing a blank screen. The issue affects the classroom display. The issue needs prompt attention.,INCIDENT,AV_CLASSROOM_EQUIPMENT,AV_CLASSROOM_EQUIPMENT,LOW,HIGH,Administration Building - Room 18,en,lab_assistant,HARD,False,0,,Classroom audio visual equipment issue
single_01335,SINGLE,mshkela fe air conditioner,el air conditioner is not cooling fe Outdoor Courtyard. The room becomes uncomfortable after some time.,INCIDENT,PLUMBING_WATER,HVAC_AC,MEDIUM,MEDIUM,Outdoor Courtyard,arabizi,lab_assistant,MEDIUM,False,0,,Air conditioning or ventilation issue
single_01336,SINGLE,el Wi-Fi feh moshkela,el moshkela fe Wi-Fi zahret fe Engineering Building - Lab 4.,INCIDENT,IT_HARDWARE_PRINTING,IT_NETWORK_ACCOUNTS,MEDIUM,MEDIUM,Engineering Building - Lab 4,arabizi,lab_assistant,MEDIUM,False,0,,Network or account access problem
single_01337,SINGLE,broken railing مش آمن,broken railing محتاج متابعة في Computer Science Building - Room 203. The damaged railing is located on a frequently used path.,INCIDENT,ELECTRICAL,SAFETY_HAZARD,MEDIUM,MEDIUM,Computer Science Building - Room 203,ar_eg,security_staff,EASY,False,0,,Reported physical safety hazard
single_01338,SINGLE,Facility needs attention,There is a problem with the facility at Cafeteria. The exact cause is not clear. Several people may be affected.,INCIDENT,OTHER,OTHER,HIGH,MEDIUM,Cafeteria,en,security_staff,MEDIUM,False,0,,Issue does not fit a specific category
single_01339,SINGLE,table محتاج تصليح,لاحظت إن table فيه مشكلة في Science Building - Chemistry Lab. The table does not remain steady during use. لو سمحت.,INCIDENT,FURNITURE_FIXTURES,FURNITURE_FIXTURES,LOW,LOW,Science Building - Chemistry Lab,ar_eg,lab_assistant,MEDIUM,False,0,,Furniture or fixture maintenance problem
single_01340,SINGLE,Ceiling needs attention,Please check the ceiling at Parking Area. It is damaged. The damage is limited to one area. The issue needs prompt attention.,INCIDENT,BUILDING_STRUCTURE,BUILDING_STRUCTURE,MEDIUM,HIGH,Parking Area,en,student,MEDIUM,False,0,,"Building surface, door, window or structural issue"
single_01341,SINGLE,Problem with network connection,The network connection is very slow في Library - First Floor. The connection becomes slow during normal campus use. أكتر من شخص ممكن يكون affected. please,INCIDENT,IT_NETWORK_ACCOUNTS,IT_NETWORK_ACCOUNTS,HIGH,LOW,Library - First Floor,mixed,lecturer,EASY,False,0,,Network or account access problem
single_01342,SINGLE,Problem with display system,There is a problem with the display system at Administration Building - Room 18. The classroom display disconnects during use. The issue needs prompt attention. Several people may be affected.,INCIDENT,AV_CLASSROOM_EQUIPMENT,AV_CLASSROOM_EQUIPMENT,HIGH,HIGH,Administration Building - Room 18,en,lecturer,EASY,False,0,,Classroom audio visual equipment issue
single_01343,SINGLE,Problem with elevator,I noticed that the elevator is not moving in Administration Building - Room 12. People are currently using the building stairs. Several people may be affected.,INCIDENT,ELEVATOR,ELEVATOR,HIGH,MEDIUM,Administration Building - Room 12,en,student,MEDIUM,False,0,,Elevator or lift malfunction
single_01344,SINGLE,Air conditioning system needs attention,I noticed that the air conditioning system is blowing warm air in Computer Science Building - Room 203. The room is not cooling normally.,INCIDENT,ELECTRICAL,HVAC_AC,MEDIUM,MEDIUM,Computer Science Building - Room 203,en,security_staff,MEDIUM,False,0,,Air conditioning or ventilation issue
single_01345,SINGLE,مشكلة في the bathroom,في مشكلة في bathroom at Lecture Hall C. Regular cleaning is needed before normal use. الموضوع محتاج prompt attention.,SERVICE_REQUEST,CLEANING_WASTE,CLEANING_WASTE,MEDIUM,HIGH,Lecture Hall C,mixed,lecturer,EASY,False,0,,Cleaning or waste management problem
single_01346,SINGLE,Power supply needs attention,The power supply keeps turning off at Computer Science Building - Lab 1. The equipment loses power repeatedly. Please check.,INCIDENT,ELECTRICAL,ELECTRICAL,MEDIUM,MEDIUM,Computer Science Building - Lab 1,en,security_staff,HARD,False,0,,Electrical power or lighting problem
single_01347,SINGLE,Obstruction issue,There is a problem with the obstruction at Dormitory A - Floor 1. The obstruction reduces the usable path. The issue needs prompt attention.,INCIDENT,SAFETY_HAZARD,SAFETY_HAZARD,MEDIUM,HIGH,Dormitory A - Floor 1,en,student,HARD,False,0,,Reported physical safety hazard
single_01348,SINGLE,عطل في university email,university email محتاج متابعة في Science Building - Physics Lab. The account cannot open the university email service.,INCIDENT,IT_NETWORK_ACCOUNTS,IT_NETWORK_ACCOUNTS,LOW,MEDIUM,Science Building - Physics Lab,ar_eg,lecturer,MEDIUM,False,0,,Network or account access problem
single_01349,SINGLE,Damaged safety sign needs attention,There is a problem with the damaged safety sign at Sports Building. The safety information is no longer clearly visible.,INCIDENT,SAFETY_HAZARD,SAFETY_HAZARD,MEDIUM,MEDIUM,Sports Building,en,dorm_resident,MEDIUM,False,0,,Reported physical safety hazard
single_01350,SINGLE,Equipment area issue,I noticed that the equipment area is not functioning normally in Computer Science Building - Room 203. The problem could not be classified more specifically.,SERVICE_REQUEST,OTHER,OTHER,MEDIUM,MEDIUM,Computer Science Building - Room 203,en,security_staff,MEDIUM,False,0,,Issue does not fit a specific category
single_01351,SINGLE,Light is flickering,Please check the light at Lecture Hall C. It is flickering. The light turns off and on repeatedly. The issue needs prompt attention.,INCIDENT,BUILDING_STRUCTURE,ELECTRICAL,MEDIUM,HIGH,Lecture Hall C,en,lab_assistant,MEDIUM,False,0,,Electrical power or lighting problem
single_01352,SINGLE,Problem with smoke,I noticed that the smoke creates a safety concern in Computer Science Building - Lab 3. The source of the smoke is not clear. The issue needs prompt attention.,INCIDENT,SAFETY_HAZARD,SAFETY_HAZARD,LOW,HIGH,Computer Science Building - Lab 3,en,lab_assistant,MEDIUM,False,0,,Reported physical safety hazard
single_01353,SINGLE,خطر في broken railing,في مشكلة في broken railing في Computer Science Building - Lab 1. The damaged railing is located on a frequently used path. في خطر على السلامة ومحتاج مراجعة بسرعة.,INCIDENT,SAFETY_HAZARD,SAFETY_HAZARD,HIGH,HIGH,Computer Science Building - Lab 1,ar_eg,security_staff,MEDIUM,True,0,,Reported physical safety hazard
single_01354,SINGLE,مشكلة في chair,محتاجين حد يشوف the chair في Dormitory B - Floor 3.,INCIDENT,FURNITURE_FIXTURES,FURNITURE_FIXTURES,LOW,LOW,Dormitory B - Floor 3,mixed,security_staff,EASY,False,0,,Furniture or fixture maintenance problem
single_01355,SINGLE,مشكلة في AC unit,لاحظت إن AC unit فيه مشكلة في Lecture Hall C. The noise started during the current session. لو سمحت.,INCIDENT,HVAC_AC,HVAC_AC,MEDIUM,MEDIUM,Lecture Hall C,ar_eg,security_staff,MEDIUM,False,0,,Air conditioning or ventilation issue
single_01356,SINGLE,Problem with door,The problem is with door في Outdoor Courtyard. The damage was noticed today.,INCIDENT,BUILDING_STRUCTURE,BUILDING_STRUCTURE,MEDIUM,MEDIUM,Outdoor Courtyard,mixed,lecturer,HARD,False,0,,"Building surface, door, window or structural issue"
single_01357,SINGLE,Problem with room,Please check the room at Dormitory A - Floor 1. It requires inspection. The reporter could not identify the exact problem.,SERVICE_REQUEST,BUILDING_STRUCTURE,OTHER,MEDIUM,MEDIUM,Dormitory A - Floor 1,en,admin_staff,MEDIUM,False,0,,Issue does not fit a specific category
single_01358,SINGLE,Issue with login,I noticed that the login keeps asking for login in Engineering Building - Lab 4. The system repeatedly asks the user to sign in. Please check.,INCIDENT,IT_NETWORK_ACCOUNTS,IT_NETWORK_ACCOUNTS,MEDIUM,MEDIUM,Engineering Building - Lab 4,en,lab_assistant,EASY,False,0,,Network or account access problem
single_01359,SINGLE,Damaged safety sign issue,The damaged safety sign needs attention at Engineering Building - Lab 2. The safety information is no longer clearly visible.,INCIDENT,SAFETY_HAZARD,SAFETY_HAZARD,MEDIUM,LOW,Engineering Building - Lab 2,en,student,EASY,False,0,,Reported physical safety hazard
single_01360,SINGLE,Issue with elevator door,Please check the elevator door at Sports Building. It is not opening. The elevator cannot be used normally. The issue needs prompt attention. Several people may be affected.,INCIDENT,ELEVATOR,ELEVATOR,HIGH,HIGH,Sports Building,en,lecturer,HARD,False,0,,Elevator or lift malfunction
single_01361,SINGLE,campus network مش شغال,في مشكلة في campus network في Library - First Floor. Other devices in the same area seem to have the same problem. الموضوع محتاج متابعة بسرعة.,INCIDENT,IT_NETWORK_ACCOUNTS,IT_NETWORK_ACCOUNTS,MEDIUM,HIGH,Library - First Floor,ar_eg,lab_assistant,HARD,False,0,,Network or account access problem
single_01362,SINGLE,Problem with ceiling panel,محتاجين حد يشوف the ceiling panel في Computer Science Building - Lab 1. أكتر من شخص ممكن يكون affected.,INCIDENT,BUILDING_STRUCTURE,BUILDING_STRUCTURE,HIGH,MEDIUM,Computer Science Building - Lab 1,mixed,dorm_resident,HARD,False,0,,"Building surface, door, window or structural issue"
single_01363,SINGLE,3atel fe door,feh moshkela fel door fe Engineering Building - Lab 4.,INCIDENT,BUILDING_STRUCTURE,BUILDING_STRUCTURE,LOW,MEDIUM,Engineering Building - Lab 4,arabizi,security_staff,MEDIUM,False,0,,"Building surface, door, window or structural issue"
single_01364,SINGLE,Issue with light,The light is flickering at Lecture Hall B. The light turns off and on repeatedly. The issue needs prompt attention. Several people may be affected.,INCIDENT,ELECTRICAL,ELECTRICAL,HIGH,HIGH,Lecture Hall B,en,admin_staff,MEDIUM,False,0,,Electrical power or lighting problem
single_01365,SINGLE,Issue with keyboard,The keyboard is not working at Engineering Building - Lab 4. Several keys do not respond when pressed.,INCIDENT,IT_HARDWARE_PRINTING,IT_HARDWARE_PRINTING,LOW,LOW,Engineering Building - Lab 4,en,lecturer,HARD,False,0,,Physical computer or printing equipment issue
single_01366,SINGLE,Door handle is loose,I noticed that the door handle is loose in Administration Building - Room 18. The handle moves when the door is opened.,INCIDENT,OTHER,FURNITURE_FIXTURES,LOW,MEDIUM,Administration Building - Room 18,en,lab_assistant,MEDIUM,False,0,,Furniture or fixture maintenance problem
single_01367,SINGLE,مشكلة في mouse,محتاجين حد يشوف the mouse في Computer Science Building - Room 203.,INCIDENT,IT_HARDWARE_PRINTING,IT_HARDWARE_PRINTING,LOW,LOW,Computer Science Building - Room 203,mixed,dorm_resident,EASY,False,0,,Physical computer or printing equipment issue
single_01368,SINGLE,mshkela fe Wi-Fi,el moshkela fe Wi-Fi zahret fe Computer Science Building - Lab 1.,INCIDENT,IT_NETWORK_ACCOUNTS,IT_NETWORK_ACCOUNTS,MEDIUM,MEDIUM,Computer Science Building - Lab 1,arabizi,student,MEDIUM,False,0,,Network or account access problem
single_01369,SINGLE,el USB port feh moshkela,feh moshkela fel USB port fe Computer Science Building - Room 203.,INCIDENT,IT_HARDWARE_PRINTING,IT_HARDWARE_PRINTING,LOW,LOW,Computer Science Building - Room 203,arabizi,security_staff,EASY,False,0,,Physical computer or printing equipment issue
single_01370,SINGLE,مشكلة في باب الأسانسير,elevator محتاج متابعة في Dormitory A - Floor 2. The building has other access routes. الموضوع محتاج متابعة بسرعة. أكتر من شخص ممكن يكون متأثر.,INCIDENT,ELEVATOR,ELEVATOR,HIGH,HIGH,Dormitory A - Floor 2,ar_eg,security_staff,HARD,False,0,,Elevator or lift malfunction
single_01371,SINGLE,The desk has an issue,محتاجين حد يشوف the desk في Dormitory A - Floor 1. please check.,INCIDENT,FURNITURE_FIXTURES,FURNITURE_FIXTURES,LOW,MEDIUM,Dormitory A - Floor 1,mixed,student,HARD,False,0,,Furniture or fixture maintenance problem
single_01372,SINGLE,مشكلة في wall socket,wall socket محتاج متابعة في Dormitory B - Floor 1. Other sockets in the room still have power. الموضوع محتاج متابعة بسرعة.,INCIDENT,ELECTRICAL,ELECTRICAL,LOW,HIGH,Dormitory B - Floor 1,ar_eg,dorm_resident,MEDIUM,False,0,,Electrical power or lighting problem
single_01373,SINGLE,University email needs attention,I noticed that the university email cannot be accessed in Engineering Building - Lab 2 The account cannot open the university email service.,INCIDENT,IT_NETWORK_ACCOUNTS,IT_NETWORK_ACCOUNTS,MEDIUM,MEDIUM,Engineering Building - Lab 2,en,lecturer,MEDIUM,False,0,,Network or account access problem
single_01374,SINGLE,Smart board is not responding,There is a problem with the smart board at Lecture Hall B. The board does not respond when the instructor interacts with it.,INCIDENT,AV_CLASSROOM_EQUIPMENT,AV_CLASSROOM_EQUIPMENT,MEDIUM,MEDIUM,Lecture Hall B,en,student,MEDIUM,False,0,,Classroom audio visual equipment issue
single_01375,SINGLE,el ceiling panel feh moshkela,momken 7ad yshoof el ceiling panel fe Engineering Building - Lab 4? el mawdoo3 mehtag check بسرعة. aktar men 7ad momken ykoon mota2asser.,INCIDENT,BUILDING_STRUCTURE,BUILDING_STRUCTURE,HIGH,HIGH,Engineering Building - Lab 4,arabizi,dorm_resident,HARD,False,0,,"Building surface, door, window or structural issue"
single_01376,SINGLE,Problem with door,في مشكلة في door at Library - First Floor. The damage was noticed today. please,INCIDENT,BUILDING_STRUCTURE,BUILDING_STRUCTURE,MEDIUM,MEDIUM,Library - First Floor,mixed,dorm_resident,HARD,False,0,,"Building surface, door, window or structural issue"
single_01377,SINGLE,The login has an issue,The problem is with login في Computer Science Building - Lab 1. The system repeatedly asks the user to sign in. أكتر من شخص ممكن يكون affected.,INCIDENT,IT_NETWORK_ACCOUNTS,IT_NETWORK_ACCOUNTS,HIGH,MEDIUM,Computer Science Building - Lab 1,mixed,dorm_resident,MEDIUM,False,0,,Network or account access problem
single_01378,SINGLE,مشكلة في the drain,The drain is blocked في Cafeteria. Water is draining very slowly.,INCIDENT,PLUMBING_WATER,PLUMBING_WATER,LOW,MEDIUM,Cafeteria,mixed,security_staff,HARD,False,0,,"Water supply, drainage or plumbing problem"
single_01379,SINGLE,Problem with wall,The wall is cracked at Lecture Hall C. The crack has become more noticeable.,INCIDENT,BUILDING_STRUCTURE,BUILDING_STRUCTURE,MEDIUM,MEDIUM,Lecture Hall C,en,lab_assistant,MEDIUM,False,0,,"Building surface, door, window or structural issue"
single_01380,SINGLE,Issue with door,I noticed that the door is damaged in Main Entrance. The damage was noticed today. The issue needs prompt attention.,INCIDENT,BUILDING_STRUCTURE,BUILDING_STRUCTURE,LOW,HIGH,Main Entrance,en,dorm_resident,EASY,False,0,,"Building surface, door, window or structural issue"
single_01381,SINGLE,mshkela fe lift,momken 7ad yshoof el lift fe Administration Building - Room 12? aktar men 7ad momken ykoon mota2asser.,INCIDENT,ELEVATOR,ELEVATOR,HIGH,MEDIUM,Administration Building - Room 12,arabizi,lecturer,HARD,False,0,,Elevator or lift malfunction
single_01382,SINGLE,Issue with campus network,Please check the campus network at Engineering Building - Lab 2. It is not connecting. Other devices in the same area seem to have the same problem.,INCIDENT,OTHER,IT_NETWORK_ACCOUNTS,MEDIUM,MEDIUM,Engineering Building - Lab 2,en,admin_staff,MEDIUM,False,0,,Network or account access problem
single_01383,SINGLE,thermostat فيه مشكلة,محتاجين حد يشوف thermostat في Library - First Floor. The temperature cannot be adjusted normally. أكتر من شخص ممكن يكون متأثر.,INCIDENT,HVAC_AC,HVAC_AC,HIGH,MEDIUM,Library - First Floor,ar_eg,lecturer,EASY,False,0,,Air conditioning or ventilation issue
single_01384,SINGLE,el classroom speakers feh moshkela,el classroom speakers have no sound fe Main Lecture Hall. The problem affects audio during the class. el mawdoo3 mehtag check بسرعة. aktar men 7ad momken ykoon mota2asser.,INCIDENT,AV_CLASSROOM_EQUIPMENT,AV_CLASSROOM_EQUIPMENT,HIGH,HIGH,Main Lecture Hall,arabizi,lecturer,MEDIUM,False,0,,Classroom audio visual equipment issue
single_01385,SINGLE,مشكلة في smart board,محتاجين حد يشوف smart board في Administration Building - Room 18. The board does not respond when the instructor interacts with it.,INCIDENT,IT_HARDWARE_PRINTING,AV_CLASSROOM_EQUIPMENT,MEDIUM,MEDIUM,Administration Building - Room 18,ar_eg,lab_assistant,EASY,False,0,,Classroom audio visual equipment issue
single_01386,SINGLE,Water supply issue,Please check the water supply at Sports Building. It has no water. The bathroom cannot be used normally.,INCIDENT,PLUMBING_WATER,PLUMBING_WATER,LOW,MEDIUM,Sports Building,en,admin_staff,EASY,False,0,,"Water supply, drainage or plumbing problem"
single_01387,SINGLE,Lift stopped between floors,I noticed that the lift stopped between floors in Sports Building. The elevator requires immediate technical inspection. Several people may be affected.,INCIDENT,ELEVATOR,ELEVATOR,HIGH,MEDIUM,Sports Building,en,admin_staff,MEDIUM,False,0,,Elevator or lift malfunction
single_01388,SINGLE,Common area has a strong odor,There is a problem with the common area at Dormitory B - Floor 1. The odor was noticed recently in the area.,INCIDENT,OTHER,CLEANING_WASTE,MEDIUM,MEDIUM,Dormitory B - Floor 1,en,dorm_resident,MEDIUM,False,0,,Cleaning or waste management problem
single_01389,SINGLE,مشكلة محتاجة فحص,في مشكلة في service area في Dormitory B - Floor 3. A technician may need to inspect the area.,SERVICE_REQUEST,OTHER,OTHER,MEDIUM,MEDIUM,Dormitory B - Floor 3,ar_eg,dorm_resident,HARD,False,0,,Issue does not fit a specific category
single_01390,SINGLE,Elevator issue,I noticed that the elevator is not moving in Science Building - Physics Lab. People are currently using the building stairs. Several people may be affected.,INCIDENT,ELEVATOR,ELEVATOR,HIGH,MEDIUM,Science Building - Physics Lab,en,admin_staff,HARD,False,0,,Elevator or lift malfunction
single_01391,SINGLE,Usb port needs attention,I noticed that the USB port does not detect the device in Engineering Building - Lab 4. Connected devices are not recognized by the computer.,INCIDENT,IT_HARDWARE_PRINTING,IT_HARDWARE_PRINTING,MEDIUM,LOW,Engineering Building - Lab 4,en,lecturer,MEDIUM,False,0,,Physical computer or printing equipment issue
single_01392,SINGLE,floor tile محتاج تصليح,في مشكلة في floor tile في Main Lecture Hall. The damaged tile is located in a frequently used area. أكتر من شخص ممكن يكون متأثر.,INCIDENT,SAFETY_HAZARD,BUILDING_STRUCTURE,HIGH,MEDIUM,Main Lecture Hall,ar_eg,lab_assistant,HARD,False,0,,"Building surface, door, window or structural issue"
single_01393,SINGLE,Problem with facility,في مشكلة في facility at Computer Science Building - Room 203. The exact cause is not clear.,INCIDENT,OTHER,OTHER,MEDIUM,MEDIUM,Computer Science Building - Room 203,mixed,security_staff,MEDIUM,False,0,,Issue does not fit a specific category
single_01394,SINGLE,Campus network needs attention,Please check the campus network at Science Building - Chemistry Lab. It is not connecting. Other devices in the same area seem to have the same problem. The issue needs prompt attention. Several people may be affected.,INCIDENT,OTHER,IT_NETWORK_ACCOUNTS,HIGH,HIGH,Science Building - Chemistry Lab,en,security_staff,HARD,False,0,,Network or account access problem
single_01395,SINGLE,مشكلة في thermostat,في مشكلة في thermostat at Dormitory A - Floor 2. The temperature cannot be adjusted normally.,INCIDENT,HVAC_AC,HVAC_AC,MEDIUM,MEDIUM,Dormitory A - Floor 2,mixed,lab_assistant,MEDIUM,False,0,,Air conditioning or ventilation issue
single_01396,SINGLE,vent فيه مشكلة,محتاجين حد يشوف vent في Main Lecture Hall. Airflow from the vent is not normal.,INCIDENT,HVAC_AC,HVAC_AC,LOW,MEDIUM,Main Lecture Hall,ar_eg,dorm_resident,EASY,False,0,,Air conditioning or ventilation issue
single_01397,SINGLE,Lift issue,The lift stopped between floors at Engineering Building - Lab 4 The elevator requires immediate technical inspection. Several people may be affected.,INCIDENT,ELEVATOR,ELEVATOR,HIGH,LOW,Engineering Building - Lab 4,en,student,MEDIUM,False,0,,Elevator or lift malfunction
single_01398,SINGLE,مشكلة في Wi-Fi,في مشكلة في Wi-Fi at Computer Science Building - Lab 1. The connection drops after a few minutes.,INCIDENT,IT_HARDWARE_PRINTING,IT_NETWORK_ACCOUNTS,MEDIUM,MEDIUM,Computer Science Building - Lab 1,mixed,dorm_resident,MEDIUM,False,0,,Network or account access problem
single_01399,SINGLE,مشكلة في the monitor,في مشكلة في monitor at Library - First Floor. The computer is running but nothing appears on the display. الموضوع محتاج prompt attention. أكتر من شخص ممكن يكون affected.,INCIDENT,IT_HARDWARE_PRINTING,IT_HARDWARE_PRINTING,HIGH,HIGH,Library - First Floor,mixed,admin_staff,HARD,False,0,,Physical computer or printing equipment issue
single_01400,SINGLE,Problem with water pipe,Please check the water pipe at Dormitory B - Floor 3. It is leaking. The leak becomes worse when the water is used. The issue needs prompt attention. Several people may be affected.,INCIDENT,PLUMBING_WATER,PLUMBING_WATER,HIGH,HIGH,Dormitory B - Floor 3,en,security_staff,EASY,False,0,,"Water supply, drainage or plumbing problem"
single_01401,SINGLE,مشكلة في obstruction,The problem is with obstruction في Sports Building. The obstruction reduces the usable path. الموضوع محتاج prompt attention.,INCIDENT,SAFETY_HAZARD,SAFETY_HAZARD,MEDIUM,HIGH,Sports Building,mixed,lecturer,HARD,False,0,,Reported physical safety hazard
single_01402,SINGLE,laptop مش شغال,لاحظت إن laptop فيه مشكلة في Computer Science Building - Room 203. Applications take a long time to respond.,INCIDENT,IT_HARDWARE_PRINTING,IT_HARDWARE_PRINTING,LOW,LOW,Computer Science Building - Room 203,ar_eg,student,MEDIUM,False,0,,Physical computer or printing equipment issue
single_01403,SINGLE,Issue with broken railing,I noticed that the broken railing is damaged in Engineering Building - Room 101. The damaged railing is located on a frequently used path. The issue needs prompt attention.,INCIDENT,SAFETY_HAZARD,SAFETY_HAZARD,MEDIUM,HIGH,Engineering Building - Room 101,en,dorm_resident,MEDIUM,False,0,,Reported physical safety hazard
single_01404,SINGLE,Problem with classroom,I noticed that the classroom has not been cleaned in Dormitory B - Floor 3. The area has been used throughout the day.,INCIDENT,CLEANING_WASTE,CLEANING_WASTE,LOW,LOW,Dormitory B - Floor 3,en,lab_assistant,EASY,False,0,,Cleaning or waste management problem
single_01405,SINGLE,Ceiling is damaged,There is a problem with the ceiling at Library - First Floor. The damage is limited to one area.,INCIDENT,BUILDING_STRUCTURE,BUILDING_STRUCTURE,MEDIUM,MEDIUM,Library - First Floor,en,dorm_resident,MEDIUM,False,0,,"Building surface, door, window or structural issue"
single_01406,SINGLE,USB port مش شغال,USB port محتاج متابعة في Engineering Building - Lab 4. Connected devices are not recognized by the computer.,INCIDENT,IT_HARDWARE_PRINTING,IT_HARDWARE_PRINTING,LOW,LOW,Engineering Building - Lab 4,ar_eg,lecturer,MEDIUM,False,0,,Physical computer or printing equipment issue
single_01407,SINGLE,Problem with exposed wire,The exposed wire creates a safety concern at Parking Area. The exposed wire is accessible in the area. The issue needs prompt attention. Several people may be affected.,INCIDENT,OTHER,SAFETY_HAZARD,HIGH,HIGH,Parking Area,en,lab_assistant,MEDIUM,False,0,,Reported physical safety hazard
single_01408,SINGLE,Microphone issue,The microphone has no sound at Computer Science Building - Room 203. The microphone is not producing any sound during the current class. The issue needs prompt attention.,INCIDENT,AV_CLASSROOM_EQUIPMENT,AV_CLASSROOM_EQUIPMENT,MEDIUM,HIGH,Computer Science Building - Room 203,en,lab_assistant,EASY,False,0,,Classroom audio visual equipment issue
single_01409,SINGLE,light مش شغال,محتاجين حد يشوف light في Lecture Hall B. The light turns off and on repeatedly.,INCIDENT,ELECTRICAL,ELECTRICAL,MEDIUM,MEDIUM,Lecture Hall B,ar_eg,dorm_resident,MEDIUM,False,0,,Electrical power or lighting problem
single_01410,SINGLE,Sink issue,I noticed that the sink is leaking in Sports Building. Water is collecting on the floor. The issue needs prompt attention. Several people may be affected.,INCIDENT,PLUMBING_WATER,PLUMBING_WATER,HIGH,HIGH,Sports Building,en,dorm_resident,MEDIUM,False,0,,"Water supply, drainage or plumbing problem"
single_01411,SINGLE,Elevator door needs attention,Please check the elevator door at Computer Science Building - Room 203. It is not opening. The elevator cannot be used normally. Several people may be affected. Please check.,INCIDENT,ELEVATOR,ELEVATOR,HIGH,LOW,Computer Science Building - Room 203,en,lab_assistant,HARD,False,0,,Elevator or lift malfunction
single_01412,SINGLE,Elevator is not moving,I noticed that the elevator is not moving in Dormitory B - Floor 1. People are currently using the building stairs. The issue needs prompt attention. Several people may be affected.,INCIDENT,BUILDING_STRUCTURE,ELEVATOR,HIGH,HIGH,Dormitory B - Floor 1,en,dorm_resident,MEDIUM,False,0,,Elevator or lift malfunction
single_01413,SINGLE,Thermostat is not responding,I noticed that the thermostat is not responding in Computer Science Building - Lab 1. The temperature cannot be adjusted normally.,INCIDENT,HVAC_AC,HVAC_AC,LOW,MEDIUM,Computer Science Building - Lab 1,en,lecturer,HARD,False,0,,Air conditioning or ventilation issue
single_01414,SINGLE,عطل في shelf,shelf محتاج متابعة في Engineering Building - Lab 2. The shelf is loose and needs maintenance.,INCIDENT,FURNITURE_FIXTURES,FURNITURE_FIXTURES,LOW,MEDIUM,Engineering Building - Lab 2,ar_eg,lecturer,EASY,False,0,,Furniture or fixture maintenance problem
single_01415,SINGLE,مشكلة في waste bin,محتاجين حد يشوف the waste bin في Dormitory A - Floor 1.,INCIDENT,CLEANING_WASTE,CLEANING_WASTE,MEDIUM,MEDIUM,Dormitory A - Floor 1,mixed,dorm_resident,MEDIUM,False,0,,Cleaning or waste management problem
single_01416,SINGLE,The facility has an issue,The facility has an unusual issue في Cafeteria. The exact cause is not clear.,SERVICE_REQUEST,OTHER,OTHER,MEDIUM,MEDIUM,Cafeteria,mixed,lab_assistant,HARD,False,0,,Issue does not fit a specific category
single_01417,SINGLE,مشكلة في AC unit,The problem is with AC unit في Engineering Building - Lab 4. The noise started during the current session.,INCIDENT,HVAC_AC,HVAC_AC,LOW,LOW,Engineering Building - Lab 4,mixed,security_staff,HARD,False,0,,Air conditioning or ventilation issue
single_01418,SINGLE,Usb port needs attention,Please check the USB port at Computer Science Building - Lab 1. It does not detect the device. Connected devices are not recognized by the computer.,INCIDENT,IT_NETWORK_ACCOUNTS,IT_HARDWARE_PRINTING,MEDIUM,LOW,Computer Science Building - Lab 1,en,security_staff,HARD,False,0,,Physical computer or printing equipment issue
single_01419,SINGLE,Problem with USB port,The USB port does not detect the device at Science Building - Physics Lab. Connected devices are not recognized by the computer.,INCIDENT,IT_HARDWARE_PRINTING,IT_HARDWARE_PRINTING,MEDIUM,LOW,Science Building - Physics Lab,en,lecturer,HARD,False,0,,Physical computer or printing equipment issue
single_01420,SINGLE,Problem with USB port,The USB port does not detect the device في Engineering Building - Lab 2. Connected devices are not recognized by the computer. please,INCIDENT,IT_HARDWARE_PRINTING,IT_HARDWARE_PRINTING,LOW,LOW,Engineering Building - Lab 2,mixed,lecturer,MEDIUM,False,0,,Physical computer or printing equipment issue
single_01421,SINGLE,Desk needs attention,Please check the desk at Administration Building - Room 12. It is unstable. The desk moves when it is used. Several people may be affected.,INCIDENT,FURNITURE_FIXTURES,FURNITURE_FIXTURES,HIGH,MEDIUM,Administration Building - Room 12,en,student,HARD,False,0,,Furniture or fixture maintenance problem
single_01422,SINGLE,el power supply feh moshkela,el moshkela fe power supply zahret fe Science Building - Chemistry Lab. el mawdoo3 mehtag check بسرعة.,INCIDENT,ELECTRICAL,ELECTRICAL,MEDIUM,HIGH,Science Building - Chemistry Lab,arabizi,security_staff,HARD,False,0,,Electrical power or lighting problem
single_01423,SINGLE,مشكلة في the damaged safety sign,في مشكلة في damaged safety sign at Computer Science Building - Lab 3. The safety information is no longer clearly visible. أكتر من شخص ممكن يكون affected.,INCIDENT,SAFETY_HAZARD,SAFETY_HAZARD,HIGH,MEDIUM,Computer Science Building - Lab 3,mixed,admin_staff,HARD,False,0,,Reported physical safety hazard
single_01424,SINGLE,student account فيه مشكلة,محتاجين حد يشوف student account في Science Building - Physics Lab. The password is correct but the login keeps failing.,INCIDENT,IT_HARDWARE_PRINTING,IT_NETWORK_ACCOUNTS,LOW,MEDIUM,Science Building - Physics Lab,ar_eg,admin_staff,HARD,False,0,,Network or account access problem
single_01425,SINGLE,Issue with facility,The facility has an unusual issue at Lecture Hall B. The exact cause is not clear.,INCIDENT,OTHER,OTHER,LOW,MEDIUM,Lecture Hall B,en,security_staff,HARD,False,0,,Issue does not fit a specific category
single_01426,SINGLE,el power outlet feh moshkela,el power outlet is not working fe Dormitory A - Floor 2. The outlet is needed for equipment in the room. el mawdoo3 mehtag check بسرعة. aktar men 7ad momken ykoon mota2asser.,INCIDENT,ELECTRICAL,ELECTRICAL,HIGH,HIGH,Dormitory A - Floor 2,arabizi,admin_staff,MEDIUM,False,0,,Electrical power or lighting problem
single_01427,SINGLE,el water supply feh moshkela,el moshkela fe water supply zahret fe Engineering Building - Lab 2. el mawdoo3 mehtag check بسرعة.,INCIDENT,PLUMBING_WATER,PLUMBING_WATER,MEDIUM,HIGH,Engineering Building - Lab 2,arabizi,lab_assistant,MEDIUM,False,0,,"Water supply, drainage or plumbing problem"
single_01428,SINGLE,عطل في projector,لاحظت إن projector فيه مشكلة في Lecture Hall B. Changing the input source did not help. أكتر من شخص ممكن يكون متأثر. ضروري شوية,INCIDENT,AV_CLASSROOM_EQUIPMENT,AV_CLASSROOM_EQUIPMENT,HIGH,MEDIUM,Lecture Hall B,ar_eg,student,HARD,False,0,,Classroom audio visual equipment issue
single_01429,SINGLE,sink فيه مشكلة,في مشكلة في sink في Main Entrance. Water is collecting on the floor. الموضوع محتاج متابعة بسرعة. أكتر من شخص ممكن يكون متأثر.,INCIDENT,PLUMBING_WATER,PLUMBING_WATER,HIGH,HIGH,Main Entrance,ar_eg,lecturer,MEDIUM,False,0,,"Water supply, drainage or plumbing problem"
single_01430,SINGLE,Monitor needs attention,The monitor shows a blank screen at Library - First Floor. The computer is running but nothing appears on the display.,INCIDENT,AV_CLASSROOM_EQUIPMENT,IT_HARDWARE_PRINTING,LOW,MEDIUM,Library - First Floor,en,lab_assistant,MEDIUM,False,0,,Physical computer or printing equipment issue
single_01431,SINGLE,عطل في الأسانسير,elevator door محتاج متابعة في Science Building - Physics Lab. The elevator cannot be used normally. الموضوع محتاج متابعة بسرعة. أكتر من شخص ممكن يكون متأثر.,INCIDENT,SAFETY_HAZARD,ELEVATOR,HIGH,HIGH,Science Building - Physics Lab,ar_eg,lecturer,HARD,False,0,,Elevator or lift malfunction
single_01432,SINGLE,Issue with printer,I noticed that the printer is not printing in Engineering Building - Lab 4 The printer worked normally earlier today.,INCIDENT,IT_HARDWARE_PRINTING,IT_HARDWARE_PRINTING,MEDIUM,MEDIUM,Engineering Building - Lab 4,en,security_staff,HARD,False,0,,Physical computer or printing equipment issue
single_01433,SINGLE,Chair issue,Please check the chair at Dormitory A - Floor 2 It is broken. The chair can still be used with difficulty.,INCIDENT,FURNITURE_FIXTURES,FURNITURE_FIXTURES,LOW,LOW,Dormitory A - Floor 2,en,student,HARD,False,0,,Furniture or fixture maintenance problem
single_01434,SINGLE,Issue with elevator,The elevator is not moving at Engineering Building - Lab 4. People are currently using the building stairs.,INCIDENT,ELEVATOR,ELEVATOR,LOW,MEDIUM,Engineering Building - Lab 4,en,lab_assistant,HARD,False,0,,Elevator or lift malfunction
single_01435,SINGLE,عطل في ceiling,لاحظت إن ceiling فيه مشكلة في Lecture Hall B. The damage is limited to one area. الموضوع محتاج متابعة بسرعة. أكتر من شخص ممكن يكون متأثر. ضروري شوية,INCIDENT,SAFETY_HAZARD,BUILDING_STRUCTURE,HIGH,HIGH,Lecture Hall B,ar_eg,admin_staff,EASY,False,0,,"Building surface, door, window or structural issue"
single_01436,SINGLE,Electrical switch issue,Please check the electrical switch at Main Entrance. It is not working. The switch does not control the connected light. Please check.,INCIDENT,ELECTRICAL,ELECTRICAL,MEDIUM,MEDIUM,Main Entrance,en,security_staff,MEDIUM,False,0,,Electrical power or lighting problem
single_01437,SINGLE,monitor فيه مشكلة,monitor محتاج متابعة في Science Building - Physics Lab. The computer is running but nothing appears on the display.,INCIDENT,AV_CLASSROOM_EQUIPMENT,IT_HARDWARE_PRINTING,MEDIUM,MEDIUM,Science Building - Physics Lab,ar_eg,lecturer,HARD,False,0,,Physical computer or printing equipment issue
single_01438,SINGLE,Problem with chair,The chair is broken في Computer Science Building - Lab 1. The chair can still be used with difficulty.,INCIDENT,FURNITURE_FIXTURES,FURNITURE_FIXTURES,LOW,MEDIUM,Computer Science Building - Lab 1,mixed,lecturer,EASY,False,0,,Furniture or fixture maintenance problem
single_01439,SINGLE,Chair is broken,Please check the chair at Engineering Building - Room 101. It is broken. The chair can still be used with difficulty.,INCIDENT,FURNITURE_FIXTURES,FURNITURE_FIXTURES,LOW,LOW,Engineering Building - Room 101,en,security_staff,EASY,False,0,,Furniture or fixture maintenance problem
single_01440,SINGLE,Broken railing needs attention,There is a problem with the broken railing at Dormitory B - Floor 1. The damaged railing is located on a frequently used path. Several people may be affected.,INCIDENT,SAFETY_HAZARD,SAFETY_HAZARD,HIGH,MEDIUM,Dormitory B - Floor 1,en,admin_staff,HARD,False,0,,Reported physical safety hazard
single_01441,SINGLE,Vent needs attention,There is a problem with the vent at Library - First Floor. Airflow from the vent is not normal.,INCIDENT,HVAC_AC,HVAC_AC,MEDIUM,LOW,Library - First Floor,en,student,EASY,False,0,,Air conditioning or ventilation issue
single_01442,SINGLE,مشكلة في the elevator panel,The elevator panel is showing an error في Science Building - Physics Lab. The elevator controls are not working normally. الموضوع محتاج prompt attention.,INCIDENT,ELEVATOR,ELEVATOR,MEDIUM,HIGH,Science Building - Physics Lab,mixed,lab_assistant,MEDIUM,False,0,,Elevator or lift malfunction
single_01443,SINGLE,مشكلة في shelf,shelf محتاج متابعة في Computer Science Building - Room 203. The shelf is loose and needs maintenance.,INCIDENT,FURNITURE_FIXTURES,FURNITURE_FIXTURES,MEDIUM,MEDIUM,Computer Science Building - Room 203,ar_eg,lab_assistant,HARD,False,0,,Furniture or fixture maintenance problem
single_01444,SINGLE,Faucet issue,The faucet is dripping at Sports Building. The leak continues even when the faucet is closed.,INCIDENT,PLUMBING_WATER,PLUMBING_WATER,LOW,LOW,Sports Building,en,lecturer,EASY,False,0,,"Water supply, drainage or plumbing problem"
single_01445,SINGLE,مشكلة في the door,The door is damaged في Student Affairs Office. The damage was noticed today. Part of the structure مش safe and needs inspection.,INCIDENT,FURNITURE_FIXTURES,BUILDING_STRUCTURE,HIGH,HIGH,Student Affairs Office,mixed,lecturer,MEDIUM,True,0,,"Building surface, door, window or structural issue"
single_01446,SINGLE,The classroom has an issue,The classroom has not been cleaned في Library - First Floor. The area has been used throughout the day.,INCIDENT,CLEANING_WASTE,CLEANING_WASTE,MEDIUM,MEDIUM,Library - First Floor,mixed,lecturer,EASY,False,0,,Cleaning or waste management problem
single_01447,SINGLE,el classroom mehtag check,el classroom has not been cleaned fe Cafeteria. The area has been used throughout the day.,INCIDENT,CLEANING_WASTE,CLEANING_WASTE,MEDIUM,LOW,Cafeteria,arabizi,security_staff,EASY,False,0,,Cleaning or waste management problem
single_01448,SINGLE,mshkela fe printer,el moshkela fe printer zahret fe Computer Science Building - Lab 3.,INCIDENT,IT_HARDWARE_PRINTING,IT_HARDWARE_PRINTING,MEDIUM,MEDIUM,Computer Science Building - Lab 3,arabizi,dorm_resident,EASY,False,0,,Physical computer or printing equipment issue
single_01449,SINGLE,faucet فيه مشكلة,faucet محتاج متابعة في Dormitory A - Floor 1. The leak continues even when the faucet is closed.,INCIDENT,BUILDING_STRUCTURE,PLUMBING_WATER,LOW,LOW,Dormitory A - Floor 1,ar_eg,admin_staff,EASY,False,0,,"Water supply, drainage or plumbing problem"
single_01450,SINGLE,Problem with classroom,I noticed that the classroom has not been cleaned in Dormitory A - Floor 1. The area has been used throughout the day. The issue needs prompt attention.,INCIDENT,CLEANING_WASTE,CLEANING_WASTE,MEDIUM,HIGH,Dormitory A - Floor 1,en,lab_assistant,EASY,False,0,,Cleaning or waste management problem
single_01451,SINGLE,Scanner needs attention,There is a problem with the scanner at Computer Science Building - Room 203. The scanner cannot be used from the connected computer. Several people may be affected.,INCIDENT,IT_HARDWARE_PRINTING,IT_HARDWARE_PRINTING,HIGH,MEDIUM,Computer Science Building - Room 203,en,student,MEDIUM,False,0,,Physical computer or printing equipment issue
single_01452,SINGLE,مشكلة في الأسانسير,محتاجين حد يشوف lift في Dormitory A - Floor 1. The elevator requires immediate technical inspection. الموضوع محتاج متابعة بسرعة. لو سمحت.,INCIDENT,ELECTRICAL,ELEVATOR,MEDIUM,HIGH,Dormitory A - Floor 1,ar_eg,dorm_resident,HARD,False,0,,Elevator or lift malfunction
single_01453,SINGLE,Issue with air conditioner,I noticed that the air conditioner is not cooling in Student Affairs Office. The room becomes uncomfortable after some time.,INCIDENT,HVAC_AC,HVAC_AC,MEDIUM,MEDIUM,Student Affairs Office,en,security_staff,HARD,False,0,,Air conditioning or ventilation issue
single_01454,SINGLE,عطل في water supply,لاحظت إن water supply فيه مشكلة في Lecture Hall C. The bathroom cannot be used normally.,INCIDENT,PLUMBING_WATER,PLUMBING_WATER,MEDIUM,MEDIUM,Lecture Hall C,ar_eg,dorm_resident,MEDIUM,False,0,,"Water supply, drainage or plumbing problem"
single_01455,SINGLE,The university email has an issue,محتاجين حد يشوف the university email في Science Building - Physics Lab. please check.,INCIDENT,IT_NETWORK_ACCOUNTS,IT_NETWORK_ACCOUNTS,MEDIUM,MEDIUM,Science Building - Physics Lab,mixed,security_staff,MEDIUM,False,0,,Network or account access problem
single_01456,SINGLE,wall فيه مشكلة,لاحظت إن wall فيه مشكلة في Main Lecture Hall. The crack has become more noticeable. الموضوع محتاج متابعة بسرعة. أكتر من شخص ممكن يكون متأثر.,INCIDENT,BUILDING_STRUCTURE,BUILDING_STRUCTURE,HIGH,HIGH,Main Lecture Hall,ar_eg,security_staff,HARD,False,0,,"Building surface, door, window or structural issue"
single_01457,SINGLE,Door handle needs attention,I noticed that the door handle is loose in Outdoor Courtyard. The handle moves when the door is opened. Several people may be affected.,INCIDENT,FURNITURE_FIXTURES,FURNITURE_FIXTURES,HIGH,MEDIUM,Outdoor Courtyard,en,security_staff,HARD,False,0,,Furniture or fixture maintenance problem
single_01458,SINGLE,Table is unstable,The table is unstable at Administration Building - Room 12 The table does not remain steady during use.,INCIDENT,FURNITURE_FIXTURES,FURNITURE_FIXTURES,LOW,MEDIUM,Administration Building - Room 12,en,security_staff,EASY,False,0,,Furniture or fixture maintenance problem
single_01459,SINGLE,Desktop computer needs attention,I noticed that the desktop computer keeps restarting in Computer Science Building - Lab 1. The computer restarts while it is being used.,INCIDENT,IT_HARDWARE_PRINTING,IT_HARDWARE_PRINTING,MEDIUM,MEDIUM,Computer Science Building - Lab 1,en,dorm_resident,MEDIUM,False,0,,Physical computer or printing equipment issue
single_01460,SINGLE,power outlet فيه مشكلة,في مشكلة في power outlet في Engineering Building - Room 101. The outlet is needed for equipment in the room.,INCIDENT,BUILDING_STRUCTURE,ELECTRICAL,MEDIUM,MEDIUM,Engineering Building - Room 101,ar_eg,lab_assistant,MEDIUM,False,0,,Electrical power or lighting problem
single_01461,SINGLE,Problem with facility,محتاجين حد يشوف the facility في Administration Building - Room 18.,INCIDENT,OTHER,OTHER,LOW,MEDIUM,Administration Building - Room 18,mixed,admin_staff,HARD,False,0,,Issue does not fit a specific category
single_01462,SINGLE,مشكلة في the network connection,The network connection is very slow في Science Building - Physics Lab. The connection becomes slow during normal campus use. الموضوع محتاج prompt attention.,INCIDENT,IT_NETWORK_ACCOUNTS,IT_NETWORK_ACCOUNTS,LOW,HIGH,Science Building - Physics Lab,mixed,security_staff,MEDIUM,False,0,,Network or account access problem
single_01463,SINGLE,عطل في microphone,microphone محتاج متابعة في Engineering Building - Room 101. The microphone is not producing any sound during the current class. أكتر من شخص ممكن يكون متأثر.,INCIDENT,IT_HARDWARE_PRINTING,AV_CLASSROOM_EQUIPMENT,HIGH,MEDIUM,Engineering Building - Room 101,ar_eg,dorm_resident,HARD,False,0,,Classroom audio visual equipment issue
single_01464,SINGLE,Problem with projector,Please check the projector at Administration Building - Room 18. It has no signal. Changing the input source did not help. The issue needs prompt attention. Several people may be affected.,INCIDENT,AV_CLASSROOM_EQUIPMENT,AV_CLASSROOM_EQUIPMENT,HIGH,HIGH,Administration Building - Room 18,en,student,HARD,False,0,,Classroom audio visual equipment issue
single_01465,SINGLE,عطل في water pipe,محتاجين حد يشوف water pipe في Parking Area. The leak becomes worse when the water is used. الموضوع محتاج متابعة بسرعة.,INCIDENT,PLUMBING_WATER,PLUMBING_WATER,MEDIUM,HIGH,Parking Area,ar_eg,lecturer,EASY,False,0,,"Water supply, drainage or plumbing problem"
single_01466,SINGLE,مشكلة في shelf,في مشكلة في shelf في Dormitory B - Floor 1. The shelf is loose and needs maintenance. الموضوع محتاج متابعة بسرعة. ضروري شوية,INCIDENT,FURNITURE_FIXTURES,FURNITURE_FIXTURES,LOW,HIGH,Dormitory B - Floor 1,ar_eg,admin_staff,MEDIUM,False,0,,Furniture or fixture maintenance problem
single_01467,SINGLE,smart board فيه مشكلة,في مشكلة في smart board في Main Lecture Hall. The board does not respond when the instructor interacts with it. لو سمحت.,INCIDENT,IT_HARDWARE_PRINTING,AV_CLASSROOM_EQUIPMENT,MEDIUM,LOW,Main Lecture Hall,ar_eg,lab_assistant,HARD,False,0,,Classroom audio visual equipment issue
single_01468,SINGLE,Issue with printer,I noticed that the printer is not printing in Science Building - Physics Lab The printer worked normally earlier today.,INCIDENT,IT_HARDWARE_PRINTING,IT_HARDWARE_PRINTING,MEDIUM,MEDIUM,Science Building - Physics Lab,en,security_staff,HARD,False,0,,Physical computer or printing equipment issue
single_01469,SINGLE,Elevator door needs attention,There is a problem with the elevator door at Engineering Building - Lab 2. The elevator cannot be used normally. The issue needs prompt attention. Several people may be affected.,INCIDENT,ELEVATOR,ELEVATOR,HIGH,HIGH,Engineering Building - Lab 2,en,student,HARD,False,0,,Elevator or lift malfunction
single_01470,SINGLE,عطل في water pipe,water pipe محتاج متابعة في Lecture Hall C. The leak becomes worse when the water is used. الموضوع محتاج متابعة بسرعة. أكتر من شخص ممكن يكون متأثر.,INCIDENT,PLUMBING_WATER,PLUMBING_WATER,HIGH,HIGH,Lecture Hall C,ar_eg,lab_assistant,MEDIUM,False,0,,"Water supply, drainage or plumbing problem"
single_01471,SINGLE,Issue with university email,There is a problem with the university email at Science Building - Chemistry Lab. The account cannot open the university email service. The issue needs prompt attention.,INCIDENT,IT_NETWORK_ACCOUNTS,IT_NETWORK_ACCOUNTS,MEDIUM,HIGH,Science Building - Chemistry Lab,en,admin_staff,MEDIUM,False,0,,Network or account access problem
single_01472,SINGLE,عطل في login,لاحظت إن login فيه مشكلة في Computer Science Building - Lab 1. The system repeatedly asks the user to sign in.,INCIDENT,IT_HARDWARE_PRINTING,IT_NETWORK_ACCOUNTS,LOW,MEDIUM,Computer Science Building - Lab 1,ar_eg,lecturer,MEDIUM,False,0,,Network or account access problem
single_01473,SINGLE,Equipment area is not functioning normally,The equipment area is not functioning normally at Outdoor Courtyard. The problem could not be classified more specifically.,INCIDENT,OTHER,OTHER,LOW,MEDIUM,Outdoor Courtyard,en,lecturer,MEDIUM,False,0,,Issue does not fit a specific category
single_01474,SINGLE,AC unit مش شغال,لاحظت إن AC unit فيه مشكلة في Main Entrance. Water is appearing below the unit. الموضوع محتاج متابعة بسرعة. أكتر من شخص ممكن يكون متأثر.,INCIDENT,PLUMBING_WATER,HVAC_AC,HIGH,HIGH,Main Entrance,ar_eg,dorm_resident,HARD,False,0,,Air conditioning or ventilation issue
single_01475,SINGLE,Problem with equipment area,محتاجين حد يشوف the equipment area في Lecture Hall C. please check.,INCIDENT,OTHER,OTHER,LOW,MEDIUM,Lecture Hall C,mixed,admin_staff,HARD,False,0,,Issue does not fit a specific category
single_01476,SINGLE,Issue with desktop computer,The desktop computer keeps restarting at Computer Science Building - Lab 3. The computer restarts while it is being used. Several people may be affected. Please check.,INCIDENT,IT_HARDWARE_PRINTING,IT_HARDWARE_PRINTING,HIGH,LOW,Computer Science Building - Lab 3,en,security_staff,MEDIUM,False,0,,Physical computer or printing equipment issue
single_01477,SINGLE,Waste bin has overflowing waste,I noticed that the waste bin has overflowing waste in Dormitory B - Floor 1. The waste bin has not been emptied recently.,INCIDENT,CLEANING_WASTE,CLEANING_WASTE,MEDIUM,LOW,Dormitory B - Floor 1,en,lab_assistant,EASY,False,0,,Cleaning or waste management problem
single_01478,SINGLE,Problem with air conditioner,Please check the air conditioner at Parking Area. It is not cooling. The room becomes uncomfortable after some time. Please check.,INCIDENT,HVAC_AC,HVAC_AC,LOW,MEDIUM,Parking Area,en,lecturer,MEDIUM,False,0,,Air conditioning or ventilation issue
single_01479,SINGLE,Problem with garden area,Please check the garden area at Outdoor Courtyard. It needs maintenance. The area needs routine grounds maintenance.,SERVICE_REQUEST,GROUNDS_OUTDOOR,GROUNDS_OUTDOOR,MEDIUM,LOW,Outdoor Courtyard,en,lecturer,EASY,False,0,,Outdoor area or grounds maintenance issue
single_01480,SINGLE,الأسانسير مش شغال,محتاجين حد يشوف lift في Computer Science Building - Lab 3. The elevator requires immediate technical inspection. الموضوع محتاج متابعة بسرعة. أكتر من شخص ممكن يكون متأثر. ضروري شوية,INCIDENT,ELEVATOR,ELEVATOR,HIGH,HIGH,Computer Science Building - Lab 3,ar_eg,dorm_resident,HARD,False,0,,Elevator or lift malfunction
single_01481,SINGLE,مشكلة محتاجة تدخل في slippery floor,محتاجين حد يشوف slippery floor في Outdoor Courtyard. People are still using the area. أكتر من شخص ممكن يكون متأثر. في خطر على السلامة ومحتاج مراجعة بسرعة.,INCIDENT,SAFETY_HAZARD,SAFETY_HAZARD,HIGH,HIGH,Outdoor Courtyard,ar_eg,admin_staff,EASY,True,0,,Reported physical safety hazard
single_01482,SINGLE,Issue with air conditioning system,There is a problem with the air conditioning system at Engineering Building - Lab 4. The room is not cooling normally. The issue needs prompt attention.,INCIDENT,PLUMBING_WATER,HVAC_AC,MEDIUM,HIGH,Engineering Building - Lab 4,en,lecturer,HARD,False,0,,Air conditioning or ventilation issue
single_01483,SINGLE,مشكلة في elevator panel,في مشكلة في elevator panel at Dormitory B - Floor 1. The elevator controls are not working normally. الموضوع محتاج prompt attention.,INCIDENT,ELEVATOR,ELEVATOR,MEDIUM,HIGH,Dormitory B - Floor 1,mixed,student,HARD,False,0,,Elevator or lift malfunction
single_01484,SINGLE,مشكلة محتاجة تدخل في obstruction,محتاجين حد يشوف obstruction في Dormitory A - Floor 2. The obstruction reduces the usable path. الموضوع محتاج متابعة بسرعة. أكتر من شخص ممكن يكون متأثر.,INCIDENT,SAFETY_HAZARD,SAFETY_HAZARD,HIGH,HIGH,Dormitory A - Floor 2,ar_eg,lecturer,HARD,False,0,,Reported physical safety hazard
single_01485,SINGLE,مشكلة محتاجة تدخل في exposed wire,لاحظت إن exposed wire فيه مشكلة في Engineering Building - Lab 2. The exposed wire is accessible in the area. الموضوع محتاج متابعة بسرعة.,INCIDENT,SAFETY_HAZARD,SAFETY_HAZARD,MEDIUM,HIGH,Engineering Building - Lab 2,ar_eg,lecturer,HARD,False,0,,Reported physical safety hazard
single_01486,SINGLE,مشكلة في corridor,في مشكلة في corridor في Lecture Hall B. The corridor needs its regular cleaning service.,INCIDENT,CLEANING_WASTE,CLEANING_WASTE,MEDIUM,LOW,Lecture Hall B,ar_eg,admin_staff,EASY,False,0,,Cleaning or waste management problem
single_01487,SINGLE,Door handle issue,There is a problem with the door handle at Lecture Hall B. The handle moves when the door is opened.,INCIDENT,FURNITURE_FIXTURES,FURNITURE_FIXTURES,MEDIUM,LOW,Lecture Hall B,en,lab_assistant,EASY,False,0,,Furniture or fixture maintenance problem
single_01488,SINGLE,Problem with door handle,Please check the door handle at Parking Area. It is loose. The handle moves when the door is opened.,INCIDENT,FURNITURE_FIXTURES,FURNITURE_FIXTURES,MEDIUM,MEDIUM,Parking Area,en,admin_staff,HARD,False,0,,Furniture or fixture maintenance problem
single_01489,SINGLE,Problem with common area,Please check the common area at Dormitory A - Floor 1. It has a strong odor. The odor was noticed recently in the area.,INCIDENT,CLEANING_WASTE,CLEANING_WASTE,MEDIUM,MEDIUM,Dormitory A - Floor 1,en,dorm_resident,HARD,False,0,,Cleaning or waste management problem
single_01490,SINGLE,floor محتاج تنظيف,في مشكلة في floor في Cafeteria. The floor needs routine cleaning.,INCIDENT,CLEANING_WASTE,CLEANING_WASTE,LOW,LOW,Cafeteria,ar_eg,security_staff,MEDIUM,False,0,,Cleaning or waste management problem
single_01491,SINGLE,Problem with vent,The vent is not working at Administration Building - Room 12. Airflow from the vent is not normal.,INCIDENT,HVAC_AC,HVAC_AC,MEDIUM,LOW,Administration Building - Room 12,en,admin_staff,EASY,False,0,,Air conditioning or ventilation issue
single_01492,SINGLE,el gate feh moshkela,el moshkela fe gate zahret fe Main Entrance.,INCIDENT,OTHER,GROUNDS_OUTDOOR,MEDIUM,MEDIUM,Main Entrance,arabizi,admin_staff,MEDIUM,False,0,,Outdoor area or grounds maintenance issue
single_01493,SINGLE,Problem with power outlet,I noticed that the power outlet is not working in Main Entrance. The outlet is needed for equipment in the room. The issue needs prompt attention.,INCIDENT,ELECTRICAL,ELECTRICAL,MEDIUM,HIGH,Main Entrance,en,dorm_resident,MEDIUM,False,0,,Electrical power or lighting problem
single_01494,SINGLE,Problem with classroom,The classroom has not been cleaned في Main Lecture Hall. The area has been used throughout the day.,INCIDENT,CLEANING_WASTE,CLEANING_WASTE,LOW,LOW,Main Lecture Hall,mixed,lecturer,MEDIUM,False,0,,Cleaning or waste management problem
single_01495,SINGLE,Problem with projector,محتاجين حد يشوف the projector في Lecture Hall B. الموضوع محتاج prompt attention. أكتر من شخص ممكن يكون affected.,INCIDENT,AV_CLASSROOM_EQUIPMENT,AV_CLASSROOM_EQUIPMENT,HIGH,HIGH,Lecture Hall B,mixed,lab_assistant,HARD,False,0,,Classroom audio visual equipment issue
single_01496,SINGLE,Desktop computer needs attention,There is a problem with the desktop computer at Engineering Building - Lab 4. The computer restarts while it is being used.,INCIDENT,IT_NETWORK_ACCOUNTS,IT_HARDWARE_PRINTING,LOW,MEDIUM,Engineering Building - Lab 4,en,lab_assistant,MEDIUM,False,0,,Physical computer or printing equipment issue
single_01497,SINGLE,Problem with exposed wire,I noticed that the exposed wire creates a safety concern in Library - First Floor. The exposed wire is accessible in the area. Several people may be affected.,INCIDENT,SAFETY_HAZARD,SAFETY_HAZARD,HIGH,MEDIUM,Library - First Floor,en,lab_assistant,HARD,False,0,,Reported physical safety hazard
single_01498,SINGLE,Problem with door handle,محتاجين حد يشوف the door handle في Engineering Building - Lab 2.,INCIDENT,FURNITURE_FIXTURES,FURNITURE_FIXTURES,MEDIUM,MEDIUM,Engineering Building - Lab 2,mixed,student,HARD,False,0,,Furniture or fixture maintenance problem
single_01499,SINGLE,mshkela fe chair,momken 7ad yshoof el chair fe Sports Building? plz check.,INCIDENT,FURNITURE_FIXTURES,FURNITURE_FIXTURES,LOW,LOW,Sports Building,arabizi,admin_staff,EASY,False,0,,Furniture or fixture maintenance problem
single_01500,SINGLE,Issue with parking area,There is a problem with the parking area at Parking Area. The issue affects one outdoor location.,SERVICE_REQUEST,GROUNDS_OUTDOOR,GROUNDS_OUTDOOR,LOW,LOW,Parking Area,en,lab_assistant,MEDIUM,False,0,,Outdoor area or grounds maintenance issue
single_01501,SINGLE,keyboard فيه مشكلة,keyboard محتاج متابعة في Library - Second Floor. Several keys do not respond when pressed. الموضوع محتاج متابعة بسرعة. لو سمحت.,INCIDENT,IT_HARDWARE_PRINTING,IT_HARDWARE_PRINTING,LOW,HIGH,Library - Second Floor,ar_eg,lab_assistant,MEDIUM,False,0,,Physical computer or printing equipment issue
single_01502,SINGLE,Lift needs attention,Please check the lift at Science Building - Chemistry Lab. It stopped between floors. The elevator requires immediate technical inspection. The issue needs prompt attention.,INCIDENT,ELEVATOR,ELEVATOR,MEDIUM,HIGH,Science Building - Chemistry Lab,en,security_staff,HARD,False,0,,Elevator or lift malfunction
single_01503,SINGLE,Issue with elevator,Please check the elevator at Sports Building. It is not moving. People are currently using the building stairs. The issue needs prompt attention. Several people may be affected.,INCIDENT,ELEVATOR,ELEVATOR,HIGH,HIGH,Sports Building,en,security_staff,MEDIUM,False,0,,Elevator or lift malfunction
single_01504,SINGLE,Issue with monitor,The monitor shows a blank screen at Library - First Floor. The computer is running but nothing appears on the display.,INCIDENT,IT_HARDWARE_PRINTING,IT_HARDWARE_PRINTING,LOW,MEDIUM,Library - First Floor,en,admin_staff,MEDIUM,False,0,,Physical computer or printing equipment issue
single_01505,SINGLE,Problem with power outlet,Please check the power outlet at Administration Building - Room 12. It is not working. The outlet is needed for equipment in the room. Several people may be affected. Please check.,INCIDENT,ELECTRICAL,ELECTRICAL,HIGH,MEDIUM,Administration Building - Room 12,en,admin_staff,MEDIUM,False,0,,Electrical power or lighting problem
single_01506,SINGLE,printer فيه مشكلة,محتاجين حد يشوف printer في Science Building - Chemistry Lab. The printer worked normally earlier today.,INCIDENT,AV_CLASSROOM_EQUIPMENT,IT_HARDWARE_PRINTING,MEDIUM,LOW,Science Building - Chemistry Lab,ar_eg,security_staff,EASY,False,0,,Physical computer or printing equipment issue
single_01507,SINGLE,Problem with USB port,The USB port does not detect the device at Computer Science Building - Room 203 Connected devices are not recognized by the computer.,INCIDENT,IT_HARDWARE_PRINTING,IT_HARDWARE_PRINTING,LOW,MEDIUM,Computer Science Building - Room 203,en,dorm_resident,EASY,False,0,,Physical computer or printing equipment issue
single_01508,SINGLE,مشكلة في obstruction,في مشكلة في obstruction at Parking Area. The obstruction reduces the usable path. الموضوع محتاج prompt attention. أكتر من شخص ممكن يكون affected.,INCIDENT,BUILDING_STRUCTURE,SAFETY_HAZARD,HIGH,HIGH,Parking Area,mixed,security_staff,HARD,False,0,,Reported physical safety hazard
single_01509,SINGLE,Floor tile is damaged,There is a problem with the floor tile at Library - First Floor. The damaged tile is located in a frequently used area. The issue needs prompt attention. Several people may be affected.,INCIDENT,BUILDING_STRUCTURE,BUILDING_STRUCTURE,HIGH,HIGH,Library - First Floor,en,dorm_resident,MEDIUM,False,0,,"Building surface, door, window or structural issue"
single_01510,SINGLE,Air conditioner issue,Please check the air conditioner at Engineering Building - Room 101. It is not cooling. The room becomes uncomfortable after some time.,INCIDENT,HVAC_AC,HVAC_AC,MEDIUM,MEDIUM,Engineering Building - Room 101,en,lecturer,MEDIUM,False,0,,Air conditioning or ventilation issue
single_01511,SINGLE,مشكلة في outdoor bench,outdoor bench محتاج متابعة في Outdoor Courtyard. The bench needs maintenance before regular use.,INCIDENT,GROUNDS_OUTDOOR,GROUNDS_OUTDOOR,MEDIUM,LOW,Outdoor Courtyard,ar_eg,lecturer,EASY,False,0,,Outdoor area or grounds maintenance issue
single_01512,SINGLE,Display system keeps disconnecting,The display system keeps disconnecting at Lecture Hall C The classroom display disconnects during use.,INCIDENT,ELECTRICAL,AV_CLASSROOM_EQUIPMENT,MEDIUM,MEDIUM,Lecture Hall C,en,lecturer,MEDIUM,False,0,,Classroom audio visual equipment issue
single_01513,SINGLE,مشكلة نظافة في floor,في مشكلة في floor في Dormitory B - Floor 1. The floor needs routine cleaning.,INCIDENT,CLEANING_WASTE,CLEANING_WASTE,MEDIUM,LOW,Dormitory B - Floor 1,ar_eg,dorm_resident,MEDIUM,False,0,,Cleaning or waste management problem
single_01514,SINGLE,mshkela fe bathroom,feh moshkela fel bathroom fe Dormitory B - Floor 3. el mawdoo3 mehtag check بسرعة. aktar men 7ad momken ykoon mota2asser. plz,SERVICE_REQUEST,CLEANING_WASTE,CLEANING_WASTE,HIGH,HIGH,Dormitory B - Floor 3,arabizi,admin_staff,MEDIUM,False,0,,Cleaning or waste management problem
single_01515,SINGLE,mshkela fe thermostat,feh moshkela fel thermostat fe Main Entrance.,INCIDENT,HVAC_AC,HVAC_AC,MEDIUM,MEDIUM,Main Entrance,arabizi,student,HARD,False,0,,Air conditioning or ventilation issue
single_01516,SINGLE,3atel fe wall socket,feh moshkela fel wall socket fe Engineering Building - Lab 2. aktar men 7ad momken ykoon mota2asser. plz check.,INCIDENT,ELECTRICAL,ELECTRICAL,HIGH,MEDIUM,Engineering Building - Lab 2,arabizi,lecturer,HARD,False,0,,Electrical power or lighting problem
single_01517,SINGLE,Ceiling panel issue,I noticed that the ceiling panel is loose in Dormitory B - Floor 1. The panel needs to be inspected before it becomes unsafe.,INCIDENT,BUILDING_STRUCTURE,BUILDING_STRUCTURE,MEDIUM,MEDIUM,Dormitory B - Floor 1,en,security_staff,MEDIUM,False,0,,"Building surface, door, window or structural issue"
single_01518,SINGLE,مشكلة في microphone,The problem is with microphone في Computer Science Building - Room 203. The microphone is not producing any sound during the current class. الموضوع محتاج prompt attention. أكتر من شخص ممكن يكون affected.,INCIDENT,AV_CLASSROOM_EQUIPMENT,AV_CLASSROOM_EQUIPMENT,HIGH,HIGH,Computer Science Building - Room 203,mixed,security_staff,MEDIUM,False,0,,Classroom audio visual equipment issue
single_01519,SINGLE,The window has an issue,The window does not close properly في Sports Building. The room is still accessible but the window needs repair. الموضوع محتاج prompt attention.,INCIDENT,BUILDING_STRUCTURE,BUILDING_STRUCTURE,LOW,HIGH,Sports Building,mixed,security_staff,MEDIUM,False,0,,"Building surface, door, window or structural issue"
single_01520,SINGLE,facility محتاج فحص,في مشكلة في facility في Main Entrance. The exact cause is not clear. الموضوع محتاج متابعة بسرعة. أكتر من شخص ممكن يكون متأثر.,SERVICE_REQUEST,OTHER,OTHER,HIGH,HIGH,Main Entrance,ar_eg,security_staff,MEDIUM,False,0,,Issue does not fit a specific category
single_01521,SINGLE,Issue with water supply,There is a problem with the water supply at Main Lecture Hall. The bathroom cannot be used normally.,INCIDENT,PLUMBING_WATER,PLUMBING_WATER,MEDIUM,MEDIUM,Main Lecture Hall,en,lecturer,EASY,False,0,,"Water supply, drainage or plumbing problem"
single_01522,SINGLE,Cabinet needs attention,There is a problem with the cabinet at Parking Area. The cabinet door remains partially open.,INCIDENT,BUILDING_STRUCTURE,FURNITURE_FIXTURES,LOW,LOW,Parking Area,en,lecturer,EASY,False,0,,Furniture or fixture maintenance problem
single_01523,SINGLE,Problem with air conditioning system,The problem is with air conditioning system في Library - Second Floor. The room is not cooling normally.,INCIDENT,HVAC_AC,HVAC_AC,LOW,MEDIUM,Library - Second Floor,mixed,dorm_resident,MEDIUM,False,0,,Air conditioning or ventilation issue
single_01524,SINGLE,مشكلة في ceiling,في مشكلة في ceiling at Dormitory B - Floor 3. The damage is limited to one area.,INCIDENT,BUILDING_STRUCTURE,BUILDING_STRUCTURE,MEDIUM,MEDIUM,Dormitory B - Floor 3,mixed,lab_assistant,MEDIUM,False,0,,"Building surface, door, window or structural issue"
single_01525,SINGLE,The gate has an issue,The gate is not working في Main Entrance. The gate cannot be operated normally. أكتر من شخص ممكن يكون affected.,INCIDENT,GROUNDS_OUTDOOR,GROUNDS_OUTDOOR,HIGH,LOW,Main Entrance,mixed,admin_staff,HARD,False,0,,Outdoor area or grounds maintenance issue
single_01526,SINGLE,Elevator needs attention,The elevator is out of service at Dormitory B - Floor 1. The building has other access routes. The issue needs prompt attention. Several people may be affected.,INCIDENT,SAFETY_HAZARD,ELEVATOR,HIGH,HIGH,Dormitory B - Floor 1,en,student,MEDIUM,False,0,,Elevator or lift malfunction
single_01527,SINGLE,Equipment area issue,I noticed that the equipment area is not functioning normally in Cafeteria. The problem could not be classified more specifically. The issue needs prompt attention.,INCIDENT,OTHER,OTHER,MEDIUM,HIGH,Cafeteria,en,lecturer,HARD,False,0,,Issue does not fit a specific category
single_01528,SINGLE,sink فيه مشكلة,في مشكلة في sink في Main Entrance. Water is collecting on the floor. لو سمحت.,INCIDENT,PLUMBING_WATER,PLUMBING_WATER,MEDIUM,LOW,Main Entrance,ar_eg,student,HARD,False,0,,"Water supply, drainage or plumbing problem"
single_01529,SINGLE,مشكلة في shelf,The problem is with shelf في Main Lecture Hall. The shelf is loose and needs maintenance. الموضوع محتاج prompt attention.,INCIDENT,FURNITURE_FIXTURES,FURNITURE_FIXTURES,LOW,HIGH,Main Lecture Hall,mixed,student,HARD,False,0,,Furniture or fixture maintenance problem
single_01530,SINGLE,مشكلة محتاجة تدخل في damaged safety sign,في مشكلة في damaged safety sign في Main Lecture Hall. The safety information is no longer clearly visible.,INCIDENT,SAFETY_HAZARD,SAFETY_HAZARD,MEDIUM,MEDIUM,Main Lecture Hall,ar_eg,security_staff,HARD,False,0,,Reported physical safety hazard
single_01531,SINGLE,Garden area needs maintenance,I noticed that the garden area needs maintenance in Outdoor Courtyard. The area needs routine grounds maintenance.,SERVICE_REQUEST,GROUNDS_OUTDOOR,GROUNDS_OUTDOOR,LOW,LOW,Outdoor Courtyard,en,admin_staff,EASY,False,0,,Outdoor area or grounds maintenance issue
single_01532,SINGLE,Scanner needs attention,The scanner does not detect the device at Computer Science Building - Lab 3. The scanner cannot be used from the connected computer. Please check.,INCIDENT,IT_HARDWARE_PRINTING,IT_HARDWARE_PRINTING,MEDIUM,MEDIUM,Computer Science Building - Lab 3,en,lecturer,MEDIUM,False,0,,Physical computer or printing equipment issue
single_01533,SINGLE,Air conditioner is not cooling,The air conditioner is not cooling at Dormitory B - Floor 3. The room becomes uncomfortable after some time.,INCIDENT,HVAC_AC,HVAC_AC,LOW,MEDIUM,Dormitory B - Floor 3,en,security_staff,MEDIUM,False,0,,Air conditioning or ventilation issue
single_01534,SINGLE,خطر في exposed wire,لاحظت إن exposed wire فيه مشكلة في Dormitory B - Floor 3. The exposed wire is accessible in the area.,INCIDENT,SAFETY_HAZARD,SAFETY_HAZARD,LOW,LOW,Dormitory B - Floor 3,ar_eg,admin_staff,MEDIUM,False,0,,Reported physical safety hazard
single_01535,SINGLE,مشكلة سلامة في slippery floor,في مشكلة في slippery floor في Engineering Building - Lab 2. People are still using the area. الموضوع محتاج متابعة بسرعة. أكتر من شخص ممكن يكون متأثر.,INCIDENT,SAFETY_HAZARD,SAFETY_HAZARD,HIGH,HIGH,Engineering Building - Lab 2,ar_eg,student,HARD,False,0,,Reported physical safety hazard
single_01536,SINGLE,el door handle feh moshkela,el moshkela fe door handle zahret fe Administration Building - Room 12. aktar men 7ad momken ykoon mota2asser.,INCIDENT,FURNITURE_FIXTURES,FURNITURE_FIXTURES,HIGH,MEDIUM,Administration Building - Room 12,arabizi,dorm_resident,MEDIUM,False,0,,Furniture or fixture maintenance problem
single_01537,SINGLE,outdoor bench فيه مشكلة,لاحظت إن outdoor bench فيه مشكلة في Outdoor Courtyard. The bench needs maintenance before regular use. لو سمحت.,INCIDENT,GROUNDS_OUTDOOR,GROUNDS_OUTDOOR,LOW,MEDIUM,Outdoor Courtyard,ar_eg,lecturer,EASY,False,0,,Outdoor area or grounds maintenance issue
single_01538,SINGLE,Cabinet issue,The cabinet does not close properly at Main Lecture Hall. The cabinet door remains partially open. Please check.,INCIDENT,FURNITURE_FIXTURES,FURNITURE_FIXTURES,LOW,LOW,Main Lecture Hall,en,admin_staff,HARD,False,0,,Furniture or fixture maintenance problem
single_01539,SINGLE,mshkela fe ceiling light,el ceiling light stopped working fe Library - Second Floor. The room is less visible because the light is not working.,INCIDENT,ELECTRICAL,ELECTRICAL,MEDIUM,LOW,Library - Second Floor,arabizi,lecturer,HARD,False,0,,Electrical power or lighting problem
single_01540,SINGLE,مشكلة في الأسانسير,في مشكلة في elevator في Computer Science Building - Room 203. The building has other access routes. الموضوع محتاج متابعة بسرعة. أكتر من شخص ممكن يكون متأثر.,INCIDENT,ELEVATOR,ELEVATOR,HIGH,HIGH,Computer Science Building - Room 203,ar_eg,admin_staff,HARD,False,0,,Elevator or lift malfunction
single_01541,SINGLE,مشكلة في chair,The chair is broken في Dormitory A - Floor 2. The chair can still be used with difficulty. الموضوع محتاج prompt attention.,INCIDENT,FURNITURE_FIXTURES,FURNITURE_FIXTURES,LOW,HIGH,Dormitory A - Floor 2,mixed,security_staff,EASY,False,0,,Furniture or fixture maintenance problem
single_01542,SINGLE,Issue with scanner,There is a problem with the scanner at Engineering Building - Lab 2. The scanner cannot be used from the connected computer.,INCIDENT,IT_HARDWARE_PRINTING,IT_HARDWARE_PRINTING,MEDIUM,MEDIUM,Engineering Building - Lab 2,en,security_staff,MEDIUM,False,0,,Physical computer or printing equipment issue
single_01543,SINGLE,مشكلة في باب الأسانسير,محتاجين حد يشوف lift في Engineering Building - Lab 4. The elevator requires immediate technical inspection. أكتر من شخص ممكن يكون متأثر.,INCIDENT,ELEVATOR,ELEVATOR,HIGH,MEDIUM,Engineering Building - Lab 4,ar_eg,lecturer,HARD,False,0,,Elevator or lift malfunction
single_01544,SINGLE,Login issue,There is a problem with the login at Engineering Building - Lab 2. The system repeatedly asks the user to sign in.,INCIDENT,IT_NETWORK_ACCOUNTS,IT_NETWORK_ACCOUNTS,MEDIUM,MEDIUM,Engineering Building - Lab 2,en,lecturer,EASY,False,0,,Network or account access problem
single_01545,SINGLE,Usb port issue,I noticed that the USB port does not detect the device in Engineering Building - Lab 2. Connected devices are not recognized by the computer.,INCIDENT,IT_HARDWARE_PRINTING,IT_HARDWARE_PRINTING,LOW,LOW,Engineering Building - Lab 2,en,lecturer,EASY,False,0,,Physical computer or printing equipment issue
single_01546,SINGLE,room محتاج فحص,في مشكلة في room في Computer Science Building - Room 203. The reporter could not identify the exact problem.,SERVICE_REQUEST,OTHER,OTHER,MEDIUM,MEDIUM,Computer Science Building - Room 203,ar_eg,lecturer,MEDIUM,False,0,,Issue does not fit a specific category
single_01547,SINGLE,Problem with floor,محتاجين حد يشوف the floor في Dormitory A - Floor 1.,INCIDENT,CLEANING_WASTE,CLEANING_WASTE,LOW,LOW,Dormitory A - Floor 1,mixed,student,EASY,False,0,,Cleaning or waste management problem
single_01548,SINGLE,Issue with thermostat,I noticed that the thermostat is not responding in Dormitory B - Floor 1. The temperature cannot be adjusted normally. Several people may be affected.,INCIDENT,HVAC_AC,HVAC_AC,HIGH,MEDIUM,Dormitory B - Floor 1,en,admin_staff,MEDIUM,False,0,,Air conditioning or ventilation issue
single_01549,SINGLE,Printer needs attention,I noticed that the printer is not printing in Computer Science Building - Lab 1. The printer worked normally earlier today. Please check.,INCIDENT,IT_HARDWARE_PRINTING,IT_HARDWARE_PRINTING,MEDIUM,MEDIUM,Computer Science Building - Lab 1,en,admin_staff,MEDIUM,False,0,,Physical computer or printing equipment issue
single_01550,SINGLE,مشكلة في desk,في مشكلة في desk في Dormitory A - Floor 1. The desk moves when it is used.,INCIDENT,OTHER,FURNITURE_FIXTURES,MEDIUM,MEDIUM,Dormitory A - Floor 1,ar_eg,lecturer,MEDIUM,False,0,,Furniture or fixture maintenance problem
single_01551,SINGLE,Problem with display system,I noticed that the display system keeps disconnecting in Lecture Hall C The classroom display disconnects during use. The issue needs prompt attention.,INCIDENT,AV_CLASSROOM_EQUIPMENT,AV_CLASSROOM_EQUIPMENT,MEDIUM,HIGH,Lecture Hall C,en,lecturer,HARD,False,0,,Classroom audio visual equipment issue
single_01552,SINGLE,Projector needs attention,The projector has no signal at Administration Building - Room 12. Changing the input source did not help. The issue needs prompt attention. Several people may be affected. Please check.,INCIDENT,AV_CLASSROOM_EQUIPMENT,AV_CLASSROOM_EQUIPMENT,HIGH,HIGH,Administration Building - Room 12,en,admin_staff,HARD,False,0,,Classroom audio visual equipment issue
single_01553,SINGLE,مشكلة في vent,لاحظت إن vent فيه مشكلة في Sports Building. Airflow from the vent is not normal. الموضوع محتاج متابعة بسرعة.,INCIDENT,HVAC_AC,HVAC_AC,MEDIUM,HIGH,Sports Building,ar_eg,lecturer,EASY,False,0,,Air conditioning or ventilation issue
single_01554,SINGLE,mshkela fe water supply,el water supply has no water fe Parking Area. The bathroom cannot be used normally. aktar men 7ad momken ykoon mota2asser.,INCIDENT,PLUMBING_WATER,PLUMBING_WATER,HIGH,MEDIUM,Parking Area,arabizi,lecturer,MEDIUM,False,0,,"Water supply, drainage or plumbing problem"
single_01555,SINGLE,Light is flickering,There is a problem with the light at Student Affairs Office. The light turns off and on repeatedly.,INCIDENT,ELECTRICAL,ELECTRICAL,MEDIUM,MEDIUM,Student Affairs Office,en,student,MEDIUM,False,0,,Electrical power or lighting problem
single_01556,SINGLE,Elevator panel is showing an error,The elevator panel is showing an error at Computer Science Building - Room 203. The elevator controls are not working normally. The issue needs prompt attention. Several people may be affected.,INCIDENT,ELEVATOR,ELEVATOR,HIGH,HIGH,Computer Science Building - Room 203,en,security_staff,MEDIUM,False,0,,Elevator or lift malfunction
single_01557,SINGLE,Elevator needs attention,I noticed that the elevator is not moving in Engineering Building - Lab 2 People are currently using the building stairs. The issue needs prompt attention. Several people may be affected.,INCIDENT,ELEVATOR,ELEVATOR,HIGH,HIGH,Engineering Building - Lab 2,en,security_staff,MEDIUM,False,0,,Elevator or lift malfunction
single_01558,SINGLE,Problem with room,The room requires inspection at Engineering Building - Lab 4. The reporter could not identify the exact problem.,SERVICE_REQUEST,OTHER,OTHER,LOW,MEDIUM,Engineering Building - Lab 4,en,admin_staff,MEDIUM,False,0,,Issue does not fit a specific category
single_01559,SINGLE,el wall socket mehtag check,el moshkela fe wall socket zahret fe Lecture Hall C.,INCIDENT,ELECTRICAL,ELECTRICAL,MEDIUM,MEDIUM,Lecture Hall C,arabizi,admin_staff,MEDIUM,False,0,,Electrical power or lighting problem
single_01560,SINGLE,Network connection is very slow,There is a problem with the network connection at Library - Second Floor. The connection becomes slow during normal campus use.,INCIDENT,IT_NETWORK_ACCOUNTS,IT_NETWORK_ACCOUNTS,LOW,MEDIUM,Library - Second Floor,en,security_staff,EASY,False,0,,Network or account access problem
single_01561,SINGLE,مشكلة في service area,في مشكلة في service area at Lecture Hall C. A technician may need to inspect the area. الموضوع محتاج prompt attention.,SERVICE_REQUEST,OTHER,OTHER,MEDIUM,HIGH,Lecture Hall C,mixed,lab_assistant,EASY,False,0,,Issue does not fit a specific category
single_01562,SINGLE,Issue with vent,The vent is not working at Computer Science Building - Lab 1 Airflow from the vent is not normal.,INCIDENT,HVAC_AC,HVAC_AC,LOW,MEDIUM,Computer Science Building - Lab 1,en,lecturer,EASY,False,0,,Air conditioning or ventilation issue
single_01563,SINGLE,Display system issue,There is a problem with the display system at Main Lecture Hall. The classroom display disconnects during use. The issue needs prompt attention.,INCIDENT,AV_CLASSROOM_EQUIPMENT,AV_CLASSROOM_EQUIPMENT,MEDIUM,HIGH,Main Lecture Hall,en,dorm_resident,EASY,False,0,,Classroom audio visual equipment issue
single_01564,SINGLE,printer مش شغال,محتاجين حد يشوف printer في Engineering Building - Lab 4. The printer worked normally earlier today.,INCIDENT,IT_NETWORK_ACCOUNTS,IT_HARDWARE_PRINTING,MEDIUM,MEDIUM,Engineering Building - Lab 4,ar_eg,security_staff,MEDIUM,False,0,,Physical computer or printing equipment issue
single_01565,SINGLE,Gate issue,Please check the gate at Main Entrance. It is not working. The gate cannot be operated normally.,INCIDENT,BUILDING_STRUCTURE,GROUNDS_OUTDOOR,MEDIUM,MEDIUM,Main Entrance,en,lecturer,MEDIUM,False,0,,Outdoor area or grounds maintenance issue
single_01566,SINGLE,Problem with smart board,في مشكلة في smart board at Computer Science Building - Room 203. The board does not respond when the instructor interacts with it. أكتر من شخص ممكن يكون affected. please check.,INCIDENT,AV_CLASSROOM_EQUIPMENT,AV_CLASSROOM_EQUIPMENT,HIGH,MEDIUM,Computer Science Building - Room 203,mixed,lecturer,MEDIUM,False,0,,Classroom audio visual equipment issue
single_01567,SINGLE,مشكلة في the outdoor bench,The problem is with outdoor bench في Outdoor Courtyard. The bench needs maintenance before regular use.,INCIDENT,OTHER,GROUNDS_OUTDOOR,LOW,LOW,Outdoor Courtyard,mixed,admin_staff,MEDIUM,False,0,,Outdoor area or grounds maintenance issue
single_01568,SINGLE,Problem with service area,Please check the service area at Main Lecture Hall. It needs maintenance. A technician may need to inspect the area.,SERVICE_REQUEST,OTHER,OTHER,MEDIUM,LOW,Main Lecture Hall,en,dorm_resident,EASY,False,0,,Issue does not fit a specific category
single_01569,SINGLE,3atel fe ceiling,el ceiling is damaged fe Outdoor Courtyard. The damage is limited to one area. plz check.,INCIDENT,FURNITURE_FIXTURES,BUILDING_STRUCTURE,MEDIUM,LOW,Outdoor Courtyard,arabizi,security_staff,MEDIUM,False,0,,"Building surface, door, window or structural issue"
single_01570,SINGLE,Air conditioner needs attention,The air conditioner is not cooling at Main Lecture Hall. The room becomes uncomfortable after some time.,INCIDENT,ELECTRICAL,HVAC_AC,MEDIUM,LOW,Main Lecture Hall,en,security_staff,EASY,False,0,,Air conditioning or ventilation issue
single_01571,SINGLE,مشكلة في the microphone,في مشكلة في microphone at Lecture Hall C. The microphone is not producing any sound during the current class. أكتر من شخص ممكن يكون affected. please,INCIDENT,AV_CLASSROOM_EQUIPMENT,AV_CLASSROOM_EQUIPMENT,HIGH,MEDIUM,Lecture Hall C,mixed,admin_staff,HARD,False,0,,Classroom audio visual equipment issue
single_01572,SINGLE,Ceiling light issue,The ceiling light stopped working at Dormitory B - Floor 1. The room is less visible because the light is not working. The issue needs prompt attention. Several people may be affected.,INCIDENT,ELECTRICAL,ELECTRICAL,HIGH,HIGH,Dormitory B - Floor 1,en,dorm_resident,EASY,False,0,,Electrical power or lighting problem
single_01573,SINGLE,water pipe فيه مشكلة,لاحظت إن water pipe فيه مشكلة في Student Affairs Office. The leak becomes worse when the water is used. أكتر من شخص ممكن يكون متأثر.,INCIDENT,PLUMBING_WATER,PLUMBING_WATER,HIGH,MEDIUM,Student Affairs Office,ar_eg,lecturer,MEDIUM,False,0,,"Water supply, drainage or plumbing problem"
single_01574,SINGLE,University email cannot be accessed,The university email cannot be accessed at Engineering Building - Lab 4. The account cannot open the university email service.,INCIDENT,IT_NETWORK_ACCOUNTS,IT_NETWORK_ACCOUNTS,MEDIUM,MEDIUM,Engineering Building - Lab 4,en,lecturer,EASY,False,0,,Network or account access problem
single_01575,SINGLE,مشكلة محتاجة تدخل في smoke,في مشكلة في smoke في Computer Science Building - Lab 1. The source of the smoke is not clear.,INCIDENT,SAFETY_HAZARD,SAFETY_HAZARD,MEDIUM,MEDIUM,Computer Science Building - Lab 1,ar_eg,lecturer,MEDIUM,False,0,,Reported physical safety hazard
single_01576,SINGLE,Corridor needs attention,Please check the corridor at Lecture Hall C. It has not been cleaned. The corridor needs its regular cleaning service.,INCIDENT,CLEANING_WASTE,CLEANING_WASTE,MEDIUM,LOW,Lecture Hall C,en,dorm_resident,EASY,False,0,,Cleaning or waste management problem
single_01577,SINGLE,مشكلة محتاجة تدخل في obstruction,محتاجين حد يشوف obstruction في Cafeteria. The obstruction reduces the usable path. الموضوع محتاج متابعة بسرعة. أكتر من شخص ممكن يكون متأثر. في خطر على السلامة ومحتاج مراجعة بسرعة.,INCIDENT,OTHER,SAFETY_HAZARD,HIGH,HIGH,Cafeteria,ar_eg,lecturer,EASY,True,0,,Reported physical safety hazard
single_01578,SINGLE,Problem with classroom speakers,Please check the classroom speakers at Lecture Hall B. It have no sound. The problem affects audio during the class. The issue needs prompt attention. Several people may be affected. Please check.,INCIDENT,AV_CLASSROOM_EQUIPMENT,AV_CLASSROOM_EQUIPMENT,HIGH,HIGH,Lecture Hall B,en,lab_assistant,MEDIUM,False,0,,Classroom audio visual equipment issue
single_01579,SINGLE,mshkela fe water supply,feh moshkela fel water supply fe Parking Area.,INCIDENT,PLUMBING_WATER,PLUMBING_WATER,LOW,LOW,Parking Area,arabizi,dorm_resident,MEDIUM,False,0,,"Water supply, drainage or plumbing problem"
single_01580,SINGLE,Problem with thermostat,The thermostat is not responding at Computer Science Building - Lab 1. The temperature cannot be adjusted normally. The issue needs prompt attention.,INCIDENT,HVAC_AC,HVAC_AC,MEDIUM,HIGH,Computer Science Building - Lab 1,en,student,MEDIUM,False,0,,Air conditioning or ventilation issue
single_01581,SINGLE,Ac unit is making a strange noise,I noticed that the AC unit is making a strange noise in Science Building - Physics Lab. The noise started during the current session. The issue needs prompt attention. Several people may be affected.,INCIDENT,HVAC_AC,HVAC_AC,HIGH,HIGH,Science Building - Physics Lab,en,admin_staff,EASY,False,0,,Air conditioning or ventilation issue
single_01582,SINGLE,The common area has an issue,The problem is with common area في Lecture Hall B. The odor was noticed recently in the area. أكتر من شخص ممكن يكون affected.,INCIDENT,CLEANING_WASTE,CLEANING_WASTE,HIGH,LOW,Lecture Hall B,mixed,student,HARD,False,0,,Cleaning or waste management problem
single_01583,SINGLE,مشكلة في the corridor,في مشكلة في corridor at Main Lecture Hall. The corridor needs its regular cleaning service. الموضوع محتاج prompt attention.,INCIDENT,CLEANING_WASTE,CLEANING_WASTE,LOW,HIGH,Main Lecture Hall,mixed,dorm_resident,EASY,False,0,,Cleaning or waste management problem
single_01584,SINGLE,Problem with gate,I noticed that the gate is not working in Outdoor Courtyard. The gate cannot be operated normally.,INCIDENT,GROUNDS_OUTDOOR,GROUNDS_OUTDOOR,MEDIUM,LOW,Outdoor Courtyard,en,dorm_resident,HARD,False,0,,Outdoor area or grounds maintenance issue
single_01585,SINGLE,The room has an issue,محتاجين حد يشوف the room في Dormitory B - Floor 3.,SERVICE_REQUEST,OTHER,OTHER,MEDIUM,MEDIUM,Dormitory B - Floor 3,mixed,security_staff,MEDIUM,False,0,,Issue does not fit a specific category
single_01586,SINGLE,مشكلة في the service area,The service area needs maintenance في Engineering Building - Lab 4. A technician may need to inspect the area.,SERVICE_REQUEST,CLEANING_WASTE,OTHER,MEDIUM,MEDIUM,Engineering Building - Lab 4,mixed,lab_assistant,MEDIUM,False,0,,Issue does not fit a specific category
single_01587,SINGLE,el classroom mehtag check,feh moshkela fel classroom fe Library - Second Floor. plz,INCIDENT,PLUMBING_WATER,CLEANING_WASTE,LOW,LOW,Library - Second Floor,arabizi,lab_assistant,EASY,False,0,,Cleaning or waste management problem
single_01588,SINGLE,Problem with window,The window does not close properly at Science Building - Physics Lab. The room is still accessible but the window needs repair. Several people may be affected.,INCIDENT,BUILDING_STRUCTURE,BUILDING_STRUCTURE,HIGH,MEDIUM,Science Building - Physics Lab,en,security_staff,EASY,False,0,,"Building surface, door, window or structural issue"
single_01589,SINGLE,ceiling panel فيه مشكلة,ceiling panel محتاج متابعة في Dormitory A - Floor 2. The panel needs to be inspected before it becomes unsafe. أكتر من شخص ممكن يكون متأثر.,INCIDENT,BUILDING_STRUCTURE,BUILDING_STRUCTURE,HIGH,MEDIUM,Dormitory A - Floor 2,ar_eg,admin_staff,MEDIUM,False,0,,"Building surface, door, window or structural issue"
single_01590,SINGLE,Projector does not turn on,There is a problem with the projector at Computer Science Building - Room 203. The instructor needs the equipment for the current class.,INCIDENT,AV_CLASSROOM_EQUIPMENT,AV_CLASSROOM_EQUIPMENT,LOW,LOW,Computer Science Building - Room 203,en,lecturer,MEDIUM,False,0,,Classroom audio visual equipment issue
single_01591,SINGLE,Problem with smart board,I noticed that the smart board is not responding in Administration Building - Room 18. The board does not respond when the instructor interacts with it.,INCIDENT,AV_CLASSROOM_EQUIPMENT,AV_CLASSROOM_EQUIPMENT,LOW,MEDIUM,Administration Building - Room 18,en,dorm_resident,MEDIUM,False,0,,Classroom audio visual equipment issue
single_01592,SINGLE,Issue with air conditioning system,I noticed that the air conditioning system is blowing warm air in Science Building - Chemistry Lab. The room is not cooling normally.,INCIDENT,HVAC_AC,HVAC_AC,MEDIUM,LOW,Science Building - Chemistry Lab,en,admin_staff,MEDIUM,False,0,,Air conditioning or ventilation issue
single_01593,SINGLE,مشكلة في the smoke,The problem is with smoke في Computer Science Building - Room 203. The source of the smoke is not clear. الموضوع محتاج prompt attention. please,INCIDENT,SAFETY_HAZARD,SAFETY_HAZARD,MEDIUM,HIGH,Computer Science Building - Room 203,mixed,dorm_resident,HARD,False,0,,Reported physical safety hazard
single_01594,SINGLE,Power supply keeps turning off,I noticed that the power supply keeps turning off in Outdoor Courtyard. The equipment loses power repeatedly. Several people may be affected.,INCIDENT,ELECTRICAL,ELECTRICAL,HIGH,MEDIUM,Outdoor Courtyard,en,admin_staff,HARD,False,0,,Electrical power or lighting problem
single_01595,SINGLE,Projector issue,Please check the projector at Computer Science Building - Room 203. It has no signal. Changing the input source did not help. The issue needs prompt attention. Several people may be affected. Please check.,INCIDENT,AV_CLASSROOM_EQUIPMENT,AV_CLASSROOM_EQUIPMENT,HIGH,HIGH,Computer Science Building - Room 203,en,lab_assistant,HARD,False,0,,Classroom audio visual equipment issue
single_01596,SINGLE,Parking area needs maintenance,There is a problem with the parking area at Main Entrance The issue affects one outdoor location.,SERVICE_REQUEST,OTHER,GROUNDS_OUTDOOR,MEDIUM,LOW,Main Entrance,en,security_staff,EASY,False,0,,Outdoor area or grounds maintenance issue
single_01597,SINGLE,Outdoor light is not working,Please check the outdoor light at Parking Area. It is not working. The outdoor area is poorly lit after dark.,INCIDENT,GROUNDS_OUTDOOR,GROUNDS_OUTDOOR,MEDIUM,LOW,Parking Area,en,admin_staff,MEDIUM,False,0,,Outdoor area or grounds maintenance issue
single_01598,SINGLE,wall socket فيه مشكلة,لاحظت إن wall socket فيه مشكلة في Engineering Building - Lab 2. Other sockets in the room still have power.,INCIDENT,ELECTRICAL,ELECTRICAL,MEDIUM,MEDIUM,Engineering Building - Lab 2,ar_eg,lecturer,MEDIUM,False,0,,Electrical power or lighting problem
single_01599,SINGLE,projector فيه مشكلة,في مشكلة في projector في Computer Science Building - Room 203. Changing the input source did not help.,INCIDENT,AV_CLASSROOM_EQUIPMENT,AV_CLASSROOM_EQUIPMENT,MEDIUM,MEDIUM,Computer Science Building - Room 203,ar_eg,student,MEDIUM,False,0,,Classroom audio visual equipment issue
single_01600,SINGLE,Elevator panel needs attention,Please check the elevator panel at Dormitory B - Floor 1. It is showing an error. The elevator controls are not working normally. The issue needs prompt attention.,INCIDENT,ELEVATOR,ELEVATOR,MEDIUM,HIGH,Dormitory B - Floor 1,en,lab_assistant,HARD,False,0,,Elevator or lift malfunction
single_01601,SINGLE,Classroom speakers have no sound,Please check the classroom speakers at Computer Science Building - Room 203. It have no sound. The problem affects audio during the class. Several people may be affected.,INCIDENT,AV_CLASSROOM_EQUIPMENT,AV_CLASSROOM_EQUIPMENT,HIGH,MEDIUM,Computer Science Building - Room 203,en,lecturer,HARD,False,0,,Classroom audio visual equipment issue
single_01602,SINGLE,gate فيه مشكلة,لاحظت إن gate فيه مشكلة في Parking Area. The gate cannot be operated normally. ضروري شوية,INCIDENT,BUILDING_STRUCTURE,GROUNDS_OUTDOOR,MEDIUM,MEDIUM,Parking Area,ar_eg,security_staff,MEDIUM,False,0,,Outdoor area or grounds maintenance issue
single_01603,SINGLE,مشكلة في scanner,لاحظت إن scanner فيه مشكلة في Science Building - Chemistry Lab. The scanner cannot be used from the connected computer. ضروري شوية,INCIDENT,IT_HARDWARE_PRINTING,IT_HARDWARE_PRINTING,MEDIUM,MEDIUM,Science Building - Chemistry Lab,ar_eg,security_staff,HARD,False,0,,Physical computer or printing equipment issue
single_01604,SINGLE,Issue with printer,There is a problem with the printer at Computer Science Building - Lab 3. The printer worked normally earlier today.,INCIDENT,IT_HARDWARE_PRINTING,IT_HARDWARE_PRINTING,MEDIUM,MEDIUM,Computer Science Building - Lab 3,en,lab_assistant,EASY,False,0,,Physical computer or printing equipment issue
single_01605,SINGLE,Issue with garden area,Please check the garden area at Parking Area. It needs maintenance. The area needs routine grounds maintenance.,SERVICE_REQUEST,GROUNDS_OUTDOOR,GROUNDS_OUTDOOR,LOW,LOW,Parking Area,en,lab_assistant,MEDIUM,False,0,,Outdoor area or grounds maintenance issue
single_01606,SINGLE,Elevator panel issue,Please check the elevator panel at Dormitory A - Floor 2. It is showing an error. The elevator controls are not working normally.,INCIDENT,ELEVATOR,ELEVATOR,MEDIUM,MEDIUM,Dormitory A - Floor 2,en,student,MEDIUM,False,0,,Elevator or lift malfunction
single_01607,SINGLE,Student account does not accept the password,Please check the student account at Science Building - Chemistry Lab. It does not accept the password. The password is correct but the login keeps failing. Several people may be affected.,INCIDENT,IT_NETWORK_ACCOUNTS,IT_NETWORK_ACCOUNTS,HIGH,MEDIUM,Science Building - Chemistry Lab,en,admin_staff,MEDIUM,False,0,,Network or account access problem
single_01608,SINGLE,Problem with elevator,There is a problem with the elevator at Administration Building - Room 18. The building has other access routes. The issue needs prompt attention.,INCIDENT,ELEVATOR,ELEVATOR,LOW,HIGH,Administration Building - Room 18,en,student,HARD,False,0,,Elevator or lift malfunction
single_01609,SINGLE,Issue with parking area,I noticed that the parking area needs maintenance in Main Entrance. The issue affects one outdoor location.,SERVICE_REQUEST,GROUNDS_OUTDOOR,GROUNDS_OUTDOOR,LOW,MEDIUM,Main Entrance,en,admin_staff,MEDIUM,False,0,,Outdoor area or grounds maintenance issue
single_01610,SINGLE,3atel fe ceiling light,momken 7ad yshoof el ceiling light fe Dormitory A - Floor 2?,INCIDENT,ELECTRICAL,ELECTRICAL,MEDIUM,LOW,Dormitory A - Floor 2,arabizi,security_staff,MEDIUM,False,0,,Electrical power or lighting problem
single_01611,SINGLE,Table is unstable,There is a problem with the table at Sports Building. The table does not remain steady during use.,INCIDENT,FURNITURE_FIXTURES,FURNITURE_FIXTURES,LOW,LOW,Sports Building,en,admin_staff,MEDIUM,False,0,,Furniture or fixture maintenance problem
single_01612,SINGLE,عطل في door handle,محتاجين حد يشوف door handle في Parking Area. The handle moves when the door is opened.,INCIDENT,FURNITURE_FIXTURES,FURNITURE_FIXTURES,MEDIUM,MEDIUM,Parking Area,ar_eg,lecturer,EASY,False,0,,Furniture or fixture maintenance problem
single_01613,SINGLE,The drain has an issue,محتاجين حد يشوف the drain في Parking Area. أكتر من شخص ممكن يكون affected. please,INCIDENT,PLUMBING_WATER,PLUMBING_WATER,HIGH,MEDIUM,Parking Area,mixed,dorm_resident,MEDIUM,False,0,,"Water supply, drainage or plumbing problem"
single_01614,SINGLE,Garden area issue,The garden area needs maintenance at Outdoor Courtyard. The area needs routine grounds maintenance.,SERVICE_REQUEST,GROUNDS_OUTDOOR,GROUNDS_OUTDOOR,LOW,LOW,Outdoor Courtyard,en,security_staff,EASY,False,0,,Outdoor area or grounds maintenance issue
single_01615,SINGLE,3atel fe USB port,momken 7ad yshoof el USB port fe Library - First Floor?,INCIDENT,IT_HARDWARE_PRINTING,IT_HARDWARE_PRINTING,MEDIUM,LOW,Library - First Floor,arabizi,student,EASY,False,0,,Physical computer or printing equipment issue
single_01616,SINGLE,مشكلة سلامة في smoke,محتاجين حد يشوف smoke في Computer Science Building - Lab 1. The source of the smoke is not clear. الموضوع محتاج متابعة بسرعة. أكتر من شخص ممكن يكون متأثر.,INCIDENT,SAFETY_HAZARD,SAFETY_HAZARD,HIGH,HIGH,Computer Science Building - Lab 1,ar_eg,security_staff,MEDIUM,False,0,,Reported physical safety hazard
single_01617,SINGLE,The cabinet has an issue,The cabinet does not close properly في Science Building - Physics Lab. The cabinet door remains partially open. please,INCIDENT,BUILDING_STRUCTURE,FURNITURE_FIXTURES,LOW,MEDIUM,Science Building - Physics Lab,mixed,security_staff,EASY,False,0,,Furniture or fixture maintenance problem
single_01618,SINGLE,Usb port issue,There is a problem with the USB port at Library - Second Floor. Connected devices are not recognized by the computer.,INCIDENT,IT_HARDWARE_PRINTING,IT_HARDWARE_PRINTING,LOW,LOW,Library - Second Floor,en,admin_staff,EASY,False,0,,Physical computer or printing equipment issue
single_01619,SINGLE,3atel fe floor tile,el floor tile is damaged fe Dormitory B - Floor 1. The damaged tile is located in a frequently used area.,INCIDENT,SAFETY_HAZARD,BUILDING_STRUCTURE,LOW,LOW,Dormitory B - Floor 1,arabizi,student,MEDIUM,False,0,,"Building surface, door, window or structural issue"
single_01620,SINGLE,Problem with AC unit,I noticed that the AC unit is making a strange noise in Dormitory A - Floor 2. The noise started during the current session. The issue needs prompt attention. Several people may be affected.,INCIDENT,ELECTRICAL,HVAC_AC,HIGH,HIGH,Dormitory A - Floor 2,en,security_staff,MEDIUM,False,0,,Air conditioning or ventilation issue
single_01621,SINGLE,el smart board mehtag check,el smart board is not responding fe Main Lecture Hall. The board does not respond when the instructor interacts with it. aktar men 7ad momken ykoon mota2asser.,INCIDENT,AV_CLASSROOM_EQUIPMENT,AV_CLASSROOM_EQUIPMENT,HIGH,MEDIUM,Main Lecture Hall,arabizi,lecturer,MEDIUM,False,0,,Classroom audio visual equipment issue
single_01622,SINGLE,Network connection is very slow,The network connection is very slow at Science Building - Physics Lab. The connection becomes slow during normal campus use.,INCIDENT,IT_NETWORK_ACCOUNTS,IT_NETWORK_ACCOUNTS,LOW,LOW,Science Building - Physics Lab,en,security_staff,EASY,False,0,,Network or account access problem
single_01623,SINGLE,Obstruction is blocking part of the area,Please check the obstruction at Lecture Hall C. It is blocking part of the area. The obstruction reduces the usable path. The issue needs prompt attention.,INCIDENT,ELECTRICAL,SAFETY_HAZARD,MEDIUM,HIGH,Lecture Hall C,en,admin_staff,MEDIUM,False,0,,Reported physical safety hazard
single_01624,SINGLE,Drain issue,The drain is blocked at Main Lecture Hall. Water is draining very slowly. The issue needs prompt attention.,INCIDENT,PLUMBING_WATER,PLUMBING_WATER,MEDIUM,HIGH,Main Lecture Hall,en,lecturer,HARD,False,0,,"Water supply, drainage or plumbing problem"
single_01625,SINGLE,bathroom محتاج تنظيف,لاحظت إن bathroom فيه مشكلة في Dormitory A - Floor 1. Regular cleaning is needed before normal use.,SERVICE_REQUEST,CLEANING_WASTE,CLEANING_WASTE,MEDIUM,MEDIUM,Dormitory A - Floor 1,ar_eg,lab_assistant,MEDIUM,False,0,,Cleaning or waste management problem
single_01626,SINGLE,mshkela fe floor,el floor is dirty fe Main Lecture Hall. The floor needs routine cleaning. el mawdoo3 mehtag check بسرعة.,INCIDENT,CLEANING_WASTE,CLEANING_WASTE,LOW,HIGH,Main Lecture Hall,arabizi,student,MEDIUM,False,0,,Cleaning or waste management problem
single_01627,SINGLE,Issue with campus network,Please check the campus network at Engineering Building - Lab 4. It is not connecting. Other devices in the same area seem to have the same problem. The issue needs prompt attention. Several people may be affected.,INCIDENT,IT_NETWORK_ACCOUNTS,IT_NETWORK_ACCOUNTS,HIGH,HIGH,Engineering Building - Lab 4,en,lab_assistant,MEDIUM,False,0,,Network or account access problem
single_01628,SINGLE,University email cannot be accessed,I noticed that the university email cannot be accessed in Science Building - Chemistry Lab. The account cannot open the university email service. Several people may be affected.,INCIDENT,IT_NETWORK_ACCOUNTS,IT_NETWORK_ACCOUNTS,HIGH,MEDIUM,Science Building - Chemistry Lab,en,security_staff,MEDIUM,False,0,,Network or account access problem
single_01629,SINGLE,Issue with air conditioner,I noticed that the air conditioner is not cooling in Sports Building. The room becomes uncomfortable after some time.,INCIDENT,HVAC_AC,HVAC_AC,LOW,MEDIUM,Sports Building,en,lecturer,MEDIUM,False,0,,Air conditioning or ventilation issue
single_01630,SINGLE,Light is flickering,The light is flickering at Engineering Building - Lab 4. The light turns off and on repeatedly. Several people may be affected.,INCIDENT,ELECTRICAL,ELECTRICAL,HIGH,MEDIUM,Engineering Building - Lab 4,en,lab_assistant,EASY,False,0,,Electrical power or lighting problem
single_01631,SINGLE,3atel fe smart board,el moshkela fe smart board zahret fe Engineering Building - Room 101.,INCIDENT,ELECTRICAL,AV_CLASSROOM_EQUIPMENT,MEDIUM,MEDIUM,Engineering Building - Room 101,arabizi,admin_staff,MEDIUM,False,0,,Classroom audio visual equipment issue
single_01632,SINGLE,مشكلة في USB port,The problem is with USB port في Computer Science Building - Lab 3. Connected devices are not recognized by the computer. please check.,INCIDENT,IT_HARDWARE_PRINTING,IT_HARDWARE_PRINTING,LOW,LOW,Computer Science Building - Lab 3,mixed,admin_staff,MEDIUM,False,0,,Physical computer or printing equipment issue
single_01633,SINGLE,مشكلة في AC unit,لاحظت إن AC unit فيه مشكلة في Main Entrance. The noise started during the current session.,INCIDENT,HVAC_AC,HVAC_AC,MEDIUM,LOW,Main Entrance,ar_eg,lecturer,MEDIUM,False,0,,Air conditioning or ventilation issue
single_01634,SINGLE,Problem with lift,I noticed that the lift stopped between floors in Library - Second Floor. The elevator requires immediate technical inspection. The issue needs prompt attention.,INCIDENT,BUILDING_STRUCTURE,ELEVATOR,MEDIUM,HIGH,Library - Second Floor,en,lab_assistant,MEDIUM,False,0,,Elevator or lift malfunction
single_01635,SINGLE,Damaged safety sign needs attention,Please check the damaged safety sign at Computer Science Building - Room 203. It needs attention. The safety information is no longer clearly visible. The issue needs prompt attention.,INCIDENT,SAFETY_HAZARD,SAFETY_HAZARD,MEDIUM,HIGH,Computer Science Building - Room 203,en,lecturer,HARD,False,0,,Reported physical safety hazard
single_01636,SINGLE,Issue with student account,The student account does not accept the password at Engineering Building - Lab 2. The password is correct but the login keeps failing.,INCIDENT,IT_HARDWARE_PRINTING,IT_NETWORK_ACCOUNTS,LOW,MEDIUM,Engineering Building - Lab 2,en,dorm_resident,MEDIUM,False,0,,Network or account access problem
single_01637,SINGLE,Door issue,There is a problem with the door at Computer Science Building - Lab 1. The damage was noticed today.,INCIDENT,BUILDING_STRUCTURE,BUILDING_STRUCTURE,MEDIUM,LOW,Computer Science Building - Lab 1,en,security_staff,MEDIUM,False,0,,"Building surface, door, window or structural issue"
single_01638,SINGLE,air conditioner مش شغال,لاحظت إن air conditioner فيه مشكلة في Administration Building - Room 18. The room becomes uncomfortable after some time.,INCIDENT,HVAC_AC,HVAC_AC,MEDIUM,MEDIUM,Administration Building - Room 18,ar_eg,lecturer,EASY,False,0,,Air conditioning or ventilation issue
single_01639,SINGLE,Lecture screen issue,Please check the lecture screen at Lecture Hall B. It is showing a blank screen. The issue affects the classroom display. The issue needs prompt attention.,INCIDENT,AV_CLASSROOM_EQUIPMENT,AV_CLASSROOM_EQUIPMENT,LOW,HIGH,Lecture Hall B,en,student,HARD,False,0,,Classroom audio visual equipment issue
single_01640,SINGLE,mshkela fe power supply,momken 7ad yshoof el power supply fe Science Building - Chemistry Lab?,INCIDENT,ELECTRICAL,ELECTRICAL,MEDIUM,MEDIUM,Science Building - Chemistry Lab,arabizi,lecturer,EASY,False,0,,Electrical power or lighting problem
single_01641,SINGLE,Floor issue,Please check the floor at Dormitory B - Floor 1. It is dirty. The floor needs routine cleaning.,INCIDENT,CLEANING_WASTE,CLEANING_WASTE,LOW,LOW,Dormitory B - Floor 1,en,admin_staff,HARD,False,0,,Cleaning or waste management problem
single_01642,SINGLE,Issue with damaged safety sign,Please check the damaged safety sign at Administration Building - Room 12. It needs attention. The safety information is no longer clearly visible.,INCIDENT,SAFETY_HAZARD,SAFETY_HAZARD,MEDIUM,MEDIUM,Administration Building - Room 12,en,dorm_resident,MEDIUM,False,0,,Reported physical safety hazard
single_01643,SINGLE,Problem with electrical switch,I noticed that the electrical switch is not working in Computer Science Building - Lab 3. The switch does not control the connected light.,INCIDENT,ELECTRICAL,ELECTRICAL,MEDIUM,MEDIUM,Computer Science Building - Lab 3,en,admin_staff,MEDIUM,False,0,,Electrical power or lighting problem
single_01644,SINGLE,Elevator panel is showing an error,There is a problem with the elevator panel at Engineering Building - Lab 4. The elevator controls are not working normally. The issue needs prompt attention. Several people may be affected.,INCIDENT,ELEVATOR,ELEVATOR,HIGH,HIGH,Engineering Building - Lab 4,en,security_staff,HARD,False,0,,Elevator or lift malfunction
single_01645,SINGLE,Lecture screen issue,Please check the lecture screen at Computer Science Building - Room 203. It is showing a blank screen. The issue affects the classroom display. The issue needs prompt attention. Several people may be affected.,INCIDENT,AV_CLASSROOM_EQUIPMENT,AV_CLASSROOM_EQUIPMENT,HIGH,HIGH,Computer Science Building - Room 203,en,lab_assistant,HARD,False,0,,Classroom audio visual equipment issue
single_01646,SINGLE,Power supply keeps turning off,Please check the power supply at Dormitory B - Floor 3. It keeps turning off. The equipment loses power repeatedly. The issue needs prompt attention.,INCIDENT,ELECTRICAL,ELECTRICAL,MEDIUM,HIGH,Dormitory B - Floor 3,en,lecturer,MEDIUM,False,0,,Electrical power or lighting problem
single_01647,SINGLE,مشكلة في thermostat,لاحظت إن thermostat فيه مشكلة في Main Lecture Hall. The temperature cannot be adjusted normally.,INCIDENT,HVAC_AC,HVAC_AC,MEDIUM,MEDIUM,Main Lecture Hall,ar_eg,security_staff,HARD,False,0,,Air conditioning or ventilation issue
single_01648,SINGLE,مشكلة في facility,في مشكلة في facility at Computer Science Building - Lab 3. The exact cause is not clear. please,INCIDENT,OTHER,OTHER,MEDIUM,MEDIUM,Computer Science Building - Lab 3,mixed,dorm_resident,HARD,False,0,,Issue does not fit a specific category
single_01649,SINGLE,مشكلة في the lecture screen,محتاجين حد يشوف the lecture screen في Administration Building - Room 12.,INCIDENT,AV_CLASSROOM_EQUIPMENT,AV_CLASSROOM_EQUIPMENT,MEDIUM,MEDIUM,Administration Building - Room 12,mixed,student,MEDIUM,False,0,,Classroom audio visual equipment issue
single_01650,SINGLE,Issue with chair,There is a problem with the chair at Main Lecture Hall. The chair can still be used with difficulty.,INCIDENT,FURNITURE_FIXTURES,FURNITURE_FIXTURES,MEDIUM,LOW,Main Lecture Hall,en,security_staff,MEDIUM,False,0,,Furniture or fixture maintenance problem
single_01651,SINGLE,Problem with facility,There is a problem with the facility at Administration Building - Room 18. The exact cause is not clear. The issue needs prompt attention. Several people may be affected.,INCIDENT,OTHER,OTHER,HIGH,HIGH,Administration Building - Room 18,en,security_staff,MEDIUM,False,0,,Issue does not fit a specific category
single_01652,SINGLE,مشكلة في equipment area,لاحظت إن equipment area فيه مشكلة في Library - Second Floor. The problem could not be classified more specifically.,INCIDENT,OTHER,OTHER,MEDIUM,MEDIUM,Library - Second Floor,ar_eg,dorm_resident,MEDIUM,False,0,,Issue does not fit a specific category
single_01653,SINGLE,Damaged safety sign needs attention,The damaged safety sign needs attention at Computer Science Building - Lab 3. The safety information is no longer clearly visible. Several people may be affected.,INCIDENT,SAFETY_HAZARD,SAFETY_HAZARD,HIGH,LOW,Computer Science Building - Lab 3,en,lecturer,HARD,False,0,,Reported physical safety hazard
single_01654,SINGLE,Elevator is out of service,The elevator is out of service at Dormitory B - Floor 3. The building has other access routes. The issue needs prompt attention.,INCIDENT,BUILDING_STRUCTURE,ELEVATOR,MEDIUM,HIGH,Dormitory B - Floor 3,en,dorm_resident,MEDIUM,False,0,,Elevator or lift malfunction
single_01655,SINGLE,Problem with elevator panel,I noticed that the elevator panel is showing an error in Library - First Floor The elevator controls are not working normally. The issue needs prompt attention. Several people may be affected.,INCIDENT,ELEVATOR,ELEVATOR,HIGH,HIGH,Library - First Floor,en,security_staff,HARD,False,0,,Elevator or lift malfunction
single_01656,SINGLE,Corridor issue,I noticed that the corridor has not been cleaned in Main Lecture Hall. The corridor needs its regular cleaning service.,INCIDENT,CLEANING_WASTE,CLEANING_WASTE,LOW,LOW,Main Lecture Hall,en,student,EASY,False,0,,Cleaning or waste management problem
single_01657,SINGLE,Problem with floor,There is a problem with the floor at Dormitory A - Floor 1. The floor needs routine cleaning.,INCIDENT,CLEANING_WASTE,CLEANING_WASTE,LOW,LOW,Dormitory A - Floor 1,en,student,EASY,False,0,,Cleaning or waste management problem
single_01658,SINGLE,Problem with floor,The floor is dirty في Main Lecture Hall. The floor needs routine cleaning.,INCIDENT,PLUMBING_WATER,CLEANING_WASTE,LOW,LOW,Main Lecture Hall,mixed,security_staff,EASY,False,0,,Cleaning or waste management problem
single_01659,SINGLE,corridor محتاج تنظيف,corridor محتاج متابعة في Lecture Hall B. The corridor needs its regular cleaning service.,INCIDENT,CLEANING_WASTE,CLEANING_WASTE,LOW,LOW,Lecture Hall B,ar_eg,lecturer,MEDIUM,False,0,,Cleaning or waste management problem
single_01660,SINGLE,Issue with wall socket,I noticed that the wall socket has no power in Main Lecture Hall. Other sockets in the room still have power.,INCIDENT,OTHER,ELECTRICAL,MEDIUM,MEDIUM,Main Lecture Hall,en,security_staff,MEDIUM,False,0,,Electrical power or lighting problem
single_01661,SINGLE,Problem with mouse,I noticed that the mouse stopped responding in Computer Science Building - Lab 1. The pointer does not move normally.,INCIDENT,IT_HARDWARE_PRINTING,IT_HARDWARE_PRINTING,LOW,MEDIUM,Computer Science Building - Lab 1,en,student,MEDIUM,False,0,,Physical computer or printing equipment issue
single_01662,SINGLE,مشكلة في outdoor light,outdoor light محتاج متابعة في Main Entrance. The outdoor area is poorly lit after dark.,INCIDENT,GROUNDS_OUTDOOR,GROUNDS_OUTDOOR,MEDIUM,LOW,Main Entrance,ar_eg,dorm_resident,MEDIUM,False,0,,Outdoor area or grounds maintenance issue
single_01663,SINGLE,مشكلة صيانة غير واضحة,لاحظت إن facility فيه مشكلة في Cafeteria. The exact cause is not clear. لو سمحت.,INCIDENT,OTHER,OTHER,MEDIUM,LOW,Cafeteria,ar_eg,student,HARD,False,0,,Issue does not fit a specific category
single_01664,SINGLE,مشكلة نظافة في common area,في مشكلة في common area في Cafeteria. The odor was noticed recently in the area.,INCIDENT,CLEANING_WASTE,CLEANING_WASTE,LOW,MEDIUM,Cafeteria,ar_eg,student,HARD,False,0,,Cleaning or waste management problem
single_01665,SINGLE,مشكلة نظافة في bathroom,لاحظت إن bathroom فيه مشكلة في Lecture Hall B. Regular cleaning is needed before normal use.,SERVICE_REQUEST,CLEANING_WASTE,CLEANING_WASTE,LOW,MEDIUM,Lecture Hall B,ar_eg,security_staff,MEDIUM,False,0,,Cleaning or waste management problem
single_01666,SINGLE,el login feh moshkela,momken 7ad yshoof el login fe Science Building - Chemistry Lab?,INCIDENT,OTHER,IT_NETWORK_ACCOUNTS,MEDIUM,MEDIUM,Science Building - Chemistry Lab,arabizi,lab_assistant,MEDIUM,False,0,,Network or account access problem
single_01667,SINGLE,Usb port issue,Please check the USB port at Computer Science Building - Room 203. It does not detect the device. Connected devices are not recognized by the computer.,INCIDENT,IT_HARDWARE_PRINTING,IT_HARDWARE_PRINTING,MEDIUM,LOW,Computer Science Building - Room 203,en,security_staff,MEDIUM,False,0,,Physical computer or printing equipment issue
single_01668,SINGLE,مشكلة في network connection,محتاجين حد يشوف the network connection في Engineering Building - Lab 2.,INCIDENT,IT_NETWORK_ACCOUNTS,IT_NETWORK_ACCOUNTS,LOW,MEDIUM,Engineering Building - Lab 2,mixed,security_staff,EASY,False,0,,Network or account access problem
single_01669,SINGLE,Issue with toilet,There is a problem with the toilet at Dormitory A - Floor 2. Water is spreading around the bathroom area. The issue needs prompt attention. Several people may be affected.,INCIDENT,PLUMBING_WATER,PLUMBING_WATER,HIGH,HIGH,Dormitory A - Floor 2,en,student,HARD,False,0,,"Water supply, drainage or plumbing problem"
single_01670,SINGLE,مشكلة محتاجة تدخل في damaged safety sign,لاحظت إن damaged safety sign فيه مشكلة في Science Building - Chemistry Lab. The safety information is no longer clearly visible.,INCIDENT,BUILDING_STRUCTURE,SAFETY_HAZARD,MEDIUM,MEDIUM,Science Building - Chemistry Lab,ar_eg,security_staff,MEDIUM,False,0,,Reported physical safety hazard
single_01671,SINGLE,مشكلة في ceiling panel,محتاجين حد يشوف ceiling panel في Dormitory A - Floor 2. The panel needs to be inspected before it becomes unsafe. الموضوع محتاج متابعة بسرعة. أكتر من شخص ممكن يكون متأثر.,INCIDENT,BUILDING_STRUCTURE,BUILDING_STRUCTURE,HIGH,HIGH,Dormitory A - Floor 2,ar_eg,security_staff,MEDIUM,False,0,,"Building surface, door, window or structural issue"
single_01672,SINGLE,Problem with campus network,في مشكلة في campus network at Engineering Building - Lab 2. Other devices in the same area seem to have the same problem. الموضوع محتاج prompt attention.,INCIDENT,IT_NETWORK_ACCOUNTS,IT_NETWORK_ACCOUNTS,MEDIUM,HIGH,Engineering Building - Lab 2,mixed,lab_assistant,HARD,False,0,,Network or account access problem
single_01673,SINGLE,Window issue,There is a problem with the window at Engineering Building - Room 101. The room is still accessible but the window needs repair.,INCIDENT,BUILDING_STRUCTURE,BUILDING_STRUCTURE,MEDIUM,MEDIUM,Engineering Building - Room 101,en,student,MEDIUM,False,0,,"Building surface, door, window or structural issue"
single_01674,SINGLE,Problem with room,Please check the room at Administration Building - Room 18. It requires inspection. The reporter could not identify the exact problem.,SERVICE_REQUEST,OTHER,OTHER,LOW,LOW,Administration Building - Room 18,en,admin_staff,MEDIUM,False,0,,Issue does not fit a specific category
single_01675,SINGLE,mshkela fe gate,feh moshkela fel gate fe Main Entrance. plz check.,INCIDENT,SAFETY_HAZARD,GROUNDS_OUTDOOR,MEDIUM,LOW,Main Entrance,arabizi,lecturer,HARD,False,0,,Outdoor area or grounds maintenance issue
single_01676,SINGLE,network connection فيه مشكلة,network connection محتاج متابعة في Science Building - Chemistry Lab. The connection becomes slow during normal campus use.,INCIDENT,IT_NETWORK_ACCOUNTS,IT_NETWORK_ACCOUNTS,LOW,LOW,Science Building - Chemistry Lab,ar_eg,student,EASY,False,0,,Network or account access problem
single_01677,SINGLE,Floor needs attention,Please check the floor at Lecture Hall C. It is dirty. The floor needs routine cleaning.,INCIDENT,CLEANING_WASTE,CLEANING_WASTE,MEDIUM,LOW,Lecture Hall C,en,security_staff,EASY,False,0,,Cleaning or waste management problem
single_01678,SINGLE,VPN مش شغال,VPN محتاج متابعة في Engineering Building - Lab 2. The VPN connection fails when access to the university network is required.,INCIDENT,IT_NETWORK_ACCOUNTS,IT_NETWORK_ACCOUNTS,MEDIUM,MEDIUM,Engineering Building - Lab 2,ar_eg,dorm_resident,HARD,False,0,,Network or account access problem
single_01679,SINGLE,Issue with garden area,There is a problem with the garden area at Main Entrance. The area needs routine grounds maintenance.,SERVICE_REQUEST,SAFETY_HAZARD,GROUNDS_OUTDOOR,MEDIUM,MEDIUM,Main Entrance,en,admin_staff,EASY,False,0,,Outdoor area or grounds maintenance issue
single_01680,SINGLE,cabinet محتاج تصليح,في مشكلة في cabinet في Engineering Building - Lab 2. The cabinet door remains partially open.,INCIDENT,FURNITURE_FIXTURES,FURNITURE_FIXTURES,LOW,LOW,Engineering Building - Lab 2,ar_eg,admin_staff,MEDIUM,False,0,,Furniture or fixture maintenance problem
single_01681,SINGLE,مشكلة في air conditioning system,في مشكلة في air conditioning system في Outdoor Courtyard. The room is not cooling normally. الموضوع محتاج متابعة بسرعة.,INCIDENT,PLUMBING_WATER,HVAC_AC,LOW,HIGH,Outdoor Courtyard,ar_eg,lab_assistant,HARD,False,0,,Air conditioning or ventilation issue
single_01682,SINGLE,3atel fe power supply,momken 7ad yshoof el power supply fe Library - First Floor? el mawdoo3 mehtag check بسرعة.,INCIDENT,ELECTRICAL,ELECTRICAL,MEDIUM,HIGH,Library - First Floor,arabizi,student,HARD,False,0,,Electrical power or lighting problem
single_01683,SINGLE,ceiling light مش شغال,محتاجين حد يشوف ceiling light في Dormitory A - Floor 2. The room is less visible because the light is not working.,INCIDENT,ELECTRICAL,ELECTRICAL,MEDIUM,LOW,Dormitory A - Floor 2,ar_eg,lecturer,HARD,False,0,,Electrical power or lighting problem
single_01684,SINGLE,Problem with AC unit,I noticed that the AC unit is making a strange noise in Engineering Building - Lab 2. The noise started during the current session.,INCIDENT,HVAC_AC,HVAC_AC,MEDIUM,LOW,Engineering Building - Lab 2,en,security_staff,HARD,False,0,,Air conditioning or ventilation issue
single_01685,SINGLE,3atel fe USB port,el USB port does not detect the device fe Library - First Floor. Connected devices are not recognized by the computer.,INCIDENT,IT_HARDWARE_PRINTING,IT_HARDWARE_PRINTING,MEDIUM,LOW,Library - First Floor,arabizi,lecturer,EASY,False,0,,Physical computer or printing equipment issue
single_01686,SINGLE,Common area issue,I noticed that the common area has a strong odor in Cafeteria. The odor was noticed recently in the area.,INCIDENT,CLEANING_WASTE,CLEANING_WASTE,MEDIUM,MEDIUM,Cafeteria,en,lecturer,MEDIUM,False,0,,Cleaning or waste management problem
single_01687,SINGLE,Air conditioner issue,The air conditioner is not cooling at Dormitory B - Floor 3. The room becomes uncomfortable after some time.,INCIDENT,HVAC_AC,HVAC_AC,LOW,MEDIUM,Dormitory B - Floor 3,en,admin_staff,HARD,False,0,,Air conditioning or ventilation issue
single_01688,SINGLE,Problem with broken railing,There is a problem with the broken railing at Library - Second Floor. The damaged railing is located on a frequently used path. The issue needs prompt attention. Several people may be affected.,INCIDENT,SAFETY_HAZARD,SAFETY_HAZARD,HIGH,HIGH,Library - Second Floor,en,lab_assistant,HARD,False,0,,Reported physical safety hazard
single_01689,SINGLE,Water pipe issue,Please check the water pipe at Computer Science Building - Room 203. It is leaking. The leak becomes worse when the water is used.,INCIDENT,CLEANING_WASTE,PLUMBING_WATER,MEDIUM,MEDIUM,Computer Science Building - Room 203,en,admin_staff,MEDIUM,False,0,,"Water supply, drainage or plumbing problem"
single_01690,SINGLE,مشكلة في water pipe,محتاجين حد يشوف the water pipe في Dormitory A - Floor 1. الموضوع محتاج prompt attention. أكتر من شخص ممكن يكون affected. please,INCIDENT,PLUMBING_WATER,PLUMBING_WATER,HIGH,HIGH,Dormitory A - Floor 1,mixed,lab_assistant,HARD,False,0,,"Water supply, drainage or plumbing problem"
single_01691,SINGLE,Issue with room,I noticed that the room requires inspection in Computer Science Building - Lab 3. The reporter could not identify the exact problem.,SERVICE_REQUEST,OTHER,OTHER,MEDIUM,MEDIUM,Computer Science Building - Lab 3,en,security_staff,MEDIUM,False,0,,Issue does not fit a specific category
single_01692,SINGLE,Corridor issue,The corridor has not been cleaned at Lecture Hall C. The corridor needs its regular cleaning service.,INCIDENT,CLEANING_WASTE,CLEANING_WASTE,LOW,LOW,Lecture Hall C,en,student,EASY,False,0,,Cleaning or waste management problem
single_01693,SINGLE,Mouse needs attention,The mouse stopped responding at Science Building - Chemistry Lab The pointer does not move normally.,INCIDENT,IT_HARDWARE_PRINTING,IT_HARDWARE_PRINTING,LOW,LOW,Science Building - Chemistry Lab,en,lecturer,EASY,False,0,,Physical computer or printing equipment issue
single_01694,SINGLE,مشكلة في the elevator door,محتاجين حد يشوف the elevator door في Library - First Floor. الموضوع محتاج prompt attention. أكتر من شخص ممكن يكون affected.,INCIDENT,ELEVATOR,ELEVATOR,HIGH,HIGH,Library - First Floor,mixed,admin_staff,MEDIUM,False,0,,Elevator or lift malfunction
single_01695,SINGLE,classroom speakers فيه مشكلة,classroom speakers محتاج متابعة في Computer Science Building - Room 203. The problem affects audio during the class. الموضوع محتاج متابعة بسرعة. أكتر من شخص ممكن يكون متأثر.,INCIDENT,AV_CLASSROOM_EQUIPMENT,AV_CLASSROOM_EQUIPMENT,HIGH,HIGH,Computer Science Building - Room 203,ar_eg,admin_staff,HARD,False,0,,Classroom audio visual equipment issue
single_01696,SINGLE,Table needs attention,There is a problem with the table at Engineering Building - Room 101. The table does not remain steady during use.,INCIDENT,FURNITURE_FIXTURES,FURNITURE_FIXTURES,MEDIUM,LOW,Engineering Building - Room 101,en,security_staff,EASY,False,0,,Furniture or fixture maintenance problem
single_01697,SINGLE,Elevator needs attention,Please check the elevator at Computer Science Building - Lab 3. It is out of service. The building has other access routes.,INCIDENT,ELEVATOR,ELEVATOR,MEDIUM,MEDIUM,Computer Science Building - Lab 3,en,admin_staff,HARD,False,0,,Elevator or lift malfunction
single_01698,SINGLE,el faucet mehtag check,momken 7ad yshoof el faucet fe Dormitory A - Floor 1?,INCIDENT,PLUMBING_WATER,PLUMBING_WATER,LOW,LOW,Dormitory A - Floor 1,arabizi,dorm_resident,EASY,False,0,,"Water supply, drainage or plumbing problem"
single_01699,SINGLE,mshkela fe bathroom,feh moshkela fel bathroom fe Cafeteria.,SERVICE_REQUEST,CLEANING_WASTE,CLEANING_WASTE,LOW,LOW,Cafeteria,arabizi,admin_staff,MEDIUM,False,0,,Cleaning or waste management problem
single_01700,SINGLE,Usb port needs attention,I noticed that the USB port does not detect the device in Engineering Building - Lab 4. Connected devices are not recognized by the computer.,INCIDENT,IT_HARDWARE_PRINTING,IT_HARDWARE_PRINTING,LOW,LOW,Engineering Building - Lab 4,en,dorm_resident,EASY,False,0,,Physical computer or printing equipment issue
single_01701,SINGLE,The window has an issue,في مشكلة في window at Dormitory A - Floor 1. The room is still accessible but the window needs repair. الموضوع محتاج prompt attention. أكتر من شخص ممكن يكون affected.,INCIDENT,SAFETY_HAZARD,BUILDING_STRUCTURE,HIGH,HIGH,Dormitory A - Floor 1,mixed,security_staff,MEDIUM,False,0,,"Building surface, door, window or structural issue"
single_01702,SINGLE,The equipment area has an issue,محتاجين حد يشوف the equipment area في Cafeteria. الموضوع محتاج prompt attention.,SERVICE_REQUEST,OTHER,OTHER,LOW,HIGH,Cafeteria,mixed,lecturer,HARD,False,0,,Issue does not fit a specific category
single_01703,SINGLE,Problem with keyboard,The keyboard is not working في Engineering Building - Lab 4. Several keys do not respond when pressed.,INCIDENT,OTHER,IT_HARDWARE_PRINTING,LOW,LOW,Engineering Building - Lab 4,mixed,security_staff,MEDIUM,False,0,,Physical computer or printing equipment issue
single_01704,SINGLE,عطل في الأسانسير,لاحظت إن lift فيه مشكلة في Dormitory B - Floor 1. The elevator requires immediate technical inspection. الموضوع محتاج متابعة بسرعة.,INCIDENT,ELEVATOR,ELEVATOR,MEDIUM,HIGH,Dormitory B - Floor 1,ar_eg,student,HARD,False,0,,Elevator or lift malfunction
single_01705,SINGLE,mshkela fe door handle,el moshkela fe door handle zahret fe Engineering Building - Lab 4.,INCIDENT,FURNITURE_FIXTURES,FURNITURE_FIXTURES,MEDIUM,LOW,Engineering Building - Lab 4,arabizi,admin_staff,MEDIUM,False,0,,Furniture or fixture maintenance problem
single_01706,SINGLE,مشكلة في network connection,The network connection is very slow في Engineering Building - Lab 2. The connection becomes slow during normal campus use. please check.,INCIDENT,IT_NETWORK_ACCOUNTS,IT_NETWORK_ACCOUNTS,LOW,MEDIUM,Engineering Building - Lab 2,mixed,lab_assistant,EASY,False,0,,Network or account access problem
single_01707,SINGLE,Issue with floor,The floor is dirty at Dormitory A - Floor 1. The floor needs routine cleaning.,INCIDENT,CLEANING_WASTE,CLEANING_WASTE,LOW,LOW,Dormitory A - Floor 1,en,dorm_resident,MEDIUM,False,0,,Cleaning or waste management problem
single_01708,SINGLE,gate محتاج صيانة,محتاجين حد يشوف gate في Main Entrance. The gate cannot be operated normally.,INCIDENT,GROUNDS_OUTDOOR,GROUNDS_OUTDOOR,MEDIUM,LOW,Main Entrance,ar_eg,dorm_resident,HARD,False,0,,Outdoor area or grounds maintenance issue
single_01709,SINGLE,Issue with door,The door is damaged at Administration Building - Room 18. The damage was noticed today.,INCIDENT,BUILDING_STRUCTURE,BUILDING_STRUCTURE,LOW,LOW,Administration Building - Room 18,en,security_staff,HARD,False,0,,"Building surface, door, window or structural issue"
single_01710,SINGLE,مشكلة في thermostat,محتاجين حد يشوف thermostat في Science Building - Physics Lab. The temperature cannot be adjusted normally.,INCIDENT,HVAC_AC,HVAC_AC,MEDIUM,MEDIUM,Science Building - Physics Lab,ar_eg,admin_staff,MEDIUM,False,0,,Air conditioning or ventilation issue
single_01711,SINGLE,مشكلة في the equipment area,محتاجين حد يشوف the equipment area في Science Building - Physics Lab. أكتر من شخص ممكن يكون affected.,SERVICE_REQUEST,OTHER,OTHER,HIGH,MEDIUM,Science Building - Physics Lab,mixed,dorm_resident,HARD,False,0,,Issue does not fit a specific category
single_01712,SINGLE,مشكلة في ceiling,لاحظت إن ceiling فيه مشكلة في Lecture Hall C. The damage is limited to one area.,INCIDENT,BUILDING_STRUCTURE,BUILDING_STRUCTURE,MEDIUM,LOW,Lecture Hall C,ar_eg,student,MEDIUM,False,0,,"Building surface, door, window or structural issue"
single_01713,SINGLE,Light is flickering,There is a problem with the light at Dormitory B - Floor 3. The light turns off and on repeatedly.,INCIDENT,ELECTRICAL,ELECTRICAL,MEDIUM,LOW,Dormitory B - Floor 3,en,security_staff,MEDIUM,False,0,,Electrical power or lighting problem
single_01714,SINGLE,Sink needs attention,Please check the sink at Parking Area. It is leaking. Water is collecting on the floor. The issue needs prompt attention. Several people may be affected.,INCIDENT,PLUMBING_WATER,PLUMBING_WATER,HIGH,HIGH,Parking Area,en,student,MEDIUM,False,0,,"Water supply, drainage or plumbing problem"
single_01715,SINGLE,AC unit فيه مشكلة,في مشكلة في AC unit في Library - Second Floor. The noise started during the current session. لو سمحت.,INCIDENT,HVAC_AC,HVAC_AC,MEDIUM,LOW,Library - Second Floor,ar_eg,dorm_resident,MEDIUM,False,0,,Air conditioning or ventilation issue
single_01716,SINGLE,مشكلة سلامة في exposed wire,محتاجين حد يشوف exposed wire في Library - First Floor. The exposed wire is accessible in the area. أكتر من شخص ممكن يكون متأثر.,INCIDENT,SAFETY_HAZARD,SAFETY_HAZARD,HIGH,LOW,Library - First Floor,ar_eg,student,HARD,False,0,,Reported physical safety hazard
single_01717,SINGLE,Exposed wire creates a safety concern,Please check the exposed wire at Main Lecture Hall. It creates a safety concern. The exposed wire is accessible in the area. The issue needs prompt attention. Several people may be affected.,INCIDENT,OTHER,SAFETY_HAZARD,HIGH,HIGH,Main Lecture Hall,en,security_staff,MEDIUM,False,0,,Reported physical safety hazard
single_01718,SINGLE,water supply فيه مشكلة,water supply محتاج متابعة في Engineering Building - Room 101. The bathroom cannot be used normally.,INCIDENT,PLUMBING_WATER,PLUMBING_WATER,LOW,MEDIUM,Engineering Building - Room 101,ar_eg,dorm_resident,MEDIUM,False,0,,"Water supply, drainage or plumbing problem"
single_01719,SINGLE,مشكلة في the AC unit,The AC unit is leaking water في Dormitory A - Floor 2. Water is appearing below the unit. أكتر من شخص ممكن يكون affected.,INCIDENT,HVAC_AC,HVAC_AC,HIGH,MEDIUM,Dormitory A - Floor 2,mixed,admin_staff,MEDIUM,False,0,,Air conditioning or ventilation issue
single_01720,SINGLE,Wall socket has no power,I noticed that the wall socket has no power in Computer Science Building - Room 203. Other sockets in the room still have power.,INCIDENT,SAFETY_HAZARD,ELECTRICAL,LOW,LOW,Computer Science Building - Room 203,en,student,MEDIUM,False,0,,Electrical power or lighting problem
single_01721,SINGLE,electrical switch مش شغال,لاحظت إن electrical switch فيه مشكلة في Dormitory A - Floor 2. The switch does not control the connected light.,INCIDENT,ELECTRICAL,ELECTRICAL,LOW,MEDIUM,Dormitory A - Floor 2,ar_eg,lecturer,MEDIUM,False,0,,Electrical power or lighting problem
single_01722,SINGLE,The toilet has an issue,في مشكلة في toilet at Parking Area. Water is spreading around the bathroom area. الموضوع محتاج prompt attention. أكتر من شخص ممكن يكون affected.,INCIDENT,PLUMBING_WATER,PLUMBING_WATER,HIGH,HIGH,Parking Area,mixed,lecturer,HARD,False,0,,"Water supply, drainage or plumbing problem"
single_01723,SINGLE,The exposed wire has an issue,The exposed wire creates a safety concern في Lecture Hall B. The exposed wire is accessible in the area. الموضوع محتاج prompt attention. أكتر من شخص ممكن يكون affected. There is a safety خطر محتاج review بسرعة.,INCIDENT,SAFETY_HAZARD,SAFETY_HAZARD,HIGH,HIGH,Lecture Hall B,mixed,lecturer,HARD,True,0,,Reported physical safety hazard
single_01724,SINGLE,Problem with projector,The problem is with projector في Administration Building - Room 12. The instructor needs the equipment for the current class. الموضوع محتاج prompt attention.,INCIDENT,AV_CLASSROOM_EQUIPMENT,AV_CLASSROOM_EQUIPMENT,MEDIUM,HIGH,Administration Building - Room 12,mixed,dorm_resident,HARD,False,0,,Classroom audio visual equipment issue
single_01725,SINGLE,Usb port issue,I noticed that the USB port does not detect the device in Engineering Building - Lab 4. Connected devices are not recognized by the computer.,INCIDENT,IT_HARDWARE_PRINTING,IT_HARDWARE_PRINTING,LOW,LOW,Engineering Building - Lab 4,en,admin_staff,EASY,False,0,,Physical computer or printing equipment issue
single_01726,SINGLE,Issue with damaged safety sign,The damaged safety sign needs attention at Cafeteria. The safety information is no longer clearly visible.,INCIDENT,SAFETY_HAZARD,SAFETY_HAZARD,MEDIUM,MEDIUM,Cafeteria,en,student,EASY,False,0,,Reported physical safety hazard
single_01727,SINGLE,مشكلة في garden area,garden area محتاج متابعة في Parking Area. The area needs routine grounds maintenance.,SERVICE_REQUEST,GROUNDS_OUTDOOR,GROUNDS_OUTDOOR,LOW,LOW,Parking Area,ar_eg,security_staff,MEDIUM,False,0,,Outdoor area or grounds maintenance issue
single_01728,SINGLE,Service area needs maintenance,The service area needs maintenance at Cafeteria. A technician may need to inspect the area. Several people may be affected.,SERVICE_REQUEST,OTHER,OTHER,HIGH,MEDIUM,Cafeteria,en,dorm_resident,MEDIUM,False,0,,Issue does not fit a specific category
single_01729,SINGLE,Problem with elevator,Please check the elevator at Dormitory A - Floor 1. It is out of service. The building has other access routes. The issue needs prompt attention. Several people may be affected.,INCIDENT,ELEVATOR,ELEVATOR,HIGH,HIGH,Dormitory A - Floor 1,en,student,HARD,False,0,,Elevator or lift malfunction
single_01730,SINGLE,Problem with slippery floor,The slippery floor creates a safety concern at Outdoor Courtyard. People are still using the area. The issue needs prompt attention.,INCIDENT,SAFETY_HAZARD,SAFETY_HAZARD,MEDIUM,HIGH,Outdoor Courtyard,en,admin_staff,MEDIUM,False,0,,Reported physical safety hazard
single_01731,SINGLE,Problem with electrical switch,I noticed that the electrical switch is not working in Administration Building - Room 18. The switch does not control the connected light. The issue needs prompt attention.,INCIDENT,ELECTRICAL,ELECTRICAL,MEDIUM,HIGH,Administration Building - Room 18,en,lab_assistant,MEDIUM,False,0,,Electrical power or lighting problem
single_01732,SINGLE,مشكلة في facility,لاحظت إن facility فيه مشكلة في Science Building - Chemistry Lab. The exact cause is not clear. أكتر من شخص ممكن يكون متأثر.,INCIDENT,OTHER,OTHER,HIGH,MEDIUM,Science Building - Chemistry Lab,ar_eg,student,MEDIUM,False,0,,Issue does not fit a specific category
single_01733,SINGLE,Problem with scanner,The scanner does not detect the device at Engineering Building - Lab 4. The scanner cannot be used from the connected computer. Please check.,INCIDENT,IT_HARDWARE_PRINTING,IT_HARDWARE_PRINTING,MEDIUM,MEDIUM,Engineering Building - Lab 4,en,lab_assistant,MEDIUM,False,0,,Physical computer or printing equipment issue
single_01734,SINGLE,Water supply has no water,Please check the water supply at Administration Building - Room 18. It has no water. The bathroom cannot be used normally.,INCIDENT,PLUMBING_WATER,PLUMBING_WATER,MEDIUM,MEDIUM,Administration Building - Room 18,en,student,HARD,False,0,,"Water supply, drainage or plumbing problem"
single_01735,SINGLE,Problem with wall,I noticed that the wall is cracked in Science Building - Physics Lab. The crack has become more noticeable.,INCIDENT,BUILDING_STRUCTURE,BUILDING_STRUCTURE,MEDIUM,LOW,Science Building - Physics Lab,en,lecturer,MEDIUM,False,0,,"Building surface, door, window or structural issue"
single_01736,SINGLE,مشكلة في printer,محتاجين حد يشوف printer في Computer Science Building - Lab 3. The printer worked normally earlier today. الموضوع محتاج متابعة بسرعة. أكتر من شخص ممكن يكون متأثر.,INCIDENT,IT_HARDWARE_PRINTING,IT_HARDWARE_PRINTING,HIGH,HIGH,Computer Science Building - Lab 3,ar_eg,security_staff,MEDIUM,False,0,,Physical computer or printing equipment issue
single_01737,SINGLE,The window has an issue,The window does not close properly في Science Building - Chemistry Lab. The room is still accessible but the window needs repair.,INCIDENT,BUILDING_STRUCTURE,BUILDING_STRUCTURE,LOW,MEDIUM,Science Building - Chemistry Lab,mixed,student,MEDIUM,False,0,,"Building surface, door, window or structural issue"
single_01738,SINGLE,Projector issue,There is a problem with the projector at Administration Building - Room 12. Changing the input source did not help. The issue needs prompt attention.,INCIDENT,IT_HARDWARE_PRINTING,AV_CLASSROOM_EQUIPMENT,MEDIUM,HIGH,Administration Building - Room 12,en,admin_staff,HARD,False,0,,Classroom audio visual equipment issue
single_01739,SINGLE,مشكلة في AC unit,لاحظت إن AC unit فيه مشكلة في Computer Science Building - Room 203. Water is appearing below the unit. الموضوع محتاج متابعة بسرعة. أكتر من شخص ممكن يكون متأثر.,INCIDENT,HVAC_AC,HVAC_AC,HIGH,HIGH,Computer Science Building - Room 203,ar_eg,student,HARD,False,0,,Air conditioning or ventilation issue
single_01740,SINGLE,مشكلة في the common area,في مشكلة في common area at Dormitory A - Floor 2. The odor was noticed recently in the area.,INCIDENT,CLEANING_WASTE,CLEANING_WASTE,MEDIUM,MEDIUM,Dormitory A - Floor 2,mixed,security_staff,MEDIUM,False,0,,Cleaning or waste management problem
single_01741,SINGLE,el chair mehtag check,feh moshkela fel chair fe Library - First Floor.,INCIDENT,FURNITURE_FIXTURES,FURNITURE_FIXTURES,LOW,MEDIUM,Library - First Floor,arabizi,lab_assistant,HARD,False,0,,Furniture or fixture maintenance problem
single_01742,SINGLE,عطل في USB port,لاحظت إن USB port فيه مشكلة في Engineering Building - Lab 4. Connected devices are not recognized by the computer.,INCIDENT,IT_HARDWARE_PRINTING,IT_HARDWARE_PRINTING,LOW,LOW,Engineering Building - Lab 4,ar_eg,lecturer,EASY,False,0,,Physical computer or printing equipment issue
single_01743,SINGLE,عطل في garden area,في مشكلة في garden area في Outdoor Courtyard. The area needs routine grounds maintenance.,SERVICE_REQUEST,GROUNDS_OUTDOOR,GROUNDS_OUTDOOR,LOW,LOW,Outdoor Courtyard,ar_eg,admin_staff,MEDIUM,False,0,,Outdoor area or grounds maintenance issue
single_01744,SINGLE,Issue with scanner,I noticed that the scanner does not detect the device in Engineering Building - Lab 2. The scanner cannot be used from the connected computer.,INCIDENT,IT_NETWORK_ACCOUNTS,IT_HARDWARE_PRINTING,MEDIUM,MEDIUM,Engineering Building - Lab 2,en,lecturer,HARD,False,0,,Physical computer or printing equipment issue
single_01745,SINGLE,el air conditioner mehtag check,el air conditioner is not cooling fe Engineering Building - Lab 2. The room becomes uncomfortable after some time.,INCIDENT,HVAC_AC,HVAC_AC,LOW,MEDIUM,Engineering Building - Lab 2,arabizi,student,HARD,False,0,,Air conditioning or ventilation issue
single_01746,SINGLE,مشكلة في parking area,في مشكلة في parking area في Main Entrance. The issue affects one outdoor location.,SERVICE_REQUEST,GROUNDS_OUTDOOR,GROUNDS_OUTDOOR,LOW,LOW,Main Entrance,ar_eg,security_staff,HARD,False,0,,Outdoor area or grounds maintenance issue
single_01747,SINGLE,مشكلة في chair,في مشكلة في chair at Lecture Hall C. The chair can still be used with difficulty. please,INCIDENT,FURNITURE_FIXTURES,FURNITURE_FIXTURES,LOW,LOW,Lecture Hall C,mixed,student,EASY,False,0,,Furniture or fixture maintenance problem
single_01748,SINGLE,Window does not close properly,Please check the window at Outdoor Courtyard. It does not close properly. The room is still accessible but the window needs repair. Please check.,INCIDENT,BUILDING_STRUCTURE,BUILDING_STRUCTURE,MEDIUM,MEDIUM,Outdoor Courtyard,en,security_staff,MEDIUM,False,0,,"Building surface, door, window or structural issue"
single_01749,SINGLE,service area محتاج فحص,في مشكلة في service area في Dormitory A - Floor 2. A technician may need to inspect the area. لو سمحت.,SERVICE_REQUEST,CLEANING_WASTE,OTHER,MEDIUM,LOW,Dormitory A - Floor 2,ar_eg,student,MEDIUM,False,0,,Issue does not fit a specific category
single_01750,SINGLE,مشكلة في lift,محتاجين حد يشوف the lift في Dormitory A - Floor 2. أكتر من شخص ممكن يكون affected. please,INCIDENT,ELEVATOR,ELEVATOR,HIGH,MEDIUM,Dormitory A - Floor 2,mixed,lecturer,HARD,False,0,,Elevator or lift malfunction
single_01751,SINGLE,desktop computer مش شغال,محتاجين حد يشوف desktop computer في Science Building - Chemistry Lab. The computer restarts while it is being used.,INCIDENT,IT_HARDWARE_PRINTING,IT_HARDWARE_PRINTING,MEDIUM,MEDIUM,Science Building - Chemistry Lab,ar_eg,security_staff,MEDIUM,False,0,,Physical computer or printing equipment issue
single_01752,SINGLE,Student account issue,Please check the student account at Science Building - Chemistry Lab. It does not accept the password. The password is correct but the login keeps failing.,INCIDENT,IT_NETWORK_ACCOUNTS,IT_NETWORK_ACCOUNTS,LOW,MEDIUM,Science Building - Chemistry Lab,en,student,HARD,False,0,,Network or account access problem
single_01753,SINGLE,Floor tile is damaged,The floor tile is damaged at Parking Area. The damaged tile is located in a frequently used area. Please check.,INCIDENT,BUILDING_STRUCTURE,BUILDING_STRUCTURE,MEDIUM,MEDIUM,Parking Area,en,security_staff,MEDIUM,False,0,,"Building surface, door, window or structural issue"
single_01754,SINGLE,Smart board needs attention,I noticed that the smart board is not responding in Administration Building - Room 18. The board does not respond when the instructor interacts with it.,INCIDENT,AV_CLASSROOM_EQUIPMENT,AV_CLASSROOM_EQUIPMENT,MEDIUM,LOW,Administration Building - Room 18,en,dorm_resident,MEDIUM,False,0,,Classroom audio visual equipment issue
single_01755,SINGLE,Smoke issue,The smoke creates a safety concern at Computer Science Building - Lab 1. The source of the smoke is not clear. Several people may be affected. There is a safety concern that should be checked promptly.,INCIDENT,SAFETY_HAZARD,SAFETY_HAZARD,HIGH,HIGH,Computer Science Building - Lab 1,en,student,EASY,True,0,,Reported physical safety hazard
single_01756,SINGLE,Problem with garden area,I noticed that the garden area needs maintenance in Outdoor Courtyard. The area needs routine grounds maintenance.,SERVICE_REQUEST,GROUNDS_OUTDOOR,GROUNDS_OUTDOOR,LOW,LOW,Outdoor Courtyard,en,admin_staff,EASY,False,0,,Outdoor area or grounds maintenance issue
single_01757,SINGLE,Issue with ceiling,The ceiling is damaged at Computer Science Building - Lab 1. The damage is limited to one area. Several people may be affected.,INCIDENT,BUILDING_STRUCTURE,BUILDING_STRUCTURE,HIGH,MEDIUM,Computer Science Building - Lab 1,en,security_staff,MEDIUM,False,0,,"Building surface, door, window or structural issue"
single_01758,SINGLE,مشكلة في service area,لاحظت إن service area فيه مشكلة في Lecture Hall C. A technician may need to inspect the area. الموضوع محتاج متابعة بسرعة.,SERVICE_REQUEST,OTHER,OTHER,MEDIUM,HIGH,Lecture Hall C,ar_eg,dorm_resident,HARD,False,0,,Issue does not fit a specific category
single_01759,SINGLE,Problem with sink,I noticed that the sink is leaking in Dormitory A - Floor 1. Water is collecting on the floor. The issue needs prompt attention. Several people may be affected.,INCIDENT,PLUMBING_WATER,PLUMBING_WATER,HIGH,HIGH,Dormitory A - Floor 1,en,lecturer,HARD,False,0,,"Water supply, drainage or plumbing problem"
single_01760,SINGLE,smart board فيه مشكلة,في مشكلة في smart board في Engineering Building - Room 101. The board does not respond when the instructor interacts with it.,INCIDENT,AV_CLASSROOM_EQUIPMENT,AV_CLASSROOM_EQUIPMENT,MEDIUM,MEDIUM,Engineering Building - Room 101,ar_eg,lecturer,MEDIUM,False,0,,Classroom audio visual equipment issue
single_01761,SINGLE,Table is unstable,There is a problem with the table at Outdoor Courtyard. The table does not remain steady during use.,INCIDENT,FURNITURE_FIXTURES,FURNITURE_FIXTURES,MEDIUM,LOW,Outdoor Courtyard,en,dorm_resident,MEDIUM,False,0,,Furniture or fixture maintenance problem
single_01762,SINGLE,mshkela fe classroom speakers,momken 7ad yshoof el classroom speakers fe Lecture Hall B?,INCIDENT,AV_CLASSROOM_EQUIPMENT,AV_CLASSROOM_EQUIPMENT,LOW,MEDIUM,Lecture Hall B,arabizi,admin_staff,MEDIUM,False,0,,Classroom audio visual equipment issue
single_01763,SINGLE,Problem with vent,There is a problem with the vent at Library - Second Floor. Airflow from the vent is not normal.,INCIDENT,HVAC_AC,HVAC_AC,LOW,LOW,Library - Second Floor,en,dorm_resident,EASY,False,0,,Air conditioning or ventilation issue
single_01764,SINGLE,Issue with cabinet,I noticed that the cabinet does not close properly in Outdoor Courtyard. The cabinet door remains partially open.,INCIDENT,FURNITURE_FIXTURES,FURNITURE_FIXTURES,LOW,MEDIUM,Outdoor Courtyard,en,admin_staff,MEDIUM,False,0,,Furniture or fixture maintenance problem
single_01765,SINGLE,مشكلة في login,login محتاج متابعة في Science Building - Physics Lab. The system repeatedly asks the user to sign in.,INCIDENT,OTHER,IT_NETWORK_ACCOUNTS,MEDIUM,LOW,Science Building - Physics Lab,ar_eg,admin_staff,EASY,False,0,,Network or account access problem
single_01766,SINGLE,Problem with cabinet,في مشكلة في cabinet at Library - Second Floor. The cabinet door remains partially open.,INCIDENT,BUILDING_STRUCTURE,FURNITURE_FIXTURES,LOW,LOW,Library - Second Floor,mixed,security_staff,EASY,False,0,,Furniture or fixture maintenance problem
single_01767,SINGLE,Problem with Wi-Fi,There is a problem with the Wi-Fi at Library - First Floor. The connection drops after a few minutes.,INCIDENT,IT_HARDWARE_PRINTING,IT_NETWORK_ACCOUNTS,LOW,MEDIUM,Library - First Floor,en,security_staff,EASY,False,0,,Network or account access problem
single_01768,SINGLE,Facility has an unusual issue,There is a problem with the facility at Dormitory A - Floor 2. The exact cause is not clear.,INCIDENT,OTHER,OTHER,MEDIUM,MEDIUM,Dormitory A - Floor 2,en,lab_assistant,HARD,False,0,,Issue does not fit a specific category
single_01769,SINGLE,مشكلة في the door handle,The problem is with door handle في Library - First Floor. The handle moves when the door is opened.,INCIDENT,FURNITURE_FIXTURES,FURNITURE_FIXTURES,MEDIUM,MEDIUM,Library - First Floor,mixed,admin_staff,MEDIUM,False,0,,Furniture or fixture maintenance problem
single_01770,SINGLE,مشكلة في the exposed wire,في مشكلة في exposed wire at Outdoor Courtyard. The exposed wire is accessible in the area. أكتر من شخص ممكن يكون affected. please check.,INCIDENT,SAFETY_HAZARD,SAFETY_HAZARD,HIGH,MEDIUM,Outdoor Courtyard,mixed,lab_assistant,HARD,False,0,,Reported physical safety hazard
single_01771,SINGLE,Broken railing is damaged,There is a problem with the broken railing at Dormitory A - Floor 1. The damaged railing is located on a frequently used path. Several people may be affected.,INCIDENT,SAFETY_HAZARD,SAFETY_HAZARD,HIGH,MEDIUM,Dormitory A - Floor 1,en,admin_staff,MEDIUM,False,0,,Reported physical safety hazard
single_01772,SINGLE,cabinet محتاج تصليح,في مشكلة في cabinet في Lecture Hall B. The cabinet door remains partially open.,INCIDENT,BUILDING_STRUCTURE,FURNITURE_FIXTURES,LOW,LOW,Lecture Hall B,ar_eg,student,EASY,False,0,,Furniture or fixture maintenance problem
single_01773,SINGLE,Issue with vent,The vent is not working at Computer Science Building - Lab 3. Airflow from the vent is not normal.,INCIDENT,HVAC_AC,HVAC_AC,LOW,MEDIUM,Computer Science Building - Lab 3,en,dorm_resident,MEDIUM,False,0,,Air conditioning or ventilation issue
single_01774,SINGLE,el parking area mehtag check,feh moshkela fel parking area fe Main Entrance. aktar men 7ad momken ykoon mota2asser.,SERVICE_REQUEST,GROUNDS_OUTDOOR,GROUNDS_OUTDOOR,HIGH,LOW,Main Entrance,arabizi,lab_assistant,MEDIUM,False,0,,Outdoor area or grounds maintenance issue
single_01775,SINGLE,Power supply issue,The power supply keeps turning off at Dormitory B - Floor 1. The equipment loses power repeatedly. The issue needs prompt attention. Several people may be affected.,INCIDENT,BUILDING_STRUCTURE,ELECTRICAL,HIGH,HIGH,Dormitory B - Floor 1,en,security_staff,MEDIUM,False,0,,Electrical power or lighting problem
single_01776,SINGLE,Wall socket needs attention,Please check the wall socket at Administration Building - Room 18. It has no power. Other sockets in the room still have power. Please check.,INCIDENT,ELECTRICAL,ELECTRICAL,LOW,MEDIUM,Administration Building - Room 18,en,dorm_resident,MEDIUM,False,0,,Electrical power or lighting problem
single_01777,SINGLE,Outdoor bench is damaged,There is a problem with the outdoor bench at Parking Area The bench needs maintenance before regular use.,INCIDENT,GROUNDS_OUTDOOR,GROUNDS_OUTDOOR,LOW,LOW,Parking Area,en,lecturer,EASY,False,0,,Outdoor area or grounds maintenance issue
single_01778,SINGLE,Obstruction issue,I noticed that the obstruction is blocking part of the area in Engineering Building - Room 101. The obstruction reduces the usable path. The issue needs prompt attention. Several people may be affected.,INCIDENT,SAFETY_HAZARD,SAFETY_HAZARD,HIGH,HIGH,Engineering Building - Room 101,en,admin_staff,MEDIUM,False,0,,Reported physical safety hazard
single_01779,SINGLE,مشكلة في projector,projector محتاج متابعة في Administration Building - Room 12. Changing the input source did not help. الموضوع محتاج متابعة بسرعة. أكتر من شخص ممكن يكون متأثر. ضروري شوية,INCIDENT,AV_CLASSROOM_EQUIPMENT,AV_CLASSROOM_EQUIPMENT,HIGH,HIGH,Administration Building - Room 12,ar_eg,security_staff,MEDIUM,False,0,,Classroom audio visual equipment issue
single_01780,SINGLE,عطل في door,لاحظت إن door فيه مشكلة في Computer Science Building - Room 203. The damage was noticed today. ضروري شوية,INCIDENT,BUILDING_STRUCTURE,BUILDING_STRUCTURE,MEDIUM,MEDIUM,Computer Science Building - Room 203,ar_eg,lab_assistant,MEDIUM,False,0,,"Building surface, door, window or structural issue"
single_01781,SINGLE,electrical switch مش شغال,في مشكلة في electrical switch في Administration Building - Room 18. The switch does not control the connected light.,INCIDENT,ELECTRICAL,ELECTRICAL,MEDIUM,MEDIUM,Administration Building - Room 18,ar_eg,lab_assistant,MEDIUM,False,0,,Electrical power or lighting problem
single_01782,SINGLE,chair فيه مشكلة,محتاجين حد يشوف chair في Dormitory A - Floor 2. The chair can still be used with difficulty. الموضوع محتاج متابعة بسرعة.,INCIDENT,FURNITURE_FIXTURES,FURNITURE_FIXTURES,LOW,HIGH,Dormitory A - Floor 2,ar_eg,admin_staff,HARD,False,0,,Furniture or fixture maintenance problem
single_01783,SINGLE,Issue with corridor,I noticed that the corridor has not been cleaned in Lecture Hall B. The corridor needs its regular cleaning service.,INCIDENT,CLEANING_WASTE,CLEANING_WASTE,LOW,LOW,Lecture Hall B,en,admin_staff,EASY,False,0,,Cleaning or waste management problem
single_01784,SINGLE,Issue with printer,Please check the printer at Science Building - Physics Lab. It is not printing. The printer worked normally earlier today. Please check.,INCIDENT,AV_CLASSROOM_EQUIPMENT,IT_HARDWARE_PRINTING,MEDIUM,MEDIUM,Science Building - Physics Lab,en,dorm_resident,MEDIUM,False,0,,Physical computer or printing equipment issue
single_01785,SINGLE,Problem with service area,The service area needs maintenance at Science Building - Physics Lab. A technician may need to inspect the area. Several people may be affected.,SERVICE_REQUEST,CLEANING_WASTE,OTHER,HIGH,MEDIUM,Science Building - Physics Lab,en,student,MEDIUM,False,0,,Issue does not fit a specific category
single_01786,SINGLE,Problem with parking area,There is a problem with the parking area at Main Entrance. The issue affects one outdoor location. Please check.,SERVICE_REQUEST,BUILDING_STRUCTURE,GROUNDS_OUTDOOR,LOW,LOW,Main Entrance,en,lab_assistant,HARD,False,0,,Outdoor area or grounds maintenance issue
single_01787,SINGLE,broken railing مش آمن,لاحظت إن broken railing فيه مشكلة في Parking Area. The damaged railing is located on a frequently used path. الموضوع محتاج متابعة بسرعة.,INCIDENT,SAFETY_HAZARD,SAFETY_HAZARD,MEDIUM,HIGH,Parking Area,ar_eg,lecturer,MEDIUM,False,0,,Reported physical safety hazard
single_01788,SINGLE,faucet فيه مشكلة,لاحظت إن faucet فيه مشكلة في Sports Building. The leak continues even when the faucet is closed. أكتر من شخص ممكن يكون متأثر. لو سمحت.,INCIDENT,CLEANING_WASTE,PLUMBING_WATER,HIGH,LOW,Sports Building,ar_eg,student,MEDIUM,False,0,,"Water supply, drainage or plumbing problem"
single_01789,SINGLE,Issue with desktop computer,I noticed that the desktop computer keeps restarting in Library - Second Floor. The computer restarts while it is being used.,INCIDENT,IT_HARDWARE_PRINTING,IT_HARDWARE_PRINTING,MEDIUM,MEDIUM,Library - Second Floor,en,dorm_resident,EASY,False,0,,Physical computer or printing equipment issue
single_01790,SINGLE,The elevator has an issue,محتاجين حد يشوف the elevator في Administration Building - Room 12. الموضوع محتاج prompt attention. أكتر من شخص ممكن يكون affected.,INCIDENT,ELEVATOR,ELEVATOR,HIGH,HIGH,Administration Building - Room 12,mixed,student,HARD,False,0,,Elevator or lift malfunction
single_01791,SINGLE,3atel fe equipment area,feh moshkela fel equipment area fe Main Lecture Hall. plz,INCIDENT,OTHER,OTHER,MEDIUM,LOW,Main Lecture Hall,arabizi,student,MEDIUM,False,0,,Issue does not fit a specific category
single_01792,SINGLE,Equipment area needs attention,The equipment area is not functioning normally at Dormitory B - Floor 1. The problem could not be classified more specifically.,SERVICE_REQUEST,OTHER,OTHER,LOW,MEDIUM,Dormitory B - Floor 1,en,lecturer,MEDIUM,False,0,,Issue does not fit a specific category
single_01793,SINGLE,Water supply issue,There is a problem with the water supply at Administration Building - Room 12. The bathroom cannot be used normally. Several people may be affected. Water is spreading across part of the floor.,INCIDENT,PLUMBING_WATER,PLUMBING_WATER,HIGH,HIGH,Administration Building - Room 12,en,security_staff,HARD,True,0,,"Water supply, drainage or plumbing problem"
single_01794,SINGLE,مشكلة في the walkway,The walkway is blocked في Parking Area. Part of the walkway cannot be used normally. please check.,INCIDENT,GROUNDS_OUTDOOR,GROUNDS_OUTDOOR,MEDIUM,MEDIUM,Parking Area,mixed,lab_assistant,HARD,False,0,,Outdoor area or grounds maintenance issue
single_01795,SINGLE,Problem with electrical switch,Please check the electrical switch at Outdoor Courtyard. It is not working. The switch does not control the connected light.,INCIDENT,ELECTRICAL,ELECTRICAL,MEDIUM,MEDIUM,Outdoor Courtyard,en,admin_staff,MEDIUM,False,0,,Electrical power or lighting problem
single_01796,SINGLE,University email cannot be accessed,There is a problem with the university email at Engineering Building - Lab 2. The account cannot open the university email service.,INCIDENT,OTHER,IT_NETWORK_ACCOUNTS,MEDIUM,LOW,Engineering Building - Lab 2,en,security_staff,MEDIUM,False,0,,Network or account access problem
single_01797,SINGLE,عطل في vent,vent محتاج متابعة في Computer Science Building - Lab 3. Airflow from the vent is not normal. الموضوع محتاج متابعة بسرعة.,INCIDENT,HVAC_AC,HVAC_AC,MEDIUM,HIGH,Computer Science Building - Lab 3,ar_eg,security_staff,MEDIUM,False,0,,Air conditioning or ventilation issue
single_01798,SINGLE,Issue with floor tile,I noticed that the floor tile is damaged in Student Affairs Office. The damaged tile is located in a frequently used area.,INCIDENT,BUILDING_STRUCTURE,BUILDING_STRUCTURE,LOW,LOW,Student Affairs Office,en,lab_assistant,MEDIUM,False,0,,"Building surface, door, window or structural issue"
single_01799,SINGLE,The keyboard has an issue,في مشكلة في keyboard at Science Building - Physics Lab. Several keys do not respond when pressed.,INCIDENT,IT_HARDWARE_PRINTING,IT_HARDWARE_PRINTING,LOW,MEDIUM,Science Building - Physics Lab,mixed,security_staff,EASY,False,0,,Physical computer or printing equipment issue
single_01800,SINGLE,Floor needs attention,Please check the floor at Library - First Floor. It is dirty. The floor needs routine cleaning.,INCIDENT,CLEANING_WASTE,CLEANING_WASTE,LOW,LOW,Library - First Floor,en,lab_assistant,EASY,False,0,,Cleaning or waste management problem
single_01801,SINGLE,Power supply needs attention,I noticed that the power supply keeps turning off in Library - First Floor. The equipment loses power repeatedly. The issue needs prompt attention. Several people may be affected.,INCIDENT,ELECTRICAL,ELECTRICAL,HIGH,HIGH,Library - First Floor,en,lecturer,HARD,False,0,,Electrical power or lighting problem
single_01802,SINGLE,Elevator issue,I noticed that the elevator is not moving in Dormitory A - Floor 2. People are currently using the building stairs. The issue needs prompt attention.,INCIDENT,ELEVATOR,ELEVATOR,LOW,HIGH,Dormitory A - Floor 2,en,lab_assistant,EASY,False,0,,Elevator or lift malfunction
single_01803,SINGLE,Parking area issue,I noticed that the parking area needs maintenance in Parking Area. The issue affects one outdoor location.,SERVICE_REQUEST,GROUNDS_OUTDOOR,GROUNDS_OUTDOOR,MEDIUM,LOW,Parking Area,en,security_staff,EASY,False,0,,Outdoor area or grounds maintenance issue
single_01804,SINGLE,عطل في printer,لاحظت إن printer فيه مشكلة في Computer Science Building - Room 203. The printer worked normally earlier today.,INCIDENT,IT_HARDWARE_PRINTING,IT_HARDWARE_PRINTING,MEDIUM,MEDIUM,Computer Science Building - Room 203,ar_eg,admin_staff,MEDIUM,False,0,,Physical computer or printing equipment issue
single_01805,SINGLE,Power supply issue,Please check the power supply at Administration Building - Room 18. It keeps turning off. The equipment loses power repeatedly. Several people may be affected.,INCIDENT,ELECTRICAL,ELECTRICAL,HIGH,MEDIUM,Administration Building - Room 18,en,lecturer,HARD,False,0,,Electrical power or lighting problem
single_01806,SINGLE,mshkela fe desktop computer,momken 7ad yshoof el desktop computer fe Computer Science Building - Room 203? el mawdoo3 mehtag check بسرعة.,INCIDENT,IT_HARDWARE_PRINTING,IT_HARDWARE_PRINTING,MEDIUM,HIGH,Computer Science Building - Room 203,arabizi,admin_staff,MEDIUM,False,0,,Physical computer or printing equipment issue
single_01807,SINGLE,Floor needs attention,I noticed that the floor is dirty in Dormitory A - Floor 2. The floor needs routine cleaning.,INCIDENT,CLEANING_WASTE,CLEANING_WASTE,MEDIUM,LOW,Dormitory A - Floor 2,en,student,EASY,False,0,,Cleaning or waste management problem
single_01808,SINGLE,مشكلة في microphone,في مشكلة في microphone في Computer Science Building - Room 203. The microphone is not producing any sound during the current class. الموضوع محتاج متابعة بسرعة.,INCIDENT,AV_CLASSROOM_EQUIPMENT,AV_CLASSROOM_EQUIPMENT,MEDIUM,HIGH,Computer Science Building - Room 203,ar_eg,admin_staff,MEDIUM,False,0,,Classroom audio visual equipment issue
single_01809,SINGLE,مشكلة في university email,محتاجين حد يشوف the university email في Computer Science Building - Lab 1.,INCIDENT,IT_NETWORK_ACCOUNTS,IT_NETWORK_ACCOUNTS,MEDIUM,LOW,Computer Science Building - Lab 1,mixed,student,MEDIUM,False,0,,Network or account access problem
single_01810,SINGLE,مشكلة في the network connection,في مشكلة في network connection at Computer Science Building - Lab 1. The connection becomes slow during normal campus use. الموضوع محتاج prompt attention. أكتر من شخص ممكن يكون affected.,INCIDENT,IT_NETWORK_ACCOUNTS,IT_NETWORK_ACCOUNTS,HIGH,HIGH,Computer Science Building - Lab 1,mixed,security_staff,MEDIUM,False,0,,Network or account access problem
single_01811,SINGLE,Problem with faucet,The faucet is dripping at Computer Science Building - Lab 3. The leak continues even when the faucet is closed.,INCIDENT,PLUMBING_WATER,PLUMBING_WATER,LOW,LOW,Computer Science Building - Lab 3,en,lab_assistant,EASY,False,0,,"Water supply, drainage or plumbing problem"
single_01812,SINGLE,Elevator panel needs attention,There is a problem with the elevator panel at Computer Science Building - Lab 3 The elevator controls are not working normally. The issue needs prompt attention.,INCIDENT,ELEVATOR,ELEVATOR,MEDIUM,HIGH,Computer Science Building - Lab 3,en,student,MEDIUM,False,0,,Elevator or lift malfunction
single_01813,SINGLE,Lift needs attention,The lift stopped between floors at Dormitory B - Floor 3. The elevator requires immediate technical inspection. The issue needs prompt attention. Several people may be affected.,INCIDENT,SAFETY_HAZARD,ELEVATOR,HIGH,HIGH,Dormitory B - Floor 3,en,lecturer,HARD,False,0,,Elevator or lift malfunction
single_01814,SINGLE,Issue with power outlet,There is a problem with the power outlet at Engineering Building - Lab 2. The outlet is needed for equipment in the room.,INCIDENT,ELECTRICAL,ELECTRICAL,MEDIUM,MEDIUM,Engineering Building - Lab 2,en,lab_assistant,HARD,False,0,,Electrical power or lighting problem
single_01815,SINGLE,The floor tile has an issue,The floor tile is damaged في Dormitory B - Floor 1. The damaged tile is located in a frequently used area.,INCIDENT,BUILDING_STRUCTURE,BUILDING_STRUCTURE,MEDIUM,MEDIUM,Dormitory B - Floor 1,mixed,lecturer,MEDIUM,False,0,,"Building surface, door, window or structural issue"
single_01816,SINGLE,مشكلة في VPN,لاحظت إن VPN فيه مشكلة في Library - First Floor. The VPN connection fails when access to the university network is required. لو سمحت.,INCIDENT,IT_NETWORK_ACCOUNTS,IT_NETWORK_ACCOUNTS,MEDIUM,LOW,Library - First Floor,ar_eg,lab_assistant,EASY,False,0,,Network or account access problem
single_01817,SINGLE,Wi-Fi فيه مشكلة,محتاجين حد يشوف Wi-Fi في Engineering Building - Lab 2. The connection drops after a few minutes.,INCIDENT,IT_NETWORK_ACCOUNTS,IT_NETWORK_ACCOUNTS,MEDIUM,LOW,Engineering Building - Lab 2,ar_eg,lecturer,HARD,False,0,,Network or account access problem
single_01818,SINGLE,ceiling light مش شغال,لاحظت إن ceiling light فيه مشكلة في Dormitory B - Floor 1. The room is less visible because the light is not working.,INCIDENT,SAFETY_HAZARD,ELECTRICAL,MEDIUM,MEDIUM,Dormitory B - Floor 1,ar_eg,student,HARD,False,0,,Electrical power or lighting problem
single_01819,SINGLE,Projector has no signal,I noticed that the projector has no signal in Administration Building - Room 18. Changing the input source did not help. Several people may be affected.,INCIDENT,IT_HARDWARE_PRINTING,AV_CLASSROOM_EQUIPMENT,HIGH,MEDIUM,Administration Building - Room 18,en,dorm_resident,HARD,False,0,,Classroom audio visual equipment issue
single_01820,SINGLE,Problem with water supply,I noticed that the water supply has no water in Dormitory B - Floor 1. The bathroom cannot be used normally. The issue needs prompt attention.,INCIDENT,PLUMBING_WATER,PLUMBING_WATER,MEDIUM,HIGH,Dormitory B - Floor 1,en,lab_assistant,MEDIUM,False,0,,"Water supply, drainage or plumbing problem"
single_01821,SINGLE,Light issue,I noticed that the light is flickering in Dormitory B - Floor 1 The light turns off and on repeatedly.,INCIDENT,ELECTRICAL,ELECTRICAL,MEDIUM,MEDIUM,Dormitory B - Floor 1,en,lecturer,MEDIUM,False,0,,Electrical power or lighting problem
single_01822,SINGLE,Issue with service area,There is a problem with the service area at Administration Building - Room 12. A technician may need to inspect the area. Several people may be affected.,SERVICE_REQUEST,OTHER,OTHER,HIGH,MEDIUM,Administration Building - Room 12,en,student,MEDIUM,False,0,,Issue does not fit a specific category
single_01823,SINGLE,مشكلة في باب الأسانسير,محتاجين حد يشوف elevator في Dormitory B - Floor 3. The building has other access routes. الموضوع محتاج متابعة بسرعة.,INCIDENT,ELEVATOR,ELEVATOR,LOW,HIGH,Dormitory B - Floor 3,ar_eg,lecturer,HARD,False,0,,Elevator or lift malfunction
single_01824,SINGLE,Sink needs attention,The sink is leaking at Cafeteria. Water is collecting on the floor. The issue needs prompt attention. Several people may be affected.,INCIDENT,PLUMBING_WATER,PLUMBING_WATER,HIGH,HIGH,Cafeteria,en,admin_staff,HARD,False,0,,"Water supply, drainage or plumbing problem"
single_01825,SINGLE,Issue with projector,There is a problem with the projector at Computer Science Building - Room 203. Changing the input source did not help. The issue needs prompt attention.,INCIDENT,AV_CLASSROOM_EQUIPMENT,AV_CLASSROOM_EQUIPMENT,MEDIUM,HIGH,Computer Science Building - Room 203,en,admin_staff,MEDIUM,False,0,,Classroom audio visual equipment issue
single_01826,SINGLE,مشكلة في microphone,microphone محتاج متابعة في Engineering Building - Room 101. The microphone is not producing any sound during the current class. الموضوع محتاج متابعة بسرعة. ضروري شوية,INCIDENT,AV_CLASSROOM_EQUIPMENT,AV_CLASSROOM_EQUIPMENT,MEDIUM,HIGH,Engineering Building - Room 101,ar_eg,lab_assistant,MEDIUM,False,0,,Classroom audio visual equipment issue
single_01827,SINGLE,Problem with facility,في مشكلة في facility at Library - First Floor. The exact cause is not clear. أكتر من شخص ممكن يكون affected.,INCIDENT,OTHER,OTHER,HIGH,MEDIUM,Library - First Floor,mixed,security_staff,MEDIUM,False,0,,Issue does not fit a specific category
single_01828,SINGLE,Problem with keyboard,The keyboard is not working at Engineering Building - Lab 4. Several keys do not respond when pressed.,INCIDENT,IT_HARDWARE_PRINTING,IT_HARDWARE_PRINTING,LOW,LOW,Engineering Building - Lab 4,en,admin_staff,MEDIUM,False,0,,Physical computer or printing equipment issue
single_01829,SINGLE,Printer needs attention,I noticed that the printer is not printing in Library - First Floor. The printer worked normally earlier today.,INCIDENT,IT_HARDWARE_PRINTING,IT_HARDWARE_PRINTING,MEDIUM,MEDIUM,Library - First Floor,en,security_staff,MEDIUM,False,0,,Physical computer or printing equipment issue
single_01830,SINGLE,Garden area issue,The garden area needs maintenance at Main Entrance. The area needs routine grounds maintenance.,SERVICE_REQUEST,GROUNDS_OUTDOOR,GROUNDS_OUTDOOR,MEDIUM,MEDIUM,Main Entrance,en,security_staff,EASY,False,0,,Outdoor area or grounds maintenance issue
single_01831,SINGLE,el outdoor light feh moshkela,el outdoor light is not working fe Main Entrance. The outdoor area is poorly lit after dark.,INCIDENT,GROUNDS_OUTDOOR,GROUNDS_OUTDOOR,MEDIUM,MEDIUM,Main Entrance,arabizi,lab_assistant,MEDIUM,False,0,,Outdoor area or grounds maintenance issue
single_01832,SINGLE,Equipment area issue,Please check the equipment area at Computer Science Building - Lab 3. It is not functioning normally. The problem could not be classified more specifically.,INCIDENT,OTHER,OTHER,MEDIUM,MEDIUM,Computer Science Building - Lab 3,en,student,MEDIUM,False,0,,Issue does not fit a specific category
single_01833,SINGLE,Problem with floor,There is a problem with the floor at Dormitory B - Floor 3. The floor needs routine cleaning.,INCIDENT,CLEANING_WASTE,CLEANING_WASTE,LOW,LOW,Dormitory B - Floor 3,en,security_staff,MEDIUM,False,0,,Cleaning or waste management problem
single_01834,SINGLE,مشكلة في garden area,The problem is with garden area في Outdoor Courtyard. The area needs routine grounds maintenance.,SERVICE_REQUEST,GROUNDS_OUTDOOR,GROUNDS_OUTDOOR,LOW,MEDIUM,Outdoor Courtyard,mixed,dorm_resident,MEDIUM,False,0,,Outdoor area or grounds maintenance issue
single_01835,SINGLE,The power supply has an issue,The power supply keeps turning off في Dormitory B - Floor 1. The equipment loses power repeatedly.,INCIDENT,ELECTRICAL,ELECTRICAL,MEDIUM,MEDIUM,Dormitory B - Floor 1,mixed,student,HARD,False,0,,Electrical power or lighting problem
single_01836,SINGLE,Problem with common area,Please check the common area at Main Lecture Hall. It has a strong odor. The odor was noticed recently in the area.,INCIDENT,OTHER,CLEANING_WASTE,MEDIUM,LOW,Main Lecture Hall,en,lab_assistant,MEDIUM,False,0,,Cleaning or waste management problem
single_01837,SINGLE,Room issue,I noticed that the room requires inspection in Computer Science Building - Lab 3. The reporter could not identify the exact problem. The issue needs prompt attention.,SERVICE_REQUEST,OTHER,OTHER,MEDIUM,HIGH,Computer Science Building - Lab 3,en,lecturer,HARD,False,0,,Issue does not fit a specific category
single_01838,SINGLE,Equipment area issue,The equipment area is not functioning normally at Student Affairs Office. The problem could not be classified more specifically.,INCIDENT,OTHER,OTHER,MEDIUM,LOW,Student Affairs Office,en,lecturer,MEDIUM,False,0,,Issue does not fit a specific category
single_01839,SINGLE,Ac unit is making a strange noise,The AC unit is making a strange noise at Engineering Building - Lab 2. The noise started during the current session. Several people may be affected.,INCIDENT,HVAC_AC,HVAC_AC,HIGH,MEDIUM,Engineering Building - Lab 2,en,dorm_resident,HARD,False,0,,Air conditioning or ventilation issue
single_01840,SINGLE,عطل في keyboard,في مشكلة في keyboard في Computer Science Building - Room 203. Several keys do not respond when pressed. ضروري شوية,INCIDENT,IT_HARDWARE_PRINTING,IT_HARDWARE_PRINTING,LOW,MEDIUM,Computer Science Building - Room 203,ar_eg,security_staff,MEDIUM,False,0,,Physical computer or printing equipment issue
single_01841,SINGLE,Elevator is not moving,There is a problem with the elevator at Sports Building. People are currently using the building stairs. The issue needs prompt attention.,INCIDENT,ELEVATOR,ELEVATOR,MEDIUM,HIGH,Sports Building,en,student,HARD,False,0,,Elevator or lift malfunction
single_01842,SINGLE,Shelf issue,I noticed that the shelf needs repair in Administration Building - Room 18. The shelf is loose and needs maintenance.,INCIDENT,OTHER,FURNITURE_FIXTURES,MEDIUM,LOW,Administration Building - Room 18,en,student,EASY,False,0,,Furniture or fixture maintenance problem
single_01843,SINGLE,el outdoor light mehtag check,el moshkela fe outdoor light zahret fe Main Entrance. el mawdoo3 mehtag check بسرعة. aktar men 7ad momken ykoon mota2asser.,INCIDENT,GROUNDS_OUTDOOR,GROUNDS_OUTDOOR,HIGH,HIGH,Main Entrance,arabizi,lab_assistant,HARD,False,0,,Outdoor area or grounds maintenance issue
single_01844,SINGLE,مشكلة في light,light محتاج متابعة في Computer Science Building - Room 203. The light turns off and on repeatedly.,INCIDENT,OTHER,ELECTRICAL,LOW,LOW,Computer Science Building - Room 203,ar_eg,lab_assistant,HARD,False,0,,Electrical power or lighting problem
single_01845,SINGLE,عطل في wall socket,wall socket محتاج متابعة في Computer Science Building - Room 203. Other sockets in the room still have power.,INCIDENT,ELECTRICAL,ELECTRICAL,MEDIUM,LOW,Computer Science Building - Room 203,ar_eg,admin_staff,EASY,False,0,,Electrical power or lighting problem
single_01846,SINGLE,3atel fe door,el moshkela fe door zahret fe Dormitory B - Floor 3.,INCIDENT,BUILDING_STRUCTURE,BUILDING_STRUCTURE,MEDIUM,MEDIUM,Dormitory B - Floor 3,arabizi,admin_staff,MEDIUM,False,0,,"Building surface, door, window or structural issue"
single_01847,SINGLE,Problem with ceiling,I noticed that the ceiling is damaged in Engineering Building - Lab 4. The damage is limited to one area. Several people may be affected.,INCIDENT,BUILDING_STRUCTURE,BUILDING_STRUCTURE,HIGH,MEDIUM,Engineering Building - Lab 4,en,student,MEDIUM,False,0,,"Building surface, door, window or structural issue"
single_01848,SINGLE,Issue with projector,I noticed that the projector does not turn on in Main Lecture Hall. The instructor needs the equipment for the current class. The issue needs prompt attention. Several people may be affected.,INCIDENT,AV_CLASSROOM_EQUIPMENT,AV_CLASSROOM_EQUIPMENT,HIGH,HIGH,Main Lecture Hall,en,admin_staff,MEDIUM,False,0,,Classroom audio visual equipment issue
single_01849,SINGLE,Ac unit is leaking water,I noticed that the AC unit is leaking water in Dormitory B - Floor 1. Water is appearing below the unit. The issue needs prompt attention.,INCIDENT,HVAC_AC,HVAC_AC,MEDIUM,HIGH,Dormitory B - Floor 1,en,lab_assistant,HARD,False,0,,Air conditioning or ventilation issue
single_01850,SINGLE,مشكلة في drain,في مشكلة في drain at Student Affairs Office. Water is draining very slowly.,INCIDENT,PLUMBING_WATER,PLUMBING_WATER,MEDIUM,MEDIUM,Student Affairs Office,mixed,lecturer,MEDIUM,False,0,,"Water supply, drainage or plumbing problem"
single_01851,SINGLE,outdoor light فيه مشكلة,محتاجين حد يشوف outdoor light في Outdoor Courtyard. The outdoor area is poorly lit after dark.,INCIDENT,GROUNDS_OUTDOOR,GROUNDS_OUTDOOR,MEDIUM,LOW,Outdoor Courtyard,ar_eg,student,MEDIUM,False,0,,Outdoor area or grounds maintenance issue
single_01852,SINGLE,Problem with toilet,Please check the toilet at Dormitory B - Floor 3. It is overflowing. Water is spreading around the bathroom area. The issue needs prompt attention.,INCIDENT,PLUMBING_WATER,PLUMBING_WATER,MEDIUM,HIGH,Dormitory B - Floor 3,en,security_staff,HARD,False,0,,"Water supply, drainage or plumbing problem"
single_01853,SINGLE,sink فيه مشكلة,محتاجين حد يشوف sink في Student Affairs Office. Water is collecting on the floor. أكتر من شخص ممكن يكون متأثر.,INCIDENT,PLUMBING_WATER,PLUMBING_WATER,HIGH,MEDIUM,Student Affairs Office,ar_eg,dorm_resident,MEDIUM,False,0,,"Water supply, drainage or plumbing problem"
single_01854,SINGLE,Issue with university email,Please check the university email at Science Building - Chemistry Lab It cannot be accessed. The account cannot open the university email service. Several people may be affected.,INCIDENT,IT_NETWORK_ACCOUNTS,IT_NETWORK_ACCOUNTS,HIGH,MEDIUM,Science Building - Chemistry Lab,en,dorm_resident,EASY,False,0,,Network or account access problem
single_01855,SINGLE,The cabinet has an issue,The cabinet does not close properly في Lecture Hall B. The cabinet door remains partially open.,INCIDENT,BUILDING_STRUCTURE,FURNITURE_FIXTURES,LOW,LOW,Lecture Hall B,mixed,student,EASY,False,0,,Furniture or fixture maintenance problem
single_01856,SINGLE,Issue with smart board,Please check the smart board at Administration Building - Room 18. It is not responding. The board does not respond when the instructor interacts with it. Please check.,INCIDENT,AV_CLASSROOM_EQUIPMENT,AV_CLASSROOM_EQUIPMENT,MEDIUM,LOW,Administration Building - Room 18,en,student,MEDIUM,False,0,,Classroom audio visual equipment issue
single_01857,SINGLE,Wall socket needs attention,I noticed that the wall socket has no power in Parking Area. Other sockets in the room still have power. Several people may be affected.,INCIDENT,ELECTRICAL,ELECTRICAL,HIGH,MEDIUM,Parking Area,en,lecturer,HARD,False,0,,Electrical power or lighting problem
single_01858,SINGLE,Cabinet needs attention,I noticed that the cabinet does not close properly in Administration Building - Room 18. The cabinet door remains partially open. The issue needs prompt attention.,INCIDENT,BUILDING_STRUCTURE,FURNITURE_FIXTURES,LOW,HIGH,Administration Building - Room 18,en,lab_assistant,EASY,False,0,,Furniture or fixture maintenance problem
single_01859,SINGLE,Display system needs attention,Please check the display system at Administration Building - Room 18. It keeps disconnecting. The classroom display disconnects during use.,INCIDENT,AV_CLASSROOM_EQUIPMENT,AV_CLASSROOM_EQUIPMENT,MEDIUM,MEDIUM,Administration Building - Room 18,en,admin_staff,HARD,False,0,,Classroom audio visual equipment issue
single_01860,SINGLE,Corridor needs attention,Please check the corridor at Library - First Floor. It has not been cleaned. The corridor needs its regular cleaning service.,INCIDENT,CLEANING_WASTE,CLEANING_WASTE,LOW,LOW,Library - First Floor,en,security_staff,MEDIUM,False,0,,Cleaning or waste management problem
single_01861,SINGLE,The obstruction has an issue,The problem is with obstruction في Outdoor Courtyard. The obstruction reduces the usable path. الموضوع محتاج prompt attention. أكتر من شخص ممكن يكون affected.,INCIDENT,SAFETY_HAZARD,SAFETY_HAZARD,HIGH,HIGH,Outdoor Courtyard,mixed,security_staff,HARD,False,0,,Reported physical safety hazard
single_01862,SINGLE,مشكلة سلامة في damaged safety sign,damaged safety sign محتاج متابعة في Administration Building - Room 12. The safety information is no longer clearly visible. أكتر من شخص ممكن يكون متأثر.,INCIDENT,SAFETY_HAZARD,SAFETY_HAZARD,HIGH,MEDIUM,Administration Building - Room 12,ar_eg,dorm_resident,HARD,False,0,,Reported physical safety hazard
single_01863,SINGLE,Window does not close properly,Please check the window at Lecture Hall C. It does not close properly. The room is still accessible but the window needs repair.,INCIDENT,BUILDING_STRUCTURE,BUILDING_STRUCTURE,MEDIUM,LOW,Lecture Hall C,en,student,MEDIUM,False,0,,"Building surface, door, window or structural issue"
single_01864,SINGLE,room محتاج فحص,room محتاج متابعة في Engineering Building - Lab 4. The reporter could not identify the exact problem. ضروري شوية,SERVICE_REQUEST,OTHER,OTHER,MEDIUM,MEDIUM,Engineering Building - Lab 4,ar_eg,security_staff,MEDIUM,False,0,,Issue does not fit a specific category
single_01865,SINGLE,Lecture screen is showing a blank screen,Please check the lecture screen at Lecture Hall B. It is showing a blank screen. The issue affects the classroom display.,INCIDENT,AV_CLASSROOM_EQUIPMENT,AV_CLASSROOM_EQUIPMENT,LOW,MEDIUM,Lecture Hall B,en,lecturer,HARD,False,0,,Classroom audio visual equipment issue
single_01866,SINGLE,faucet بيسرب مية,في مشكلة في faucet في Science Building - Chemistry Lab. The leak continues even when the faucet is closed.,INCIDENT,PLUMBING_WATER,PLUMBING_WATER,LOW,MEDIUM,Science Building - Chemistry Lab,ar_eg,student,EASY,False,0,,"Water supply, drainage or plumbing problem"
single_01867,SINGLE,el ceiling light mehtag check,el moshkela fe ceiling light zahret fe Engineering Building - Room 101. plz check.,INCIDENT,ELECTRICAL,ELECTRICAL,MEDIUM,MEDIUM,Engineering Building - Room 101,arabizi,dorm_resident,HARD,False,0,,Electrical power or lighting problem
single_01868,SINGLE,chair محتاج تصليح,محتاجين حد يشوف chair في Science Building - Chemistry Lab. The chair can still be used with difficulty.,INCIDENT,FURNITURE_FIXTURES,FURNITURE_FIXTURES,LOW,LOW,Science Building - Chemistry Lab,ar_eg,lab_assistant,HARD,False,0,,Furniture or fixture maintenance problem
single_01869,SINGLE,مشكلة في bathroom,bathroom محتاج متابعة في Main Lecture Hall. Regular cleaning is needed before normal use.,SERVICE_REQUEST,CLEANING_WASTE,CLEANING_WASTE,MEDIUM,MEDIUM,Main Lecture Hall,ar_eg,student,MEDIUM,False,0,,Cleaning or waste management problem
single_01870,SINGLE,Printer issue,The printer is not printing at Computer Science Building - Lab 3 The printer worked normally earlier today.,INCIDENT,IT_HARDWARE_PRINTING,IT_HARDWARE_PRINTING,MEDIUM,MEDIUM,Computer Science Building - Lab 3,en,dorm_resident,MEDIUM,False,0,,Physical computer or printing equipment issue
single_01871,SINGLE,Problem with damaged safety sign,The damaged safety sign needs attention في Dormitory A - Floor 1. The safety information is no longer clearly visible.,INCIDENT,SAFETY_HAZARD,SAFETY_HAZARD,LOW,MEDIUM,Dormitory A - Floor 1,mixed,dorm_resident,HARD,False,0,,Reported physical safety hazard
single_01872,SINGLE,mshkela fe elevator panel,feh moshkela fel elevator panel fe Science Building - Chemistry Lab. el mawdoo3 mehtag check بسرعة.,INCIDENT,ELEVATOR,ELEVATOR,MEDIUM,HIGH,Science Building - Chemistry Lab,arabizi,student,HARD,False,0,,Elevator or lift malfunction
single_01873,SINGLE,Desk issue,There is a problem with the desk at Cafeteria. The desk moves when it is used.,INCIDENT,FURNITURE_FIXTURES,FURNITURE_FIXTURES,MEDIUM,MEDIUM,Cafeteria,en,lecturer,EASY,False,0,,Furniture or fixture maintenance problem
single_01874,SINGLE,عطل في Wi-Fi,محتاجين حد يشوف Wi-Fi في Science Building - Chemistry Lab. The connection drops after a few minutes. ضروري شوية,INCIDENT,IT_NETWORK_ACCOUNTS,IT_NETWORK_ACCOUNTS,MEDIUM,MEDIUM,Science Building - Chemistry Lab,ar_eg,dorm_resident,EASY,False,0,,Network or account access problem
single_01875,SINGLE,مشكلة في cabinet,لاحظت إن cabinet فيه مشكلة في Dormitory B - Floor 3. The cabinet door remains partially open.,INCIDENT,FURNITURE_FIXTURES,FURNITURE_FIXTURES,LOW,LOW,Dormitory B - Floor 3,ar_eg,dorm_resident,EASY,False,0,,Furniture or fixture maintenance problem
single_01876,SINGLE,Problem with chair,Please check the chair at Science Building - Physics Lab. It is broken. The chair can still be used with difficulty.,INCIDENT,FURNITURE_FIXTURES,FURNITURE_FIXTURES,LOW,LOW,Science Building - Physics Lab,en,student,EASY,False,0,,Furniture or fixture maintenance problem
single_01877,SINGLE,Issue with faucet,The faucet is dripping at Cafeteria The leak continues even when the faucet is closed.,INCIDENT,PLUMBING_WATER,PLUMBING_WATER,LOW,LOW,Cafeteria,en,dorm_resident,MEDIUM,False,0,,"Water supply, drainage or plumbing problem"
single_01878,SINGLE,عطل في student account,في مشكلة في student account في Computer Science Building - Lab 3. The password is correct but the login keeps failing.,INCIDENT,IT_HARDWARE_PRINTING,IT_NETWORK_ACCOUNTS,LOW,LOW,Computer Science Building - Lab 3,ar_eg,lecturer,HARD,False,0,,Network or account access problem
single_01879,SINGLE,mshkela fe classroom speakers,el classroom speakers have no sound fe Main Lecture Hall. The problem affects audio during the class. el mawdoo3 mehtag check بسرعة. aktar men 7ad momken ykoon mota2asser.,INCIDENT,AV_CLASSROOM_EQUIPMENT,AV_CLASSROOM_EQUIPMENT,HIGH,HIGH,Main Lecture Hall,arabizi,security_staff,HARD,False,0,,Classroom audio visual equipment issue
single_01880,SINGLE,The exposed wire has an issue,The problem is with exposed wire في Lecture Hall C. The exposed wire is accessible in the area. أكتر من شخص ممكن يكون affected.,INCIDENT,OTHER,SAFETY_HAZARD,HIGH,MEDIUM,Lecture Hall C,mixed,lecturer,HARD,False,0,,Reported physical safety hazard
single_01881,SINGLE,Issue with facility,There is a problem with the facility at Main Entrance. The exact cause is not clear.,INCIDENT,OTHER,OTHER,MEDIUM,LOW,Main Entrance,en,admin_staff,HARD,False,0,,Issue does not fit a specific category
single_01882,SINGLE,مشكلة نظافة في classroom,classroom محتاج متابعة في Dormitory B - Floor 1. The area has been used throughout the day.,INCIDENT,CLEANING_WASTE,CLEANING_WASTE,LOW,LOW,Dormitory B - Floor 1,ar_eg,lab_assistant,MEDIUM,False,0,,Cleaning or waste management problem
single_01883,SINGLE,mshkela fe light,el light is flickering fe Dormitory B - Floor 3. The light turns off and on repeatedly.,INCIDENT,SAFETY_HAZARD,ELECTRICAL,MEDIUM,MEDIUM,Dormitory B - Floor 3,arabizi,lab_assistant,MEDIUM,False,0,,Electrical power or lighting problem
single_01884,SINGLE,عطل في toilet,لاحظت إن toilet فيه مشكلة في Computer Science Building - Lab 3. Water is spreading around the bathroom area.,INCIDENT,PLUMBING_WATER,PLUMBING_WATER,LOW,MEDIUM,Computer Science Building - Lab 3,ar_eg,dorm_resident,HARD,False,0,,"Water supply, drainage or plumbing problem"
single_01885,SINGLE,عطل في desk,لاحظت إن desk فيه مشكلة في Administration Building - Room 12. The desk moves when it is used. أكتر من شخص ممكن يكون متأثر.,INCIDENT,FURNITURE_FIXTURES,FURNITURE_FIXTURES,HIGH,MEDIUM,Administration Building - Room 12,ar_eg,student,EASY,False,0,,Furniture or fixture maintenance problem
single_01886,SINGLE,Thermostat needs attention,I noticed that the thermostat is not responding in Computer Science Building - Lab 1. The temperature cannot be adjusted normally.,INCIDENT,HVAC_AC,HVAC_AC,LOW,LOW,Computer Science Building - Lab 1,en,dorm_resident,MEDIUM,False,0,,Air conditioning or ventilation issue
single_01887,SINGLE,مشكلة في equipment area,في مشكلة في equipment area في Administration Building - Room 18. The problem could not be classified more specifically.,INCIDENT,OTHER,OTHER,LOW,MEDIUM,Administration Building - Room 18,ar_eg,dorm_resident,MEDIUM,False,0,,Issue does not fit a specific category
single_01888,SINGLE,Light needs attention,I noticed that the light is flickering in Dormitory B - Floor 3. The light turns off and on repeatedly. Several people may be affected.,INCIDENT,ELECTRICAL,ELECTRICAL,HIGH,LOW,Dormitory B - Floor 3,en,admin_staff,MEDIUM,False,0,,Electrical power or lighting problem
single_01889,SINGLE,Issue with elevator,Please check the elevator at Library - Second Floor. It is out of service. The building has other access routes. The issue needs prompt attention. Several people may be affected.,INCIDENT,ELEVATOR,ELEVATOR,HIGH,HIGH,Library - Second Floor,en,student,HARD,False,0,,Elevator or lift malfunction
single_01890,SINGLE,مشكلة في الأسانسير,لاحظت إن elevator فيه مشكلة في Science Building - Physics Lab. People are currently using the building stairs. الموضوع محتاج متابعة بسرعة.,INCIDENT,BUILDING_STRUCTURE,ELEVATOR,LOW,HIGH,Science Building - Physics Lab,ar_eg,dorm_resident,MEDIUM,False,0,,Elevator or lift malfunction
single_01891,SINGLE,Login needs attention,Please check the login at Library - Second Floor. It keeps asking for login. The system repeatedly asks the user to sign in.,INCIDENT,IT_NETWORK_ACCOUNTS,IT_NETWORK_ACCOUNTS,MEDIUM,MEDIUM,Library - Second Floor,en,dorm_resident,MEDIUM,False,0,,Network or account access problem
single_01892,SINGLE,Problem with slippery floor,The slippery floor creates a safety concern at Computer Science Building - Lab 1. People are still using the area.,INCIDENT,SAFETY_HAZARD,SAFETY_HAZARD,MEDIUM,MEDIUM,Computer Science Building - Lab 1,en,dorm_resident,HARD,False,0,,Reported physical safety hazard
single_01893,SINGLE,Light needs attention,Please check the light at Student Affairs Office It is flickering. The light turns off and on repeatedly. Several people may be affected.,INCIDENT,OTHER,ELECTRICAL,HIGH,LOW,Student Affairs Office,en,lab_assistant,MEDIUM,False,0,,Electrical power or lighting problem
single_01894,SINGLE,mshkela fe lift,feh moshkela fel lift fe Administration Building - Room 18.,INCIDENT,ELEVATOR,ELEVATOR,MEDIUM,LOW,Administration Building - Room 18,arabizi,student,HARD,False,0,,Elevator or lift malfunction
single_01895,SINGLE,Issue with air conditioner,I noticed that the air conditioner is not cooling in Dormitory A - Floor 1. The room becomes uncomfortable after some time.,INCIDENT,HVAC_AC,HVAC_AC,MEDIUM,MEDIUM,Dormitory A - Floor 1,en,student,MEDIUM,False,0,,Air conditioning or ventilation issue
single_01896,SINGLE,el obstruction feh moshkela,momken 7ad yshoof el obstruction fe Library - Second Floor? el mawdoo3 mehtag check بسرعة.,INCIDENT,BUILDING_STRUCTURE,SAFETY_HAZARD,LOW,HIGH,Library - Second Floor,arabizi,student,HARD,False,0,,Reported physical safety hazard
single_01897,SINGLE,عطل في USB port,لاحظت إن USB port فيه مشكلة في Engineering Building - Lab 4. Connected devices are not recognized by the computer.,INCIDENT,IT_HARDWARE_PRINTING,IT_HARDWARE_PRINTING,LOW,LOW,Engineering Building - Lab 4,ar_eg,lab_assistant,HARD,False,0,,Physical computer or printing equipment issue
single_01898,SINGLE,Monitor issue,The monitor shows a blank screen at Computer Science Building - Room 203. The computer is running but nothing appears on the display. Several people may be affected.,INCIDENT,IT_HARDWARE_PRINTING,IT_HARDWARE_PRINTING,HIGH,MEDIUM,Computer Science Building - Room 203,en,security_staff,EASY,False,0,,Physical computer or printing equipment issue
single_01899,SINGLE,Corridor issue,Please check the corridor at Main Lecture Hall. It has not been cleaned. The corridor needs its regular cleaning service.,INCIDENT,OTHER,CLEANING_WASTE,LOW,MEDIUM,Main Lecture Hall,en,dorm_resident,EASY,False,0,,Cleaning or waste management problem
single_01900,SINGLE,Elevator door issue,The elevator door is not opening at Dormitory A - Floor 2. The elevator cannot be used normally. The issue needs prompt attention. Several people may be affected.,INCIDENT,ELEVATOR,ELEVATOR,HIGH,HIGH,Dormitory A - Floor 2,en,dorm_resident,MEDIUM,False,0,,Elevator or lift malfunction
single_01901,SINGLE,university email فيه مشكلة,في مشكلة في university email في Engineering Building - Lab 4. The account cannot open the university email service. الموضوع محتاج متابعة بسرعة.,INCIDENT,IT_NETWORK_ACCOUNTS,IT_NETWORK_ACCOUNTS,MEDIUM,HIGH,Engineering Building - Lab 4,ar_eg,security_staff,MEDIUM,False,0,,Network or account access problem
single_01902,SINGLE,mshkela fe light,momken 7ad yshoof el light fe Library - First Floor?,INCIDENT,ELECTRICAL,ELECTRICAL,LOW,MEDIUM,Library - First Floor,arabizi,student,MEDIUM,False,0,,Electrical power or lighting problem
single_01903,SINGLE,Vent issue,Please check the vent at Main Lecture Hall. It is not working. Airflow from the vent is not normal.,INCIDENT,HVAC_AC,HVAC_AC,MEDIUM,LOW,Main Lecture Hall,en,student,EASY,False,0,,Air conditioning or ventilation issue
single_01904,SINGLE,مشكلة في power outlet,محتاجين حد يشوف power outlet في Administration Building - Room 18. The outlet is needed for equipment in the room. الموضوع محتاج متابعة بسرعة.,INCIDENT,ELECTRICAL,ELECTRICAL,LOW,HIGH,Administration Building - Room 18,ar_eg,lab_assistant,HARD,False,0,,Electrical power or lighting problem
single_01905,SINGLE,Drain is blocked,The drain is blocked at Dormitory B - Floor 3. Water is draining very slowly.,INCIDENT,PLUMBING_WATER,PLUMBING_WATER,LOW,LOW,Dormitory B - Floor 3,en,lecturer,EASY,False,0,,"Water supply, drainage or plumbing problem"
single_01906,SINGLE,Elevator needs attention,Please check the elevator at Science Building - Physics Lab. It is out of service. The building has other access routes.,INCIDENT,BUILDING_STRUCTURE,ELEVATOR,MEDIUM,MEDIUM,Science Building - Physics Lab,en,student,HARD,False,0,,Elevator or lift malfunction
single_01907,SINGLE,water supply فيه مشكلة,في مشكلة في water supply في Dormitory A - Floor 2. The bathroom cannot be used normally.,INCIDENT,PLUMBING_WATER,PLUMBING_WATER,MEDIUM,MEDIUM,Dormitory A - Floor 2,ar_eg,security_staff,HARD,False,0,,"Water supply, drainage or plumbing problem"
single_01908,SINGLE,Problem with cabinet,I noticed that the cabinet does not close properly in Sports Building. The cabinet door remains partially open. Please check.,INCIDENT,FURNITURE_FIXTURES,FURNITURE_FIXTURES,LOW,MEDIUM,Sports Building,en,lecturer,MEDIUM,False,0,,Furniture or fixture maintenance problem
single_01909,SINGLE,عطل في wall socket,في مشكلة في wall socket في Dormitory A - Floor 1. Other sockets in the room still have power.,INCIDENT,ELECTRICAL,ELECTRICAL,MEDIUM,LOW,Dormitory A - Floor 1,ar_eg,security_staff,EASY,False,0,,Electrical power or lighting problem
single_01910,SINGLE,عطل في الأسانسير,لاحظت إن elevator فيه مشكلة في Computer Science Building - Room 203. People are currently using the building stairs. الموضوع محتاج متابعة بسرعة. أكتر من شخص ممكن يكون متأثر. لو سمحت.,INCIDENT,ELEVATOR,ELEVATOR,HIGH,HIGH,Computer Science Building - Room 203,ar_eg,dorm_resident,HARD,False,0,,Elevator or lift malfunction
single_01911,SINGLE,light فيه مشكلة,لاحظت إن light فيه مشكلة في Main Lecture Hall. The light turns off and on repeatedly.,INCIDENT,ELECTRICAL,ELECTRICAL,LOW,MEDIUM,Main Lecture Hall,ar_eg,student,MEDIUM,False,0,,Electrical power or lighting problem
single_01912,SINGLE,Problem with power outlet,I noticed that the power outlet is not working in Library - Second Floor. The outlet is needed for equipment in the room. Several people may be affected. Please check.,INCIDENT,ELECTRICAL,ELECTRICAL,HIGH,MEDIUM,Library - Second Floor,en,student,EASY,False,0,,Electrical power or lighting problem
single_01913,SINGLE,مشكلة في wall socket,لاحظت إن wall socket فيه مشكلة في Lecture Hall B. Other sockets in the room still have power.,INCIDENT,ELECTRICAL,ELECTRICAL,MEDIUM,MEDIUM,Lecture Hall B,ar_eg,admin_staff,MEDIUM,False,0,,Electrical power or lighting problem
single_01914,SINGLE,Issue with power outlet,Please check the power outlet at Dormitory B - Floor 1. It is not working. The outlet is needed for equipment in the room.,INCIDENT,ELECTRICAL,ELECTRICAL,MEDIUM,MEDIUM,Dormitory B - Floor 1,en,security_staff,MEDIUM,False,0,,Electrical power or lighting problem
single_01915,SINGLE,Problem with projector,في مشكلة في projector at Lecture Hall B. The instructor needs the equipment for the current class. أكتر من شخص ممكن يكون affected.,INCIDENT,AV_CLASSROOM_EQUIPMENT,AV_CLASSROOM_EQUIPMENT,HIGH,MEDIUM,Lecture Hall B,mixed,security_staff,MEDIUM,False,0,,Classroom audio visual equipment issue
single_01916,SINGLE,عطل في mouse,في مشكلة في mouse في Library - First Floor. The pointer does not move normally. أكتر من شخص ممكن يكون متأثر.,INCIDENT,OTHER,IT_HARDWARE_PRINTING,HIGH,LOW,Library - First Floor,ar_eg,security_staff,HARD,False,0,,Physical computer or printing equipment issue
single_01917,SINGLE,Wi-fi keeps disconnecting,Please check the Wi-Fi at Science Building - Chemistry Lab. It keeps disconnecting. The connection drops after a few minutes.,INCIDENT,IT_NETWORK_ACCOUNTS,IT_NETWORK_ACCOUNTS,MEDIUM,MEDIUM,Science Building - Chemistry Lab,en,student,HARD,False,0,,Network or account access problem
single_01918,SINGLE,VPN مش شغال,في مشكلة في VPN في Engineering Building - Lab 2. The VPN connection fails when access to the university network is required. أكتر من شخص ممكن يكون متأثر.,INCIDENT,IT_HARDWARE_PRINTING,IT_NETWORK_ACCOUNTS,HIGH,MEDIUM,Engineering Building - Lab 2,ar_eg,security_staff,MEDIUM,False,0,,Network or account access problem
single_01919,SINGLE,Lecture screen needs attention,There is a problem with the lecture screen at Administration Building - Room 18. The issue affects the classroom display.,INCIDENT,AV_CLASSROOM_EQUIPMENT,AV_CLASSROOM_EQUIPMENT,MEDIUM,MEDIUM,Administration Building - Room 18,en,lab_assistant,MEDIUM,False,0,,Classroom audio visual equipment issue
single_01920,SINGLE,عطل في laptop,محتاجين حد يشوف laptop في Library - Second Floor. Applications take a long time to respond. الموضوع محتاج متابعة بسرعة.,INCIDENT,IT_HARDWARE_PRINTING,IT_HARDWARE_PRINTING,LOW,HIGH,Library - Second Floor,ar_eg,security_staff,EASY,False,0,,Physical computer or printing equipment issue
single_01921,SINGLE,3atel fe ceiling panel,momken 7ad yshoof el ceiling panel fe Dormitory B - Floor 1? aktar men 7ad momken ykoon mota2asser.,INCIDENT,BUILDING_STRUCTURE,BUILDING_STRUCTURE,HIGH,MEDIUM,Dormitory B - Floor 1,arabizi,dorm_resident,EASY,False,0,,"Building surface, door, window or structural issue"
single_01922,SINGLE,power outlet مش شغال,محتاجين حد يشوف power outlet في Parking Area. The outlet is needed for equipment in the room.,INCIDENT,ELECTRICAL,ELECTRICAL,MEDIUM,MEDIUM,Parking Area,ar_eg,student,MEDIUM,False,0,,Electrical power or lighting problem
single_01923,SINGLE,مشكلة في the toilet,The toilet is overflowing في Dormitory B - Floor 3. Water is spreading around the bathroom area. الموضوع محتاج prompt attention.,INCIDENT,PLUMBING_WATER,PLUMBING_WATER,LOW,HIGH,Dormitory B - Floor 3,mixed,lecturer,MEDIUM,False,0,,"Water supply, drainage or plumbing problem"
single_01924,SINGLE,Issue with desk,The desk is unstable at Computer Science Building - Lab 1. The desk moves when it is used.,INCIDENT,FURNITURE_FIXTURES,FURNITURE_FIXTURES,LOW,MEDIUM,Computer Science Building - Lab 1,en,lab_assistant,MEDIUM,False,0,,Furniture or fixture maintenance problem
single_01925,SINGLE,Smoke creates a safety concern,The smoke creates a safety concern at Science Building - Chemistry Lab. The source of the smoke is not clear. The issue needs prompt attention.,INCIDENT,BUILDING_STRUCTURE,SAFETY_HAZARD,MEDIUM,HIGH,Science Building - Chemistry Lab,en,lecturer,HARD,False,0,,Reported physical safety hazard
single_01926,SINGLE,power outlet فيه مشكلة,power outlet محتاج متابعة في Engineering Building - Lab 4. The outlet is needed for equipment in the room.,INCIDENT,SAFETY_HAZARD,ELECTRICAL,MEDIUM,MEDIUM,Engineering Building - Lab 4,ar_eg,dorm_resident,MEDIUM,False,0,,Electrical power or lighting problem
single_01927,SINGLE,Ac unit is leaking water,Please check the AC unit at Main Lecture Hall. It is leaking water. Water is appearing below the unit. The issue needs prompt attention. Several people may be affected.,INCIDENT,HVAC_AC,HVAC_AC,HIGH,HIGH,Main Lecture Hall,en,security_staff,HARD,False,0,,Air conditioning or ventilation issue
single_01928,SINGLE,عطل في garden area,في مشكلة في garden area في Parking Area. The area needs routine grounds maintenance.,SERVICE_REQUEST,GROUNDS_OUTDOOR,GROUNDS_OUTDOOR,MEDIUM,LOW,Parking Area,ar_eg,dorm_resident,EASY,False,0,,Outdoor area or grounds maintenance issue
single_01929,SINGLE,Outdoor bench issue,Please check the outdoor bench at Parking Area. It is damaged. The bench needs maintenance before regular use.,INCIDENT,GROUNDS_OUTDOOR,GROUNDS_OUTDOOR,LOW,LOW,Parking Area,en,security_staff,EASY,False,0,,Outdoor area or grounds maintenance issue
single_01930,SINGLE,Chair needs attention,Please check the chair at Parking Area. It is broken. The chair can still be used with difficulty.,INCIDENT,FURNITURE_FIXTURES,FURNITURE_FIXTURES,LOW,MEDIUM,Parking Area,en,admin_staff,EASY,False,0,,Furniture or fixture maintenance problem
single_01931,SINGLE,University email needs attention,There is a problem with the university email at Library - First Floor. The account cannot open the university email service. The issue needs prompt attention. Several people may be affected.,INCIDENT,IT_HARDWARE_PRINTING,IT_NETWORK_ACCOUNTS,HIGH,HIGH,Library - First Floor,en,lecturer,MEDIUM,False,0,,Network or account access problem
single_01932,SINGLE,مشكلة في Wi-Fi,في مشكلة في Wi-Fi at Science Building - Chemistry Lab. The connection drops after a few minutes.,INCIDENT,IT_NETWORK_ACCOUNTS,IT_NETWORK_ACCOUNTS,MEDIUM,MEDIUM,Science Building - Chemistry Lab,mixed,security_staff,MEDIUM,False,0,,Network or account access problem
single_01933,SINGLE,الأسانسير مش شغال,محتاجين حد يشوف elevator في Dormitory A - Floor 1. The building has other access routes. الموضوع محتاج متابعة بسرعة.,INCIDENT,ELEVATOR,ELEVATOR,MEDIUM,HIGH,Dormitory A - Floor 1,ar_eg,security_staff,HARD,False,0,,Elevator or lift malfunction
single_01934,SINGLE,مشكلة في display system,محتاجين حد يشوف the display system في Administration Building - Room 18.,INCIDENT,AV_CLASSROOM_EQUIPMENT,AV_CLASSROOM_EQUIPMENT,LOW,MEDIUM,Administration Building - Room 18,mixed,security_staff,MEDIUM,False,0,,Classroom audio visual equipment issue
single_01935,SINGLE,مشكلة في power supply,في مشكلة في power supply في Cafeteria. The equipment loses power repeatedly. أكتر من شخص ممكن يكون متأثر.,INCIDENT,ELECTRICAL,ELECTRICAL,HIGH,MEDIUM,Cafeteria,ar_eg,admin_staff,HARD,False,0,,Electrical power or lighting problem
single_01936,SINGLE,Vpn issue,Please check the VPN at Library - Second Floor. It is not connecting. The VPN connection fails when access to the university network is required.,INCIDENT,IT_NETWORK_ACCOUNTS,IT_NETWORK_ACCOUNTS,MEDIUM,MEDIUM,Library - Second Floor,en,lecturer,MEDIUM,False,0,,Network or account access problem
single_01937,SINGLE,مشكلة في الأسانسير,محتاجين حد يشوف elevator في Dormitory B - Floor 3. The building has other access routes. الموضوع محتاج متابعة بسرعة.,INCIDENT,ELEVATOR,ELEVATOR,MEDIUM,HIGH,Dormitory B - Floor 3,ar_eg,dorm_resident,HARD,False,0,,Elevator or lift malfunction
single_01938,SINGLE,Parking area needs maintenance,I noticed that the parking area needs maintenance in Parking Area. The issue affects one outdoor location.,SERVICE_REQUEST,GROUNDS_OUTDOOR,GROUNDS_OUTDOOR,MEDIUM,LOW,Parking Area,en,admin_staff,EASY,False,0,,Outdoor area or grounds maintenance issue
single_01939,SINGLE,Issue with power outlet,I noticed that the power outlet is not working in Science Building - Physics Lab. The outlet is needed for equipment in the room.,INCIDENT,ELECTRICAL,ELECTRICAL,MEDIUM,MEDIUM,Science Building - Physics Lab,en,admin_staff,HARD,False,0,,Electrical power or lighting problem
single_01940,SINGLE,Window issue,Please check the window at Sports Building. It does not close properly. The room is still accessible but the window needs repair. Please check.,INCIDENT,SAFETY_HAZARD,BUILDING_STRUCTURE,MEDIUM,LOW,Sports Building,en,lab_assistant,MEDIUM,False,0,,"Building surface, door, window or structural issue"
single_01941,SINGLE,Room needs attention,There is a problem with the room at Engineering Building - Lab 2 The reporter could not identify the exact problem. The issue needs prompt attention.,SERVICE_REQUEST,OTHER,OTHER,MEDIUM,HIGH,Engineering Building - Lab 2,en,lab_assistant,MEDIUM,False,0,,Issue does not fit a specific category
single_01942,SINGLE,Issue with sink,Please check the sink at Sports Building. It is leaking. Water is collecting on the floor. Water is spreading across part of the floor.,INCIDENT,BUILDING_STRUCTURE,PLUMBING_WATER,HIGH,HIGH,Sports Building,en,admin_staff,HARD,True,0,,"Water supply, drainage or plumbing problem"
single_01943,SINGLE,air conditioning system مش شغال,في مشكلة في air conditioning system في Engineering Building - Room 101. The room is not cooling normally. الموضوع محتاج متابعة بسرعة.,INCIDENT,HVAC_AC,HVAC_AC,MEDIUM,HIGH,Engineering Building - Room 101,ar_eg,security_staff,MEDIUM,False,0,,Air conditioning or ventilation issue
single_01944,SINGLE,light فيه مشكلة,light محتاج متابعة في Cafeteria. The light turns off and on repeatedly.,INCIDENT,SAFETY_HAZARD,ELECTRICAL,LOW,MEDIUM,Cafeteria,ar_eg,admin_staff,MEDIUM,False,0,,Electrical power or lighting problem
single_01945,SINGLE,drain فيه مشكلة,في مشكلة في drain في Science Building - Chemistry Lab. Water is draining very slowly.,INCIDENT,BUILDING_STRUCTURE,PLUMBING_WATER,MEDIUM,MEDIUM,Science Building - Chemistry Lab,ar_eg,security_staff,HARD,False,0,,"Water supply, drainage or plumbing problem"
single_01946,SINGLE,outdoor light محتاج صيانة,لاحظت إن outdoor light فيه مشكلة في Parking Area. The outdoor area is poorly lit after dark.,INCIDENT,GROUNDS_OUTDOOR,GROUNDS_OUTDOOR,MEDIUM,MEDIUM,Parking Area,ar_eg,admin_staff,HARD,False,0,,Outdoor area or grounds maintenance issue
single_01947,SINGLE,مشكلة في service area,The service area needs maintenance في Dormitory B - Floor 1. A technician may need to inspect the area. الموضوع محتاج prompt attention.,SERVICE_REQUEST,OTHER,OTHER,MEDIUM,HIGH,Dormitory B - Floor 1,mixed,lecturer,MEDIUM,False,0,,Issue does not fit a specific category
single_01948,SINGLE,floor مش نضيف,لاحظت إن floor فيه مشكلة في Dormitory A - Floor 1. The floor needs routine cleaning.,INCIDENT,CLEANING_WASTE,CLEANING_WASTE,LOW,MEDIUM,Dormitory A - Floor 1,ar_eg,student,EASY,False,0,,Cleaning or waste management problem
single_01949,SINGLE,campus network فيه مشكلة,campus network محتاج متابعة في Computer Science Building - Room 203. Other devices in the same area seem to have the same problem. الموضوع محتاج متابعة بسرعة.,INCIDENT,IT_NETWORK_ACCOUNTS,IT_NETWORK_ACCOUNTS,MEDIUM,HIGH,Computer Science Building - Room 203,ar_eg,dorm_resident,HARD,False,0,,Network or account access problem
single_01950,SINGLE,Problem with smoke,I noticed that the smoke creates a safety concern in Administration Building - Room 18. The source of the smoke is not clear.,INCIDENT,SAFETY_HAZARD,SAFETY_HAZARD,MEDIUM,MEDIUM,Administration Building - Room 18,en,dorm_resident,HARD,False,0,,Reported physical safety hazard
single_01951,SINGLE,مشكلة نظافة في common area,في مشكلة في common area في Lecture Hall C. The odor was noticed recently in the area.,INCIDENT,CLEANING_WASTE,CLEANING_WASTE,MEDIUM,MEDIUM,Lecture Hall C,ar_eg,security_staff,HARD,False,0,,Cleaning or waste management problem
single_01952,SINGLE,ceiling light فيه مشكلة,ceiling light محتاج متابعة في Administration Building - Room 12. The room is less visible because the light is not working. لو سمحت.,INCIDENT,ELECTRICAL,ELECTRICAL,MEDIUM,MEDIUM,Administration Building - Room 12,ar_eg,admin_staff,MEDIUM,False,0,,Electrical power or lighting problem
single_01953,SINGLE,Problem with smoke,The smoke creates a safety concern at Outdoor Courtyard. The source of the smoke is not clear. The issue needs prompt attention.,INCIDENT,SAFETY_HAZARD,SAFETY_HAZARD,MEDIUM,HIGH,Outdoor Courtyard,en,security_staff,MEDIUM,False,0,,Reported physical safety hazard
single_01954,SINGLE,Issue with window,I noticed that the window does not close properly in Engineering Building - Lab 2. The room is still accessible but the window needs repair. The issue needs prompt attention. Please check.,INCIDENT,BUILDING_STRUCTURE,BUILDING_STRUCTURE,LOW,HIGH,Engineering Building - Lab 2,en,security_staff,MEDIUM,False,0,,"Building surface, door, window or structural issue"
single_01955,SINGLE,Table needs attention,Please check the table at Library - First Floor. It is unstable. The table does not remain steady during use.,INCIDENT,FURNITURE_FIXTURES,FURNITURE_FIXTURES,LOW,LOW,Library - First Floor,en,lab_assistant,MEDIUM,False,0,,Furniture or fixture maintenance problem
single_01956,SINGLE,مشكلة في the equipment area,محتاجين حد يشوف the equipment area في Student Affairs Office.,SERVICE_REQUEST,OTHER,OTHER,MEDIUM,LOW,Student Affairs Office,mixed,lab_assistant,MEDIUM,False,0,,Issue does not fit a specific category
single_01957,SINGLE,Problem with room,في مشكلة في room at Student Affairs Office. The reporter could not identify the exact problem. الموضوع محتاج prompt attention.,SERVICE_REQUEST,OTHER,OTHER,MEDIUM,HIGH,Student Affairs Office,mixed,student,MEDIUM,False,0,,Issue does not fit a specific category
single_01958,SINGLE,مشكلة في drain,في مشكلة في drain at Administration Building - Room 18. Water is draining very slowly. أكتر من شخص ممكن يكون affected.,INCIDENT,PLUMBING_WATER,PLUMBING_WATER,HIGH,MEDIUM,Administration Building - Room 18,mixed,security_staff,EASY,False,0,,"Water supply, drainage or plumbing problem"
single_01959,SINGLE,el classroom mehtag check,feh moshkela fel classroom fe Dormitory B - Floor 1.,INCIDENT,CLEANING_WASTE,CLEANING_WASTE,LOW,MEDIUM,Dormitory B - Floor 1,arabizi,admin_staff,EASY,False,0,,Cleaning or waste management problem
single_01960,SINGLE,Problem with door handle,The door handle is loose at Science Building - Chemistry Lab. The handle moves when the door is opened.,INCIDENT,FURNITURE_FIXTURES,FURNITURE_FIXTURES,MEDIUM,LOW,Science Building - Chemistry Lab,en,lecturer,MEDIUM,False,0,,Furniture or fixture maintenance problem
single_01961,SINGLE,مشكلة في thermostat,لاحظت إن thermostat فيه مشكلة في Dormitory B - Floor 3. The temperature cannot be adjusted normally.,INCIDENT,HVAC_AC,HVAC_AC,MEDIUM,MEDIUM,Dormitory B - Floor 3,ar_eg,student,MEDIUM,False,0,,Air conditioning or ventilation issue
single_01962,SINGLE,Issue with elevator panel,I noticed that the elevator panel is showing an error in Dormitory B - Floor 3. The elevator controls are not working normally.,INCIDENT,BUILDING_STRUCTURE,ELEVATOR,MEDIUM,MEDIUM,Dormitory B - Floor 3,en,lab_assistant,MEDIUM,False,0,,Elevator or lift malfunction
single_01963,SINGLE,3atel fe thermostat,feh moshkela fel thermostat fe Dormitory B - Floor 3.,INCIDENT,HVAC_AC,HVAC_AC,MEDIUM,MEDIUM,Dormitory B - Floor 3,arabizi,lab_assistant,MEDIUM,False,0,,Air conditioning or ventilation issue
single_01964,SINGLE,مشكلة في air conditioning system,The problem is with air conditioning system في Engineering Building - Room 101. The room is not cooling normally.,INCIDENT,HVAC_AC,HVAC_AC,MEDIUM,MEDIUM,Engineering Building - Room 101,mixed,security_staff,MEDIUM,False,0,,Air conditioning or ventilation issue
single_01965,SINGLE,vent فيه مشكلة,محتاجين حد يشوف vent في Student Affairs Office. Airflow from the vent is not normal. الموضوع محتاج متابعة بسرعة.,INCIDENT,HVAC_AC,HVAC_AC,LOW,HIGH,Student Affairs Office,ar_eg,dorm_resident,HARD,False,0,,Air conditioning or ventilation issue
single_01966,SINGLE,The room has an issue,The room requires inspection في Dormitory B - Floor 3. The reporter could not identify the exact problem.,SERVICE_REQUEST,OTHER,OTHER,LOW,MEDIUM,Dormitory B - Floor 3,mixed,security_staff,EASY,False,0,,Issue does not fit a specific category
single_01967,SINGLE,Faucet needs attention,There is a problem with the faucet at Administration Building - Room 12. The leak continues even when the faucet is closed.,INCIDENT,PLUMBING_WATER,PLUMBING_WATER,MEDIUM,LOW,Administration Building - Room 12,en,dorm_resident,EASY,False,0,,"Water supply, drainage or plumbing problem"
single_01968,SINGLE,desktop computer مش شغال,محتاجين حد يشوف desktop computer في Library - Second Floor. The computer restarts while it is being used.,INCIDENT,IT_HARDWARE_PRINTING,IT_HARDWARE_PRINTING,MEDIUM,MEDIUM,Library - Second Floor,ar_eg,admin_staff,MEDIUM,False,0,,Physical computer or printing equipment issue
single_01969,SINGLE,مشكلة في common area,في مشكلة في common area at Cafeteria. The odor was noticed recently in the area.,INCIDENT,CLEANING_WASTE,CLEANING_WASTE,MEDIUM,LOW,Cafeteria,mixed,student,MEDIUM,False,0,,Cleaning or waste management problem
single_01970,SINGLE,Issue with shelf,Please check the shelf at Dormitory B - Floor 3. It needs repair. The shelf is loose and needs maintenance.,INCIDENT,FURNITURE_FIXTURES,FURNITURE_FIXTURES,MEDIUM,MEDIUM,Dormitory B - Floor 3,en,dorm_resident,MEDIUM,False,0,,Furniture or fixture maintenance problem
single_01971,SINGLE,Waste bin has overflowing waste,There is a problem with the waste bin at Main Lecture Hall The waste bin has not been emptied recently. The issue needs prompt attention.,INCIDENT,CLEANING_WASTE,CLEANING_WASTE,MEDIUM,HIGH,Main Lecture Hall,en,lab_assistant,MEDIUM,False,0,,Cleaning or waste management problem
single_01972,SINGLE,مشكلة صيانة غير واضحة,facility محتاج متابعة في Lecture Hall C. The exact cause is not clear.,SERVICE_REQUEST,OTHER,OTHER,MEDIUM,MEDIUM,Lecture Hall C,ar_eg,lecturer,MEDIUM,False,0,,Issue does not fit a specific category
single_01973,SINGLE,مشكلة في the elevator panel,The elevator panel is showing an error في Computer Science Building - Lab 1. The elevator controls are not working normally. الموضوع محتاج prompt attention.,INCIDENT,ELEVATOR,ELEVATOR,MEDIUM,HIGH,Computer Science Building - Lab 1,mixed,lab_assistant,HARD,False,0,,Elevator or lift malfunction
single_01974,SINGLE,Smart board issue,Please check the smart board at Administration Building - Room 18. It is not responding. The board does not respond when the instructor interacts with it. The issue needs prompt attention. Please check.,INCIDENT,ELECTRICAL,AV_CLASSROOM_EQUIPMENT,LOW,HIGH,Administration Building - Room 18,en,dorm_resident,MEDIUM,False,0,,Classroom audio visual equipment issue
single_01975,SINGLE,Issue with waste bin,Please check the waste bin at Lecture Hall C. It has overflowing waste. The waste bin has not been emptied recently.,INCIDENT,CLEANING_WASTE,CLEANING_WASTE,LOW,MEDIUM,Lecture Hall C,en,dorm_resident,HARD,False,0,,Cleaning or waste management problem
single_01976,SINGLE,power outlet مش شغال,power outlet محتاج متابعة في Dormitory A - Floor 2. The outlet is needed for equipment in the room.,INCIDENT,ELECTRICAL,ELECTRICAL,LOW,LOW,Dormitory A - Floor 2,ar_eg,security_staff,MEDIUM,False,0,,Electrical power or lighting problem
single_01977,SINGLE,عطل في AC unit,لاحظت إن AC unit فيه مشكلة في Library - Second Floor. Water is appearing below the unit. الموضوع محتاج متابعة بسرعة. أكتر من شخص ممكن يكون متأثر.,INCIDENT,OTHER,HVAC_AC,HIGH,HIGH,Library - Second Floor,ar_eg,security_staff,HARD,False,0,,Air conditioning or ventilation issue
single_01978,SINGLE,Bathroom needs cleaning,Please check the bathroom at Dormitory B - Floor 3. It needs cleaning. Regular cleaning is needed before normal use.,SERVICE_REQUEST,CLEANING_WASTE,CLEANING_WASTE,MEDIUM,MEDIUM,Dormitory B - Floor 3,en,lecturer,HARD,False,0,,Cleaning or waste management problem
single_01979,SINGLE,Classroom speakers issue,The classroom speakers have no sound at Administration Building - Room 18. The problem affects audio during the class. The issue needs prompt attention.,INCIDENT,AV_CLASSROOM_EQUIPMENT,AV_CLASSROOM_EQUIPMENT,MEDIUM,HIGH,Administration Building - Room 18,en,dorm_resident,MEDIUM,False,0,,Classroom audio visual equipment issue
single_01980,SINGLE,room محتاج فحص,في مشكلة في room في Dormitory A - Floor 1. The reporter could not identify the exact problem.,SERVICE_REQUEST,BUILDING_STRUCTURE,OTHER,LOW,MEDIUM,Dormitory A - Floor 1,ar_eg,security_staff,MEDIUM,False,0,,Issue does not fit a specific category
single_01981,SINGLE,Problem with window,Please check the window at Engineering Building - Lab 2. It does not close properly. The room is still accessible but the window needs repair.,INCIDENT,BUILDING_STRUCTURE,BUILDING_STRUCTURE,MEDIUM,MEDIUM,Engineering Building - Lab 2,en,security_staff,EASY,False,0,,"Building surface, door, window or structural issue"
single_01982,SINGLE,مشكلة في باب الأسانسير,محتاجين حد يشوف elevator panel في Library - First Floor. The elevator controls are not working normally. أكتر من شخص ممكن يكون متأثر.,INCIDENT,ELEVATOR,ELEVATOR,HIGH,MEDIUM,Library - First Floor,ar_eg,lecturer,MEDIUM,False,0,,Elevator or lift malfunction
single_01983,SINGLE,el wall feh moshkela,el wall is cracked fe Main Lecture Hall. The crack has become more noticeable. el mawdoo3 mehtag check بسرعة.,INCIDENT,BUILDING_STRUCTURE,BUILDING_STRUCTURE,MEDIUM,HIGH,Main Lecture Hall,arabizi,lab_assistant,MEDIUM,False,0,,"Building surface, door, window or structural issue"
single_01984,SINGLE,Parking area issue,There is a problem with the parking area at Outdoor Courtyard. The issue affects one outdoor location.,SERVICE_REQUEST,GROUNDS_OUTDOOR,GROUNDS_OUTDOOR,LOW,LOW,Outdoor Courtyard,en,lecturer,EASY,False,0,,Outdoor area or grounds maintenance issue
single_01985,SINGLE,عطل في login,لاحظت إن login فيه مشكلة في Science Building - Chemistry Lab. The system repeatedly asks the user to sign in.,INCIDENT,IT_NETWORK_ACCOUNTS,IT_NETWORK_ACCOUNTS,MEDIUM,MEDIUM,Science Building - Chemistry Lab,ar_eg,student,HARD,False,0,,Network or account access problem
single_01986,SINGLE,Problem with walkway,The problem is with walkway في Outdoor Courtyard. Part of the walkway cannot be used normally. الموضوع محتاج prompt attention. أكتر من شخص ممكن يكون affected.,INCIDENT,SAFETY_HAZARD,GROUNDS_OUTDOOR,HIGH,HIGH,Outdoor Courtyard,mixed,security_staff,HARD,False,0,,Outdoor area or grounds maintenance issue
single_01987,SINGLE,عطل في network connection,في مشكلة في network connection في Science Building - Chemistry Lab. The connection becomes slow during normal campus use.,INCIDENT,IT_NETWORK_ACCOUNTS,IT_NETWORK_ACCOUNTS,MEDIUM,MEDIUM,Science Building - Chemistry Lab,ar_eg,lecturer,EASY,False,0,,Network or account access problem
single_01988,SINGLE,Problem with facility,I noticed that the facility has an unusual issue in Dormitory B - Floor 3. The exact cause is not clear.,INCIDENT,OTHER,OTHER,MEDIUM,MEDIUM,Dormitory B - Floor 3,en,lab_assistant,MEDIUM,False,0,,Issue does not fit a specific category
single_01989,SINGLE,Problem with water supply,في مشكلة في water supply at Library - First Floor. The bathroom cannot be used normally.,INCIDENT,PLUMBING_WATER,PLUMBING_WATER,MEDIUM,MEDIUM,Library - First Floor,mixed,admin_staff,MEDIUM,False,0,,"Water supply, drainage or plumbing problem"
single_01990,SINGLE,cabinet فيه مشكلة,cabinet محتاج متابعة في Student Affairs Office. The cabinet door remains partially open.,INCIDENT,FURNITURE_FIXTURES,FURNITURE_FIXTURES,LOW,LOW,Student Affairs Office,ar_eg,student,MEDIUM,False,0,,Furniture or fixture maintenance problem
single_01991,SINGLE,wall محتاج تصليح,في مشكلة في wall في Lecture Hall B. The crack has become more noticeable.,INCIDENT,FURNITURE_FIXTURES,BUILDING_STRUCTURE,LOW,MEDIUM,Lecture Hall B,ar_eg,lab_assistant,MEDIUM,False,0,,"Building surface, door, window or structural issue"
single_01992,SINGLE,مشكلة في corridor,في مشكلة في corridor at Dormitory A - Floor 1. The corridor needs its regular cleaning service.,INCIDENT,OTHER,CLEANING_WASTE,LOW,MEDIUM,Dormitory A - Floor 1,mixed,student,EASY,False,0,,Cleaning or waste management problem
single_01993,SINGLE,Issue with water supply,The water supply has no water at Sports Building. The bathroom cannot be used normally.,INCIDENT,PLUMBING_WATER,PLUMBING_WATER,MEDIUM,MEDIUM,Sports Building,en,dorm_resident,MEDIUM,False,0,,"Water supply, drainage or plumbing problem"
single_01994,SINGLE,Wall socket issue,There is a problem with the wall socket at Computer Science Building - Lab 3. Other sockets in the room still have power.,INCIDENT,ELECTRICAL,ELECTRICAL,LOW,MEDIUM,Computer Science Building - Lab 3,en,lab_assistant,MEDIUM,False,0,,Electrical power or lighting problem
single_01995,SINGLE,Problem with obstruction,I noticed that the obstruction is blocking part of the area in Student Affairs Office. The obstruction reduces the usable path. Please check. There is a safety concern that should be checked promptly.,INCIDENT,SAFETY_HAZARD,SAFETY_HAZARD,HIGH,HIGH,Student Affairs Office,en,student,HARD,True,0,,Reported physical safety hazard
single_01996,SINGLE,Issue with damaged safety sign,Please check the damaged safety sign at Computer Science Building - Room 203. It needs attention. The safety information is no longer clearly visible.,INCIDENT,SAFETY_HAZARD,SAFETY_HAZARD,MEDIUM,MEDIUM,Computer Science Building - Room 203,en,admin_staff,HARD,False,0,,Reported physical safety hazard
single_01997,SINGLE,student account مش شغال,لاحظت إن student account فيه مشكلة في Library - First Floor. The password is correct but the login keeps failing.,INCIDENT,IT_NETWORK_ACCOUNTS,IT_NETWORK_ACCOUNTS,LOW,MEDIUM,Library - First Floor,ar_eg,lab_assistant,MEDIUM,False,0,,Network or account access problem
single_01998,SINGLE,مشكلة في faucet,faucet محتاج متابعة في Computer Science Building - Lab 1. The leak continues even when the faucet is closed.,INCIDENT,BUILDING_STRUCTURE,PLUMBING_WATER,LOW,LOW,Computer Science Building - Lab 1,ar_eg,student,MEDIUM,False,0,,"Water supply, drainage or plumbing problem"
single_01999,SINGLE,Issue with projector,The projector does not turn on at Lecture Hall C. The instructor needs the equipment for the current class. The issue needs prompt attention. Several people may be affected. Please check.,INCIDENT,ELECTRICAL,AV_CLASSROOM_EQUIPMENT,HIGH,HIGH,Lecture Hall C,en,student,MEDIUM,False,0,,Classroom audio visual equipment issue
single_02000,SINGLE,AC unit مش شغال,محتاجين حد يشوف AC unit في Computer Science Building - Lab 1. The noise started during the current session.,INCIDENT,PLUMBING_WATER,HVAC_AC,MEDIUM,LOW,Computer Science Building - Lab 1,ar_eg,student,MEDIUM,False,0,,Air conditioning or ventilation issue
single_02001,SINGLE,Corridor needs attention,The corridor has not been cleaned at Lecture Hall B The corridor needs its regular cleaning service.,INCIDENT,CLEANING_WASTE,CLEANING_WASTE,LOW,LOW,Lecture Hall B,en,security_staff,EASY,False,0,,Cleaning or waste management problem
single_02002,SINGLE,ceiling محتاج تصليح,محتاجين حد يشوف ceiling في Computer Science Building - Room 203. The damage is limited to one area. الموضوع محتاج متابعة بسرعة. أكتر من شخص ممكن يكون متأثر. لو سمحت.,INCIDENT,BUILDING_STRUCTURE,BUILDING_STRUCTURE,HIGH,HIGH,Computer Science Building - Room 203,ar_eg,lab_assistant,MEDIUM,False,0,,"Building surface, door, window or structural issue"
single_02003,SINGLE,مشكلة في drain,محتاجين حد يشوف the drain في Engineering Building - Lab 2.,INCIDENT,PLUMBING_WATER,PLUMBING_WATER,MEDIUM,MEDIUM,Engineering Building - Lab 2,mixed,lab_assistant,HARD,False,0,,"Water supply, drainage or plumbing problem"
single_02004,SINGLE,الأسانسير مش شغال,elevator door محتاج متابعة في Administration Building - Room 12. The elevator cannot be used normally. الموضوع محتاج متابعة بسرعة.,INCIDENT,ELEVATOR,ELEVATOR,MEDIUM,HIGH,Administration Building - Room 12,ar_eg,security_staff,HARD,False,0,,Elevator or lift malfunction
single_02005,SINGLE,Problem with table,في مشكلة في table at Engineering Building - Room 101. The table does not remain steady during use.,INCIDENT,OTHER,FURNITURE_FIXTURES,LOW,MEDIUM,Engineering Building - Room 101,mixed,student,MEDIUM,False,0,,Furniture or fixture maintenance problem
single_02006,SINGLE,Vent needs attention,Please check the vent at Outdoor Courtyard. It is not working. Airflow from the vent is not normal.,INCIDENT,HVAC_AC,HVAC_AC,LOW,MEDIUM,Outdoor Courtyard,en,admin_staff,MEDIUM,False,0,,Air conditioning or ventilation issue
single_02007,SINGLE,microphone فيه مشكلة,محتاجين حد يشوف microphone في Administration Building - Room 18. The microphone is not producing any sound during the current class. الموضوع محتاج متابعة بسرعة. أكتر من شخص ممكن يكون متأثر.,INCIDENT,AV_CLASSROOM_EQUIPMENT,AV_CLASSROOM_EQUIPMENT,HIGH,HIGH,Administration Building - Room 18,ar_eg,lab_assistant,HARD,False,0,,Classroom audio visual equipment issue
single_02008,SINGLE,outdoor light فيه مشكلة,outdoor light محتاج متابعة في Main Entrance. The outdoor area is poorly lit after dark.,INCIDENT,GROUNDS_OUTDOOR,GROUNDS_OUTDOOR,MEDIUM,MEDIUM,Main Entrance,ar_eg,security_staff,HARD,False,0,,Outdoor area or grounds maintenance issue
single_02009,SINGLE,عطل في ceiling,ceiling محتاج متابعة في Engineering Building - Room 101. The damage is limited to one area. الموضوع محتاج متابعة بسرعة.,INCIDENT,BUILDING_STRUCTURE,BUILDING_STRUCTURE,MEDIUM,HIGH,Engineering Building - Room 101,ar_eg,dorm_resident,MEDIUM,False,0,,"Building surface, door, window or structural issue"
single_02010,SINGLE,Desk needs attention,Please check the desk at Dormitory A - Floor 1. It is unstable. The desk moves when it is used. Several people may be affected.,INCIDENT,FURNITURE_FIXTURES,FURNITURE_FIXTURES,HIGH,MEDIUM,Dormitory A - Floor 1,en,admin_staff,HARD,False,0,,Furniture or fixture maintenance problem
single_02011,SINGLE,Problem with desktop computer,The desktop computer keeps restarting at Computer Science Building - Lab 1. The computer restarts while it is being used.,INCIDENT,IT_HARDWARE_PRINTING,IT_HARDWARE_PRINTING,MEDIUM,LOW,Computer Science Building - Lab 1,en,admin_staff,MEDIUM,False,0,,Physical computer or printing equipment issue
single_02012,SINGLE,Vpn issue,I noticed that the VPN is not connecting in Science Building - Physics Lab. The VPN connection fails when access to the university network is required. Several people may be affected.,INCIDENT,IT_NETWORK_ACCOUNTS,IT_NETWORK_ACCOUNTS,HIGH,MEDIUM,Science Building - Physics Lab,en,student,MEDIUM,False,0,,Network or account access problem
single_02013,SINGLE,Problem with window,The problem is with window في Computer Science Building - Lab 1. The room is still accessible but the window needs repair.,INCIDENT,FURNITURE_FIXTURES,BUILDING_STRUCTURE,MEDIUM,MEDIUM,Computer Science Building - Lab 1,mixed,student,EASY,False,0,,"Building surface, door, window or structural issue"
single_02014,SINGLE,projector فيه مشكلة,محتاجين حد يشوف projector في Computer Science Building - Room 203. The instructor needs the equipment for the current class. الموضوع محتاج متابعة بسرعة. أكتر من شخص ممكن يكون متأثر.,INCIDENT,ELECTRICAL,AV_CLASSROOM_EQUIPMENT,HIGH,HIGH,Computer Science Building - Room 203,ar_eg,lecturer,HARD,False,0,,Classroom audio visual equipment issue
single_02015,SINGLE,عطل في login,login محتاج متابعة في Engineering Building - Lab 4. The system repeatedly asks the user to sign in. الموضوع محتاج متابعة بسرعة. أكتر من شخص ممكن يكون متأثر.,INCIDENT,IT_NETWORK_ACCOUNTS,IT_NETWORK_ACCOUNTS,HIGH,HIGH,Engineering Building - Lab 4,ar_eg,student,MEDIUM,False,0,,Network or account access problem
single_02016,SINGLE,Problem with mouse,I noticed that the mouse stopped responding in Engineering Building - Lab 2. The pointer does not move normally.,INCIDENT,AV_CLASSROOM_EQUIPMENT,IT_HARDWARE_PRINTING,LOW,LOW,Engineering Building - Lab 2,en,lecturer,MEDIUM,False,0,,Physical computer or printing equipment issue
single_02017,SINGLE,Problem with corridor,I noticed that the corridor has not been cleaned in Dormitory A - Floor 1. The corridor needs its regular cleaning service. Please check.,INCIDENT,PLUMBING_WATER,CLEANING_WASTE,LOW,MEDIUM,Dormitory A - Floor 1,en,student,MEDIUM,False,0,,Cleaning or waste management problem
single_02018,SINGLE,Problem with chair,There is a problem with the chair at Outdoor Courtyard. The chair can still be used with difficulty.,INCIDENT,FURNITURE_FIXTURES,FURNITURE_FIXTURES,MEDIUM,LOW,Outdoor Courtyard,en,security_staff,HARD,False,0,,Furniture or fixture maintenance problem
single_02019,SINGLE,Problem with power outlet,I noticed that the power outlet is not working in Computer Science Building - Lab 3. The outlet is needed for equipment in the room.,INCIDENT,BUILDING_STRUCTURE,ELECTRICAL,MEDIUM,MEDIUM,Computer Science Building - Lab 3,en,admin_staff,MEDIUM,False,0,,Electrical power or lighting problem
single_02020,SINGLE,Toilet issue,Please check the toilet at Library - Second Floor. It is overflowing. Water is spreading around the bathroom area. The issue needs prompt attention.,INCIDENT,PLUMBING_WATER,PLUMBING_WATER,MEDIUM,HIGH,Library - Second Floor,en,lecturer,HARD,False,0,,"Water supply, drainage or plumbing problem"
single_02021,SINGLE,Vpn needs attention,There is a problem with the VPN at Computer Science Building - Room 203. The VPN connection fails when access to the university network is required.,INCIDENT,IT_NETWORK_ACCOUNTS,IT_NETWORK_ACCOUNTS,MEDIUM,MEDIUM,Computer Science Building - Room 203,en,admin_staff,MEDIUM,False,0,,Network or account access problem
single_02022,SINGLE,Problem with equipment area,Please check the equipment area at Dormitory B - Floor 1. It is not functioning normally. The problem could not be classified more specifically.,SERVICE_REQUEST,OTHER,OTHER,MEDIUM,LOW,Dormitory B - Floor 1,en,dorm_resident,MEDIUM,False,0,,Issue does not fit a specific category
single_02023,SINGLE,Air conditioner is not cooling,There is a problem with the air conditioner at Lecture Hall C. The room becomes uncomfortable after some time.,INCIDENT,HVAC_AC,HVAC_AC,MEDIUM,MEDIUM,Lecture Hall C,en,lab_assistant,MEDIUM,False,0,,Air conditioning or ventilation issue
single_02024,SINGLE,3atel fe table,feh moshkela fel table fe Engineering Building - Lab 2.,INCIDENT,FURNITURE_FIXTURES,FURNITURE_FIXTURES,LOW,LOW,Engineering Building - Lab 2,arabizi,security_staff,EASY,False,0,,Furniture or fixture maintenance problem
single_02025,SINGLE,el room mehtag check,el moshkela fe room zahret fe Lecture Hall B.,SERVICE_REQUEST,CLEANING_WASTE,OTHER,MEDIUM,LOW,Lecture Hall B,arabizi,dorm_resident,HARD,False,0,,Issue does not fit a specific category
single_02026,SINGLE,Slippery floor needs attention,There is a problem with the slippery floor at Student Affairs Office. People are still using the area. Several people may be affected.,INCIDENT,SAFETY_HAZARD,SAFETY_HAZARD,HIGH,MEDIUM,Student Affairs Office,en,dorm_resident,HARD,False,0,,Reported physical safety hazard
single_02027,SINGLE,Smart board is not responding,I noticed that the smart board is not responding in Computer Science Building - Room 203. The board does not respond when the instructor interacts with it.,INCIDENT,AV_CLASSROOM_EQUIPMENT,AV_CLASSROOM_EQUIPMENT,MEDIUM,MEDIUM,Computer Science Building - Room 203,en,security_staff,MEDIUM,False,0,,Classroom audio visual equipment issue
single_02028,SINGLE,مشكلة محتاجة تدخل في smoke,محتاجين حد يشوف smoke في Science Building - Physics Lab. The source of the smoke is not clear.,INCIDENT,SAFETY_HAZARD,SAFETY_HAZARD,LOW,MEDIUM,Science Building - Physics Lab,ar_eg,security_staff,HARD,False,0,,Reported physical safety hazard
single_02029,SINGLE,Issue with door handle,I noticed that the door handle is loose in Sports Building. The handle moves when the door is opened. Several people may be affected.,INCIDENT,FURNITURE_FIXTURES,FURNITURE_FIXTURES,HIGH,MEDIUM,Sports Building,en,lab_assistant,MEDIUM,False,0,,Furniture or fixture maintenance problem
single_02030,SINGLE,مشكلة في facility,محتاجين حد يشوف the facility في Engineering Building - Lab 4. please,SERVICE_REQUEST,OTHER,OTHER,MEDIUM,MEDIUM,Engineering Building - Lab 4,mixed,security_staff,HARD,False,0,,Issue does not fit a specific category
single_02031,SINGLE,Light issue,Please check the light at Parking Area. It is flickering. The light turns off and on repeatedly.,INCIDENT,BUILDING_STRUCTURE,ELECTRICAL,MEDIUM,MEDIUM,Parking Area,en,lab_assistant,HARD,False,0,,Electrical power or lighting problem
single_02032,SINGLE,mshkela fe classroom,momken 7ad yshoof el classroom fe Lecture Hall C?,INCIDENT,CLEANING_WASTE,CLEANING_WASTE,LOW,MEDIUM,Lecture Hall C,arabizi,dorm_resident,EASY,False,0,,Cleaning or waste management problem
single_02033,SINGLE,ceiling light مش شغال,ceiling light محتاج متابعة في Main Lecture Hall. The room is less visible because the light is not working.,INCIDENT,OTHER,ELECTRICAL,MEDIUM,MEDIUM,Main Lecture Hall,ar_eg,lecturer,MEDIUM,False,0,,Electrical power or lighting problem
single_02034,SINGLE,Toilet needs attention,There is a problem with the toilet at Computer Science Building - Room 203. Water is spreading around the bathroom area. Several people may be affected. Please check.,INCIDENT,PLUMBING_WATER,PLUMBING_WATER,HIGH,MEDIUM,Computer Science Building - Room 203,en,security_staff,HARD,False,0,,"Water supply, drainage or plumbing problem"
single_02035,SINGLE,مشكلة في the table,The problem is with table في Computer Science Building - Room 203. The table does not remain steady during use.,INCIDENT,FURNITURE_FIXTURES,FURNITURE_FIXTURES,LOW,LOW,Computer Science Building - Room 203,mixed,dorm_resident,MEDIUM,False,0,,Furniture or fixture maintenance problem
single_02036,SINGLE,مشكلة في USB port,في مشكلة في USB port في Library - Second Floor. Connected devices are not recognized by the computer. الموضوع محتاج متابعة بسرعة. ضروري شوية,INCIDENT,IT_HARDWARE_PRINTING,IT_HARDWARE_PRINTING,LOW,HIGH,Library - Second Floor,ar_eg,dorm_resident,MEDIUM,False,0,,Physical computer or printing equipment issue
single_02037,SINGLE,Table needs attention,There is a problem with the table at Lecture Hall C. The table does not remain steady during use.,INCIDENT,FURNITURE_FIXTURES,FURNITURE_FIXTURES,LOW,LOW,Lecture Hall C,en,student,EASY,False,0,,Furniture or fixture maintenance problem
single_02038,SINGLE,مشكلة في the Wi-Fi,في مشكلة في Wi-Fi at Computer Science Building - Lab 1. The connection drops after a few minutes.,INCIDENT,IT_NETWORK_ACCOUNTS,IT_NETWORK_ACCOUNTS,MEDIUM,MEDIUM,Computer Science Building - Lab 1,mixed,admin_staff,MEDIUM,False,0,,Network or account access problem
single_02039,SINGLE,عطل في sink,sink محتاج متابعة في Parking Area. Water is collecting on the floor. أكتر من شخص ممكن يكون متأثر.,INCIDENT,PLUMBING_WATER,PLUMBING_WATER,HIGH,MEDIUM,Parking Area,ar_eg,security_staff,HARD,False,0,,"Water supply, drainage or plumbing problem"
single_02040,SINGLE,Student account needs attention,The student account does not accept the password at Engineering Building - Lab 2. The password is correct but the login keeps failing. The issue needs prompt attention.,INCIDENT,IT_NETWORK_ACCOUNTS,IT_NETWORK_ACCOUNTS,LOW,HIGH,Engineering Building - Lab 2,en,lab_assistant,EASY,False,0,,Network or account access problem
single_02041,SINGLE,مشكلة في the network connection,The network connection is very slow في Computer Science Building - Room 203. The connection becomes slow during normal campus use.,INCIDENT,OTHER,IT_NETWORK_ACCOUNTS,LOW,MEDIUM,Computer Science Building - Room 203,mixed,student,EASY,False,0,,Network or account access problem
single_02042,SINGLE,el common area feh moshkela,momken 7ad yshoof el common area fe Library - First Floor?,INCIDENT,CLEANING_WASTE,CLEANING_WASTE,LOW,LOW,Library - First Floor,arabizi,security_staff,HARD,False,0,,Cleaning or waste management problem
single_02043,SINGLE,mshkela fe walkway,el moshkela fe walkway zahret fe Main Entrance.,INCIDENT,GROUNDS_OUTDOOR,GROUNDS_OUTDOOR,MEDIUM,LOW,Main Entrance,arabizi,student,MEDIUM,False,0,,Outdoor area or grounds maintenance issue
single_02044,SINGLE,Damaged safety sign needs attention,Please check the damaged safety sign at Engineering Building - Lab 2 It needs attention. The safety information is no longer clearly visible. Several people may be affected.,INCIDENT,SAFETY_HAZARD,SAFETY_HAZARD,HIGH,LOW,Engineering Building - Lab 2,en,lab_assistant,HARD,False,0,,Reported physical safety hazard
single_02045,SINGLE,Problem with projector,في مشكلة في projector at Computer Science Building - Room 203. Changing the input source did not help. الموضوع محتاج prompt attention. أكتر من شخص ممكن يكون affected.,INCIDENT,AV_CLASSROOM_EQUIPMENT,AV_CLASSROOM_EQUIPMENT,HIGH,HIGH,Computer Science Building - Room 203,mixed,student,HARD,False,0,,Classroom audio visual equipment issue
single_02046,SINGLE,common area مش نضيف,لاحظت إن common area فيه مشكلة في Dormitory B - Floor 3. The odor was noticed recently in the area. الموضوع محتاج متابعة بسرعة. أكتر من شخص ممكن يكون متأثر.,INCIDENT,CLEANING_WASTE,CLEANING_WASTE,HIGH,HIGH,Dormitory B - Floor 3,ar_eg,lecturer,MEDIUM,False,0,,Cleaning or waste management problem
single_02047,SINGLE,Issue with gate,I noticed that the gate is not working in Parking Area. The gate cannot be operated normally.,INCIDENT,GROUNDS_OUTDOOR,GROUNDS_OUTDOOR,MEDIUM,MEDIUM,Parking Area,en,security_staff,MEDIUM,False,0,,Outdoor area or grounds maintenance issue
single_02048,SINGLE,power outlet فيه مشكلة,لاحظت إن power outlet فيه مشكلة في Dormitory B - Floor 3. The outlet is needed for equipment in the room. أكتر من شخص ممكن يكون متأثر.,INCIDENT,ELECTRICAL,ELECTRICAL,HIGH,MEDIUM,Dormitory B - Floor 3,ar_eg,admin_staff,EASY,False,0,,Electrical power or lighting problem
single_02049,SINGLE,Lecture screen is showing a blank screen,Please check the lecture screen at Engineering Building - Room 101. It is showing a blank screen. The issue affects the classroom display. The issue needs prompt attention.,INCIDENT,AV_CLASSROOM_EQUIPMENT,AV_CLASSROOM_EQUIPMENT,LOW,HIGH,Engineering Building - Room 101,en,lecturer,EASY,False,0,,Classroom audio visual equipment issue
single_02050,SINGLE,el desk mehtag check,momken 7ad yshoof el desk fe Lecture Hall B?,INCIDENT,BUILDING_STRUCTURE,FURNITURE_FIXTURES,MEDIUM,MEDIUM,Lecture Hall B,arabizi,admin_staff,MEDIUM,False,0,,Furniture or fixture maintenance problem
single_02051,SINGLE,Student account needs attention,There is a problem with the student account at Library - First Floor. The password is correct but the login keeps failing.,INCIDENT,IT_NETWORK_ACCOUNTS,IT_NETWORK_ACCOUNTS,MEDIUM,MEDIUM,Library - First Floor,en,student,MEDIUM,False,0,,Network or account access problem
single_02052,SINGLE,Thermostat is not responding,There is a problem with the thermostat at Science Building - Physics Lab. The temperature cannot be adjusted normally.,INCIDENT,HVAC_AC,HVAC_AC,MEDIUM,MEDIUM,Science Building - Physics Lab,en,security_staff,EASY,False,0,,Air conditioning or ventilation issue
single_02053,SINGLE,el air conditioning system mehtag check,feh moshkela fel air conditioning system fe Library - Second Floor.,INCIDENT,PLUMBING_WATER,HVAC_AC,MEDIUM,MEDIUM,Library - Second Floor,arabizi,security_staff,EASY,False,0,,Air conditioning or ventilation issue
single_02054,SINGLE,Shelf needs repair,The shelf needs repair at Lecture Hall C. The shelf is loose and needs maintenance.,INCIDENT,FURNITURE_FIXTURES,FURNITURE_FIXTURES,MEDIUM,MEDIUM,Lecture Hall C,en,admin_staff,EASY,False,0,,Furniture or fixture maintenance problem
single_02055,SINGLE,el exposed wire mehtag check,feh moshkela fel exposed wire fe Dormitory A - Floor 1. el mawdoo3 mehtag check بسرعة.,INCIDENT,ELECTRICAL,SAFETY_HAZARD,MEDIUM,HIGH,Dormitory A - Floor 1,arabizi,lab_assistant,MEDIUM,False,0,,Reported physical safety hazard
single_02056,SINGLE,el login mehtag check,el login keeps asking for login fe Computer Science Building - Lab 3. The system repeatedly asks the user to sign in.,INCIDENT,IT_HARDWARE_PRINTING,IT_NETWORK_ACCOUNTS,MEDIUM,MEDIUM,Computer Science Building - Lab 3,arabizi,student,EASY,False,0,,Network or account access problem
single_02057,SINGLE,Problem with campus network,I noticed that the campus network is not connecting in Science Building - Chemistry Lab. Other devices in the same area seem to have the same problem. Several people may be affected.,INCIDENT,IT_NETWORK_ACCOUNTS,IT_NETWORK_ACCOUNTS,HIGH,MEDIUM,Science Building - Chemistry Lab,en,student,MEDIUM,False,0,,Network or account access problem
single_02058,SINGLE,Problem with microphone,There is a problem with the microphone at Lecture Hall B. The microphone is not producing any sound during the current class. The issue needs prompt attention. Several people may be affected.,INCIDENT,AV_CLASSROOM_EQUIPMENT,AV_CLASSROOM_EQUIPMENT,HIGH,HIGH,Lecture Hall B,en,admin_staff,HARD,False,0,,Classroom audio visual equipment issue
single_02059,SINGLE,عطل في الأسانسير,في مشكلة في elevator في Library - First Floor. People are currently using the building stairs. الموضوع محتاج متابعة بسرعة. أكتر من شخص ممكن يكون متأثر.,INCIDENT,SAFETY_HAZARD,ELEVATOR,HIGH,HIGH,Library - First Floor,ar_eg,dorm_resident,HARD,False,0,,Elevator or lift malfunction
single_02060,SINGLE,Problem with power outlet,I noticed that the power outlet is not working in Science Building - Chemistry Lab. The outlet is needed for equipment in the room.,INCIDENT,ELECTRICAL,ELECTRICAL,LOW,LOW,Science Building - Chemistry Lab,en,admin_staff,MEDIUM,False,0,,Electrical power or lighting problem
single_02061,SINGLE,مشكلة في classroom,classroom محتاج متابعة في Dormitory A - Floor 1. The area has been used throughout the day.,INCIDENT,CLEANING_WASTE,CLEANING_WASTE,LOW,LOW,Dormitory A - Floor 1,ar_eg,student,EASY,False,0,,Cleaning or waste management problem
single_02062,SINGLE,Problem with VPN,There is a problem with the VPN at Engineering Building - Lab 4. The VPN connection fails when access to the university network is required. The issue needs prompt attention. Several people may be affected. Please check.,INCIDENT,OTHER,IT_NETWORK_ACCOUNTS,HIGH,HIGH,Engineering Building - Lab 4,en,admin_staff,MEDIUM,False,0,,Network or account access problem
single_02063,SINGLE,مشكلة في the AC unit,محتاجين حد يشوف the AC unit في Cafeteria.,INCIDENT,HVAC_AC,HVAC_AC,MEDIUM,MEDIUM,Cafeteria,mixed,student,MEDIUM,False,0,,Air conditioning or ventilation issue
single_02064,SINGLE,Exposed wire issue,Please check the exposed wire at Dormitory A - Floor 2. It creates a safety concern. The exposed wire is accessible in the area. The issue needs prompt attention. Several people may be affected.,INCIDENT,SAFETY_HAZARD,SAFETY_HAZARD,HIGH,HIGH,Dormitory A - Floor 2,en,dorm_resident,MEDIUM,False,0,,Reported physical safety hazard
single_02065,SINGLE,مشكلة في classroom,لاحظت إن classroom فيه مشكلة في Cafeteria. The area has been used throughout the day.,INCIDENT,CLEANING_WASTE,CLEANING_WASTE,LOW,MEDIUM,Cafeteria,ar_eg,security_staff,EASY,False,0,,Cleaning or waste management problem
single_02066,SINGLE,عطل في الأسانسير,محتاجين حد يشوف elevator panel في Dormitory A - Floor 1. The elevator controls are not working normally. أكتر من شخص ممكن يكون متأثر.,INCIDENT,ELEVATOR,ELEVATOR,HIGH,MEDIUM,Dormitory A - Floor 1,ar_eg,lecturer,HARD,False,0,,Elevator or lift malfunction
single_02067,SINGLE,Problem with floor tile,محتاجين حد يشوف the floor tile في Dormitory A - Floor 2.,INCIDENT,BUILDING_STRUCTURE,BUILDING_STRUCTURE,MEDIUM,MEDIUM,Dormitory A - Floor 2,mixed,student,MEDIUM,False,0,,"Building surface, door, window or structural issue"
single_02068,SINGLE,مشكلة في chair,chair محتاج متابعة في Dormitory A - Floor 1. The chair can still be used with difficulty. لو سمحت.,INCIDENT,FURNITURE_FIXTURES,FURNITURE_FIXTURES,LOW,LOW,Dormitory A - Floor 1,ar_eg,lecturer,EASY,False,0,,Furniture or fixture maintenance problem
single_02069,SINGLE,Issue with university email,There is a problem with the university email at Science Building - Chemistry Lab. The account cannot open the university email service.,INCIDENT,IT_NETWORK_ACCOUNTS,IT_NETWORK_ACCOUNTS,MEDIUM,MEDIUM,Science Building - Chemistry Lab,en,admin_staff,MEDIUM,False,0,,Network or account access problem
single_02070,SINGLE,Desk issue,I noticed that the desk is unstable in Dormitory B - Floor 1. The desk moves when it is used.,INCIDENT,FURNITURE_FIXTURES,FURNITURE_FIXTURES,MEDIUM,MEDIUM,Dormitory B - Floor 1,en,admin_staff,EASY,False,0,,Furniture or fixture maintenance problem
single_02071,SINGLE,Waste bin issue,Please check the waste bin at Cafeteria. It has overflowing waste. The waste bin has not been emptied recently.,INCIDENT,CLEANING_WASTE,CLEANING_WASTE,MEDIUM,MEDIUM,Cafeteria,en,lecturer,MEDIUM,False,0,,Cleaning or waste management problem
single_02072,SINGLE,The wall has an issue,في مشكلة في wall at Dormitory A - Floor 2. The crack has become more noticeable.,INCIDENT,BUILDING_STRUCTURE,BUILDING_STRUCTURE,MEDIUM,LOW,Dormitory A - Floor 2,mixed,student,MEDIUM,False,0,,"Building surface, door, window or structural issue"
single_02073,SINGLE,Problem with classroom,Please check the classroom at Lecture Hall C. It has not been cleaned. The area has been used throughout the day.,INCIDENT,CLEANING_WASTE,CLEANING_WASTE,MEDIUM,LOW,Lecture Hall C,en,lecturer,MEDIUM,False,0,,Cleaning or waste management problem
single_02074,SINGLE,عطل في AC unit,في مشكلة في AC unit في Engineering Building - Room 101. Water is appearing below the unit. أكتر من شخص ممكن يكون متأثر.,INCIDENT,OTHER,HVAC_AC,HIGH,MEDIUM,Engineering Building - Room 101,ar_eg,security_staff,HARD,False,0,,Air conditioning or ventilation issue
single_02075,SINGLE,Projector needs attention,There is a problem with the projector at Administration Building - Room 12. Changing the input source did not help. Several people may be affected.,INCIDENT,AV_CLASSROOM_EQUIPMENT,AV_CLASSROOM_EQUIPMENT,HIGH,MEDIUM,Administration Building - Room 12,en,lecturer,HARD,False,0,,Classroom audio visual equipment issue
single_02076,SINGLE,مشكلة في ceiling light,محتاجين حد يشوف the ceiling light في Dormitory A - Floor 1. There is a كهربا safety concern في المكان.,INCIDENT,ELECTRICAL,ELECTRICAL,HIGH,HIGH,Dormitory A - Floor 1,mixed,lecturer,MEDIUM,True,0,,Electrical power or lighting problem
single_02077,SINGLE,outdoor light فيه مشكلة,في مشكلة في outdoor light في Main Entrance. The outdoor area is poorly lit after dark. الموضوع محتاج متابعة بسرعة.,INCIDENT,BUILDING_STRUCTURE,GROUNDS_OUTDOOR,MEDIUM,HIGH,Main Entrance,ar_eg,admin_staff,MEDIUM,False,0,,Outdoor area or grounds maintenance issue
single_02078,SINGLE,el corridor feh moshkela,el moshkela fe corridor zahret fe Cafeteria.,INCIDENT,CLEANING_WASTE,CLEANING_WASTE,LOW,LOW,Cafeteria,arabizi,lecturer,MEDIUM,False,0,,Cleaning or waste management problem
single_02079,SINGLE,Campus network needs attention,The campus network is not connecting at Engineering Building - Lab 4. Other devices in the same area seem to have the same problem.,INCIDENT,IT_NETWORK_ACCOUNTS,IT_NETWORK_ACCOUNTS,MEDIUM,MEDIUM,Engineering Building - Lab 4,en,lecturer,MEDIUM,False,0,,Network or account access problem
single_02080,SINGLE,el service area feh moshkela,el service area needs maintenance fe Computer Science Building - Room 203. A technician may need to inspect the area. el mawdoo3 mehtag check بسرعة. aktar men 7ad momken ykoon mota2asser.,SERVICE_REQUEST,OTHER,OTHER,HIGH,HIGH,Computer Science Building - Room 203,arabizi,lab_assistant,MEDIUM,False,0,,Issue does not fit a specific category
single_02081,SINGLE,Lift needs attention,There is a problem with the lift at Engineering Building - Lab 2. The elevator requires immediate technical inspection. The issue needs prompt attention. Several people may be affected.,INCIDENT,ELEVATOR,ELEVATOR,HIGH,HIGH,Engineering Building - Lab 2,en,student,MEDIUM,False,0,,Elevator or lift malfunction
single_02082,SINGLE,Table issue,There is a problem with the table at Parking Area. The table does not remain steady during use.,INCIDENT,FURNITURE_FIXTURES,FURNITURE_FIXTURES,LOW,LOW,Parking Area,en,admin_staff,EASY,False,0,,Furniture or fixture maintenance problem
single_02083,SINGLE,Problem with toilet,I noticed that the toilet is overflowing in Science Building - Physics Lab. Water is spreading around the bathroom area. The issue needs prompt attention. Several people may be affected.,INCIDENT,PLUMBING_WATER,PLUMBING_WATER,HIGH,HIGH,Science Building - Physics Lab,en,lecturer,HARD,False,0,,"Water supply, drainage or plumbing problem"
single_02084,SINGLE,3atel fe USB port,el USB port does not detect the device fe Computer Science Building - Lab 3. Connected devices are not recognized by the computer.,INCIDENT,IT_HARDWARE_PRINTING,IT_HARDWARE_PRINTING,LOW,LOW,Computer Science Building - Lab 3,arabizi,student,MEDIUM,False,0,,Physical computer or printing equipment issue
single_02085,SINGLE,مشكلة محتاجة فحص,service area محتاج متابعة في Dormitory B - Floor 3. A technician may need to inspect the area.,SERVICE_REQUEST,OTHER,OTHER,LOW,MEDIUM,Dormitory B - Floor 3,ar_eg,dorm_resident,MEDIUM,False,0,,Issue does not fit a specific category
single_02086,SINGLE,mshkela fe shelf,el shelf needs repair fe Main Entrance. The shelf is loose and needs maintenance. el mawdoo3 mehtag check بسرعة. plz check.,INCIDENT,OTHER,FURNITURE_FIXTURES,MEDIUM,HIGH,Main Entrance,arabizi,lecturer,MEDIUM,False,0,,Furniture or fixture maintenance problem
single_02087,SINGLE,Elevator needs attention,The elevator is not moving at Engineering Building - Lab 2. People are currently using the building stairs. The issue needs prompt attention.,INCIDENT,ELEVATOR,ELEVATOR,MEDIUM,HIGH,Engineering Building - Lab 2,en,lab_assistant,HARD,False,0,,Elevator or lift malfunction
single_02088,SINGLE,Issue with power outlet,I noticed that the power outlet is not working in Administration Building - Room 12. The outlet is needed for equipment in the room.,INCIDENT,ELECTRICAL,ELECTRICAL,MEDIUM,MEDIUM,Administration Building - Room 12,en,dorm_resident,HARD,False,0,,Electrical power or lighting problem
single_02089,SINGLE,Smart board needs attention,There is a problem with the smart board at Computer Science Building - Room 203. The board does not respond when the instructor interacts with it.,INCIDENT,AV_CLASSROOM_EQUIPMENT,AV_CLASSROOM_EQUIPMENT,MEDIUM,MEDIUM,Computer Science Building - Room 203,en,security_staff,HARD,False,0,,Classroom audio visual equipment issue
single_02090,SINGLE,Air conditioning system is blowing warm air,I noticed that the air conditioning system is blowing warm air in Dormitory B - Floor 3. The room is not cooling normally. The issue needs prompt attention. Several people may be affected.,INCIDENT,HVAC_AC,HVAC_AC,HIGH,HIGH,Dormitory B - Floor 3,en,lecturer,MEDIUM,False,0,,Air conditioning or ventilation issue
single_02091,SINGLE,Problem with AC unit,في مشكلة في AC unit at Computer Science Building - Lab 1. The noise started during the current session.,INCIDENT,HVAC_AC,HVAC_AC,MEDIUM,MEDIUM,Computer Science Building - Lab 1,mixed,dorm_resident,EASY,False,0,,Air conditioning or ventilation issue
single_02092,SINGLE,Shelf needs repair,Please check the shelf at Dormitory B - Floor 3. It needs repair. The shelf is loose and needs maintenance.,INCIDENT,OTHER,FURNITURE_FIXTURES,MEDIUM,LOW,Dormitory B - Floor 3,en,lab_assistant,HARD,False,0,,Furniture or fixture maintenance problem
single_02093,SINGLE,The wall socket has an issue,The wall socket has no power في Science Building - Chemistry Lab. Other sockets in the room still have power.,INCIDENT,ELECTRICAL,ELECTRICAL,MEDIUM,MEDIUM,Science Building - Chemistry Lab,mixed,admin_staff,EASY,False,0,,Electrical power or lighting problem
single_02094,SINGLE,Problem with equipment area,There is a problem with the equipment area at Lecture Hall B. The problem could not be classified more specifically.,INCIDENT,OTHER,OTHER,MEDIUM,MEDIUM,Lecture Hall B,en,lecturer,HARD,False,0,,Issue does not fit a specific category
single_02095,SINGLE,Ac unit needs attention,Please check the AC unit at Lecture Hall C. It is making a strange noise. The noise started during the current session.,INCIDENT,HVAC_AC,HVAC_AC,MEDIUM,LOW,Lecture Hall C,en,dorm_resident,MEDIUM,False,0,,Air conditioning or ventilation issue
single_02096,SINGLE,مشكلة في water pipe,في مشكلة في water pipe في Library - First Floor. The leak becomes worse when the water is used. الموضوع محتاج متابعة بسرعة. أكتر من شخص ممكن يكون متأثر.,INCIDENT,PLUMBING_WATER,PLUMBING_WATER,HIGH,HIGH,Library - First Floor,ar_eg,lecturer,MEDIUM,False,0,,"Water supply, drainage or plumbing problem"
single_02097,SINGLE,Exposed wire creates a safety concern,I noticed that the exposed wire creates a safety concern in Student Affairs Office. The exposed wire is accessible in the area. The issue needs prompt attention.,INCIDENT,SAFETY_HAZARD,SAFETY_HAZARD,LOW,HIGH,Student Affairs Office,en,security_staff,HARD,False,0,,Reported physical safety hazard
single_02098,SINGLE,Problem with login,محتاجين حد يشوف the login في Library - First Floor. أكتر من شخص ممكن يكون affected.,INCIDENT,OTHER,IT_NETWORK_ACCOUNTS,HIGH,MEDIUM,Library - First Floor,mixed,lab_assistant,HARD,False,0,,Network or account access problem
single_02099,SINGLE,Ceiling light stopped working,I noticed that the ceiling light stopped working in Computer Science Building - Room 203. The room is less visible because the light is not working. The issue needs prompt attention.,INCIDENT,OTHER,ELECTRICAL,LOW,HIGH,Computer Science Building - Room 203,en,security_staff,MEDIUM,False,0,,Electrical power or lighting problem
single_02100,SINGLE,Wall socket issue,Please check the wall socket at Parking Area. It has no power. Other sockets in the room still have power.,INCIDENT,ELECTRICAL,ELECTRICAL,MEDIUM,LOW,Parking Area,en,dorm_resident,MEDIUM,False,0,,Electrical power or lighting problem
single_02101,SINGLE,مشكلة في wall,The wall is cracked في Parking Area. The crack has become more noticeable.,INCIDENT,BUILDING_STRUCTURE,BUILDING_STRUCTURE,MEDIUM,LOW,Parking Area,mixed,admin_staff,MEDIUM,False,0,,"Building surface, door, window or structural issue"
single_02102,SINGLE,corridor مش نضيف,في مشكلة في corridor في Main Lecture Hall. The corridor needs its regular cleaning service.,INCIDENT,OTHER,CLEANING_WASTE,LOW,MEDIUM,Main Lecture Hall,ar_eg,dorm_resident,EASY,False,0,,Cleaning or waste management problem
single_02103,SINGLE,Shelf needs attention,Please check the shelf at Cafeteria. It needs repair. The shelf is loose and needs maintenance.,INCIDENT,FURNITURE_FIXTURES,FURNITURE_FIXTURES,MEDIUM,MEDIUM,Cafeteria,en,lab_assistant,HARD,False,0,,Furniture or fixture maintenance problem
single_02104,SINGLE,Laptop needs attention,There is a problem with the laptop at Engineering Building - Lab 2. Applications take a long time to respond.,INCIDENT,IT_HARDWARE_PRINTING,IT_HARDWARE_PRINTING,LOW,LOW,Engineering Building - Lab 2,en,student,EASY,False,0,,Physical computer or printing equipment issue
single_02105,SINGLE,Drain needs attention,Please check the drain at Science Building - Chemistry Lab. It is blocked. Water is draining very slowly. Please check.,INCIDENT,PLUMBING_WATER,PLUMBING_WATER,MEDIUM,LOW,Science Building - Chemistry Lab,en,lecturer,EASY,False,0,,"Water supply, drainage or plumbing problem"
single_02106,SINGLE,مشكلة صيانة غير واضحة,محتاجين حد يشوف equipment area في Lecture Hall C. The problem could not be classified more specifically.,SERVICE_REQUEST,OTHER,OTHER,MEDIUM,MEDIUM,Lecture Hall C,ar_eg,lecturer,HARD,False,0,,Issue does not fit a specific category
single_02107,SINGLE,Lift issue,There is a problem with the lift at Engineering Building - Lab 2. The elevator requires immediate technical inspection.,INCIDENT,ELEVATOR,ELEVATOR,LOW,MEDIUM,Engineering Building - Lab 2,en,admin_staff,HARD,False,0,,Elevator or lift malfunction
single_02108,SINGLE,el keyboard mehtag check,feh moshkela fel keyboard fe Engineering Building - Lab 4.,INCIDENT,IT_HARDWARE_PRINTING,IT_HARDWARE_PRINTING,LOW,LOW,Engineering Building - Lab 4,arabizi,student,MEDIUM,False,0,,Physical computer or printing equipment issue
single_02109,SINGLE,Problem with facility,The problem is with facility في Dormitory A - Floor 1. The exact cause is not clear. الموضوع محتاج prompt attention.,INCIDENT,OTHER,OTHER,MEDIUM,HIGH,Dormitory A - Floor 1,mixed,dorm_resident,MEDIUM,False,0,,Issue does not fit a specific category
single_02110,SINGLE,Problem with printer,There is a problem with the printer at Science Building - Physics Lab. The printer worked normally earlier today. The issue needs prompt attention.,INCIDENT,IT_HARDWARE_PRINTING,IT_HARDWARE_PRINTING,MEDIUM,HIGH,Science Building - Physics Lab,en,lab_assistant,EASY,False,0,,Physical computer or printing equipment issue
single_02111,SINGLE,مشكلة سلامة في broken railing,في مشكلة في broken railing في Administration Building - Room 12. The damaged railing is located on a frequently used path. الموضوع محتاج متابعة بسرعة. أكتر من شخص ممكن يكون متأثر.,INCIDENT,SAFETY_HAZARD,SAFETY_HAZARD,HIGH,HIGH,Administration Building - Room 12,ar_eg,admin_staff,HARD,False,0,,Reported physical safety hazard
single_02112,SINGLE,mshkela fe waste bin,el waste bin has overflowing waste fe Dormitory B - Floor 3. The waste bin has not been emptied recently. el mawdoo3 mehtag check بسرعة.,INCIDENT,CLEANING_WASTE,CLEANING_WASTE,MEDIUM,HIGH,Dormitory B - Floor 3,arabizi,lab_assistant,MEDIUM,False,0,,Cleaning or waste management problem
single_02113,SINGLE,el facility mehtag check,feh moshkela fel facility fe Parking Area. plz,INCIDENT,OTHER,OTHER,MEDIUM,MEDIUM,Parking Area,arabizi,dorm_resident,HARD,False,0,,Issue does not fit a specific category
single_02114,SINGLE,el waste bin mehtag check,el moshkela fe waste bin zahret fe Library - Second Floor.,INCIDENT,CLEANING_WASTE,CLEANING_WASTE,LOW,MEDIUM,Library - Second Floor,arabizi,lab_assistant,HARD,False,0,,Cleaning or waste management problem
single_02115,SINGLE,مشكلة في garden area,محتاجين حد يشوف garden area في Parking Area. The area needs routine grounds maintenance.,SERVICE_REQUEST,GROUNDS_OUTDOOR,GROUNDS_OUTDOOR,LOW,MEDIUM,Parking Area,ar_eg,student,EASY,False,0,,Outdoor area or grounds maintenance issue
single_02116,SINGLE,Problem with corridor,There is a problem with the corridor at Cafeteria. The corridor needs its regular cleaning service.,INCIDENT,CLEANING_WASTE,CLEANING_WASTE,MEDIUM,LOW,Cafeteria,en,student,MEDIUM,False,0,,Cleaning or waste management problem
single_02117,SINGLE,mshkela fe electrical switch,el moshkela fe electrical switch zahret fe Computer Science Building - Lab 3.,INCIDENT,ELECTRICAL,ELECTRICAL,MEDIUM,MEDIUM,Computer Science Building - Lab 3,arabizi,security_staff,MEDIUM,False,0,,Electrical power or lighting problem
single_02118,SINGLE,Issue with gate,I noticed that the gate is not working in Parking Area. The gate cannot be operated normally. Several people may be affected. Please check.,INCIDENT,GROUNDS_OUTDOOR,GROUNDS_OUTDOOR,HIGH,MEDIUM,Parking Area,en,security_staff,EASY,False,0,,Outdoor area or grounds maintenance issue
single_02119,SINGLE,Issue with room,I noticed that the room requires inspection in Administration Building - Room 12. The reporter could not identify the exact problem.,SERVICE_REQUEST,OTHER,OTHER,MEDIUM,MEDIUM,Administration Building - Room 12,en,lecturer,HARD,False,0,,Issue does not fit a specific category
single_02120,SINGLE,printer مش شغال,في مشكلة في printer في Science Building - Chemistry Lab. The printer worked normally earlier today. الموضوع محتاج متابعة بسرعة.,INCIDENT,IT_HARDWARE_PRINTING,IT_HARDWARE_PRINTING,MEDIUM,HIGH,Science Building - Chemistry Lab,ar_eg,security_staff,EASY,False,0,,Physical computer or printing equipment issue
single_02121,SINGLE,مشكلة في door,في مشكلة في door at Computer Science Building - Lab 1. The damage was noticed today.,INCIDENT,SAFETY_HAZARD,BUILDING_STRUCTURE,MEDIUM,MEDIUM,Computer Science Building - Lab 1,mixed,lab_assistant,EASY,False,0,,"Building surface, door, window or structural issue"
single_02122,SINGLE,Issue with equipment area,Please check the equipment area at Library - Second Floor. It is not functioning normally. The problem could not be classified more specifically.,SERVICE_REQUEST,OTHER,OTHER,LOW,LOW,Library - Second Floor,en,security_staff,HARD,False,0,,Issue does not fit a specific category
single_02123,SINGLE,مشكلة صيانة غير واضحة,محتاجين حد يشوف facility في Parking Area. The exact cause is not clear. الموضوع محتاج متابعة بسرعة.,SERVICE_REQUEST,OTHER,OTHER,MEDIUM,HIGH,Parking Area,ar_eg,lecturer,EASY,False,0,,Issue does not fit a specific category
single_02124,SINGLE,el broken railing mehtag check,feh moshkela fel broken railing fe Main Entrance. el mawdoo3 mehtag check بسرعة.,INCIDENT,SAFETY_HAZARD,SAFETY_HAZARD,MEDIUM,HIGH,Main Entrance,arabizi,dorm_resident,HARD,False,0,,Reported physical safety hazard
single_02125,SINGLE,مشكلة في باب الأسانسير,elevator محتاج متابعة في Administration Building - Room 18. People are currently using the building stairs. أكتر من شخص ممكن يكون متأثر.,INCIDENT,ELEVATOR,ELEVATOR,HIGH,MEDIUM,Administration Building - Room 18,ar_eg,lab_assistant,MEDIUM,False,0,,Elevator or lift malfunction
single_02126,SINGLE,عطل في الأسانسير,لاحظت إن elevator panel فيه مشكلة في Library - First Floor. The elevator controls are not working normally. الموضوع محتاج متابعة بسرعة. أكتر من شخص ممكن يكون متأثر.,INCIDENT,ELEVATOR,ELEVATOR,HIGH,HIGH,Library - First Floor,ar_eg,admin_staff,HARD,False,0,,Elevator or lift malfunction
single_02127,SINGLE,el water supply feh moshkela,feh moshkela fel water supply fe Outdoor Courtyard.,INCIDENT,PLUMBING_WATER,PLUMBING_WATER,MEDIUM,MEDIUM,Outdoor Courtyard,arabizi,lecturer,MEDIUM,False,0,,"Water supply, drainage or plumbing problem"
single_02128,SINGLE,Facility issue,Please check the facility at Science Building - Physics Lab. It has an unusual issue. The exact cause is not clear.,SERVICE_REQUEST,OTHER,OTHER,MEDIUM,MEDIUM,Science Building - Physics Lab,en,dorm_resident,MEDIUM,False,0,,Issue does not fit a specific category
single_02129,SINGLE,Issue with elevator door,The elevator door is not opening at Engineering Building - Lab 4. The elevator cannot be used normally. Several people may be affected. Please check.,INCIDENT,SAFETY_HAZARD,ELEVATOR,HIGH,MEDIUM,Engineering Building - Lab 4,en,student,HARD,False,0,,Elevator or lift malfunction
single_02130,SINGLE,Student account needs attention,I noticed that the student account does not accept the password in Computer Science Building - Lab 3. The password is correct but the login keeps failing.,INCIDENT,OTHER,IT_NETWORK_ACCOUNTS,MEDIUM,MEDIUM,Computer Science Building - Lab 3,en,dorm_resident,MEDIUM,False,0,,Network or account access problem
single_02131,SINGLE,مشكلة في water supply,محتاجين حد يشوف water supply في Dormitory B - Floor 3. The bathroom cannot be used normally.,INCIDENT,PLUMBING_WATER,PLUMBING_WATER,MEDIUM,MEDIUM,Dormitory B - Floor 3,ar_eg,student,HARD,False,0,,"Water supply, drainage or plumbing problem"
single_02132,SINGLE,parking area محتاج صيانة,في مشكلة في parking area في Outdoor Courtyard. The issue affects one outdoor location.,SERVICE_REQUEST,BUILDING_STRUCTURE,GROUNDS_OUTDOOR,LOW,LOW,Outdoor Courtyard,ar_eg,admin_staff,EASY,False,0,,Outdoor area or grounds maintenance issue
single_02133,SINGLE,ceiling panel محتاج تصليح,ceiling panel محتاج متابعة في Computer Science Building - Lab 1. The panel needs to be inspected before it becomes unsafe. الموضوع محتاج متابعة بسرعة. أكتر من شخص ممكن يكون متأثر.,INCIDENT,BUILDING_STRUCTURE,BUILDING_STRUCTURE,HIGH,HIGH,Computer Science Building - Lab 1,ar_eg,security_staff,HARD,False,0,,"Building surface, door, window or structural issue"
single_02134,SINGLE,Sink issue,Please check the sink at Computer Science Building - Lab 1. It is leaking. Water is collecting on the floor.,INCIDENT,PLUMBING_WATER,PLUMBING_WATER,MEDIUM,MEDIUM,Computer Science Building - Lab 1,en,dorm_resident,HARD,False,0,,"Water supply, drainage or plumbing problem"
single_02135,SINGLE,Problem with air conditioner,The air conditioner is not cooling at Computer Science Building - Lab 1. The room becomes uncomfortable after some time.,INCIDENT,HVAC_AC,HVAC_AC,MEDIUM,MEDIUM,Computer Science Building - Lab 1,en,lecturer,MEDIUM,False,0,,Air conditioning or ventilation issue
single_02136,SINGLE,garden area محتاج صيانة,في مشكلة في garden area في Main Entrance. The area needs routine grounds maintenance. ضروري شوية,SERVICE_REQUEST,GROUNDS_OUTDOOR,GROUNDS_OUTDOOR,LOW,LOW,Main Entrance,ar_eg,dorm_resident,MEDIUM,False,0,,Outdoor area or grounds maintenance issue
single_02137,SINGLE,Wi-fi keeps disconnecting,The Wi-Fi keeps disconnecting at Computer Science Building - Lab 1. The connection drops after a few minutes.,INCIDENT,IT_NETWORK_ACCOUNTS,IT_NETWORK_ACCOUNTS,MEDIUM,MEDIUM,Computer Science Building - Lab 1,en,security_staff,HARD,False,0,,Network or account access problem
single_02138,SINGLE,مشكلة في water pipe,The water pipe is leaking في Science Building - Physics Lab. The leak becomes worse when the water is used. الموضوع محتاج prompt attention.,INCIDENT,CLEANING_WASTE,PLUMBING_WATER,LOW,HIGH,Science Building - Physics Lab,mixed,dorm_resident,HARD,False,0,,"Water supply, drainage or plumbing problem"
single_02139,SINGLE,Ceiling light needs attention,The ceiling light stopped working at Student Affairs Office. The room is less visible because the light is not working.,INCIDENT,ELECTRICAL,ELECTRICAL,MEDIUM,MEDIUM,Student Affairs Office,en,lab_assistant,HARD,False,0,,Electrical power or lighting problem
single_02140,SINGLE,Room issue,Please check the room at Lecture Hall B. It requires inspection. The reporter could not identify the exact problem.,SERVICE_REQUEST,OTHER,OTHER,MEDIUM,MEDIUM,Lecture Hall B,en,student,EASY,False,0,,Issue does not fit a specific category
single_02141,SINGLE,The sink has an issue,في مشكلة في sink at Engineering Building - Lab 4. Water is collecting on the floor. المية بتنتشر على جزء من the floor.,INCIDENT,CLEANING_WASTE,PLUMBING_WATER,HIGH,HIGH,Engineering Building - Lab 4,mixed,lecturer,EASY,True,0,,"Water supply, drainage or plumbing problem"
single_02142,SINGLE,Problem with gate,The gate is not working at Parking Area. The gate cannot be operated normally.,INCIDENT,GROUNDS_OUTDOOR,GROUNDS_OUTDOOR,MEDIUM,LOW,Parking Area,en,security_staff,MEDIUM,False,0,,Outdoor area or grounds maintenance issue
single_02143,SINGLE,مشكلة في laptop,في مشكلة في laptop في Science Building - Physics Lab. Applications take a long time to respond.,INCIDENT,IT_HARDWARE_PRINTING,IT_HARDWARE_PRINTING,LOW,LOW,Science Building - Physics Lab,ar_eg,lab_assistant,EASY,False,0,,Physical computer or printing equipment issue
single_02144,SINGLE,Problem with ceiling panel,Please check the ceiling panel at Lecture Hall C. It is loose. The panel needs to be inspected before it becomes unsafe. The issue needs prompt attention.,INCIDENT,BUILDING_STRUCTURE,BUILDING_STRUCTURE,MEDIUM,HIGH,Lecture Hall C,en,lab_assistant,MEDIUM,False,0,,"Building surface, door, window or structural issue"
single_02145,SINGLE,shelf محتاج تصليح,shelf محتاج متابعة في Cafeteria. The shelf is loose and needs maintenance. الموضوع محتاج متابعة بسرعة.,INCIDENT,FURNITURE_FIXTURES,FURNITURE_FIXTURES,MEDIUM,HIGH,Cafeteria,ar_eg,dorm_resident,MEDIUM,False,0,,Furniture or fixture maintenance problem
single_02146,SINGLE,projector مش شغال,projector محتاج متابعة في Administration Building - Room 18. The instructor needs the equipment for the current class. الموضوع محتاج متابعة بسرعة. أكتر من شخص ممكن يكون متأثر.,INCIDENT,AV_CLASSROOM_EQUIPMENT,AV_CLASSROOM_EQUIPMENT,HIGH,HIGH,Administration Building - Room 18,ar_eg,security_staff,MEDIUM,False,0,,Classroom audio visual equipment issue
single_02147,SINGLE,3atel fe monitor,el monitor shows a blank screen fe Library - Second Floor. The computer is running but nothing appears on the display.,INCIDENT,IT_HARDWARE_PRINTING,IT_HARDWARE_PRINTING,MEDIUM,MEDIUM,Library - Second Floor,arabizi,dorm_resident,EASY,False,0,,Physical computer or printing equipment issue
single_02148,SINGLE,مشكلة في باب الأسانسير,elevator محتاج متابعة في Dormitory B - Floor 1. The building has other access routes. الموضوع محتاج متابعة بسرعة. أكتر من شخص ممكن يكون متأثر.,INCIDENT,ELEVATOR,ELEVATOR,HIGH,HIGH,Dormitory B - Floor 1,ar_eg,lab_assistant,HARD,False,0,,Elevator or lift malfunction
single_02149,SINGLE,The floor has an issue,The floor is dirty في Dormitory A - Floor 1. The floor needs routine cleaning.,INCIDENT,CLEANING_WASTE,CLEANING_WASTE,LOW,LOW,Dormitory A - Floor 1,mixed,student,HARD,False,0,,Cleaning or waste management problem
single_02150,SINGLE,The scanner has an issue,محتاجين حد يشوف the scanner في Engineering Building - Lab 4.,INCIDENT,IT_HARDWARE_PRINTING,IT_HARDWARE_PRINTING,MEDIUM,MEDIUM,Engineering Building - Lab 4,mixed,lecturer,EASY,False,0,,Physical computer or printing equipment issue
single_02151,SINGLE,USB port فيه مشكلة,في مشكلة في USB port في Library - Second Floor. Connected devices are not recognized by the computer. لو سمحت.,INCIDENT,IT_HARDWARE_PRINTING,IT_HARDWARE_PRINTING,MEDIUM,MEDIUM,Library - Second Floor,ar_eg,admin_staff,MEDIUM,False,0,,Physical computer or printing equipment issue
single_02152,SINGLE,Issue with elevator door,The elevator door is not opening at Dormitory B - Floor 1. The elevator cannot be used normally. The issue needs prompt attention. Several people may be affected.,INCIDENT,ELECTRICAL,ELEVATOR,HIGH,HIGH,Dormitory B - Floor 1,en,security_staff,HARD,False,0,,Elevator or lift malfunction
single_02153,SINGLE,Slippery floor needs attention,Please check the slippery floor at Sports Building. It creates a safety concern. People are still using the area. The issue needs prompt attention. Several people may be affected. There is a safety concern that should be checked promptly.,INCIDENT,SAFETY_HAZARD,SAFETY_HAZARD,HIGH,HIGH,Sports Building,en,student,MEDIUM,True,0,,Reported physical safety hazard
single_02154,SINGLE,Problem with campus network,I noticed that the campus network is not connecting in Science Building - Chemistry Lab. Other devices in the same area seem to have the same problem. Several people may be affected.,INCIDENT,IT_NETWORK_ACCOUNTS,IT_NETWORK_ACCOUNTS,HIGH,LOW,Science Building - Chemistry Lab,en,lab_assistant,HARD,False,0,,Network or account access problem
single_02155,SINGLE,مشكلة في power supply,The problem is with power supply في Engineering Building - Room 101. The equipment loses power repeatedly. الموضوع محتاج prompt attention. أكتر من شخص ممكن يكون affected.,INCIDENT,ELECTRICAL,ELECTRICAL,HIGH,HIGH,Engineering Building - Room 101,mixed,student,MEDIUM,False,0,,Electrical power or lighting problem
single_02156,SINGLE,cabinet فيه مشكلة,في مشكلة في cabinet في Administration Building - Room 12. The cabinet door remains partially open.,INCIDENT,FURNITURE_FIXTURES,FURNITURE_FIXTURES,MEDIUM,LOW,Administration Building - Room 12,ar_eg,security_staff,MEDIUM,False,0,,Furniture or fixture maintenance problem
single_02157,SINGLE,Vent needs attention,There is a problem with the vent at Library - Second Floor. Airflow from the vent is not normal.,INCIDENT,HVAC_AC,HVAC_AC,MEDIUM,LOW,Library - Second Floor,en,admin_staff,MEDIUM,False,0,,Air conditioning or ventilation issue
single_02158,SINGLE,The smoke has an issue,في مشكلة في smoke at Administration Building - Room 18. The source of the smoke is not clear. أكتر من شخص ممكن يكون affected.,INCIDENT,SAFETY_HAZARD,SAFETY_HAZARD,HIGH,MEDIUM,Administration Building - Room 18,mixed,security_staff,MEDIUM,False,0,,Reported physical safety hazard
single_02159,SINGLE,Parking area needs attention,I noticed that the parking area needs maintenance in Outdoor Courtyard. The issue affects one outdoor location.,SERVICE_REQUEST,GROUNDS_OUTDOOR,GROUNDS_OUTDOOR,LOW,LOW,Outdoor Courtyard,en,security_staff,EASY,False,0,,Outdoor area or grounds maintenance issue
single_02160,SINGLE,عطل في drain,لاحظت إن drain فيه مشكلة في Lecture Hall B. Water is draining very slowly.,INCIDENT,CLEANING_WASTE,PLUMBING_WATER,MEDIUM,LOW,Lecture Hall B,ar_eg,dorm_resident,MEDIUM,False,0,,"Water supply, drainage or plumbing problem"
single_02161,SINGLE,Problem with door handle,The problem is with door handle في Administration Building - Room 12. The handle moves when the door is opened.,INCIDENT,FURNITURE_FIXTURES,FURNITURE_FIXTURES,MEDIUM,MEDIUM,Administration Building - Room 12,mixed,dorm_resident,MEDIUM,False,0,,Furniture or fixture maintenance problem
single_02162,SINGLE,مشكلة في the equipment area,The problem is with equipment area في Library - First Floor. The problem could not be classified more specifically.,SERVICE_REQUEST,OTHER,OTHER,MEDIUM,MEDIUM,Library - First Floor,mixed,dorm_resident,MEDIUM,False,0,,Issue does not fit a specific category
single_02163,SINGLE,Problem with login,There is a problem with the login at Science Building - Chemistry Lab. The system repeatedly asks the user to sign in.,INCIDENT,IT_NETWORK_ACCOUNTS,IT_NETWORK_ACCOUNTS,MEDIUM,MEDIUM,Science Building - Chemistry Lab,en,student,EASY,False,0,,Network or account access problem
single_02164,SINGLE,مشكلة في projector,projector محتاج متابعة في Administration Building - Room 18. Changing the input source did not help. الموضوع محتاج متابعة بسرعة. أكتر من شخص ممكن يكون متأثر.,INCIDENT,AV_CLASSROOM_EQUIPMENT,AV_CLASSROOM_EQUIPMENT,HIGH,HIGH,Administration Building - Room 18,ar_eg,lecturer,MEDIUM,False,0,,Classroom audio visual equipment issue
single_02165,SINGLE,Garden area needs maintenance,I noticed that the garden area needs maintenance in Outdoor Courtyard. The area needs routine grounds maintenance.,SERVICE_REQUEST,GROUNDS_OUTDOOR,GROUNDS_OUTDOOR,LOW,LOW,Outdoor Courtyard,en,admin_staff,EASY,False,0,,Outdoor area or grounds maintenance issue
single_02166,SINGLE,Campus network is not connecting,There is a problem with the campus network at Science Building - Chemistry Lab. Other devices in the same area seem to have the same problem. Several people may be affected.,INCIDENT,IT_NETWORK_ACCOUNTS,IT_NETWORK_ACCOUNTS,HIGH,LOW,Science Building - Chemistry Lab,en,student,HARD,False,0,,Network or account access problem
single_02167,SINGLE,VPN فيه مشكلة,لاحظت إن VPN فيه مشكلة في Engineering Building - Lab 4. The VPN connection fails when access to the university network is required. الموضوع محتاج متابعة بسرعة. أكتر من شخص ممكن يكون متأثر.,INCIDENT,IT_NETWORK_ACCOUNTS,IT_NETWORK_ACCOUNTS,HIGH,HIGH,Engineering Building - Lab 4,ar_eg,lecturer,HARD,False,0,,Network or account access problem
single_02168,SINGLE,Service area issue,The service area needs maintenance at Computer Science Building - Room 203. A technician may need to inspect the area.,SERVICE_REQUEST,OTHER,OTHER,MEDIUM,MEDIUM,Computer Science Building - Room 203,en,dorm_resident,HARD,False,0,,Issue does not fit a specific category
single_02169,SINGLE,Problem with projector,There is a problem with the projector at Lecture Hall C The instructor needs the equipment for the current class.,INCIDENT,AV_CLASSROOM_EQUIPMENT,AV_CLASSROOM_EQUIPMENT,MEDIUM,MEDIUM,Lecture Hall C,en,lecturer,HARD,False,0,,Classroom audio visual equipment issue
single_02170,SINGLE,مشكلة في university email,محتاجين حد يشوف university email في Science Building - Chemistry Lab. The account cannot open the university email service.,INCIDENT,IT_NETWORK_ACCOUNTS,IT_NETWORK_ACCOUNTS,MEDIUM,MEDIUM,Science Building - Chemistry Lab,ar_eg,dorm_resident,MEDIUM,False,0,,Network or account access problem
single_02171,SINGLE,3atel fe door handle,momken 7ad yshoof el door handle fe Science Building - Physics Lab?,INCIDENT,FURNITURE_FIXTURES,FURNITURE_FIXTURES,LOW,MEDIUM,Science Building - Physics Lab,arabizi,security_staff,MEDIUM,False,0,,Furniture or fixture maintenance problem
single_02172,SINGLE,Problem with AC unit,محتاجين حد يشوف the AC unit في Computer Science Building - Lab 1.,INCIDENT,HVAC_AC,HVAC_AC,MEDIUM,MEDIUM,Computer Science Building - Lab 1,mixed,lab_assistant,MEDIUM,False,0,,Air conditioning or ventilation issue
single_02173,SINGLE,Problem with wall socket,Please check the wall socket at Main Entrance. It has no power. Other sockets in the room still have power. Several people may be affected.,INCIDENT,ELECTRICAL,ELECTRICAL,HIGH,MEDIUM,Main Entrance,en,student,MEDIUM,False,0,,Electrical power or lighting problem
single_02174,SINGLE,Issue with scanner,I noticed that the scanner does not detect the device in Library - Second Floor. The scanner cannot be used from the connected computer. The issue needs prompt attention. Several people may be affected. Please check.,INCIDENT,IT_HARDWARE_PRINTING,IT_HARDWARE_PRINTING,HIGH,HIGH,Library - Second Floor,en,student,EASY,False,0,,Physical computer or printing equipment issue
single_02175,SINGLE,3atel fe elevator panel,feh moshkela fel elevator panel fe Science Building - Physics Lab. el mawdoo3 mehtag check بسرعة. aktar men 7ad momken ykoon mota2asser.,INCIDENT,BUILDING_STRUCTURE,ELEVATOR,HIGH,HIGH,Science Building - Physics Lab,arabizi,lab_assistant,HARD,False,0,,Elevator or lift malfunction
single_02176,SINGLE,el ceiling feh moshkela,el moshkela fe ceiling zahret fe Dormitory B - Floor 3.,INCIDENT,BUILDING_STRUCTURE,BUILDING_STRUCTURE,MEDIUM,MEDIUM,Dormitory B - Floor 3,arabizi,dorm_resident,MEDIUM,False,0,,"Building surface, door, window or structural issue"
single_02177,SINGLE,The slippery floor has an issue,The problem is with slippery floor في Outdoor Courtyard. People are still using the area. الموضوع محتاج prompt attention.,INCIDENT,SAFETY_HAZARD,SAFETY_HAZARD,LOW,HIGH,Outdoor Courtyard,mixed,lecturer,HARD,False,0,,Reported physical safety hazard
single_02178,SINGLE,laptop مش شغال,لاحظت إن laptop فيه مشكلة في Science Building - Physics Lab. Applications take a long time to respond.,INCIDENT,IT_HARDWARE_PRINTING,IT_HARDWARE_PRINTING,MEDIUM,LOW,Science Building - Physics Lab,ar_eg,lecturer,MEDIUM,False,0,,Physical computer or printing equipment issue
single_02179,SINGLE,Ceiling light stopped working,There is a problem with the ceiling light at Administration Building - Room 12. The room is less visible because the light is not working. The issue needs prompt attention. Several people may be affected.,INCIDENT,ELECTRICAL,ELECTRICAL,HIGH,HIGH,Administration Building - Room 12,en,admin_staff,MEDIUM,False,0,,Electrical power or lighting problem
single_02180,SINGLE,network connection فيه مشكلة,لاحظت إن network connection فيه مشكلة في Computer Science Building - Lab 1. The connection becomes slow during normal campus use.,INCIDENT,IT_NETWORK_ACCOUNTS,IT_NETWORK_ACCOUNTS,MEDIUM,LOW,Computer Science Building - Lab 1,ar_eg,security_staff,EASY,False,0,,Network or account access problem
single_02181,SINGLE,Problem with laptop,محتاجين حد يشوف the laptop في Engineering Building - Lab 4.,INCIDENT,IT_HARDWARE_PRINTING,IT_HARDWARE_PRINTING,LOW,LOW,Engineering Building - Lab 4,mixed,lab_assistant,EASY,False,0,,Physical computer or printing equipment issue
single_02182,SINGLE,Problem with elevator panel,The elevator panel is showing an error at Engineering Building - Lab 4. The elevator controls are not working normally. The issue needs prompt attention.,INCIDENT,ELEVATOR,ELEVATOR,MEDIUM,HIGH,Engineering Building - Lab 4,en,admin_staff,MEDIUM,False,0,,Elevator or lift malfunction
single_02183,SINGLE,مشكلة في projector,لاحظت إن projector فيه مشكلة في Computer Science Building - Room 203. Changing the input source did not help.,INCIDENT,AV_CLASSROOM_EQUIPMENT,AV_CLASSROOM_EQUIPMENT,MEDIUM,MEDIUM,Computer Science Building - Room 203,ar_eg,lab_assistant,MEDIUM,False,0,,Classroom audio visual equipment issue
single_02184,SINGLE,مشكلة في the USB port,محتاجين حد يشوف the USB port في Engineering Building - Lab 4. please check.,INCIDENT,IT_HARDWARE_PRINTING,IT_HARDWARE_PRINTING,MEDIUM,LOW,Engineering Building - Lab 4,mixed,lab_assistant,EASY,False,0,,Physical computer or printing equipment issue
single_02185,SINGLE,Damaged safety sign needs attention,The damaged safety sign needs attention at Lecture Hall B. The safety information is no longer clearly visible.,INCIDENT,SAFETY_HAZARD,SAFETY_HAZARD,MEDIUM,LOW,Lecture Hall B,en,student,EASY,False,0,,Reported physical safety hazard
single_02186,SINGLE,Display system keeps disconnecting,I noticed that the display system keeps disconnecting in Computer Science Building - Room 203. The classroom display disconnects during use.,INCIDENT,AV_CLASSROOM_EQUIPMENT,AV_CLASSROOM_EQUIPMENT,MEDIUM,MEDIUM,Computer Science Building - Room 203,en,security_staff,MEDIUM,False,0,,Classroom audio visual equipment issue
single_02187,SINGLE,مشكلة في sink,محتاجين حد يشوف sink في Administration Building - Room 12. Water is collecting on the floor. الموضوع محتاج متابعة بسرعة. أكتر من شخص ممكن يكون متأثر. لو سمحت.,INCIDENT,PLUMBING_WATER,PLUMBING_WATER,HIGH,HIGH,Administration Building - Room 12,ar_eg,lab_assistant,MEDIUM,False,0,,"Water supply, drainage or plumbing problem"
single_02188,SINGLE,room محتاج فحص,لاحظت إن room فيه مشكلة في Main Entrance. The reporter could not identify the exact problem.,SERVICE_REQUEST,OTHER,OTHER,MEDIUM,MEDIUM,Main Entrance,ar_eg,lab_assistant,MEDIUM,False,0,,Issue does not fit a specific category
single_02189,SINGLE,classroom مش نضيف,في مشكلة في classroom في Main Lecture Hall. The area has been used throughout the day.,INCIDENT,CLEANING_WASTE,CLEANING_WASTE,MEDIUM,MEDIUM,Main Lecture Hall,ar_eg,security_staff,EASY,False,0,,Cleaning or waste management problem
single_02190,SINGLE,Problem with sink,I noticed that the sink is leaking in Computer Science Building - Room 203. Water is collecting on the floor. The issue needs prompt attention. Several people may be affected. Please check.,INCIDENT,PLUMBING_WATER,PLUMBING_WATER,HIGH,HIGH,Computer Science Building - Room 203,en,student,HARD,False,0,,"Water supply, drainage or plumbing problem"
single_02191,SINGLE,مشكلة نظافة في common area,لاحظت إن common area فيه مشكلة في Dormitory A - Floor 2. The odor was noticed recently in the area.,INCIDENT,CLEANING_WASTE,CLEANING_WASTE,MEDIUM,LOW,Dormitory A - Floor 2,ar_eg,dorm_resident,MEDIUM,False,0,,Cleaning or waste management problem
single_02192,SINGLE,Vpn needs attention,The VPN is not connecting at Library - First Floor. The VPN connection fails when access to the university network is required.,INCIDENT,IT_NETWORK_ACCOUNTS,IT_NETWORK_ACCOUNTS,MEDIUM,MEDIUM,Library - First Floor,en,dorm_resident,EASY,False,0,,Network or account access problem
single_02193,SINGLE,مشكلة في bathroom,محتاجين حد يشوف bathroom في Library - First Floor. Regular cleaning is needed before normal use.,SERVICE_REQUEST,CLEANING_WASTE,CLEANING_WASTE,MEDIUM,MEDIUM,Library - First Floor,ar_eg,lecturer,HARD,False,0,,Cleaning or waste management problem
single_02194,SINGLE,Problem with USB port,The problem is with USB port في Computer Science Building - Lab 1. Connected devices are not recognized by the computer. please,INCIDENT,IT_HARDWARE_PRINTING,IT_HARDWARE_PRINTING,LOW,LOW,Computer Science Building - Lab 1,mixed,lab_assistant,MEDIUM,False,0,,Physical computer or printing equipment issue
single_02195,SINGLE,Electrical switch issue,There is a problem with the electrical switch at Outdoor Courtyard. The switch does not control the connected light.,INCIDENT,ELECTRICAL,ELECTRICAL,MEDIUM,MEDIUM,Outdoor Courtyard,en,security_staff,HARD,False,0,,Electrical power or lighting problem
single_02196,SINGLE,عطل في desk,في مشكلة في desk في Computer Science Building - Room 203. The desk moves when it is used.,INCIDENT,FURNITURE_FIXTURES,FURNITURE_FIXTURES,MEDIUM,MEDIUM,Computer Science Building - Room 203,ar_eg,lab_assistant,MEDIUM,False,0,,Furniture or fixture maintenance problem
single_02197,SINGLE,عطل في door,في مشكلة في door في Student Affairs Office. The damage was noticed today. ضروري شوية,INCIDENT,FURNITURE_FIXTURES,BUILDING_STRUCTURE,MEDIUM,MEDIUM,Student Affairs Office,ar_eg,security_staff,MEDIUM,False,0,,"Building surface, door, window or structural issue"
single_02198,SINGLE,مشكلة في the cabinet,The cabinet does not close properly في Engineering Building - Room 101. The cabinet door remains partially open.,INCIDENT,FURNITURE_FIXTURES,FURNITURE_FIXTURES,LOW,LOW,Engineering Building - Room 101,mixed,lecturer,MEDIUM,False,0,,Furniture or fixture maintenance problem
single_02199,SINGLE,Bathroom issue,Please check the bathroom at Main Lecture Hall. It needs cleaning. Regular cleaning is needed before normal use. The issue needs prompt attention.,SERVICE_REQUEST,CLEANING_WASTE,CLEANING_WASTE,LOW,HIGH,Main Lecture Hall,en,dorm_resident,HARD,False,0,,Cleaning or waste management problem
single_02200,SINGLE,Toilet is overflowing,The toilet is overflowing at Science Building - Chemistry Lab. Water is spreading around the bathroom area. The issue needs prompt attention.,INCIDENT,PLUMBING_WATER,PLUMBING_WATER,MEDIUM,HIGH,Science Building - Chemistry Lab,en,lab_assistant,MEDIUM,False,0,,"Water supply, drainage or plumbing problem"
single_02201,SINGLE,Problem with shelf,محتاجين حد يشوف the shelf في Lecture Hall B.,INCIDENT,FURNITURE_FIXTURES,FURNITURE_FIXTURES,MEDIUM,MEDIUM,Lecture Hall B,mixed,student,HARD,False,0,,Furniture or fixture maintenance problem
single_02202,SINGLE,Parking area needs attention,Please check the parking area at Parking Area. It needs maintenance. The issue affects one outdoor location. The issue needs prompt attention.,SERVICE_REQUEST,GROUNDS_OUTDOOR,GROUNDS_OUTDOOR,MEDIUM,HIGH,Parking Area,en,admin_staff,MEDIUM,False,0,,Outdoor area or grounds maintenance issue
single_02203,SINGLE,el wall feh moshkela,el moshkela fe wall zahret fe Engineering Building - Room 101.,INCIDENT,BUILDING_STRUCTURE,BUILDING_STRUCTURE,MEDIUM,MEDIUM,Engineering Building - Room 101,arabizi,lecturer,HARD,False,0,,"Building surface, door, window or structural issue"
single_02204,SINGLE,مشكلة في walkway,محتاجين حد يشوف the walkway في Outdoor Courtyard.,INCIDENT,GROUNDS_OUTDOOR,GROUNDS_OUTDOOR,MEDIUM,MEDIUM,Outdoor Courtyard,mixed,lecturer,EASY,False,0,,Outdoor area or grounds maintenance issue
single_02205,SINGLE,Desk needs attention,The desk is unstable at Engineering Building - Lab 2 The desk moves when it is used. The issue needs prompt attention.,INCIDENT,BUILDING_STRUCTURE,FURNITURE_FIXTURES,MEDIUM,HIGH,Engineering Building - Lab 2,en,admin_staff,MEDIUM,False,0,,Furniture or fixture maintenance problem
single_02206,SINGLE,Floor tile needs attention,Please check the floor tile at Science Building - Chemistry Lab. It is damaged. The damaged tile is located in a frequently used area.,INCIDENT,BUILDING_STRUCTURE,BUILDING_STRUCTURE,MEDIUM,MEDIUM,Science Building - Chemistry Lab,en,security_staff,HARD,False,0,,"Building surface, door, window or structural issue"
single_02207,SINGLE,Window needs attention,Please check the window at Dormitory A - Floor 1. It does not close properly. The room is still accessible but the window needs repair.,INCIDENT,SAFETY_HAZARD,BUILDING_STRUCTURE,MEDIUM,MEDIUM,Dormitory A - Floor 1,en,dorm_resident,MEDIUM,False,0,,"Building surface, door, window or structural issue"
single_02208,SINGLE,Login issue,Please check the login at Computer Science Building - Lab 3. It keeps asking for login. The system repeatedly asks the user to sign in. Several people may be affected.,INCIDENT,IT_NETWORK_ACCOUNTS,IT_NETWORK_ACCOUNTS,HIGH,MEDIUM,Computer Science Building - Lab 3,en,student,MEDIUM,False,0,,Network or account access problem
single_02209,SINGLE,Gate issue,Please check the gate at Parking Area. It is not working. The gate cannot be operated normally. The issue needs prompt attention.,INCIDENT,GROUNDS_OUTDOOR,GROUNDS_OUTDOOR,MEDIUM,HIGH,Parking Area,en,student,HARD,False,0,,Outdoor area or grounds maintenance issue
single_02210,SINGLE,el keyboard feh moshkela,el moshkela fe keyboard zahret fe Science Building - Chemistry Lab. plz,INCIDENT,IT_HARDWARE_PRINTING,IT_HARDWARE_PRINTING,LOW,MEDIUM,Science Building - Chemistry Lab,arabizi,lab_assistant,EASY,False,0,,Physical computer or printing equipment issue
single_02211,SINGLE,Elevator panel needs attention,The elevator panel is showing an error at Engineering Building - Lab 4. The elevator controls are not working normally. Several people may be affected.,INCIDENT,SAFETY_HAZARD,ELEVATOR,HIGH,MEDIUM,Engineering Building - Lab 4,en,security_staff,HARD,False,0,,Elevator or lift malfunction
single_02212,SINGLE,projector مش شغال,لاحظت إن projector فيه مشكلة في Lecture Hall B. Changing the input source did not help. الموضوع محتاج متابعة بسرعة. ضروري شوية,INCIDENT,ELECTRICAL,AV_CLASSROOM_EQUIPMENT,MEDIUM,HIGH,Lecture Hall B,ar_eg,student,HARD,False,0,,Classroom audio visual equipment issue
single_02213,SINGLE,Problem with power supply,The power supply keeps turning off في Engineering Building - Lab 4. The equipment loses power repeatedly. أكتر من شخص ممكن يكون affected.,INCIDENT,SAFETY_HAZARD,ELECTRICAL,HIGH,MEDIUM,Engineering Building - Lab 4,mixed,lecturer,HARD,False,0,,Electrical power or lighting problem
single_02214,SINGLE,مشكلة في elevator,The problem is with elevator في Library - Second Floor. The building has other access routes. الموضوع محتاج prompt attention. أكتر من شخص ممكن يكون affected.,INCIDENT,ELEVATOR,ELEVATOR,HIGH,HIGH,Library - Second Floor,mixed,admin_staff,HARD,False,0,,Elevator or lift malfunction
single_02215,SINGLE,electrical switch مش شغال,لاحظت إن electrical switch فيه مشكلة في Administration Building - Room 18. The switch does not control the connected light.,INCIDENT,BUILDING_STRUCTURE,ELECTRICAL,MEDIUM,LOW,Administration Building - Room 18,ar_eg,lecturer,EASY,False,0,,Electrical power or lighting problem
single_02216,SINGLE,mshkela fe service area,momken 7ad yshoof el service area fe Dormitory B - Floor 3? aktar men 7ad momken ykoon mota2asser.,SERVICE_REQUEST,OTHER,OTHER,HIGH,MEDIUM,Dormitory B - Floor 3,arabizi,student,MEDIUM,False,0,,Issue does not fit a specific category
single_02217,SINGLE,مشكلة في the chair,في مشكلة في chair at Science Building - Chemistry Lab. The chair can still be used with difficulty.,INCIDENT,FURNITURE_FIXTURES,FURNITURE_FIXTURES,LOW,LOW,Science Building - Chemistry Lab,mixed,dorm_resident,MEDIUM,False,0,,Furniture or fixture maintenance problem
single_02218,SINGLE,Sink is leaking,I noticed that the sink is leaking in Library - First Floor. Water is collecting on the floor. Please check.,INCIDENT,PLUMBING_WATER,PLUMBING_WATER,MEDIUM,MEDIUM,Library - First Floor,en,security_staff,HARD,False,0,,"Water supply, drainage or plumbing problem"
single_02219,SINGLE,The equipment area has an issue,The problem is with equipment area في Engineering Building - Lab 2. The problem could not be classified more specifically.,INCIDENT,OTHER,OTHER,MEDIUM,MEDIUM,Engineering Building - Lab 2,mixed,security_staff,MEDIUM,False,0,,Issue does not fit a specific category
single_02220,SINGLE,الأسانسير مش شغال,محتاجين حد يشوف elevator في Computer Science Building - Lab 3. The building has other access routes.,INCIDENT,ELEVATOR,ELEVATOR,MEDIUM,MEDIUM,Computer Science Building - Lab 3,ar_eg,student,MEDIUM,False,0,,Elevator or lift malfunction
single_02221,SINGLE,mshkela fe equipment area,el moshkela fe equipment area zahret fe Dormitory B - Floor 3. el mawdoo3 mehtag check بسرعة.,INCIDENT,CLEANING_WASTE,OTHER,MEDIUM,HIGH,Dormitory B - Floor 3,arabizi,lecturer,MEDIUM,False,0,,Issue does not fit a specific category
single_02222,SINGLE,Problem with keyboard,There is a problem with the keyboard at Computer Science Building - Room 203 Several keys do not respond when pressed.,INCIDENT,IT_HARDWARE_PRINTING,IT_HARDWARE_PRINTING,LOW,LOW,Computer Science Building - Room 203,en,dorm_resident,MEDIUM,False,0,,Physical computer or printing equipment issue
single_02223,SINGLE,عطل في الأسانسير,محتاجين حد يشوف elevator في Science Building - Physics Lab. The building has other access routes. الموضوع محتاج متابعة بسرعة.,INCIDENT,ELEVATOR,ELEVATOR,MEDIUM,HIGH,Science Building - Physics Lab,ar_eg,dorm_resident,HARD,False,0,,Elevator or lift malfunction
single_02224,SINGLE,مشكلة في desktop computer,The desktop computer keeps restarting في Computer Science Building - Room 203. The computer restarts while it is being used.,INCIDENT,AV_CLASSROOM_EQUIPMENT,IT_HARDWARE_PRINTING,MEDIUM,MEDIUM,Computer Science Building - Room 203,mixed,admin_staff,MEDIUM,False,0,,Physical computer or printing equipment issue
single_02225,SINGLE,Drain needs attention,Please check the drain at Student Affairs Office. It is blocked. Water is draining very slowly. Several people may be affected.,INCIDENT,CLEANING_WASTE,PLUMBING_WATER,HIGH,MEDIUM,Student Affairs Office,en,lab_assistant,MEDIUM,False,0,,"Water supply, drainage or plumbing problem"
single_02226,SINGLE,Ac unit needs attention,The AC unit is leaking water at Computer Science Building - Room 203. Water is appearing below the unit. Several people may be affected.,INCIDENT,HVAC_AC,HVAC_AC,HIGH,MEDIUM,Computer Science Building - Room 203,en,admin_staff,HARD,False,0,,Air conditioning or ventilation issue
single_02227,SINGLE,Problem with ceiling,Please check the ceiling at Engineering Building - Lab 4. It is damaged. The damage is limited to one area. The issue needs prompt attention.,INCIDENT,BUILDING_STRUCTURE,BUILDING_STRUCTURE,LOW,HIGH,Engineering Building - Lab 4,en,admin_staff,MEDIUM,False,0,,"Building surface, door, window or structural issue"
single_02228,SINGLE,el exposed wire feh moshkela,feh moshkela fel exposed wire fe Main Lecture Hall. el mawdoo3 mehtag check بسرعة. aktar men 7ad momken ykoon mota2asser.,INCIDENT,SAFETY_HAZARD,SAFETY_HAZARD,HIGH,HIGH,Main Lecture Hall,arabizi,lab_assistant,MEDIUM,False,0,,Reported physical safety hazard
single_02229,SINGLE,Classroom speakers needs attention,There is a problem with the classroom speakers at Lecture Hall B. The problem affects audio during the class. The issue needs prompt attention.,INCIDENT,AV_CLASSROOM_EQUIPMENT,AV_CLASSROOM_EQUIPMENT,MEDIUM,HIGH,Lecture Hall B,en,dorm_resident,HARD,False,0,,Classroom audio visual equipment issue
single_02230,SINGLE,Floor is dirty,I noticed that the floor is dirty in Dormitory B - Floor 3. The floor needs routine cleaning.,INCIDENT,CLEANING_WASTE,CLEANING_WASTE,MEDIUM,LOW,Dormitory B - Floor 3,en,dorm_resident,EASY,False,0,,Cleaning or waste management problem
single_02231,SINGLE,Water supply issue,Please check the water supply at Lecture Hall C. It has no water. The bathroom cannot be used normally. The issue needs prompt attention.,INCIDENT,PLUMBING_WATER,PLUMBING_WATER,MEDIUM,HIGH,Lecture Hall C,en,student,MEDIUM,False,0,,"Water supply, drainage or plumbing problem"
single_02232,SINGLE,Issue with room,Please check the room at Lecture Hall B. It requires inspection. The reporter could not identify the exact problem.,SERVICE_REQUEST,OTHER,OTHER,LOW,MEDIUM,Lecture Hall B,en,lab_assistant,HARD,False,0,,Issue does not fit a specific category
single_02233,SINGLE,water pipe بيسرب مية,محتاجين حد يشوف water pipe في Computer Science Building - Lab 3. The leak becomes worse when the water is used. أكتر من شخص ممكن يكون متأثر.,INCIDENT,PLUMBING_WATER,PLUMBING_WATER,HIGH,MEDIUM,Computer Science Building - Lab 3,ar_eg,admin_staff,HARD,False,0,,"Water supply, drainage or plumbing problem"
single_02234,SINGLE,Issue with ceiling,The ceiling is damaged at Computer Science Building - Lab 3. The damage is limited to one area. The issue needs prompt attention.,INCIDENT,SAFETY_HAZARD,BUILDING_STRUCTURE,LOW,HIGH,Computer Science Building - Lab 3,en,admin_staff,EASY,False,0,,"Building surface, door, window or structural issue"
single_02235,SINGLE,مشكلة في the door handle,محتاجين حد يشوف the door handle في Science Building - Chemistry Lab.,INCIDENT,FURNITURE_FIXTURES,FURNITURE_FIXTURES,LOW,MEDIUM,Science Building - Chemistry Lab,mixed,admin_staff,MEDIUM,False,0,,Furniture or fixture maintenance problem
single_02236,SINGLE,Issue with water pipe,I noticed that the water pipe is leaking in Dormitory B - Floor 1. The leak becomes worse when the water is used. The issue needs prompt attention. Several people may be affected.,INCIDENT,PLUMBING_WATER,PLUMBING_WATER,HIGH,HIGH,Dormitory B - Floor 1,en,security_staff,HARD,False,0,,"Water supply, drainage or plumbing problem"
single_02237,SINGLE,water pipe فيه مشكلة,water pipe محتاج متابعة في Student Affairs Office. The leak becomes worse when the water is used. لو سمحت.,INCIDENT,PLUMBING_WATER,PLUMBING_WATER,MEDIUM,MEDIUM,Student Affairs Office,ar_eg,security_staff,HARD,False,0,,"Water supply, drainage or plumbing problem"
single_02238,SINGLE,Issue with outdoor bench,The outdoor bench is damaged at Outdoor Courtyard The bench needs maintenance before regular use.,INCIDENT,OTHER,GROUNDS_OUTDOOR,LOW,LOW,Outdoor Courtyard,en,lab_assistant,HARD,False,0,,Outdoor area or grounds maintenance issue
single_02239,SINGLE,Service area issue,Please check the service area at Computer Science Building - Room 203. It needs maintenance. A technician may need to inspect the area.,SERVICE_REQUEST,OTHER,OTHER,MEDIUM,LOW,Computer Science Building - Room 203,en,lab_assistant,MEDIUM,False,0,,Issue does not fit a specific category
single_02240,SINGLE,Ac unit issue,There is a problem with the AC unit at Engineering Building - Room 101. Water is appearing below the unit. Several people may be affected.,INCIDENT,HVAC_AC,HVAC_AC,HIGH,MEDIUM,Engineering Building - Room 101,en,lab_assistant,MEDIUM,False,0,,Air conditioning or ventilation issue
single_02241,SINGLE,garden area فيه مشكلة,في مشكلة في garden area في Outdoor Courtyard. The area needs routine grounds maintenance.,SERVICE_REQUEST,OTHER,GROUNDS_OUTDOOR,LOW,MEDIUM,Outdoor Courtyard,ar_eg,admin_staff,EASY,False,0,,Outdoor area or grounds maintenance issue
single_02242,SINGLE,Sink is leaking,I noticed that the sink is leaking in Parking Area. Water is collecting on the floor.,INCIDENT,BUILDING_STRUCTURE,PLUMBING_WATER,MEDIUM,MEDIUM,Parking Area,en,lab_assistant,HARD,False,0,,"Water supply, drainage or plumbing problem"
single_02243,SINGLE,3atel fe garden area,el moshkela fe garden area zahret fe Outdoor Courtyard. plz,SERVICE_REQUEST,GROUNDS_OUTDOOR,GROUNDS_OUTDOOR,LOW,LOW,Outdoor Courtyard,arabizi,lab_assistant,EASY,False,0,,Outdoor area or grounds maintenance issue
single_02244,SINGLE,مشكلة في the student account,محتاجين حد يشوف the student account في Library - Second Floor. أكتر من شخص ممكن يكون affected.,INCIDENT,IT_NETWORK_ACCOUNTS,IT_NETWORK_ACCOUNTS,HIGH,MEDIUM,Library - Second Floor,mixed,lecturer,MEDIUM,False,0,,Network or account access problem
single_02245,SINGLE,Service area issue,I noticed that the service area needs maintenance in Student Affairs Office. A technician may need to inspect the area.,SERVICE_REQUEST,OTHER,OTHER,MEDIUM,MEDIUM,Student Affairs Office,en,dorm_resident,MEDIUM,False,0,,Issue does not fit a specific category
single_02246,SINGLE,Problem with chair,The chair is broken في Lecture Hall B. The chair can still be used with difficulty.,INCIDENT,FURNITURE_FIXTURES,FURNITURE_FIXTURES,LOW,MEDIUM,Lecture Hall B,mixed,security_staff,MEDIUM,False,0,,Furniture or fixture maintenance problem
single_02247,SINGLE,Equipment area needs attention,There is a problem with the equipment area at Science Building - Chemistry Lab. The problem could not be classified more specifically. The issue needs prompt attention.,INCIDENT,OTHER,OTHER,MEDIUM,HIGH,Science Building - Chemistry Lab,en,dorm_resident,HARD,False,0,,Issue does not fit a specific category
single_02248,SINGLE,Walkway is blocked,I noticed that the walkway is blocked in Main Entrance. Part of the walkway cannot be used normally.,INCIDENT,GROUNDS_OUTDOOR,GROUNDS_OUTDOOR,MEDIUM,MEDIUM,Main Entrance,en,student,MEDIUM,False,0,,Outdoor area or grounds maintenance issue
single_02249,SINGLE,Problem with power supply,I noticed that the power supply keeps turning off in Lecture Hall C The equipment loses power repeatedly. The issue needs prompt attention. Several people may be affected.,INCIDENT,ELECTRICAL,ELECTRICAL,HIGH,HIGH,Lecture Hall C,en,admin_staff,HARD,False,0,,Electrical power or lighting problem
single_02250,SINGLE,مشكلة في laptop,laptop محتاج متابعة في Science Building - Physics Lab. Applications take a long time to respond.,INCIDENT,IT_HARDWARE_PRINTING,IT_HARDWARE_PRINTING,MEDIUM,LOW,Science Building - Physics Lab,ar_eg,dorm_resident,MEDIUM,False,0,,Physical computer or printing equipment issue
single_02251,SINGLE,مشكلة في mouse,محتاجين حد يشوف the mouse في Science Building - Physics Lab.,INCIDENT,IT_HARDWARE_PRINTING,IT_HARDWARE_PRINTING,MEDIUM,LOW,Science Building - Physics Lab,mixed,lab_assistant,MEDIUM,False,0,,Physical computer or printing equipment issue
single_02252,SINGLE,Issue with table,There is a problem with the table at Dormitory B - Floor 3. The table does not remain steady during use.,INCIDENT,FURNITURE_FIXTURES,FURNITURE_FIXTURES,LOW,LOW,Dormitory B - Floor 3,en,security_staff,EASY,False,0,,Furniture or fixture maintenance problem
single_02253,SINGLE,Issue with slippery floor,There is a problem with the slippery floor at Main Lecture Hall. People are still using the area.,INCIDENT,SAFETY_HAZARD,SAFETY_HAZARD,MEDIUM,MEDIUM,Main Lecture Hall,en,dorm_resident,HARD,False,0,,Reported physical safety hazard
single_02254,SINGLE,el login feh moshkela,feh moshkela fel login fe Library - Second Floor.,INCIDENT,IT_NETWORK_ACCOUNTS,IT_NETWORK_ACCOUNTS,MEDIUM,MEDIUM,Library - Second Floor,arabizi,lab_assistant,MEDIUM,False,0,,Network or account access problem
single_02255,SINGLE,Problem with ceiling,I noticed that the ceiling is damaged in Science Building - Chemistry Lab. The damage is limited to one area. Several people may be affected. Please check.,INCIDENT,BUILDING_STRUCTURE,BUILDING_STRUCTURE,HIGH,MEDIUM,Science Building - Chemistry Lab,en,admin_staff,MEDIUM,False,0,,"Building surface, door, window or structural issue"
single_02256,SINGLE,Elevator issue,I noticed that the elevator is not moving in Engineering Building - Lab 2. People are currently using the building stairs. The issue needs prompt attention.,INCIDENT,ELEVATOR,ELEVATOR,MEDIUM,HIGH,Engineering Building - Lab 2,en,admin_staff,MEDIUM,False,0,,Elevator or lift malfunction
single_02257,SINGLE,drain بيسرب مية,لاحظت إن drain فيه مشكلة في Cafeteria. Water is draining very slowly.,INCIDENT,PLUMBING_WATER,PLUMBING_WATER,MEDIUM,LOW,Cafeteria,ar_eg,admin_staff,MEDIUM,False,0,,"Water supply, drainage or plumbing problem"
single_02258,SINGLE,el classroom speakers mehtag check,feh moshkela fel classroom speakers fe Administration Building - Room 18. el mawdoo3 mehtag check بسرعة.,INCIDENT,ELECTRICAL,AV_CLASSROOM_EQUIPMENT,LOW,HIGH,Administration Building - Room 18,arabizi,dorm_resident,HARD,False,0,,Classroom audio visual equipment issue
single_02259,SINGLE,مشكلة في باب الأسانسير,محتاجين حد يشوف elevator في Administration Building - Room 18. People are currently using the building stairs. الموضوع محتاج متابعة بسرعة. أكتر من شخص ممكن يكون متأثر.,INCIDENT,ELEVATOR,ELEVATOR,HIGH,HIGH,Administration Building - Room 18,ar_eg,admin_staff,MEDIUM,False,0,,Elevator or lift malfunction
single_02260,SINGLE,monitor فيه مشكلة,monitor محتاج متابعة في Computer Science Building - Lab 3. The computer is running but nothing appears on the display.,INCIDENT,IT_HARDWARE_PRINTING,IT_HARDWARE_PRINTING,MEDIUM,MEDIUM,Computer Science Building - Lab 3,ar_eg,lab_assistant,MEDIUM,False,0,,Physical computer or printing equipment issue
single_02261,SINGLE,عطل في scanner,لاحظت إن scanner فيه مشكلة في Library - First Floor. The scanner cannot be used from the connected computer.,INCIDENT,IT_HARDWARE_PRINTING,IT_HARDWARE_PRINTING,MEDIUM,MEDIUM,Library - First Floor,ar_eg,admin_staff,MEDIUM,False,0,,Physical computer or printing equipment issue
single_02262,SINGLE,مشكلة في network connection,محتاجين حد يشوف network connection في Science Building - Chemistry Lab. The connection becomes slow during normal campus use.,INCIDENT,IT_NETWORK_ACCOUNTS,IT_NETWORK_ACCOUNTS,MEDIUM,LOW,Science Building - Chemistry Lab,ar_eg,security_staff,HARD,False,0,,Network or account access problem
single_02263,SINGLE,Garden area issue,There is a problem with the garden area at Main Entrance. The area needs routine grounds maintenance. Several people may be affected.,SERVICE_REQUEST,BUILDING_STRUCTURE,GROUNDS_OUTDOOR,HIGH,MEDIUM,Main Entrance,en,dorm_resident,EASY,False,0,,Outdoor area or grounds maintenance issue
single_02264,SINGLE,Damaged safety sign needs attention,Please check the damaged safety sign at Library - First Floor. It needs attention. The safety information is no longer clearly visible.,INCIDENT,SAFETY_HAZARD,SAFETY_HAZARD,MEDIUM,LOW,Library - First Floor,en,student,HARD,False,0,,Reported physical safety hazard
single_02265,SINGLE,Problem with toilet,There is a problem with the toilet at Engineering Building - Lab 4. Water is spreading around the bathroom area. The issue needs prompt attention.,INCIDENT,PLUMBING_WATER,PLUMBING_WATER,MEDIUM,HIGH,Engineering Building - Lab 4,en,security_staff,HARD,False,0,,"Water supply, drainage or plumbing problem"
single_02266,SINGLE,مشكلة في sink,محتاجين حد يشوف the sink في Computer Science Building - Room 203. الموضوع محتاج prompt attention. أكتر من شخص ممكن يكون affected.,INCIDENT,CLEANING_WASTE,PLUMBING_WATER,HIGH,HIGH,Computer Science Building - Room 203,mixed,admin_staff,HARD,False,0,,"Water supply, drainage or plumbing problem"
single_02267,SINGLE,el thermostat mehtag check,momken 7ad yshoof el thermostat fe Student Affairs Office? plz,INCIDENT,ELECTRICAL,HVAC_AC,LOW,MEDIUM,Student Affairs Office,arabizi,lab_assistant,MEDIUM,False,0,,Air conditioning or ventilation issue
single_02268,SINGLE,3atel fe monitor,el moshkela fe monitor zahret fe Computer Science Building - Room 203. aktar men 7ad momken ykoon mota2asser.,INCIDENT,IT_HARDWARE_PRINTING,IT_HARDWARE_PRINTING,HIGH,MEDIUM,Computer Science Building - Room 203,arabizi,student,MEDIUM,False,0,,Physical computer or printing equipment issue
single_02269,SINGLE,Problem with bathroom,محتاجين حد يشوف the bathroom في Dormitory B - Floor 3.,SERVICE_REQUEST,CLEANING_WASTE,CLEANING_WASTE,MEDIUM,MEDIUM,Dormitory B - Floor 3,mixed,security_staff,MEDIUM,False,0,,Cleaning or waste management problem
single_02270,SINGLE,Problem with thermostat,Please check the thermostat at Dormitory A - Floor 1. It is not responding. The temperature cannot be adjusted normally. The issue needs prompt attention.,INCIDENT,PLUMBING_WATER,HVAC_AC,LOW,HIGH,Dormitory A - Floor 1,en,security_staff,MEDIUM,False,0,,Air conditioning or ventilation issue
single_02271,SINGLE,facility محتاج فحص,محتاجين حد يشوف facility في Dormitory A - Floor 2. The exact cause is not clear.,INCIDENT,OTHER,OTHER,MEDIUM,MEDIUM,Dormitory A - Floor 2,ar_eg,lecturer,HARD,False,0,,Issue does not fit a specific category
single_02272,SINGLE,Elevator issue,I noticed that the elevator is not moving in Engineering Building - Lab 4. People are currently using the building stairs.,INCIDENT,SAFETY_HAZARD,ELEVATOR,MEDIUM,LOW,Engineering Building - Lab 4,en,security_staff,MEDIUM,False,0,,Elevator or lift malfunction
single_02273,SINGLE,Projector needs attention,The projector does not turn on at Lecture Hall C. The instructor needs the equipment for the current class. The issue needs prompt attention. Several people may be affected.,INCIDENT,IT_HARDWARE_PRINTING,AV_CLASSROOM_EQUIPMENT,HIGH,HIGH,Lecture Hall C,en,admin_staff,HARD,False,0,,Classroom audio visual equipment issue
single_02274,SINGLE,Problem with waste bin,The waste bin has overflowing waste at Lecture Hall C. The waste bin has not been emptied recently.,INCIDENT,CLEANING_WASTE,CLEANING_WASTE,LOW,MEDIUM,Lecture Hall C,en,student,MEDIUM,False,0,,Cleaning or waste management problem
single_02275,SINGLE,Slippery floor creates a safety concern,Please check the slippery floor at Science Building - Physics Lab. It creates a safety concern. People are still using the area.,INCIDENT,SAFETY_HAZARD,SAFETY_HAZARD,MEDIUM,LOW,Science Building - Physics Lab,en,admin_staff,HARD,False,0,,Reported physical safety hazard
single_02276,SINGLE,desktop computer فيه مشكلة,محتاجين حد يشوف desktop computer في Science Building - Physics Lab. The computer restarts while it is being used.,INCIDENT,IT_HARDWARE_PRINTING,IT_HARDWARE_PRINTING,LOW,MEDIUM,Science Building - Physics Lab,ar_eg,dorm_resident,MEDIUM,False,0,,Physical computer or printing equipment issue
single_02277,SINGLE,مشكلة في parking area,The parking area needs maintenance في Parking Area. The issue affects one outdoor location.,SERVICE_REQUEST,GROUNDS_OUTDOOR,GROUNDS_OUTDOOR,MEDIUM,LOW,Parking Area,mixed,admin_staff,MEDIUM,False,0,,Outdoor area or grounds maintenance issue
single_02278,SINGLE,Problem with lift,The lift stopped between floors في Library - Second Floor. The elevator requires immediate technical inspection. الموضوع محتاج prompt attention. أكتر من شخص ممكن يكون affected.,INCIDENT,BUILDING_STRUCTURE,ELEVATOR,HIGH,HIGH,Library - Second Floor,mixed,lab_assistant,MEDIUM,False,0,,Elevator or lift malfunction
single_02279,SINGLE,el scanner feh moshkela,el scanner does not detect the device fe Engineering Building - Lab 4. The scanner cannot be used from the connected computer.,INCIDENT,OTHER,IT_HARDWARE_PRINTING,LOW,MEDIUM,Engineering Building - Lab 4,arabizi,security_staff,HARD,False,0,,Physical computer or printing equipment issue
single_02280,SINGLE,مشكلة في the projector,The problem is with projector في Computer Science Building - Room 203. Changing the input source did not help. الموضوع محتاج prompt attention. أكتر من شخص ممكن يكون affected.,INCIDENT,AV_CLASSROOM_EQUIPMENT,AV_CLASSROOM_EQUIPMENT,HIGH,HIGH,Computer Science Building - Room 203,mixed,security_staff,HARD,False,0,,Classroom audio visual equipment issue
single_02281,SINGLE,Cabinet issue,Please check the cabinet at Computer Science Building - Lab 1. It does not close properly. The cabinet door remains partially open.,INCIDENT,FURNITURE_FIXTURES,FURNITURE_FIXTURES,LOW,LOW,Computer Science Building - Lab 1,en,lab_assistant,HARD,False,0,,Furniture or fixture maintenance problem
single_02282,SINGLE,Outdoor light issue,Please check the outdoor light at Outdoor Courtyard It is not working. The outdoor area is poorly lit after dark. Several people may be affected.,INCIDENT,GROUNDS_OUTDOOR,GROUNDS_OUTDOOR,HIGH,MEDIUM,Outdoor Courtyard,en,lecturer,MEDIUM,False,0,,Outdoor area or grounds maintenance issue
single_02283,SINGLE,عطل في classroom speakers,محتاجين حد يشوف classroom speakers في Engineering Building - Room 101. The problem affects audio during the class. الموضوع محتاج متابعة بسرعة. أكتر من شخص ممكن يكون متأثر.,INCIDENT,AV_CLASSROOM_EQUIPMENT,AV_CLASSROOM_EQUIPMENT,HIGH,HIGH,Engineering Building - Room 101,ar_eg,lecturer,HARD,False,0,,Classroom audio visual equipment issue
single_02284,SINGLE,Elevator issue,There is a problem with the elevator at Computer Science Building - Room 203. The building has other access routes. The issue needs prompt attention. Several people may be affected.,INCIDENT,ELEVATOR,ELEVATOR,HIGH,HIGH,Computer Science Building - Room 203,en,lab_assistant,HARD,False,0,,Elevator or lift malfunction
single_02285,SINGLE,مشكلة في the walkway,The walkway is blocked في Main Entrance. Part of the walkway cannot be used normally.,INCIDENT,GROUNDS_OUTDOOR,GROUNDS_OUTDOOR,MEDIUM,MEDIUM,Main Entrance,mixed,dorm_resident,MEDIUM,False,0,,Outdoor area or grounds maintenance issue
single_02286,SINGLE,Wi-fi issue,Please check the Wi-Fi at Computer Science Building - Lab 3. It keeps disconnecting. The connection drops after a few minutes.,INCIDENT,IT_NETWORK_ACCOUNTS,IT_NETWORK_ACCOUNTS,MEDIUM,LOW,Computer Science Building - Lab 3,en,lecturer,HARD,False,0,,Network or account access problem
single_02287,SINGLE,Service area needs attention,There is a problem with the service area at Engineering Building - Lab 4. A technician may need to inspect the area. Several people may be affected.,SERVICE_REQUEST,OTHER,OTHER,HIGH,MEDIUM,Engineering Building - Lab 4,en,admin_staff,MEDIUM,False,0,,Issue does not fit a specific category
single_02288,SINGLE,Outdoor light needs attention,Please check the outdoor light at Parking Area. It is not working. The outdoor area is poorly lit after dark. The issue needs prompt attention. Several people may be affected.,INCIDENT,GROUNDS_OUTDOOR,GROUNDS_OUTDOOR,HIGH,HIGH,Parking Area,en,dorm_resident,MEDIUM,False,0,,Outdoor area or grounds maintenance issue
single_02289,SINGLE,Issue with waste bin,The waste bin has overflowing waste at Cafeteria. The waste bin has not been emptied recently.,INCIDENT,CLEANING_WASTE,CLEANING_WASTE,MEDIUM,MEDIUM,Cafeteria,en,security_staff,MEDIUM,False,0,,Cleaning or waste management problem
single_02290,SINGLE,Problem with projector,The problem is with projector في Engineering Building - Room 101. The instructor needs the equipment for the current class. الموضوع محتاج prompt attention.,INCIDENT,ELECTRICAL,AV_CLASSROOM_EQUIPMENT,MEDIUM,HIGH,Engineering Building - Room 101,mixed,student,MEDIUM,False,0,,Classroom audio visual equipment issue
single_02291,SINGLE,Elevator panel issue,The elevator panel is showing an error at Engineering Building - Room 101. The elevator controls are not working normally. The issue needs prompt attention.,INCIDENT,ELEVATOR,ELEVATOR,MEDIUM,HIGH,Engineering Building - Room 101,en,security_staff,HARD,False,0,,Elevator or lift malfunction
single_02292,SINGLE,Gate needs attention,There is a problem with the gate at Outdoor Courtyard. The gate cannot be operated normally.,INCIDENT,GROUNDS_OUTDOOR,GROUNDS_OUTDOOR,MEDIUM,LOW,Outdoor Courtyard,en,admin_staff,HARD,False,0,,Outdoor area or grounds maintenance issue
single_02293,SINGLE,مشكلة في باب الأسانسير,لاحظت إن elevator فيه مشكلة في Engineering Building - Lab 2. People are currently using the building stairs. أكتر من شخص ممكن يكون متأثر.,INCIDENT,ELEVATOR,ELEVATOR,HIGH,MEDIUM,Engineering Building - Lab 2,ar_eg,dorm_resident,EASY,False,0,,Elevator or lift malfunction
single_02294,SINGLE,Problem with elevator,I noticed that the elevator is not moving in Engineering Building - Lab 2. People are currently using the building stairs. The issue needs prompt attention.,INCIDENT,ELEVATOR,ELEVATOR,LOW,HIGH,Engineering Building - Lab 2,en,lecturer,MEDIUM,False,0,,Elevator or lift malfunction
single_02295,SINGLE,Issue with door handle,There is a problem with the door handle at Lecture Hall C. The handle moves when the door is opened.,INCIDENT,FURNITURE_FIXTURES,FURNITURE_FIXTURES,MEDIUM,MEDIUM,Lecture Hall C,en,security_staff,MEDIUM,False,0,,Furniture or fixture maintenance problem
single_02296,SINGLE,Problem with slippery floor,The slippery floor creates a safety concern at Dormitory A - Floor 2. People are still using the area. Several people may be affected.,INCIDENT,ELECTRICAL,SAFETY_HAZARD,HIGH,MEDIUM,Dormitory A - Floor 2,en,dorm_resident,MEDIUM,False,0,,Reported physical safety hazard
single_02297,SINGLE,laptop فيه مشكلة,laptop محتاج متابعة في Library - Second Floor. Applications take a long time to respond.,INCIDENT,IT_HARDWARE_PRINTING,IT_HARDWARE_PRINTING,MEDIUM,MEDIUM,Library - Second Floor,ar_eg,lab_assistant,EASY,False,0,,Physical computer or printing equipment issue
single_02298,SINGLE,door handle فيه مشكلة,محتاجين حد يشوف door handle في Main Lecture Hall. The handle moves when the door is opened. أكتر من شخص ممكن يكون متأثر.,INCIDENT,FURNITURE_FIXTURES,FURNITURE_FIXTURES,HIGH,LOW,Main Lecture Hall,ar_eg,admin_staff,MEDIUM,False,0,,Furniture or fixture maintenance problem
single_02299,SINGLE,Elevator issue,There is a problem with the elevator at Engineering Building - Lab 4. The building has other access routes. The issue needs prompt attention. Several people may be affected.,INCIDENT,ELEVATOR,ELEVATOR,HIGH,HIGH,Engineering Building - Lab 4,en,lecturer,MEDIUM,False,0,,Elevator or lift malfunction
single_02300,SINGLE,mshkela fe smart board,momken 7ad yshoof el smart board fe Lecture Hall B?,INCIDENT,AV_CLASSROOM_EQUIPMENT,AV_CLASSROOM_EQUIPMENT,MEDIUM,MEDIUM,Lecture Hall B,arabizi,dorm_resident,EASY,False,0,,Classroom audio visual equipment issue
single_02301,SINGLE,عطل في desk,desk محتاج متابعة في Sports Building. The desk moves when it is used.,INCIDENT,FURNITURE_FIXTURES,FURNITURE_FIXTURES,MEDIUM,MEDIUM,Sports Building,ar_eg,student,MEDIUM,False,0,,Furniture or fixture maintenance problem
single_02302,SINGLE,Issue with wall socket,Please check the wall socket at Outdoor Courtyard. It has no power. Other sockets in the room still have power.,INCIDENT,ELECTRICAL,ELECTRICAL,MEDIUM,MEDIUM,Outdoor Courtyard,en,admin_staff,MEDIUM,False,0,,Electrical power or lighting problem
single_02303,SINGLE,Problem with shelf,The shelf needs repair at Science Building - Chemistry Lab. The shelf is loose and needs maintenance. Several people may be affected.,INCIDENT,FURNITURE_FIXTURES,FURNITURE_FIXTURES,HIGH,MEDIUM,Science Building - Chemistry Lab,en,security_staff,MEDIUM,False,0,,Furniture or fixture maintenance problem
single_02304,SINGLE,The chair has an issue,في مشكلة في chair at Administration Building - Room 18. The chair can still be used with difficulty. please,INCIDENT,FURNITURE_FIXTURES,FURNITURE_FIXTURES,MEDIUM,LOW,Administration Building - Room 18,mixed,security_staff,EASY,False,0,,Furniture or fixture maintenance problem
single_02305,SINGLE,The water supply has an issue,محتاجين حد يشوف the water supply في Computer Science Building - Lab 3.,INCIDENT,PLUMBING_WATER,PLUMBING_WATER,MEDIUM,MEDIUM,Computer Science Building - Lab 3,mixed,security_staff,MEDIUM,False,0,,"Water supply, drainage or plumbing problem"
single_02306,SINGLE,3atel fe login,feh moshkela fel login fe Computer Science Building - Lab 3. plz check.,INCIDENT,IT_NETWORK_ACCOUNTS,IT_NETWORK_ACCOUNTS,MEDIUM,MEDIUM,Computer Science Building - Lab 3,arabizi,student,HARD,False,0,,Network or account access problem
single_02307,SINGLE,Problem with air conditioning system,The problem is with air conditioning system في Lecture Hall C. The room is not cooling normally.,INCIDENT,HVAC_AC,HVAC_AC,MEDIUM,MEDIUM,Lecture Hall C,mixed,security_staff,MEDIUM,False,0,,Air conditioning or ventilation issue
single_02308,SINGLE,Issue with sink,I noticed that the sink is leaking in Engineering Building - Lab 2. Water is collecting on the floor. The issue needs prompt attention. Several people may be affected.,INCIDENT,PLUMBING_WATER,PLUMBING_WATER,HIGH,HIGH,Engineering Building - Lab 2,en,lab_assistant,MEDIUM,False,0,,"Water supply, drainage or plumbing problem"
single_02309,SINGLE,network connection فيه مشكلة,network connection محتاج متابعة في Engineering Building - Lab 4. The connection becomes slow during normal campus use.,INCIDENT,IT_NETWORK_ACCOUNTS,IT_NETWORK_ACCOUNTS,MEDIUM,LOW,Engineering Building - Lab 4,ar_eg,admin_staff,MEDIUM,False,0,,Network or account access problem
single_02310,SINGLE,el slippery floor feh moshkela,el slippery floor creates a safety concern fe Computer Science Building - Lab 3. People are still using the area. el mawdoo3 mehtag check بسرعة.,INCIDENT,BUILDING_STRUCTURE,SAFETY_HAZARD,MEDIUM,HIGH,Computer Science Building - Lab 3,arabizi,student,EASY,False,0,,Reported physical safety hazard
single_02311,SINGLE,Broken railing needs attention,There is a problem with the broken railing at Computer Science Building - Lab 3. The damaged railing is located on a frequently used path. The issue needs prompt attention.,INCIDENT,SAFETY_HAZARD,SAFETY_HAZARD,MEDIUM,HIGH,Computer Science Building - Lab 3,en,student,HARD,False,0,,Reported physical safety hazard
single_02312,SINGLE,خطر في broken railing,في مشكلة في broken railing في Dormitory B - Floor 3. The damaged railing is located on a frequently used path. الموضوع محتاج متابعة بسرعة.,INCIDENT,SAFETY_HAZARD,SAFETY_HAZARD,MEDIUM,HIGH,Dormitory B - Floor 3,ar_eg,security_staff,MEDIUM,False,0,,Reported physical safety hazard
single_02313,SINGLE,عطل في الأسانسير,محتاجين حد يشوف elevator في Administration Building - Room 18. People are currently using the building stairs. الموضوع محتاج متابعة بسرعة. ضروري شوية,INCIDENT,ELEVATOR,ELEVATOR,MEDIUM,HIGH,Administration Building - Room 18,ar_eg,lab_assistant,HARD,False,0,,Elevator or lift malfunction
single_02314,SINGLE,faucet بيسرب مية,محتاجين حد يشوف faucet في Library - First Floor. The leak continues even when the faucet is closed.,INCIDENT,PLUMBING_WATER,PLUMBING_WATER,LOW,LOW,Library - First Floor,ar_eg,lab_assistant,EASY,False,0,,"Water supply, drainage or plumbing problem"
single_02315,SINGLE,Window issue,There is a problem with the window at Dormitory B - Floor 1. The room is still accessible but the window needs repair.,INCIDENT,BUILDING_STRUCTURE,BUILDING_STRUCTURE,MEDIUM,MEDIUM,Dormitory B - Floor 1,en,admin_staff,EASY,False,0,,"Building surface, door, window or structural issue"
single_02316,SINGLE,Issue with walkway,I noticed that the walkway is blocked in Parking Area. Part of the walkway cannot be used normally.,INCIDENT,GROUNDS_OUTDOOR,GROUNDS_OUTDOOR,MEDIUM,MEDIUM,Parking Area,en,security_staff,MEDIUM,False,0,,Outdoor area or grounds maintenance issue
single_02317,SINGLE,Gate issue,The gate is not working at Parking Area. The gate cannot be operated normally.,INCIDENT,BUILDING_STRUCTURE,GROUNDS_OUTDOOR,MEDIUM,MEDIUM,Parking Area,en,student,MEDIUM,False,0,,Outdoor area or grounds maintenance issue
single_02318,SINGLE,air conditioning system فيه مشكلة,air conditioning system محتاج متابعة في Computer Science Building - Room 203. The room is not cooling normally. الموضوع محتاج متابعة بسرعة. أكتر من شخص ممكن يكون متأثر.,INCIDENT,HVAC_AC,HVAC_AC,HIGH,HIGH,Computer Science Building - Room 203,ar_eg,student,HARD,False,0,,Air conditioning or ventilation issue
single_02319,SINGLE,The electrical switch has an issue,The problem is with electrical switch في Main Entrance. The switch does not control the connected light.,INCIDENT,ELECTRICAL,ELECTRICAL,LOW,MEDIUM,Main Entrance,mixed,student,MEDIUM,False,0,,Electrical power or lighting problem
single_02320,SINGLE,Bathroom issue,There is a problem with the bathroom at Dormitory B - Floor 1. Regular cleaning is needed before normal use. The issue needs prompt attention. Several people may be affected.,SERVICE_REQUEST,CLEANING_WASTE,CLEANING_WASTE,HIGH,HIGH,Dormitory B - Floor 1,en,dorm_resident,MEDIUM,False,0,,Cleaning or waste management problem
single_02321,SINGLE,عطل في الأسانسير,elevator محتاج متابعة في Administration Building - Room 18. The building has other access routes. الموضوع محتاج متابعة بسرعة. أكتر من شخص ممكن يكون متأثر.,INCIDENT,ELEVATOR,ELEVATOR,HIGH,HIGH,Administration Building - Room 18,ar_eg,admin_staff,HARD,False,0,,Elevator or lift malfunction
single_02322,SINGLE,The drain has an issue,The drain is blocked في Lecture Hall C. Water is draining very slowly. الموضوع محتاج prompt attention.,INCIDENT,PLUMBING_WATER,PLUMBING_WATER,LOW,HIGH,Lecture Hall C,mixed,lab_assistant,HARD,False,0,,"Water supply, drainage or plumbing problem"
single_02323,SINGLE,Issue with desk,The desk is unstable at Library - Second Floor. The desk moves when it is used.,INCIDENT,FURNITURE_FIXTURES,FURNITURE_FIXTURES,MEDIUM,MEDIUM,Library - Second Floor,en,dorm_resident,MEDIUM,False,0,,Furniture or fixture maintenance problem
single_02324,SINGLE,equipment area محتاج فحص,محتاجين حد يشوف equipment area في Main Entrance. The problem could not be classified more specifically. الموضوع محتاج متابعة بسرعة. ضروري شوية,INCIDENT,OTHER,OTHER,MEDIUM,HIGH,Main Entrance,ar_eg,lab_assistant,MEDIUM,False,0,,Issue does not fit a specific category
single_02325,SINGLE,عطل في thermostat,في مشكلة في thermostat في Science Building - Chemistry Lab. The temperature cannot be adjusted normally. الموضوع محتاج متابعة بسرعة. ضروري شوية,INCIDENT,HVAC_AC,HVAC_AC,MEDIUM,HIGH,Science Building - Chemistry Lab,ar_eg,dorm_resident,MEDIUM,False,0,,Air conditioning or ventilation issue
single_02326,SINGLE,Login keeps asking for login,The login keeps asking for login at Science Building - Chemistry Lab. The system repeatedly asks the user to sign in. The issue needs prompt attention.,INCIDENT,IT_NETWORK_ACCOUNTS,IT_NETWORK_ACCOUNTS,MEDIUM,HIGH,Science Building - Chemistry Lab,en,lab_assistant,MEDIUM,False,0,,Network or account access problem
single_02327,SINGLE,el university email feh moshkela,momken 7ad yshoof el university email fe Engineering Building - Lab 2?,INCIDENT,IT_NETWORK_ACCOUNTS,IT_NETWORK_ACCOUNTS,MEDIUM,MEDIUM,Engineering Building - Lab 2,arabizi,security_staff,MEDIUM,False,0,,Network or account access problem
single_02328,SINGLE,Laptop needs attention,Please check the laptop at Computer Science Building - Lab 1. It is very slow. Applications take a long time to respond.,INCIDENT,IT_HARDWARE_PRINTING,IT_HARDWARE_PRINTING,MEDIUM,LOW,Computer Science Building - Lab 1,en,security_staff,EASY,False,0,,Physical computer or printing equipment issue
single_02329,SINGLE,Slippery floor needs attention,Please check the slippery floor at Lecture Hall B. It creates a safety concern. People are still using the area. The issue needs prompt attention. Please check.,INCIDENT,SAFETY_HAZARD,SAFETY_HAZARD,MEDIUM,HIGH,Lecture Hall B,en,lecturer,MEDIUM,False,0,,Reported physical safety hazard
single_02330,SINGLE,Campus network is not connecting,I noticed that the campus network is not connecting in Computer Science Building - Lab 1. Other devices in the same area seem to have the same problem. The issue needs prompt attention. Several people may be affected.,INCIDENT,IT_NETWORK_ACCOUNTS,IT_NETWORK_ACCOUNTS,HIGH,HIGH,Computer Science Building - Lab 1,en,student,HARD,False,0,,Network or account access problem
single_02331,SINGLE,Printer needs attention,I noticed that the printer is not printing in Computer Science Building - Room 203. The printer worked normally earlier today.,INCIDENT,IT_HARDWARE_PRINTING,IT_HARDWARE_PRINTING,MEDIUM,LOW,Computer Science Building - Room 203,en,admin_staff,MEDIUM,False,0,,Physical computer or printing equipment issue
single_02332,SINGLE,3atel fe broken railing,feh moshkela fel broken railing fe Student Affairs Office. aktar men 7ad momken ykoon mota2asser.,INCIDENT,ELECTRICAL,SAFETY_HAZARD,HIGH,MEDIUM,Student Affairs Office,arabizi,security_staff,HARD,False,0,,Reported physical safety hazard
single_02333,SINGLE,The facility has an issue,في مشكلة في facility at Lecture Hall B. The exact cause is not clear.,INCIDENT,OTHER,OTHER,MEDIUM,LOW,Lecture Hall B,mixed,lecturer,MEDIUM,False,0,,Issue does not fit a specific category
single_02334,SINGLE,login فيه مشكلة,في مشكلة في login في Science Building - Physics Lab. The system repeatedly asks the user to sign in.,INCIDENT,IT_NETWORK_ACCOUNTS,IT_NETWORK_ACCOUNTS,MEDIUM,LOW,Science Building - Physics Lab,ar_eg,dorm_resident,HARD,False,0,,Network or account access problem
single_02335,SINGLE,مشكلة في floor,في مشكلة في floor at Library - Second Floor. The floor needs routine cleaning. please check.,INCIDENT,CLEANING_WASTE,CLEANING_WASTE,LOW,LOW,Library - Second Floor,mixed,student,EASY,False,0,,Cleaning or waste management problem
single_02336,SINGLE,broken railing مش آمن,محتاجين حد يشوف broken railing في Computer Science Building - Room 203. The damaged railing is located on a frequently used path.,INCIDENT,SAFETY_HAZARD,SAFETY_HAZARD,MEDIUM,MEDIUM,Computer Science Building - Room 203,ar_eg,student,HARD,False,0,,Reported physical safety hazard
single_02337,SINGLE,Drain issue,There is a problem with the drain at Library - First Floor. Water is draining very slowly.,INCIDENT,PLUMBING_WATER,PLUMBING_WATER,MEDIUM,MEDIUM,Library - First Floor,en,dorm_resident,MEDIUM,False,0,,"Water supply, drainage or plumbing problem"
single_02338,SINGLE,Issue with desktop computer,I noticed that the desktop computer keeps restarting in Science Building - Chemistry Lab. The computer restarts while it is being used.,INCIDENT,IT_HARDWARE_PRINTING,IT_HARDWARE_PRINTING,MEDIUM,MEDIUM,Science Building - Chemistry Lab,en,dorm_resident,HARD,False,0,,Physical computer or printing equipment issue
single_02339,SINGLE,عطل في campus network,campus network محتاج متابعة في Library - Second Floor. Other devices in the same area seem to have the same problem. الموضوع محتاج متابعة بسرعة. أكتر من شخص ممكن يكون متأثر.,INCIDENT,IT_NETWORK_ACCOUNTS,IT_NETWORK_ACCOUNTS,HIGH,HIGH,Library - Second Floor,ar_eg,dorm_resident,HARD,False,0,,Network or account access problem
single_02340,SINGLE,Service area needs maintenance,There is a problem with the service area at Lecture Hall C. A technician may need to inspect the area.,SERVICE_REQUEST,OTHER,OTHER,LOW,LOW,Lecture Hall C,en,admin_staff,MEDIUM,False,0,,Issue does not fit a specific category
single_02341,SINGLE,Issue with ceiling light,The ceiling light stopped working at Computer Science Building - Room 203. The room is less visible because the light is not working. The issue needs prompt attention.,INCIDENT,ELECTRICAL,ELECTRICAL,MEDIUM,HIGH,Computer Science Building - Room 203,en,student,HARD,False,0,,Electrical power or lighting problem
single_02342,SINGLE,Issue with waste bin,Please check the waste bin at Library - First Floor. It has overflowing waste. The waste bin has not been emptied recently.,INCIDENT,CLEANING_WASTE,CLEANING_WASTE,LOW,MEDIUM,Library - First Floor,en,lab_assistant,MEDIUM,False,0,,Cleaning or waste management problem
single_02343,SINGLE,Waste bin has overflowing waste,Please check the waste bin at Library - First Floor. It has overflowing waste. The waste bin has not been emptied recently.,INCIDENT,CLEANING_WASTE,CLEANING_WASTE,MEDIUM,MEDIUM,Library - First Floor,en,admin_staff,MEDIUM,False,0,,Cleaning or waste management problem
single_02344,SINGLE,Printer is not printing,Please check the printer at Science Building - Physics Lab. It is not printing. The printer worked normally earlier today.,INCIDENT,IT_HARDWARE_PRINTING,IT_HARDWARE_PRINTING,MEDIUM,MEDIUM,Science Building - Physics Lab,en,security_staff,MEDIUM,False,0,,Physical computer or printing equipment issue
single_02345,SINGLE,Power supply issue,The power supply keeps turning off at Main Lecture Hall. The equipment loses power repeatedly. Several people may be affected.,INCIDENT,ELECTRICAL,ELECTRICAL,HIGH,MEDIUM,Main Lecture Hall,en,dorm_resident,MEDIUM,False,0,,Electrical power or lighting problem
single_02346,SINGLE,Monitor shows a blank screen,Please check the monitor at Engineering Building - Lab 2. It shows a blank screen. The computer is running but nothing appears on the display.,INCIDENT,OTHER,IT_HARDWARE_PRINTING,MEDIUM,MEDIUM,Engineering Building - Lab 2,en,lecturer,MEDIUM,False,0,,Physical computer or printing equipment issue
single_02347,SINGLE,Ceiling light issue,The ceiling light stopped working at Dormitory B - Floor 3. The room is less visible because the light is not working.,INCIDENT,ELECTRICAL,ELECTRICAL,LOW,LOW,Dormitory B - Floor 3,en,dorm_resident,MEDIUM,False,0,,Electrical power or lighting problem
single_02348,SINGLE,Problem with waste bin,The waste bin has overflowing waste at Main Lecture Hall. The waste bin has not been emptied recently. The issue needs prompt attention.,INCIDENT,CLEANING_WASTE,CLEANING_WASTE,MEDIUM,HIGH,Main Lecture Hall,en,admin_staff,HARD,False,0,,Cleaning or waste management problem
single_02349,SINGLE,mshkela fe obstruction,el moshkela fe obstruction zahret fe Lecture Hall C. aktar men 7ad momken ykoon mota2asser.,INCIDENT,SAFETY_HAZARD,SAFETY_HAZARD,HIGH,MEDIUM,Lecture Hall C,arabizi,lecturer,MEDIUM,False,0,,Reported physical safety hazard
single_02350,SINGLE,faucet فيه مشكلة,لاحظت إن faucet فيه مشكلة في Science Building - Chemistry Lab. The leak continues even when the faucet is closed.,INCIDENT,PLUMBING_WATER,PLUMBING_WATER,LOW,LOW,Science Building - Chemistry Lab,ar_eg,lecturer,EASY,False,0,,"Water supply, drainage or plumbing problem"
single_02351,SINGLE,عطل في الأسانسير,elevator محتاج متابعة في Engineering Building - Lab 4. People are currently using the building stairs. الموضوع محتاج متابعة بسرعة. أكتر من شخص ممكن يكون متأثر.,INCIDENT,ELEVATOR,ELEVATOR,HIGH,HIGH,Engineering Building - Lab 4,ar_eg,admin_staff,HARD,False,0,,Elevator or lift malfunction
single_02352,SINGLE,service area محتاج فحص,لاحظت إن service area فيه مشكلة في Engineering Building - Lab 4. A technician may need to inspect the area. أكتر من شخص ممكن يكون متأثر.,SERVICE_REQUEST,BUILDING_STRUCTURE,OTHER,HIGH,MEDIUM,Engineering Building - Lab 4,ar_eg,dorm_resident,MEDIUM,False,0,,Issue does not fit a specific category
single_02353,SINGLE,Lift needs attention,Please check the lift at Engineering Building - Room 101 It stopped between floors. The elevator requires immediate technical inspection. The issue needs prompt attention.,INCIDENT,ELEVATOR,ELEVATOR,LOW,HIGH,Engineering Building - Room 101,en,lab_assistant,MEDIUM,False,0,,Elevator or lift malfunction
single_02354,SINGLE,Window issue,Please check the window at Student Affairs Office. It does not close properly. The room is still accessible but the window needs repair. Please check.,INCIDENT,SAFETY_HAZARD,BUILDING_STRUCTURE,MEDIUM,MEDIUM,Student Affairs Office,en,admin_staff,MEDIUM,False,0,,"Building surface, door, window or structural issue"
single_02355,SINGLE,el mouse mehtag check,el moshkela fe mouse zahret fe Library - Second Floor.,INCIDENT,IT_HARDWARE_PRINTING,IT_HARDWARE_PRINTING,LOW,MEDIUM,Library - Second Floor,arabizi,dorm_resident,EASY,False,0,,Physical computer or printing equipment issue
single_02356,SINGLE,The USB port has an issue,في مشكلة في USB port at Science Building - Physics Lab. Connected devices are not recognized by the computer.,INCIDENT,IT_HARDWARE_PRINTING,IT_HARDWARE_PRINTING,LOW,LOW,Science Building - Physics Lab,mixed,lab_assistant,EASY,False,0,,Physical computer or printing equipment issue
single_02357,SINGLE,مشكلة في damaged safety sign,The damaged safety sign needs attention في Main Entrance. The safety information is no longer clearly visible.,INCIDENT,OTHER,SAFETY_HAZARD,MEDIUM,MEDIUM,Main Entrance,mixed,dorm_resident,MEDIUM,False,0,,Reported physical safety hazard
single_02358,SINGLE,Issue with display system,There is a problem with the display system at Lecture Hall B. The classroom display disconnects during use.,INCIDENT,AV_CLASSROOM_EQUIPMENT,AV_CLASSROOM_EQUIPMENT,MEDIUM,LOW,Lecture Hall B,en,dorm_resident,MEDIUM,False,0,,Classroom audio visual equipment issue
single_02359,SINGLE,Issue with air conditioner,I noticed that the air conditioner is not cooling in Engineering Building - Lab 2. The room becomes uncomfortable after some time.,INCIDENT,HVAC_AC,HVAC_AC,MEDIUM,MEDIUM,Engineering Building - Lab 2,en,security_staff,MEDIUM,False,0,,Air conditioning or ventilation issue
single_02360,SINGLE,Bathroom needs attention,There is a problem with the bathroom at Main Lecture Hall. Regular cleaning is needed before normal use.,SERVICE_REQUEST,CLEANING_WASTE,CLEANING_WASTE,MEDIUM,LOW,Main Lecture Hall,en,admin_staff,MEDIUM,False,0,,Cleaning or waste management problem
single_02361,SINGLE,مشكلة في the parking area,The problem is with parking area في Main Entrance. The issue affects one outdoor location.,SERVICE_REQUEST,SAFETY_HAZARD,GROUNDS_OUTDOOR,LOW,MEDIUM,Main Entrance,mixed,student,EASY,False,0,,Outdoor area or grounds maintenance issue
single_02362,SINGLE,Problem with vent,Please check the vent at Dormitory A - Floor 1. It is not working. Airflow from the vent is not normal.,INCIDENT,HVAC_AC,HVAC_AC,LOW,LOW,Dormitory A - Floor 1,en,lecturer,EASY,False,0,,Air conditioning or ventilation issue
single_02363,SINGLE,Issue with ceiling light,There is a problem with the ceiling light at Outdoor Courtyard. The room is less visible because the light is not working.,INCIDENT,ELECTRICAL,ELECTRICAL,MEDIUM,LOW,Outdoor Courtyard,en,student,HARD,False,0,,Electrical power or lighting problem
single_02364,SINGLE,مشكلة في the university email,محتاجين حد يشوف the university email في Science Building - Physics Lab. please check.,INCIDENT,IT_NETWORK_ACCOUNTS,IT_NETWORK_ACCOUNTS,MEDIUM,MEDIUM,Science Building - Physics Lab,mixed,lecturer,HARD,False,0,,Network or account access problem
single_02365,SINGLE,مشكلة في the equipment area,في مشكلة في equipment area at Outdoor Courtyard. The problem could not be classified more specifically.,INCIDENT,OTHER,OTHER,LOW,MEDIUM,Outdoor Courtyard,mixed,student,MEDIUM,False,0,,Issue does not fit a specific category
single_02366,SINGLE,Problem with wall,There is a problem with the wall at Engineering Building - Lab 4 The crack has become more noticeable.,INCIDENT,BUILDING_STRUCTURE,BUILDING_STRUCTURE,LOW,LOW,Engineering Building - Lab 4,en,lab_assistant,MEDIUM,False,0,,"Building surface, door, window or structural issue"
single_02367,SINGLE,corridor محتاج تنظيف,محتاجين حد يشوف corridor في Dormitory B - Floor 3. The corridor needs its regular cleaning service.,INCIDENT,CLEANING_WASTE,CLEANING_WASTE,MEDIUM,LOW,Dormitory B - Floor 3,ar_eg,lab_assistant,EASY,False,0,,Cleaning or waste management problem
single_02368,SINGLE,Issue with light,The light is flickering at Dormitory B - Floor 1. The light turns off and on repeatedly. The issue needs prompt attention. Several people may be affected.,INCIDENT,ELECTRICAL,ELECTRICAL,HIGH,HIGH,Dormitory B - Floor 1,en,security_staff,EASY,False,0,,Electrical power or lighting problem
single_02369,SINGLE,table محتاج تصليح,محتاجين حد يشوف table في Lecture Hall C. The table does not remain steady during use.,INCIDENT,FURNITURE_FIXTURES,FURNITURE_FIXTURES,LOW,LOW,Lecture Hall C,ar_eg,student,EASY,False,0,,Furniture or fixture maintenance problem
single_02370,SINGLE,Desk is unstable,The desk is unstable at Main Lecture Hall. The desk moves when it is used. The issue needs prompt attention.,INCIDENT,FURNITURE_FIXTURES,FURNITURE_FIXTURES,MEDIUM,HIGH,Main Lecture Hall,en,security_staff,HARD,False,0,,Furniture or fixture maintenance problem
single_02371,SINGLE,Water pipe issue,There is a problem with the water pipe at Science Building - Physics Lab. The leak becomes worse when the water is used. The issue needs prompt attention. Several people may be affected.,INCIDENT,CLEANING_WASTE,PLUMBING_WATER,HIGH,HIGH,Science Building - Physics Lab,en,admin_staff,HARD,False,0,,"Water supply, drainage or plumbing problem"
single_02372,SINGLE,projector فيه مشكلة,في مشكلة في projector في Administration Building - Room 18. Changing the input source did not help. أكتر من شخص ممكن يكون متأثر.,INCIDENT,ELECTRICAL,AV_CLASSROOM_EQUIPMENT,HIGH,LOW,Administration Building - Room 18,ar_eg,lab_assistant,EASY,False,0,,Classroom audio visual equipment issue
single_02373,SINGLE,shelf محتاج تصليح,لاحظت إن shelf فيه مشكلة في Main Entrance. The shelf is loose and needs maintenance. ضروري شوية,INCIDENT,FURNITURE_FIXTURES,FURNITURE_FIXTURES,LOW,MEDIUM,Main Entrance,ar_eg,student,HARD,False,0,,Furniture or fixture maintenance problem
single_02374,SINGLE,el printer feh moshkela,el moshkela fe printer zahret fe Science Building - Chemistry Lab. el mawdoo3 mehtag check بسرعة.,INCIDENT,IT_NETWORK_ACCOUNTS,IT_HARDWARE_PRINTING,LOW,HIGH,Science Building - Chemistry Lab,arabizi,dorm_resident,MEDIUM,False,0,,Physical computer or printing equipment issue
single_02375,SINGLE,Problem with equipment area,The equipment area is not functioning normally at Library - Second Floor. The problem could not be classified more specifically.,SERVICE_REQUEST,OTHER,OTHER,MEDIUM,MEDIUM,Library - Second Floor,en,lecturer,MEDIUM,False,0,,Issue does not fit a specific category
single_02376,SINGLE,مشكلة محتاجة تدخل في broken railing,في مشكلة في broken railing في Science Building - Chemistry Lab. The damaged railing is located on a frequently used path. الموضوع محتاج متابعة بسرعة. أكتر من شخص ممكن يكون متأثر. لو سمحت.,INCIDENT,SAFETY_HAZARD,SAFETY_HAZARD,HIGH,HIGH,Science Building - Chemistry Lab,ar_eg,lecturer,MEDIUM,False,0,,Reported physical safety hazard
single_02377,SINGLE,laptop مش شغال,في مشكلة في laptop في Engineering Building - Lab 4. Applications take a long time to respond. ضروري شوية,INCIDENT,IT_HARDWARE_PRINTING,IT_HARDWARE_PRINTING,LOW,LOW,Engineering Building - Lab 4,ar_eg,dorm_resident,MEDIUM,False,0,,Physical computer or printing equipment issue
single_02378,SINGLE,Ceiling is damaged,The ceiling is damaged at Dormitory A - Floor 1. The damage is limited to one area. The issue needs prompt attention.,INCIDENT,BUILDING_STRUCTURE,BUILDING_STRUCTURE,LOW,HIGH,Dormitory A - Floor 1,en,admin_staff,MEDIUM,False,0,,"Building surface, door, window or structural issue"
single_02379,SINGLE,Faucet needs attention,Please check the faucet at Engineering Building - Room 101. It is dripping. The leak continues even when the faucet is closed.,INCIDENT,PLUMBING_WATER,PLUMBING_WATER,LOW,LOW,Engineering Building - Room 101,en,dorm_resident,EASY,False,0,,"Water supply, drainage or plumbing problem"
single_02380,SINGLE,مشكلة في projector,في مشكلة في projector at Lecture Hall C. The instructor needs the equipment for the current class. الموضوع محتاج prompt attention. please check.,INCIDENT,AV_CLASSROOM_EQUIPMENT,AV_CLASSROOM_EQUIPMENT,MEDIUM,HIGH,Lecture Hall C,mixed,lab_assistant,MEDIUM,False,0,,Classroom audio visual equipment issue
single_02381,SINGLE,مشكلة في air conditioning system,air conditioning system محتاج متابعة في Science Building - Chemistry Lab. The room is not cooling normally. الموضوع محتاج متابعة بسرعة. أكتر من شخص ممكن يكون متأثر. لو سمحت.,INCIDENT,HVAC_AC,HVAC_AC,HIGH,HIGH,Science Building - Chemistry Lab,ar_eg,security_staff,MEDIUM,False,0,,Air conditioning or ventilation issue
single_02382,SINGLE,The monitor has an issue,The monitor shows a blank screen في Computer Science Building - Room 203. The computer is running but nothing appears on the display.,INCIDENT,IT_HARDWARE_PRINTING,IT_HARDWARE_PRINTING,MEDIUM,MEDIUM,Computer Science Building - Room 203,mixed,lecturer,MEDIUM,False,0,,Physical computer or printing equipment issue
single_02383,SINGLE,Ceiling is damaged,I noticed that the ceiling is damaged in Administration Building - Room 18. The damage is limited to one area. The issue needs prompt attention. Several people may be affected.,INCIDENT,SAFETY_HAZARD,BUILDING_STRUCTURE,HIGH,HIGH,Administration Building - Room 18,en,lab_assistant,MEDIUM,False,0,,"Building surface, door, window or structural issue"
single_02384,SINGLE,Problem with elevator,Please check the elevator at Administration Building - Room 18. It is not moving. People are currently using the building stairs. The issue needs prompt attention.,INCIDENT,ELEVATOR,ELEVATOR,MEDIUM,HIGH,Administration Building - Room 18,en,dorm_resident,HARD,False,0,,Elevator or lift malfunction
single_02385,SINGLE,faucet فيه مشكلة,محتاجين حد يشوف faucet في Computer Science Building - Lab 3. The leak continues even when the faucet is closed.,INCIDENT,PLUMBING_WATER,PLUMBING_WATER,LOW,LOW,Computer Science Building - Lab 3,ar_eg,security_staff,EASY,False,0,,"Water supply, drainage or plumbing problem"
single_02386,SINGLE,Keyboard issue,Please check the keyboard at Computer Science Building - Lab 3. It is not working. Several keys do not respond when pressed.,INCIDENT,AV_CLASSROOM_EQUIPMENT,IT_HARDWARE_PRINTING,LOW,LOW,Computer Science Building - Lab 3,en,student,EASY,False,0,,Physical computer or printing equipment issue
single_02387,SINGLE,el mouse feh moshkela,momken 7ad yshoof el mouse fe Computer Science Building - Lab 1?,INCIDENT,IT_HARDWARE_PRINTING,IT_HARDWARE_PRINTING,LOW,MEDIUM,Computer Science Building - Lab 1,arabizi,lab_assistant,EASY,False,0,,Physical computer or printing equipment issue
single_02388,SINGLE,el corridor mehtag check,el corridor has not been cleaned fe Cafeteria. The corridor needs its regular cleaning service.,INCIDENT,OTHER,CLEANING_WASTE,LOW,MEDIUM,Cafeteria,arabizi,dorm_resident,EASY,False,0,,Cleaning or waste management problem
single_02389,SINGLE,Smoke issue,There is a problem with the smoke at Library - Second Floor. The source of the smoke is not clear. Several people may be affected.,INCIDENT,SAFETY_HAZARD,SAFETY_HAZARD,HIGH,MEDIUM,Library - Second Floor,en,admin_staff,HARD,False,0,,Reported physical safety hazard
single_02390,SINGLE,مشكلة في wall,لاحظت إن wall فيه مشكلة في Administration Building - Room 18. The crack has become more noticeable.,INCIDENT,SAFETY_HAZARD,BUILDING_STRUCTURE,MEDIUM,LOW,Administration Building - Room 18,ar_eg,admin_staff,HARD,False,0,,"Building surface, door, window or structural issue"
single_02391,SINGLE,Issue with elevator,The elevator is out of service at Library - Second Floor. The building has other access routes. The issue needs prompt attention. Several people may be affected.,INCIDENT,ELEVATOR,ELEVATOR,HIGH,HIGH,Library - Second Floor,en,student,HARD,False,0,,Elevator or lift malfunction
single_02392,SINGLE,Problem with walkway,There is a problem with the walkway at Parking Area. Part of the walkway cannot be used normally. The issue needs prompt attention. Several people may be affected.,INCIDENT,GROUNDS_OUTDOOR,GROUNDS_OUTDOOR,HIGH,HIGH,Parking Area,en,dorm_resident,MEDIUM,False,0,,Outdoor area or grounds maintenance issue
single_02393,SINGLE,Issue with shelf,I noticed that the shelf needs repair in Dormitory B - Floor 3. The shelf is loose and needs maintenance. The issue needs prompt attention. Please check.,INCIDENT,FURNITURE_FIXTURES,FURNITURE_FIXTURES,LOW,HIGH,Dormitory B - Floor 3,en,admin_staff,HARD,False,0,,Furniture or fixture maintenance problem
single_02394,SINGLE,Problem with service area,The service area needs maintenance at Computer Science Building - Room 203. A technician may need to inspect the area.,SERVICE_REQUEST,OTHER,OTHER,LOW,MEDIUM,Computer Science Building - Room 203,en,student,MEDIUM,False,0,,Issue does not fit a specific category
single_02395,SINGLE,Problem with laptop,The laptop is very slow في Computer Science Building - Lab 3. Applications take a long time to respond.,INCIDENT,AV_CLASSROOM_EQUIPMENT,IT_HARDWARE_PRINTING,LOW,LOW,Computer Science Building - Lab 3,mixed,student,EASY,False,0,,Physical computer or printing equipment issue
single_02396,SINGLE,Issue with floor,There is a problem with the floor at Cafeteria. The floor needs routine cleaning.,INCIDENT,CLEANING_WASTE,CLEANING_WASTE,LOW,MEDIUM,Cafeteria,en,admin_staff,EASY,False,0,,Cleaning or waste management problem
single_02397,SINGLE,مشكلة في باب الأسانسير,elevator محتاج متابعة في Administration Building - Room 12. The building has other access routes.,INCIDENT,ELEVATOR,ELEVATOR,MEDIUM,LOW,Administration Building - Room 12,ar_eg,dorm_resident,MEDIUM,False,0,,Elevator or lift malfunction
single_02398,SINGLE,3atel fe keyboard,el moshkela fe keyboard zahret fe Computer Science Building - Room 203. el mawdoo3 mehtag check بسرعة.,INCIDENT,OTHER,IT_HARDWARE_PRINTING,LOW,HIGH,Computer Science Building - Room 203,arabizi,lecturer,EASY,False,0,,Physical computer or printing equipment issue
single_02399,SINGLE,Power outlet is not working,Please check the power outlet at Dormitory B - Floor 1. It is not working. The outlet is needed for equipment in the room. The issue needs prompt attention. Several people may be affected.,INCIDENT,ELECTRICAL,ELECTRICAL,HIGH,HIGH,Dormitory B - Floor 1,en,security_staff,HARD,False,0,,Electrical power or lighting problem
single_02400,SINGLE,Ceiling panel issue,The ceiling panel is loose at Administration Building - Room 18. The panel needs to be inspected before it becomes unsafe. The issue needs prompt attention. Several people may be affected.,INCIDENT,BUILDING_STRUCTURE,BUILDING_STRUCTURE,HIGH,HIGH,Administration Building - Room 18,en,security_staff,HARD,False,0,,"Building surface, door, window or structural issue"
single_02401,SINGLE,Issue with faucet,There is a problem with the faucet at Computer Science Building - Lab 1. The leak continues even when the faucet is closed.,INCIDENT,PLUMBING_WATER,PLUMBING_WATER,MEDIUM,LOW,Computer Science Building - Lab 1,en,security_staff,EASY,False,0,,"Water supply, drainage or plumbing problem"
single_02402,SINGLE,el faucet feh moshkela,el faucet is dripping fe Main Entrance. The leak continues even when the faucet is closed.,INCIDENT,PLUMBING_WATER,PLUMBING_WATER,LOW,LOW,Main Entrance,arabizi,lecturer,EASY,False,0,,"Water supply, drainage or plumbing problem"
single_02403,SINGLE,Gate is not working,I noticed that the gate is not working in Parking Area. The gate cannot be operated normally.,INCIDENT,OTHER,GROUNDS_OUTDOOR,MEDIUM,MEDIUM,Parking Area,en,admin_staff,HARD,False,0,,Outdoor area or grounds maintenance issue
single_02404,SINGLE,Problem with ceiling,I noticed that the ceiling is damaged in Science Building - Chemistry Lab. The damage is limited to one area.,INCIDENT,SAFETY_HAZARD,BUILDING_STRUCTURE,MEDIUM,LOW,Science Building - Chemistry Lab,en,dorm_resident,HARD,False,0,,"Building surface, door, window or structural issue"
single_02405,SINGLE,3atel fe door,feh moshkela fel door fe Parking Area.,INCIDENT,BUILDING_STRUCTURE,BUILDING_STRUCTURE,MEDIUM,MEDIUM,Parking Area,arabizi,lecturer,MEDIUM,False,0,,"Building surface, door, window or structural issue"
single_02406,SINGLE,Laptop issue,There is a problem with the laptop at Engineering Building - Lab 2. Applications take a long time to respond.,INCIDENT,IT_HARDWARE_PRINTING,IT_HARDWARE_PRINTING,MEDIUM,MEDIUM,Engineering Building - Lab 2,en,student,EASY,False,0,,Physical computer or printing equipment issue
single_02407,SINGLE,Floor tile issue,There is a problem with the floor tile at Engineering Building - Lab 2. The damaged tile is located in a frequently used area.,INCIDENT,BUILDING_STRUCTURE,BUILDING_STRUCTURE,LOW,MEDIUM,Engineering Building - Lab 2,en,dorm_resident,MEDIUM,False,0,,"Building surface, door, window or structural issue"
single_02408,SINGLE,Laptop is very slow,Please check the laptop at Computer Science Building - Room 203. It is very slow. Applications take a long time to respond.,INCIDENT,IT_HARDWARE_PRINTING,IT_HARDWARE_PRINTING,LOW,LOW,Computer Science Building - Room 203,en,student,MEDIUM,False,0,,Physical computer or printing equipment issue
single_02409,SINGLE,keyboard فيه مشكلة,محتاجين حد يشوف keyboard في Engineering Building - Lab 2. Several keys do not respond when pressed.,INCIDENT,IT_HARDWARE_PRINTING,IT_HARDWARE_PRINTING,LOW,LOW,Engineering Building - Lab 2,ar_eg,admin_staff,MEDIUM,False,0,,Physical computer or printing equipment issue
single_02410,SINGLE,عطل في USB port,USB port محتاج متابعة في Science Building - Chemistry Lab. Connected devices are not recognized by the computer.,INCIDENT,IT_HARDWARE_PRINTING,IT_HARDWARE_PRINTING,MEDIUM,LOW,Science Building - Chemistry Lab,ar_eg,admin_staff,EASY,False,0,,Physical computer or printing equipment issue
single_02411,SINGLE,mshkela fe smart board,el moshkela fe smart board zahret fe Computer Science Building - Room 203. plz,INCIDENT,AV_CLASSROOM_EQUIPMENT,AV_CLASSROOM_EQUIPMENT,MEDIUM,LOW,Computer Science Building - Room 203,arabizi,lab_assistant,HARD,False,0,,Classroom audio visual equipment issue
single_02412,SINGLE,عطل في monitor,monitor محتاج متابعة في Science Building - Chemistry Lab. The computer is running but nothing appears on the display.,INCIDENT,IT_NETWORK_ACCOUNTS,IT_HARDWARE_PRINTING,LOW,MEDIUM,Science Building - Chemistry Lab,ar_eg,lecturer,HARD,False,0,,Physical computer or printing equipment issue
single_02413,SINGLE,Issue with AC unit,Please check the AC unit at Lecture Hall C. It is making a strange noise. The noise started during the current session. Several people may be affected.,INCIDENT,HVAC_AC,HVAC_AC,HIGH,MEDIUM,Lecture Hall C,en,dorm_resident,MEDIUM,False,0,,Air conditioning or ventilation issue
single_02414,SINGLE,Keyboard is not working,The keyboard is not working at Engineering Building - Lab 2. Several keys do not respond when pressed. Please check.,INCIDENT,IT_HARDWARE_PRINTING,IT_HARDWARE_PRINTING,LOW,LOW,Engineering Building - Lab 2,en,security_staff,EASY,False,0,,Physical computer or printing equipment issue
single_02415,SINGLE,Problem with toilet,في مشكلة في toilet at Science Building - Chemistry Lab. Water is spreading around the bathroom area. please check.,INCIDENT,PLUMBING_WATER,PLUMBING_WATER,MEDIUM,MEDIUM,Science Building - Chemistry Lab,mixed,dorm_resident,HARD,False,0,,"Water supply, drainage or plumbing problem"
single_02416,SINGLE,3atel fe equipment area,feh moshkela fel equipment area fe Computer Science Building - Room 203.,SERVICE_REQUEST,OTHER,OTHER,MEDIUM,MEDIUM,Computer Science Building - Room 203,arabizi,security_staff,MEDIUM,False,0,,Issue does not fit a specific category
single_02417,SINGLE,Issue with smoke,I noticed that the smoke creates a safety concern in Cafeteria. The source of the smoke is not clear. The issue needs prompt attention.,INCIDENT,SAFETY_HAZARD,SAFETY_HAZARD,MEDIUM,HIGH,Cafeteria,en,admin_staff,HARD,False,0,,Reported physical safety hazard
single_02418,SINGLE,مشكلة في projector,محتاجين حد يشوف projector في Computer Science Building - Room 203. Changing the input source did not help. الموضوع محتاج متابعة بسرعة. أكتر من شخص ممكن يكون متأثر.,INCIDENT,AV_CLASSROOM_EQUIPMENT,AV_CLASSROOM_EQUIPMENT,HIGH,HIGH,Computer Science Building - Room 203,ar_eg,lab_assistant,MEDIUM,False,0,,Classroom audio visual equipment issue
single_02419,SINGLE,Slippery floor needs attention,I noticed that the slippery floor creates a safety concern in Dormitory A - Floor 1. People are still using the area. The issue needs prompt attention. Several people may be affected. Please check.,INCIDENT,SAFETY_HAZARD,SAFETY_HAZARD,HIGH,HIGH,Dormitory A - Floor 1,en,lab_assistant,HARD,False,0,,Reported physical safety hazard
single_02420,SINGLE,door handle فيه مشكلة,لاحظت إن door handle فيه مشكلة في Lecture Hall B. The handle moves when the door is opened.,INCIDENT,FURNITURE_FIXTURES,FURNITURE_FIXTURES,MEDIUM,MEDIUM,Lecture Hall B,ar_eg,security_staff,HARD,False,0,,Furniture or fixture maintenance problem
single_02421,SINGLE,Issue with USB port,There is a problem with the USB port at Science Building - Physics Lab. Connected devices are not recognized by the computer. The issue needs prompt attention. Please check.,INCIDENT,IT_HARDWARE_PRINTING,IT_HARDWARE_PRINTING,MEDIUM,HIGH,Science Building - Physics Lab,en,lab_assistant,EASY,False,0,,Physical computer or printing equipment issue
single_02422,SINGLE,Waste bin needs attention,There is a problem with the waste bin at Dormitory A - Floor 1. The waste bin has not been emptied recently. The issue needs prompt attention.,INCIDENT,CLEANING_WASTE,CLEANING_WASTE,LOW,HIGH,Dormitory A - Floor 1,en,admin_staff,MEDIUM,False,0,,Cleaning or waste management problem
single_02423,SINGLE,mshkela fe light,feh moshkela fel light fe Cafeteria. el mawdoo3 mehtag check بسرعة. plz,INCIDENT,ELECTRICAL,ELECTRICAL,LOW,HIGH,Cafeteria,arabizi,student,MEDIUM,False,0,,Electrical power or lighting problem
single_02424,SINGLE,مشكلة في the bathroom,في مشكلة في bathroom at Lecture Hall B. Regular cleaning is needed before normal use. please check.,SERVICE_REQUEST,CLEANING_WASTE,CLEANING_WASTE,MEDIUM,MEDIUM,Lecture Hall B,mixed,lecturer,MEDIUM,False,0,,Cleaning or waste management problem
single_02425,SINGLE,Issue with wall socket,I noticed that the wall socket has no power in Computer Science Building - Lab 3. Other sockets in the room still have power. Please check.,INCIDENT,ELECTRICAL,ELECTRICAL,MEDIUM,MEDIUM,Computer Science Building - Lab 3,en,security_staff,MEDIUM,False,0,,Electrical power or lighting problem
single_02426,SINGLE,Printer issue,There is a problem with the printer at Science Building - Chemistry Lab. The printer worked normally earlier today. The issue needs prompt attention. Several people may be affected.,INCIDENT,IT_HARDWARE_PRINTING,IT_HARDWARE_PRINTING,HIGH,HIGH,Science Building - Chemistry Lab,en,admin_staff,MEDIUM,False,0,,Physical computer or printing equipment issue
single_02427,SINGLE,عطل في network connection,network connection محتاج متابعة في Library - Second Floor. The connection becomes slow during normal campus use.,INCIDENT,IT_NETWORK_ACCOUNTS,IT_NETWORK_ACCOUNTS,LOW,LOW,Library - Second Floor,ar_eg,security_staff,EASY,False,0,,Network or account access problem
single_02428,SINGLE,wall socket مش شغال,لاحظت إن wall socket فيه مشكلة في Science Building - Chemistry Lab. Other sockets in the room still have power. الموضوع محتاج متابعة بسرعة. أكتر من شخص ممكن يكون متأثر.,INCIDENT,ELECTRICAL,ELECTRICAL,HIGH,HIGH,Science Building - Chemistry Lab,ar_eg,lab_assistant,HARD,False,0,,Electrical power or lighting problem
single_02429,SINGLE,Vpn is not connecting,Please check the VPN at Computer Science Building - Lab 3. It is not connecting. The VPN connection fails when access to the university network is required. The issue needs prompt attention. Several people may be affected.,INCIDENT,IT_NETWORK_ACCOUNTS,IT_NETWORK_ACCOUNTS,HIGH,HIGH,Computer Science Building - Lab 3,en,lecturer,MEDIUM,False,0,,Network or account access problem
single_02430,SINGLE,Issue with parking area,I noticed that the parking area needs maintenance in Parking Area. The issue affects one outdoor location.,SERVICE_REQUEST,GROUNDS_OUTDOOR,GROUNDS_OUTDOOR,LOW,LOW,Parking Area,en,dorm_resident,MEDIUM,False,0,,Outdoor area or grounds maintenance issue
single_02431,SINGLE,عطل في ceiling,في مشكلة في ceiling في Computer Science Building - Lab 3. The damage is limited to one area. أكتر من شخص ممكن يكون متأثر. لو سمحت.,INCIDENT,BUILDING_STRUCTURE,BUILDING_STRUCTURE,HIGH,MEDIUM,Computer Science Building - Lab 3,ar_eg,lab_assistant,HARD,False,0,,"Building surface, door, window or structural issue"
single_02432,SINGLE,Projector does not turn on,I noticed that the projector does not turn on in Main Lecture Hall. The instructor needs the equipment for the current class. Several people may be affected.,INCIDENT,AV_CLASSROOM_EQUIPMENT,AV_CLASSROOM_EQUIPMENT,HIGH,LOW,Main Lecture Hall,en,student,HARD,False,0,,Classroom audio visual equipment issue
single_02433,SINGLE,Damaged safety sign needs attention,There is a problem with the damaged safety sign at Dormitory A - Floor 1. The safety information is no longer clearly visible. Please check.,INCIDENT,SAFETY_HAZARD,SAFETY_HAZARD,MEDIUM,LOW,Dormitory A - Floor 1,en,student,EASY,False,0,,Reported physical safety hazard
single_02434,SINGLE,Shelf needs attention,There is a problem with the shelf at Science Building - Chemistry Lab. The shelf is loose and needs maintenance. The issue needs prompt attention.,INCIDENT,FURNITURE_FIXTURES,FURNITURE_FIXTURES,MEDIUM,HIGH,Science Building - Chemistry Lab,en,lecturer,MEDIUM,False,0,,Furniture or fixture maintenance problem
single_02435,SINGLE,door فيه مشكلة,محتاجين حد يشوف door في Student Affairs Office. The damage was noticed today.,INCIDENT,BUILDING_STRUCTURE,BUILDING_STRUCTURE,MEDIUM,MEDIUM,Student Affairs Office,ar_eg,lecturer,HARD,False,0,,"Building surface, door, window or structural issue"
single_02436,SINGLE,Issue with projector,I noticed that the projector does not turn on in Computer Science Building - Room 203. The instructor needs the equipment for the current class. The issue needs prompt attention.,INCIDENT,AV_CLASSROOM_EQUIPMENT,AV_CLASSROOM_EQUIPMENT,MEDIUM,HIGH,Computer Science Building - Room 203,en,security_staff,HARD,False,0,,Classroom audio visual equipment issue
single_02437,SINGLE,Problem with light,في مشكلة في light at Science Building - Physics Lab. The light turns off and on repeatedly.,INCIDENT,BUILDING_STRUCTURE,ELECTRICAL,MEDIUM,MEDIUM,Science Building - Physics Lab,mixed,student,EASY,False,0,,Electrical power or lighting problem
single_02438,SINGLE,مشكلة في chair,chair محتاج متابعة في Outdoor Courtyard. The chair can still be used with difficulty. ضروري شوية,INCIDENT,FURNITURE_FIXTURES,FURNITURE_FIXTURES,LOW,LOW,Outdoor Courtyard,ar_eg,security_staff,MEDIUM,False,0,,Furniture or fixture maintenance problem
single_02439,SINGLE,Issue with sink,I noticed that the sink is leaking in Computer Science Building - Room 203. Water is collecting on the floor. The issue needs prompt attention.,INCIDENT,CLEANING_WASTE,PLUMBING_WATER,MEDIUM,HIGH,Computer Science Building - Room 203,en,dorm_resident,MEDIUM,False,0,,"Water supply, drainage or plumbing problem"
single_02440,SINGLE,Gate is not working,There is a problem with the gate at Main Entrance The gate cannot be operated normally.,INCIDENT,GROUNDS_OUTDOOR,GROUNDS_OUTDOOR,MEDIUM,MEDIUM,Main Entrance,en,admin_staff,EASY,False,0,,Outdoor area or grounds maintenance issue
single_02441,SINGLE,Facility has an unusual issue,I noticed that the facility has an unusual issue in Computer Science Building - Room 203. The exact cause is not clear. Several people may be affected.,INCIDENT,CLEANING_WASTE,OTHER,HIGH,MEDIUM,Computer Science Building - Room 203,en,dorm_resident,MEDIUM,False,0,,Issue does not fit a specific category
single_02442,SINGLE,Damaged safety sign issue,The damaged safety sign needs attention at Engineering Building - Lab 2. The safety information is no longer clearly visible.,INCIDENT,SAFETY_HAZARD,SAFETY_HAZARD,MEDIUM,MEDIUM,Engineering Building - Lab 2,en,lab_assistant,MEDIUM,False,0,,Reported physical safety hazard
single_02443,SINGLE,Table issue,There is a problem with the table at Science Building - Chemistry Lab. The table does not remain steady during use.,INCIDENT,FURNITURE_FIXTURES,FURNITURE_FIXTURES,LOW,LOW,Science Building - Chemistry Lab,en,security_staff,HARD,False,0,,Furniture or fixture maintenance problem
single_02444,SINGLE,Cabinet issue,The cabinet does not close properly at Main Lecture Hall. The cabinet door remains partially open.,INCIDENT,FURNITURE_FIXTURES,FURNITURE_FIXTURES,MEDIUM,LOW,Main Lecture Hall,en,lab_assistant,EASY,False,0,,Furniture or fixture maintenance problem
single_02445,SINGLE,Faucet needs attention,Please check the faucet at Library - First Floor. It is dripping. The leak continues even when the faucet is closed. Please check.,INCIDENT,PLUMBING_WATER,PLUMBING_WATER,LOW,LOW,Library - First Floor,en,admin_staff,EASY,False,0,,"Water supply, drainage or plumbing problem"
single_02446,SINGLE,Power outlet is not working,The power outlet is not working at Library - Second Floor. The outlet is needed for equipment in the room.,INCIDENT,SAFETY_HAZARD,ELECTRICAL,MEDIUM,MEDIUM,Library - Second Floor,en,security_staff,HARD,False,0,,Electrical power or lighting problem
single_02447,SINGLE,University email issue,Please check the university email at Engineering Building - Lab 4. It cannot be accessed. The account cannot open the university email service.,INCIDENT,IT_NETWORK_ACCOUNTS,IT_NETWORK_ACCOUNTS,MEDIUM,MEDIUM,Engineering Building - Lab 4,en,lecturer,MEDIUM,False,0,,Network or account access problem
single_02448,SINGLE,Issue with shelf,The shelf needs repair at Dormitory B - Floor 3. The shelf is loose and needs maintenance. The issue needs prompt attention.,INCIDENT,FURNITURE_FIXTURES,FURNITURE_FIXTURES,LOW,HIGH,Dormitory B - Floor 3,en,security_staff,MEDIUM,False,0,,Furniture or fixture maintenance problem
single_02449,SINGLE,Wall socket issue,Please check the wall socket at Administration Building - Room 12. It has no power. Other sockets in the room still have power. The issue needs prompt attention.,INCIDENT,ELECTRICAL,ELECTRICAL,LOW,HIGH,Administration Building - Room 12,en,admin_staff,MEDIUM,False,0,,Electrical power or lighting problem
single_02450,SINGLE,مشكلة سلامة في damaged safety sign,في مشكلة في damaged safety sign في Engineering Building - Lab 4. The safety information is no longer clearly visible.,INCIDENT,ELECTRICAL,SAFETY_HAZARD,MEDIUM,MEDIUM,Engineering Building - Lab 4,ar_eg,security_staff,MEDIUM,False,0,,Reported physical safety hazard
single_02451,SINGLE,مشكلة في door,في مشكلة في door at Cafeteria. The damage was noticed today.,INCIDENT,BUILDING_STRUCTURE,BUILDING_STRUCTURE,MEDIUM,MEDIUM,Cafeteria,mixed,lecturer,MEDIUM,False,0,,"Building surface, door, window or structural issue"
single_02452,SINGLE,Wi-fi keeps disconnecting,The Wi-Fi keeps disconnecting at Engineering Building - Lab 4. The connection drops after a few minutes. Several people may be affected.,INCIDENT,IT_NETWORK_ACCOUNTS,IT_NETWORK_ACCOUNTS,HIGH,MEDIUM,Engineering Building - Lab 4,en,lab_assistant,MEDIUM,False,0,,Network or account access problem
single_02453,SINGLE,Wi-fi issue,I noticed that the Wi-Fi keeps disconnecting in Science Building - Chemistry Lab. The connection drops after a few minutes.,INCIDENT,IT_NETWORK_ACCOUNTS,IT_NETWORK_ACCOUNTS,MEDIUM,MEDIUM,Science Building - Chemistry Lab,en,admin_staff,MEDIUM,False,0,,Network or account access problem
single_02454,SINGLE,مشكلة سلامة في broken railing,broken railing محتاج متابعة في Main Lecture Hall. The damaged railing is located on a frequently used path.,INCIDENT,SAFETY_HAZARD,SAFETY_HAZARD,MEDIUM,MEDIUM,Main Lecture Hall,ar_eg,dorm_resident,HARD,False,0,,Reported physical safety hazard
single_02455,SINGLE,مشكلة في network connection,محتاجين حد يشوف the network connection في Engineering Building - Lab 2.,INCIDENT,IT_NETWORK_ACCOUNTS,IT_NETWORK_ACCOUNTS,MEDIUM,MEDIUM,Engineering Building - Lab 2,mixed,student,MEDIUM,False,0,,Network or account access problem
single_02456,SINGLE,Air conditioning system is blowing warm air,Please check the air conditioning system at Administration Building - Room 18. It is blowing warm air. The room is not cooling normally.,INCIDENT,HVAC_AC,HVAC_AC,MEDIUM,LOW,Administration Building - Room 18,en,security_staff,MEDIUM,False,0,,Air conditioning or ventilation issue
single_02457,SINGLE,مشكلة في elevator panel,The problem is with elevator panel في Dormitory B - Floor 3. The elevator controls are not working normally. الموضوع محتاج prompt attention.,INCIDENT,ELEVATOR,ELEVATOR,MEDIUM,HIGH,Dormitory B - Floor 3,mixed,security_staff,MEDIUM,False,0,,Elevator or lift malfunction
single_02458,SINGLE,Problem with shelf,The problem is with shelf في Main Entrance. The shelf is loose and needs maintenance.,INCIDENT,FURNITURE_FIXTURES,FURNITURE_FIXTURES,MEDIUM,MEDIUM,Main Entrance,mixed,lab_assistant,MEDIUM,False,0,,Furniture or fixture maintenance problem
single_02459,SINGLE,Light issue,The light is flickering at Dormitory B - Floor 3. The light turns off and on repeatedly. There is a visible electrical safety concern in the area.,INCIDENT,SAFETY_HAZARD,ELECTRICAL,HIGH,HIGH,Dormitory B - Floor 3,en,lab_assistant,MEDIUM,True,0,,Electrical power or lighting problem
single_02460,SINGLE,مشكلة في wall socket,The problem is with wall socket في Computer Science Building - Room 203. Other sockets in the room still have power. الموضوع محتاج prompt attention.,INCIDENT,ELECTRICAL,ELECTRICAL,MEDIUM,HIGH,Computer Science Building - Room 203,mixed,dorm_resident,MEDIUM,False,0,,Electrical power or lighting problem
single_02461,SINGLE,Desk issue,Please check the desk at Administration Building - Room 12. It is unstable. The desk moves when it is used. Please check.,INCIDENT,OTHER,FURNITURE_FIXTURES,LOW,MEDIUM,Administration Building - Room 12,en,security_staff,HARD,False,0,,Furniture or fixture maintenance problem
single_02462,SINGLE,light مش شغال,محتاجين حد يشوف light في Computer Science Building - Room 203. The light turns off and on repeatedly. الموضوع محتاج متابعة بسرعة.,INCIDENT,SAFETY_HAZARD,ELECTRICAL,MEDIUM,HIGH,Computer Science Building - Room 203,ar_eg,dorm_resident,MEDIUM,False,0,,Electrical power or lighting problem
single_02463,SINGLE,Problem with elevator,The elevator is not moving في Dormitory A - Floor 1. People are currently using the building stairs. الموضوع محتاج prompt attention. أكتر من شخص ممكن يكون affected.,INCIDENT,ELEVATOR,ELEVATOR,HIGH,HIGH,Dormitory A - Floor 1,mixed,lecturer,EASY,False,0,,Elevator or lift malfunction
single_02464,SINGLE,Walkway issue,The walkway is blocked at Parking Area Part of the walkway cannot be used normally.,INCIDENT,GROUNDS_OUTDOOR,GROUNDS_OUTDOOR,MEDIUM,MEDIUM,Parking Area,en,security_staff,HARD,False,0,,Outdoor area or grounds maintenance issue
single_02465,SINGLE,The printer has an issue,محتاجين حد يشوف the printer في Computer Science Building - Room 203. أكتر من شخص ممكن يكون affected.,INCIDENT,IT_HARDWARE_PRINTING,IT_HARDWARE_PRINTING,HIGH,MEDIUM,Computer Science Building - Room 203,mixed,security_staff,MEDIUM,False,0,,Physical computer or printing equipment issue
single_02466,SINGLE,Lift issue,The lift stopped between floors at Science Building - Chemistry Lab. The elevator requires immediate technical inspection. The issue needs prompt attention.,INCIDENT,ELEVATOR,ELEVATOR,MEDIUM,HIGH,Science Building - Chemistry Lab,en,lecturer,HARD,False,0,,Elevator or lift malfunction
single_02467,SINGLE,mshkela fe wall,el wall is cracked fe Main Lecture Hall. The crack has become more noticeable.,INCIDENT,BUILDING_STRUCTURE,BUILDING_STRUCTURE,MEDIUM,MEDIUM,Main Lecture Hall,arabizi,admin_staff,MEDIUM,False,0,,"Building surface, door, window or structural issue"
single_02468,SINGLE,Problem with login,The login keeps asking for login at Computer Science Building - Lab 3. The system repeatedly asks the user to sign in. Several people may be affected.,INCIDENT,IT_NETWORK_ACCOUNTS,IT_NETWORK_ACCOUNTS,HIGH,MEDIUM,Computer Science Building - Lab 3,en,lab_assistant,HARD,False,0,,Network or account access problem
single_02469,SINGLE,Chair needs attention,The chair is broken at Student Affairs Office. The chair can still be used with difficulty.,INCIDENT,FURNITURE_FIXTURES,FURNITURE_FIXTURES,LOW,LOW,Student Affairs Office,en,lecturer,EASY,False,0,,Furniture or fixture maintenance problem
single_02470,SINGLE,Problem with door,There is a problem with the door at Main Entrance The damage was noticed today. The issue needs prompt attention.,INCIDENT,BUILDING_STRUCTURE,BUILDING_STRUCTURE,LOW,HIGH,Main Entrance,en,security_staff,HARD,False,0,,"Building surface, door, window or structural issue"
single_02471,SINGLE,Issue with common area,There is a problem with the common area at Main Lecture Hall. The odor was noticed recently in the area.,INCIDENT,CLEANING_WASTE,CLEANING_WASTE,LOW,LOW,Main Lecture Hall,en,student,MEDIUM,False,0,,Cleaning or waste management problem
single_02472,SINGLE,عطل في الأسانسير,لاحظت إن elevator فيه مشكلة في Dormitory A - Floor 2. The building has other access routes. الموضوع محتاج متابعة بسرعة.,INCIDENT,ELEVATOR,ELEVATOR,MEDIUM,HIGH,Dormitory A - Floor 2,ar_eg,security_staff,MEDIUM,False,0,,Elevator or lift malfunction
single_02473,SINGLE,outdoor bench محتاج صيانة,لاحظت إن outdoor bench فيه مشكلة في Main Entrance. The bench needs maintenance before regular use. لو سمحت.,INCIDENT,GROUNDS_OUTDOOR,GROUNDS_OUTDOOR,LOW,LOW,Main Entrance,ar_eg,student,HARD,False,0,,Outdoor area or grounds maintenance issue
single_02474,SINGLE,Water supply needs attention,The water supply has no water at Administration Building - Room 18. The bathroom cannot be used normally.,INCIDENT,PLUMBING_WATER,PLUMBING_WATER,MEDIUM,MEDIUM,Administration Building - Room 18,en,lab_assistant,HARD,False,0,,"Water supply, drainage or plumbing problem"
single_02475,SINGLE,مشكلة في desk,لاحظت إن desk فيه مشكلة في Engineering Building - Lab 2. The desk moves when it is used. لو سمحت.,INCIDENT,FURNITURE_FIXTURES,FURNITURE_FIXTURES,MEDIUM,MEDIUM,Engineering Building - Lab 2,ar_eg,security_staff,HARD,False,0,,Furniture or fixture maintenance problem
single_02476,SINGLE,Issue with parking area,Please check the parking area at Parking Area. It needs maintenance. The issue affects one outdoor location.,SERVICE_REQUEST,GROUNDS_OUTDOOR,GROUNDS_OUTDOOR,LOW,LOW,Parking Area,en,student,MEDIUM,False,0,,Outdoor area or grounds maintenance issue
single_02477,SINGLE,Ceiling light needs attention,Please check the ceiling light at Computer Science Building - Lab 3. It stopped working. The room is less visible because the light is not working. The issue needs prompt attention.,INCIDENT,ELECTRICAL,ELECTRICAL,MEDIUM,HIGH,Computer Science Building - Lab 3,en,student,MEDIUM,False,0,,Electrical power or lighting problem
single_02478,SINGLE,electrical switch مش شغال,محتاجين حد يشوف electrical switch في Dormitory B - Floor 1. The switch does not control the connected light.,INCIDENT,ELECTRICAL,ELECTRICAL,MEDIUM,LOW,Dormitory B - Floor 1,ar_eg,lab_assistant,MEDIUM,False,0,,Electrical power or lighting problem
single_02479,SINGLE,sink فيه مشكلة,sink محتاج متابعة في Administration Building - Room 12. Water is collecting on the floor. أكتر من شخص ممكن يكون متأثر.,INCIDENT,PLUMBING_WATER,PLUMBING_WATER,HIGH,MEDIUM,Administration Building - Room 12,ar_eg,lab_assistant,HARD,False,0,,"Water supply, drainage or plumbing problem"
single_02480,SINGLE,Problem with door,The door is damaged في Library - Second Floor. The damage was noticed today. الموضوع محتاج prompt attention. أكتر من شخص ممكن يكون affected.,INCIDENT,BUILDING_STRUCTURE,BUILDING_STRUCTURE,HIGH,HIGH,Library - Second Floor,mixed,security_staff,MEDIUM,False,0,,"Building surface, door, window or structural issue"
single_02481,SINGLE,Issue with electrical switch,I noticed that the electrical switch is not working in Cafeteria. The switch does not control the connected light.,INCIDENT,ELECTRICAL,ELECTRICAL,MEDIUM,MEDIUM,Cafeteria,en,lecturer,MEDIUM,False,0,,Electrical power or lighting problem
single_02482,SINGLE,مشكلة في the projector,في مشكلة في projector at Lecture Hall C. Changing the input source did not help.,INCIDENT,AV_CLASSROOM_EQUIPMENT,AV_CLASSROOM_EQUIPMENT,MEDIUM,MEDIUM,Lecture Hall C,mixed,security_staff,HARD,False,0,,Classroom audio visual equipment issue
single_02483,SINGLE,مشكلة في the AC unit,The AC unit is leaking water في Administration Building - Room 18. Water is appearing below the unit. الموضوع محتاج prompt attention. أكتر من شخص ممكن يكون affected.,INCIDENT,HVAC_AC,HVAC_AC,HIGH,HIGH,Administration Building - Room 18,mixed,student,HARD,False,0,,Air conditioning or ventilation issue
single_02484,SINGLE,عطل في lecture screen,لاحظت إن lecture screen فيه مشكلة في Administration Building - Room 12. The issue affects the classroom display. الموضوع محتاج متابعة بسرعة.,INCIDENT,AV_CLASSROOM_EQUIPMENT,AV_CLASSROOM_EQUIPMENT,LOW,HIGH,Administration Building - Room 12,ar_eg,dorm_resident,HARD,False,0,,Classroom audio visual equipment issue
single_02485,SINGLE,Thermostat issue,The thermostat is not responding at Engineering Building - Lab 4. The temperature cannot be adjusted normally. Please check.,INCIDENT,HVAC_AC,HVAC_AC,MEDIUM,MEDIUM,Engineering Building - Lab 4,en,admin_staff,MEDIUM,False,0,,Air conditioning or ventilation issue
single_02486,SINGLE,عطل في mouse,في مشكلة في mouse في Computer Science Building - Lab 1. The pointer does not move normally.,INCIDENT,IT_HARDWARE_PRINTING,IT_HARDWARE_PRINTING,LOW,MEDIUM,Computer Science Building - Lab 1,ar_eg,lecturer,EASY,False,0,,Physical computer or printing equipment issue
single_02487,SINGLE,Problem with lecture screen,There is a problem with the lecture screen at Computer Science Building - Room 203. The issue affects the classroom display. Several people may be affected.,INCIDENT,ELECTRICAL,AV_CLASSROOM_EQUIPMENT,HIGH,MEDIUM,Computer Science Building - Room 203,en,security_staff,HARD,False,0,,Classroom audio visual equipment issue
single_02488,SINGLE,Wall is cracked,Please check the wall at Computer Science Building - Lab 1. It is cracked. The crack has become more noticeable.,INCIDENT,BUILDING_STRUCTURE,BUILDING_STRUCTURE,MEDIUM,LOW,Computer Science Building - Lab 1,en,security_staff,MEDIUM,False,0,,"Building surface, door, window or structural issue"
single_02489,SINGLE,Wall socket has no power,There is a problem with the wall socket at Sports Building. Other sockets in the room still have power.,INCIDENT,ELECTRICAL,ELECTRICAL,MEDIUM,LOW,Sports Building,en,lab_assistant,MEDIUM,False,0,,Electrical power or lighting problem
single_02490,SINGLE,Sink issue,There is a problem with the sink at Dormitory B - Floor 1. Water is collecting on the floor. The issue needs prompt attention. Several people may be affected.,INCIDENT,PLUMBING_WATER,PLUMBING_WATER,HIGH,HIGH,Dormitory B - Floor 1,en,admin_staff,HARD,False,0,,"Water supply, drainage or plumbing problem"
single_02491,SINGLE,Desktop computer keeps restarting,I noticed that the desktop computer keeps restarting in Science Building - Physics Lab. The computer restarts while it is being used.,INCIDENT,IT_HARDWARE_PRINTING,IT_HARDWARE_PRINTING,MEDIUM,MEDIUM,Science Building - Physics Lab,en,security_staff,MEDIUM,False,0,,Physical computer or printing equipment issue
single_02492,SINGLE,Problem with monitor,The monitor shows a blank screen at Science Building - Physics Lab. The computer is running but nothing appears on the display.,INCIDENT,IT_HARDWARE_PRINTING,IT_HARDWARE_PRINTING,LOW,MEDIUM,Science Building - Physics Lab,en,lab_assistant,HARD,False,0,,Physical computer or printing equipment issue
single_02493,SINGLE,lecture screen فيه مشكلة,لاحظت إن lecture screen فيه مشكلة في Computer Science Building - Room 203. The issue affects the classroom display.,INCIDENT,IT_HARDWARE_PRINTING,AV_CLASSROOM_EQUIPMENT,MEDIUM,MEDIUM,Computer Science Building - Room 203,ar_eg,lecturer,MEDIUM,False,0,,Classroom audio visual equipment issue
single_02494,SINGLE,Issue with broken railing,I noticed that the broken railing is damaged in Engineering Building - Lab 2. The damaged railing is located on a frequently used path. Several people may be affected.,INCIDENT,BUILDING_STRUCTURE,SAFETY_HAZARD,HIGH,MEDIUM,Engineering Building - Lab 2,en,dorm_resident,EASY,False,0,,Reported physical safety hazard
single_02495,SINGLE,مشكلة في garden area,The problem is with garden area في Main Entrance. The area needs routine grounds maintenance. الموضوع محتاج prompt attention.,SERVICE_REQUEST,GROUNDS_OUTDOOR,GROUNDS_OUTDOOR,LOW,HIGH,Main Entrance,mixed,student,MEDIUM,False,0,,Outdoor area or grounds maintenance issue
single_02496,SINGLE,Issue with slippery floor,There is a problem with the slippery floor at Dormitory A - Floor 2. People are still using the area. Several people may be affected.,INCIDENT,SAFETY_HAZARD,SAFETY_HAZARD,HIGH,MEDIUM,Dormitory A - Floor 2,en,security_staff,HARD,False,0,,Reported physical safety hazard
single_02497,SINGLE,el Wi-Fi mehtag check,feh moshkela fel Wi-Fi fe Library - Second Floor.,INCIDENT,IT_NETWORK_ACCOUNTS,IT_NETWORK_ACCOUNTS,MEDIUM,LOW,Library - Second Floor,arabizi,security_staff,HARD,False,0,,Network or account access problem
single_02498,SINGLE,Table issue,There is a problem with the table at Science Building - Physics Lab. The table does not remain steady during use.,INCIDENT,FURNITURE_FIXTURES,FURNITURE_FIXTURES,LOW,MEDIUM,Science Building - Physics Lab,en,security_staff,MEDIUM,False,0,,Furniture or fixture maintenance problem
single_02499,SINGLE,Smart board is not responding,The smart board is not responding at Main Lecture Hall. The board does not respond when the instructor interacts with it.,INCIDENT,AV_CLASSROOM_EQUIPMENT,AV_CLASSROOM_EQUIPMENT,MEDIUM,MEDIUM,Main Lecture Hall,en,lab_assistant,MEDIUM,False,0,,Classroom audio visual equipment issue
single_02500,SINGLE,Room issue,There is a problem with the room at Administration Building - Room 12. The reporter could not identify the exact problem. The issue needs prompt attention. Several people may be affected.,SERVICE_REQUEST,OTHER,OTHER,HIGH,HIGH,Administration Building - Room 12,en,admin_staff,MEDIUM,False,0,,Issue does not fit a specific category
single_02501,SINGLE,Smoke creates a safety concern,There is a problem with the smoke at Dormitory A - Floor 1. The source of the smoke is not clear. The issue needs prompt attention. Several people may be affected.,INCIDENT,ELECTRICAL,SAFETY_HAZARD,HIGH,HIGH,Dormitory A - Floor 1,en,admin_staff,HARD,False,0,,Reported physical safety hazard
single_02502,SINGLE,Display system needs attention,I noticed that the display system keeps disconnecting in Lecture Hall C. The classroom display disconnects during use.,INCIDENT,AV_CLASSROOM_EQUIPMENT,AV_CLASSROOM_EQUIPMENT,MEDIUM,MEDIUM,Lecture Hall C,en,security_staff,MEDIUM,False,0,,Classroom audio visual equipment issue
single_02503,SINGLE,مشكلة في chair,chair محتاج متابعة في Dormitory A - Floor 1. The chair can still be used with difficulty.,INCIDENT,FURNITURE_FIXTURES,FURNITURE_FIXTURES,MEDIUM,LOW,Dormitory A - Floor 1,ar_eg,security_staff,EASY,False,0,,Furniture or fixture maintenance problem
single_02504,SINGLE,keyboard مش شغال,keyboard محتاج متابعة في Library - First Floor. Several keys do not respond when pressed. ضروري شوية,INCIDENT,OTHER,IT_HARDWARE_PRINTING,LOW,LOW,Library - First Floor,ar_eg,dorm_resident,EASY,False,0,,Physical computer or printing equipment issue
single_02505,SINGLE,air conditioner فيه مشكلة,لاحظت إن air conditioner فيه مشكلة في Science Building - Chemistry Lab. The room becomes uncomfortable after some time.,INCIDENT,HVAC_AC,HVAC_AC,LOW,LOW,Science Building - Chemistry Lab,ar_eg,lecturer,MEDIUM,False,0,,Air conditioning or ventilation issue
single_02506,SINGLE,gate فيه مشكلة,لاحظت إن gate فيه مشكلة في Outdoor Courtyard. The gate cannot be operated normally.,INCIDENT,GROUNDS_OUTDOOR,GROUNDS_OUTDOOR,LOW,MEDIUM,Outdoor Courtyard,ar_eg,security_staff,HARD,False,0,,Outdoor area or grounds maintenance issue
single_02507,SINGLE,Wall issue,There is a problem with the wall at Engineering Building - Room 101. The crack has become more noticeable. Several people may be affected.,INCIDENT,BUILDING_STRUCTURE,BUILDING_STRUCTURE,HIGH,LOW,Engineering Building - Room 101,en,security_staff,MEDIUM,False,0,,"Building surface, door, window or structural issue"
single_02508,SINGLE,Issue with vent,I noticed that the vent is not working in Library - First Floor. Airflow from the vent is not normal.,INCIDENT,ELECTRICAL,HVAC_AC,LOW,LOW,Library - First Floor,en,admin_staff,MEDIUM,False,0,,Air conditioning or ventilation issue
single_02509,SINGLE,Issue with display system,The display system keeps disconnecting at Main Lecture Hall. The classroom display disconnects during use.,INCIDENT,IT_HARDWARE_PRINTING,AV_CLASSROOM_EQUIPMENT,LOW,MEDIUM,Main Lecture Hall,en,lecturer,MEDIUM,False,0,,Classroom audio visual equipment issue
single_02510,SINGLE,Walkway needs attention,The walkway is blocked at Outdoor Courtyard. Part of the walkway cannot be used normally.,INCIDENT,OTHER,GROUNDS_OUTDOOR,MEDIUM,LOW,Outdoor Courtyard,en,lecturer,MEDIUM,False,0,,Outdoor area or grounds maintenance issue
single_02511,SINGLE,مشكلة في باب الأسانسير,محتاجين حد يشوف lift في Dormitory B - Floor 1. The elevator requires immediate technical inspection. الموضوع محتاج متابعة بسرعة.,INCIDENT,ELEVATOR,ELEVATOR,LOW,HIGH,Dormitory B - Floor 1,ar_eg,admin_staff,HARD,False,0,,Elevator or lift malfunction
single_02512,SINGLE,equipment area محتاج فحص,في مشكلة في equipment area في Main Entrance. The problem could not be classified more specifically.,INCIDENT,OTHER,OTHER,MEDIUM,MEDIUM,Main Entrance,ar_eg,admin_staff,HARD,False,0,,Issue does not fit a specific category
single_02513,SINGLE,خطر في obstruction,في مشكلة في obstruction في Computer Science Building - Room 203. The obstruction reduces the usable path. الموضوع محتاج متابعة بسرعة.,INCIDENT,SAFETY_HAZARD,SAFETY_HAZARD,MEDIUM,HIGH,Computer Science Building - Room 203,ar_eg,lab_assistant,MEDIUM,False,0,,Reported physical safety hazard
single_02514,SINGLE,Vpn issue,There is a problem with the VPN at Computer Science Building - Lab 1. The VPN connection fails when access to the university network is required. Please check.,INCIDENT,IT_NETWORK_ACCOUNTS,IT_NETWORK_ACCOUNTS,MEDIUM,MEDIUM,Computer Science Building - Lab 1,en,lecturer,HARD,False,0,,Network or account access problem
single_02515,SINGLE,Electrical switch is not working,I noticed that the electrical switch is not working in Main Lecture Hall. The switch does not control the connected light. The issue needs prompt attention.,INCIDENT,ELECTRICAL,ELECTRICAL,MEDIUM,HIGH,Main Lecture Hall,en,security_staff,MEDIUM,False,0,,Electrical power or lighting problem
single_02516,SINGLE,مشكلة في the broken railing,في مشكلة في broken railing at Parking Area. The damaged railing is located on a frequently used path. الموضوع محتاج prompt attention. أكتر من شخص ممكن يكون affected.,INCIDENT,SAFETY_HAZARD,SAFETY_HAZARD,HIGH,HIGH,Parking Area,mixed,admin_staff,MEDIUM,False,0,,Reported physical safety hazard
single_02517,SINGLE,Garden area needs attention,There is a problem with the garden area at Parking Area. The area needs routine grounds maintenance.,SERVICE_REQUEST,GROUNDS_OUTDOOR,GROUNDS_OUTDOOR,LOW,MEDIUM,Parking Area,en,lab_assistant,HARD,False,0,,Outdoor area or grounds maintenance issue
single_02518,SINGLE,Elevator door is not opening,Please check the elevator door at Engineering Building - Lab 2 It is not opening. The elevator cannot be used normally. The issue needs prompt attention. Several people may be affected.,INCIDENT,ELEVATOR,ELEVATOR,HIGH,HIGH,Engineering Building - Lab 2,en,lab_assistant,MEDIUM,False,0,,Elevator or lift malfunction
single_02519,SINGLE,Problem with toilet,The toilet is overflowing at Dormitory B - Floor 1. Water is spreading around the bathroom area. The issue needs prompt attention.,INCIDENT,PLUMBING_WATER,PLUMBING_WATER,LOW,HIGH,Dormitory B - Floor 1,en,admin_staff,HARD,False,0,,"Water supply, drainage or plumbing problem"
single_02520,SINGLE,3atel fe electrical switch,feh moshkela fel electrical switch fe Main Entrance. aktar men 7ad momken ykoon mota2asser.,INCIDENT,ELECTRICAL,ELECTRICAL,HIGH,MEDIUM,Main Entrance,arabizi,lab_assistant,MEDIUM,False,0,,Electrical power or lighting problem
single_02521,SINGLE,Desk is unstable,There is a problem with the desk at Cafeteria. The desk moves when it is used. The issue needs prompt attention.,INCIDENT,FURNITURE_FIXTURES,FURNITURE_FIXTURES,MEDIUM,HIGH,Cafeteria,en,security_staff,HARD,False,0,,Furniture or fixture maintenance problem
single_02522,SINGLE,Water supply has no water,I noticed that the water supply has no water in Lecture Hall B. The bathroom cannot be used normally.,INCIDENT,BUILDING_STRUCTURE,PLUMBING_WATER,MEDIUM,MEDIUM,Lecture Hall B,en,admin_staff,MEDIUM,False,0,,"Water supply, drainage or plumbing problem"
single_02523,SINGLE,wall socket مش شغال,لاحظت إن wall socket فيه مشكلة في Dormitory B - Floor 3. Other sockets in the room still have power. أكتر من شخص ممكن يكون متأثر.,INCIDENT,ELECTRICAL,ELECTRICAL,HIGH,MEDIUM,Dormitory B - Floor 3,ar_eg,security_staff,MEDIUM,False,0,,Electrical power or lighting problem
single_02524,SINGLE,electrical switch مش شغال,electrical switch محتاج متابعة في Engineering Building - Lab 2. The switch does not control the connected light. أكتر من شخص ممكن يكون متأثر.,INCIDENT,ELECTRICAL,ELECTRICAL,HIGH,MEDIUM,Engineering Building - Lab 2,ar_eg,lab_assistant,HARD,False,0,,Electrical power or lighting problem
single_02525,SINGLE,garden area محتاج صيانة,في مشكلة في garden area في Main Entrance. The area needs routine grounds maintenance.,SERVICE_REQUEST,GROUNDS_OUTDOOR,GROUNDS_OUTDOOR,LOW,LOW,Main Entrance,ar_eg,security_staff,MEDIUM,False,0,,Outdoor area or grounds maintenance issue
single_02526,SINGLE,mshkela fe vent,feh moshkela fel vent fe Engineering Building - Lab 2. aktar men 7ad momken ykoon mota2asser.,INCIDENT,ELECTRICAL,HVAC_AC,HIGH,MEDIUM,Engineering Building - Lab 2,arabizi,security_staff,EASY,False,0,,Air conditioning or ventilation issue
single_02527,SINGLE,Issue with exposed wire,I noticed that the exposed wire creates a safety concern in Library - First Floor. The exposed wire is accessible in the area. The issue needs prompt attention. Several people may be affected.,INCIDENT,SAFETY_HAZARD,SAFETY_HAZARD,HIGH,HIGH,Library - First Floor,en,lecturer,HARD,False,0,,Reported physical safety hazard
single_02528,SINGLE,Chair is broken,I noticed that the chair is broken in Outdoor Courtyard. The chair can still be used with difficulty.,INCIDENT,FURNITURE_FIXTURES,FURNITURE_FIXTURES,LOW,MEDIUM,Outdoor Courtyard,en,lecturer,EASY,False,0,,Furniture or fixture maintenance problem
single_02529,SINGLE,مشكلة في door handle,محتاجين حد يشوف the door handle في Science Building - Physics Lab. الموضوع محتاج prompt attention. أكتر من شخص ممكن يكون affected. please check.,INCIDENT,FURNITURE_FIXTURES,FURNITURE_FIXTURES,HIGH,HIGH,Science Building - Physics Lab,mixed,admin_staff,HARD,False,0,,Furniture or fixture maintenance problem
single_02530,SINGLE,مشكلة في the campus network,The campus network is not connecting في Library - First Floor. Other devices in the same area seem to have the same problem. الموضوع محتاج prompt attention.,INCIDENT,IT_NETWORK_ACCOUNTS,IT_NETWORK_ACCOUNTS,MEDIUM,HIGH,Library - First Floor,mixed,dorm_resident,HARD,False,0,,Network or account access problem
single_02531,SINGLE,مشكلة في باب الأسانسير,لاحظت إن elevator panel فيه مشكلة في Computer Science Building - Lab 3. The elevator controls are not working normally. الموضوع محتاج متابعة بسرعة.,INCIDENT,SAFETY_HAZARD,ELEVATOR,MEDIUM,HIGH,Computer Science Building - Lab 3,ar_eg,lab_assistant,MEDIUM,False,0,,Elevator or lift malfunction
single_02532,SINGLE,مشكلة في outdoor bench,محتاجين حد يشوف outdoor bench في Main Entrance. The bench needs maintenance before regular use. الموضوع محتاج متابعة بسرعة.,INCIDENT,GROUNDS_OUTDOOR,GROUNDS_OUTDOOR,LOW,HIGH,Main Entrance,ar_eg,student,MEDIUM,False,0,,Outdoor area or grounds maintenance issue
single_02533,SINGLE,Gate is not working,Please check the gate at Parking Area. It is not working. The gate cannot be operated normally. The issue needs prompt attention.,INCIDENT,SAFETY_HAZARD,GROUNDS_OUTDOOR,MEDIUM,HIGH,Parking Area,en,admin_staff,MEDIUM,False,0,,Outdoor area or grounds maintenance issue
single_02534,SINGLE,Water supply issue,Please check the water supply at Computer Science Building - Lab 3. It has no water. The bathroom cannot be used normally.,INCIDENT,PLUMBING_WATER,PLUMBING_WATER,MEDIUM,LOW,Computer Science Building - Lab 3,en,admin_staff,MEDIUM,False,0,,"Water supply, drainage or plumbing problem"
single_02535,SINGLE,Issue with waste bin,The waste bin has overflowing waste at Lecture Hall C. The waste bin has not been emptied recently. Several people may be affected.,INCIDENT,CLEANING_WASTE,CLEANING_WASTE,HIGH,MEDIUM,Lecture Hall C,en,security_staff,MEDIUM,False,0,,Cleaning or waste management problem
single_02536,SINGLE,Usb port needs attention,I noticed that the USB port does not detect the device in Computer Science Building - Room 203. Connected devices are not recognized by the computer.,INCIDENT,IT_HARDWARE_PRINTING,IT_HARDWARE_PRINTING,LOW,MEDIUM,Computer Science Building - Room 203,en,admin_staff,MEDIUM,False,0,,Physical computer or printing equipment issue
single_02537,SINGLE,The smart board has an issue,في مشكلة في smart board at Main Lecture Hall. The board does not respond when the instructor interacts with it.,INCIDENT,AV_CLASSROOM_EQUIPMENT,AV_CLASSROOM_EQUIPMENT,MEDIUM,MEDIUM,Main Lecture Hall,mixed,lab_assistant,HARD,False,0,,Classroom audio visual equipment issue
single_02538,SINGLE,scanner مش شغال,في مشكلة في scanner في Science Building - Physics Lab. The scanner cannot be used from the connected computer. الموضوع محتاج متابعة بسرعة. أكتر من شخص ممكن يكون متأثر.,INCIDENT,IT_HARDWARE_PRINTING,IT_HARDWARE_PRINTING,HIGH,HIGH,Science Building - Physics Lab,ar_eg,dorm_resident,MEDIUM,False,0,,Physical computer or printing equipment issue
single_02539,SINGLE,Problem with broken railing,The broken railing is damaged at Lecture Hall B. The damaged railing is located on a frequently used path.,INCIDENT,SAFETY_HAZARD,SAFETY_HAZARD,LOW,LOW,Lecture Hall B,en,security_staff,MEDIUM,False,0,,Reported physical safety hazard
single_02540,SINGLE,مشكلة في the service area,The service area needs maintenance في Lecture Hall B. A technician may need to inspect the area. أكتر من شخص ممكن يكون affected. please,SERVICE_REQUEST,OTHER,OTHER,HIGH,MEDIUM,Lecture Hall B,mixed,lecturer,MEDIUM,False,0,,Issue does not fit a specific category
single_02541,SINGLE,Issue with lift,The lift stopped between floors at Sports Building. The elevator requires immediate technical inspection. The issue needs prompt attention. Several people may be affected.,INCIDENT,SAFETY_HAZARD,ELEVATOR,HIGH,HIGH,Sports Building,en,student,HARD,False,0,,Elevator or lift malfunction
single_02542,SINGLE,مشكلة محتاجة فحص,equipment area محتاج متابعة في Administration Building - Room 18. The problem could not be classified more specifically.,INCIDENT,OTHER,OTHER,MEDIUM,LOW,Administration Building - Room 18,ar_eg,student,MEDIUM,False,0,,Issue does not fit a specific category
single_02543,SINGLE,Problem with campus network,There is a problem with the campus network at Library - First Floor. Other devices in the same area seem to have the same problem. The issue needs prompt attention. Several people may be affected.,INCIDENT,IT_NETWORK_ACCOUNTS,IT_NETWORK_ACCOUNTS,HIGH,HIGH,Library - First Floor,en,admin_staff,HARD,False,0,,Network or account access problem
single_02544,SINGLE,Issue with exposed wire,There is a problem with the exposed wire at Engineering Building - Room 101. The exposed wire is accessible in the area. Several people may be affected. Please check.,INCIDENT,SAFETY_HAZARD,SAFETY_HAZARD,HIGH,MEDIUM,Engineering Building - Room 101,en,security_staff,HARD,False,0,,Reported physical safety hazard
single_02545,SINGLE,Problem with projector,I noticed that the projector has no signal in Lecture Hall B. Changing the input source did not help. Several people may be affected. Please check.,INCIDENT,AV_CLASSROOM_EQUIPMENT,AV_CLASSROOM_EQUIPMENT,HIGH,MEDIUM,Lecture Hall B,en,security_staff,HARD,False,0,,Classroom audio visual equipment issue
single_02546,SINGLE,3atel fe campus network,el campus network is not connecting fe Library - First Floor. Other devices in the same area seem to have the same problem.,INCIDENT,IT_NETWORK_ACCOUNTS,IT_NETWORK_ACCOUNTS,MEDIUM,MEDIUM,Library - First Floor,arabizi,admin_staff,HARD,False,0,,Network or account access problem
single_02547,SINGLE,Shelf needs attention,There is a problem with the shelf at Outdoor Courtyard. The shelf is loose and needs maintenance.,INCIDENT,FURNITURE_FIXTURES,FURNITURE_FIXTURES,LOW,MEDIUM,Outdoor Courtyard,en,admin_staff,HARD,False,0,,Furniture or fixture maintenance problem
single_02548,SINGLE,Projector issue,The projector has no signal at Computer Science Building - Room 203. Changing the input source did not help. The issue needs prompt attention. Several people may be affected.,INCIDENT,AV_CLASSROOM_EQUIPMENT,AV_CLASSROOM_EQUIPMENT,HIGH,HIGH,Computer Science Building - Room 203,en,dorm_resident,HARD,False,0,,Classroom audio visual equipment issue
single_02549,SINGLE,Electrical switch needs attention,Please check the electrical switch at Outdoor Courtyard. It is not working. The switch does not control the connected light.,INCIDENT,ELECTRICAL,ELECTRICAL,MEDIUM,LOW,Outdoor Courtyard,en,lab_assistant,MEDIUM,False,0,,Electrical power or lighting problem
single_02550,SINGLE,عطل في scanner,محتاجين حد يشوف scanner في Science Building - Chemistry Lab. The scanner cannot be used from the connected computer. الموضوع محتاج متابعة بسرعة.,INCIDENT,IT_HARDWARE_PRINTING,IT_HARDWARE_PRINTING,MEDIUM,HIGH,Science Building - Chemistry Lab,ar_eg,security_staff,MEDIUM,False,0,,Physical computer or printing equipment issue
single_02551,SINGLE,Problem with VPN,The VPN is not connecting في Library - Second Floor. The VPN connection fails when access to the university network is required.,INCIDENT,IT_NETWORK_ACCOUNTS,IT_NETWORK_ACCOUNTS,MEDIUM,MEDIUM,Library - Second Floor,mixed,security_staff,HARD,False,0,,Network or account access problem
single_02552,SINGLE,Equipment area needs attention,Please check the equipment area at Library - First Floor. It is not functioning normally. The problem could not be classified more specifically.,INCIDENT,OTHER,OTHER,MEDIUM,MEDIUM,Library - First Floor,en,lab_assistant,MEDIUM,False,0,,Issue does not fit a specific category
single_02553,SINGLE,Faucet is dripping,There is a problem with the faucet at Dormitory B - Floor 1. The leak continues even when the faucet is closed.,INCIDENT,CLEANING_WASTE,PLUMBING_WATER,LOW,LOW,Dormitory B - Floor 1,en,dorm_resident,MEDIUM,False,0,,"Water supply, drainage or plumbing problem"
single_02554,SINGLE,el mouse feh moshkela,el mouse stopped responding fe Library - Second Floor. The pointer does not move normally. plz check.,INCIDENT,IT_HARDWARE_PRINTING,IT_HARDWARE_PRINTING,LOW,LOW,Library - Second Floor,arabizi,security_staff,EASY,False,0,,Physical computer or printing equipment issue
single_02555,SINGLE,The air conditioning system has an issue,The air conditioning system is blowing warm air في Main Entrance. The room is not cooling normally. أكتر من شخص ممكن يكون affected.,INCIDENT,HVAC_AC,HVAC_AC,HIGH,MEDIUM,Main Entrance,mixed,student,MEDIUM,False,0,,Air conditioning or ventilation issue
single_02556,SINGLE,Problem with campus network,The problem is with campus network في Science Building - Chemistry Lab. Other devices in the same area seem to have the same problem. الموضوع محتاج prompt attention.,INCIDENT,IT_HARDWARE_PRINTING,IT_NETWORK_ACCOUNTS,MEDIUM,HIGH,Science Building - Chemistry Lab,mixed,lecturer,MEDIUM,False,0,,Network or account access problem
single_02557,SINGLE,مشكلة في faucet,محتاجين حد يشوف faucet في Dormitory A - Floor 2. The leak continues even when the faucet is closed.,INCIDENT,PLUMBING_WATER,PLUMBING_WATER,LOW,LOW,Dormitory A - Floor 2,ar_eg,lab_assistant,EASY,False,0,,"Water supply, drainage or plumbing problem"
single_02558,SINGLE,Obstruction is blocking part of the area,Please check the obstruction at Engineering Building - Room 101. It is blocking part of the area. The obstruction reduces the usable path. The issue needs prompt attention. Several people may be affected.,INCIDENT,SAFETY_HAZARD,SAFETY_HAZARD,HIGH,HIGH,Engineering Building - Room 101,en,lab_assistant,HARD,False,0,,Reported physical safety hazard
single_02559,SINGLE,faucet فيه مشكلة,لاحظت إن faucet فيه مشكلة في Computer Science Building - Lab 3. The leak continues even when the faucet is closed.,INCIDENT,PLUMBING_WATER,PLUMBING_WATER,MEDIUM,LOW,Computer Science Building - Lab 3,ar_eg,lab_assistant,EASY,False,0,,"Water supply, drainage or plumbing problem"
single_02560,SINGLE,Display system needs attention,Please check the display system at Lecture Hall C. It keeps disconnecting. The classroom display disconnects during use.,INCIDENT,AV_CLASSROOM_EQUIPMENT,AV_CLASSROOM_EQUIPMENT,LOW,MEDIUM,Lecture Hall C,en,security_staff,MEDIUM,False,0,,Classroom audio visual equipment issue
single_02561,SINGLE,Ac unit needs attention,I noticed that the AC unit is leaking water in Engineering Building - Lab 4. Water is appearing below the unit. Several people may be affected.,INCIDENT,HVAC_AC,HVAC_AC,HIGH,MEDIUM,Engineering Building - Lab 4,en,admin_staff,HARD,False,0,,Air conditioning or ventilation issue
single_02562,SINGLE,el elevator mehtag check,momken 7ad yshoof el elevator fe Administration Building - Room 12? aktar men 7ad momken ykoon mota2asser.,INCIDENT,ELEVATOR,ELEVATOR,HIGH,MEDIUM,Administration Building - Room 12,arabizi,student,EASY,False,0,,Elevator or lift malfunction
single_02563,SINGLE,3atel fe keyboard,momken 7ad yshoof el keyboard fe Engineering Building - Lab 2?,INCIDENT,OTHER,IT_HARDWARE_PRINTING,MEDIUM,LOW,Engineering Building - Lab 2,arabizi,security_staff,MEDIUM,False,0,,Physical computer or printing equipment issue
single_02564,SINGLE,Problem with power supply,The power supply keeps turning off at Lecture Hall B. The equipment loses power repeatedly. The issue needs prompt attention. Several people may be affected.,INCIDENT,BUILDING_STRUCTURE,ELECTRICAL,HIGH,HIGH,Lecture Hall B,en,student,HARD,False,0,,Electrical power or lighting problem
single_02565,SINGLE,Problem with equipment area,Please check the equipment area at Science Building - Physics Lab. It is not functioning normally. The problem could not be classified more specifically.,SERVICE_REQUEST,OTHER,OTHER,MEDIUM,MEDIUM,Science Building - Physics Lab,en,admin_staff,HARD,False,0,,Issue does not fit a specific category
single_02566,SINGLE,Issue with sink,I noticed that the sink is leaking in Computer Science Building - Lab 3. Water is collecting on the floor. The issue needs prompt attention. Several people may be affected.,INCIDENT,BUILDING_STRUCTURE,PLUMBING_WATER,HIGH,HIGH,Computer Science Building - Lab 3,en,dorm_resident,MEDIUM,False,0,,"Water supply, drainage or plumbing problem"
single_02567,SINGLE,مشكلة في the ceiling,في مشكلة في ceiling at Computer Science Building - Lab 1. The damage is limited to one area.,INCIDENT,BUILDING_STRUCTURE,BUILDING_STRUCTURE,MEDIUM,LOW,Computer Science Building - Lab 1,mixed,student,MEDIUM,False,0,,"Building surface, door, window or structural issue"
single_02568,SINGLE,door فيه مشكلة,door محتاج متابعة في Parking Area. The damage was noticed today.,INCIDENT,BUILDING_STRUCTURE,BUILDING_STRUCTURE,LOW,MEDIUM,Parking Area,ar_eg,admin_staff,EASY,False,0,,"Building surface, door, window or structural issue"
single_02569,SINGLE,Vent needs attention,I noticed that the vent is not working in Computer Science Building - Lab 3. Airflow from the vent is not normal.,INCIDENT,HVAC_AC,HVAC_AC,LOW,MEDIUM,Computer Science Building - Lab 3,en,student,EASY,False,0,,Air conditioning or ventilation issue
single_02570,SINGLE,3atel fe scanner,el scanner does not detect the device fe Computer Science Building - Lab 3. The scanner cannot be used from the connected computer. el mawdoo3 mehtag check بسرعة.,INCIDENT,OTHER,IT_HARDWARE_PRINTING,MEDIUM,HIGH,Computer Science Building - Lab 3,arabizi,admin_staff,MEDIUM,False,0,,Physical computer or printing equipment issue
single_02571,SINGLE,el display system feh moshkela,el display system keeps disconnecting fe Main Lecture Hall. The classroom display disconnects during use.,INCIDENT,AV_CLASSROOM_EQUIPMENT,AV_CLASSROOM_EQUIPMENT,MEDIUM,MEDIUM,Main Lecture Hall,arabizi,student,HARD,False,0,,Classroom audio visual equipment issue
single_02572,SINGLE,مشكلة نظافة في waste bin,waste bin محتاج متابعة في Lecture Hall B. The waste bin has not been emptied recently. أكتر من شخص ممكن يكون متأثر.,INCIDENT,PLUMBING_WATER,CLEANING_WASTE,HIGH,MEDIUM,Lecture Hall B,ar_eg,lecturer,MEDIUM,False,0,,Cleaning or waste management problem
single_02573,SINGLE,Problem with toilet,Please check the toilet at Lecture Hall C. It is overflowing. Water is spreading around the bathroom area.,INCIDENT,BUILDING_STRUCTURE,PLUMBING_WATER,MEDIUM,MEDIUM,Lecture Hall C,en,security_staff,HARD,False,0,,"Water supply, drainage or plumbing problem"
single_02574,SINGLE,مشكلة في campus network,في مشكلة في campus network في Library - First Floor. Other devices in the same area seem to have the same problem. أكتر من شخص ممكن يكون متأثر.,INCIDENT,OTHER,IT_NETWORK_ACCOUNTS,HIGH,LOW,Library - First Floor,ar_eg,lab_assistant,HARD,False,0,,Network or account access problem
single_02575,SINGLE,slippery floor مش آمن,لاحظت إن slippery floor فيه مشكلة في Parking Area. People are still using the area. الموضوع محتاج متابعة بسرعة. أكتر من شخص ممكن يكون متأثر.,INCIDENT,SAFETY_HAZARD,SAFETY_HAZARD,HIGH,HIGH,Parking Area,ar_eg,dorm_resident,HARD,False,0,,Reported physical safety hazard
single_02576,SINGLE,مشكلة في display system,The problem is with display system في Administration Building - Room 18. The classroom display disconnects during use.,INCIDENT,AV_CLASSROOM_EQUIPMENT,AV_CLASSROOM_EQUIPMENT,LOW,MEDIUM,Administration Building - Room 18,mixed,dorm_resident,HARD,False,0,,Classroom audio visual equipment issue
single_02577,SINGLE,garden area محتاج صيانة,لاحظت إن garden area فيه مشكلة في Main Entrance. The area needs routine grounds maintenance.,SERVICE_REQUEST,GROUNDS_OUTDOOR,GROUNDS_OUTDOOR,MEDIUM,MEDIUM,Main Entrance,ar_eg,lab_assistant,EASY,False,0,,Outdoor area or grounds maintenance issue
single_02578,SINGLE,Issue with facility,I noticed that the facility has an unusual issue in Computer Science Building - Lab 1. The exact cause is not clear.,SERVICE_REQUEST,OTHER,OTHER,MEDIUM,MEDIUM,Computer Science Building - Lab 1,en,dorm_resident,MEDIUM,False,0,,Issue does not fit a specific category
single_02579,SINGLE,Equipment area needs attention,Please check the equipment area at Dormitory A - Floor 2. It is not functioning normally. The problem could not be classified more specifically.,SERVICE_REQUEST,CLEANING_WASTE,OTHER,MEDIUM,MEDIUM,Dormitory A - Floor 2,en,lab_assistant,MEDIUM,False,0,,Issue does not fit a specific category
single_02580,SINGLE,Water supply needs attention,There is a problem with the water supply at Lecture Hall C. The bathroom cannot be used normally.,INCIDENT,PLUMBING_WATER,PLUMBING_WATER,MEDIUM,MEDIUM,Lecture Hall C,en,admin_staff,MEDIUM,False,0,,"Water supply, drainage or plumbing problem"
single_02581,SINGLE,Desk needs attention,There is a problem with the desk at Engineering Building - Lab 4. The desk moves when it is used.,INCIDENT,FURNITURE_FIXTURES,FURNITURE_FIXTURES,MEDIUM,MEDIUM,Engineering Building - Lab 4,en,security_staff,EASY,False,0,,Furniture or fixture maintenance problem
single_02582,SINGLE,3atel fe window,el window does not close properly fe Computer Science Building - Lab 3. The room is still accessible but the window needs repair. aktar men 7ad momken ykoon mota2asser.,INCIDENT,BUILDING_STRUCTURE,BUILDING_STRUCTURE,HIGH,MEDIUM,Computer Science Building - Lab 3,arabizi,lab_assistant,HARD,False,0,,"Building surface, door, window or structural issue"
single_02583,SINGLE,Problem with Wi-Fi,I noticed that the Wi-Fi keeps disconnecting in Engineering Building - Lab 2. The connection drops after a few minutes.,INCIDENT,IT_HARDWARE_PRINTING,IT_NETWORK_ACCOUNTS,MEDIUM,MEDIUM,Engineering Building - Lab 2,en,lecturer,HARD,False,0,,Network or account access problem
single_02584,SINGLE,campus network فيه مشكلة,campus network محتاج متابعة في Science Building - Physics Lab. Other devices in the same area seem to have the same problem. الموضوع محتاج متابعة بسرعة.,INCIDENT,IT_NETWORK_ACCOUNTS,IT_NETWORK_ACCOUNTS,MEDIUM,HIGH,Science Building - Physics Lab,ar_eg,student,HARD,False,0,,Network or account access problem
single_02585,SINGLE,Problem with VPN,I noticed that the VPN is not connecting in Engineering Building - Lab 2. The VPN connection fails when access to the university network is required. The issue needs prompt attention.,INCIDENT,IT_NETWORK_ACCOUNTS,IT_NETWORK_ACCOUNTS,MEDIUM,HIGH,Engineering Building - Lab 2,en,security_staff,EASY,False,0,,Network or account access problem
single_02586,SINGLE,Equipment area issue,Please check the equipment area at Computer Science Building - Lab 3. It is not functioning normally. The problem could not be classified more specifically. The issue needs prompt attention.,INCIDENT,OTHER,OTHER,MEDIUM,HIGH,Computer Science Building - Lab 3,en,lab_assistant,MEDIUM,False,0,,Issue does not fit a specific category
single_02587,SINGLE,table فيه مشكلة,محتاجين حد يشوف table في Library - Second Floor. The table does not remain steady during use.,INCIDENT,FURNITURE_FIXTURES,FURNITURE_FIXTURES,LOW,LOW,Library - Second Floor,ar_eg,dorm_resident,MEDIUM,False,0,,Furniture or fixture maintenance problem
single_02588,SINGLE,Problem with student account,محتاجين حد يشوف the student account في Science Building - Physics Lab. please,INCIDENT,IT_NETWORK_ACCOUNTS,IT_NETWORK_ACCOUNTS,LOW,MEDIUM,Science Building - Physics Lab,mixed,dorm_resident,HARD,False,0,,Network or account access problem
single_02589,SINGLE,Problem with bathroom,There is a problem with the bathroom at Dormitory A - Floor 1. Regular cleaning is needed before normal use.,SERVICE_REQUEST,CLEANING_WASTE,CLEANING_WASTE,LOW,MEDIUM,Dormitory A - Floor 1,en,security_staff,EASY,False,0,,Cleaning or waste management problem
single_02590,SINGLE,3atel fe network connection,feh moshkela fel network connection fe Computer Science Building - Room 203.,INCIDENT,IT_NETWORK_ACCOUNTS,IT_NETWORK_ACCOUNTS,LOW,LOW,Computer Science Building - Room 203,arabizi,security_staff,EASY,False,0,,Network or account access problem
single_02591,SINGLE,الأسانسير مش شغال,في مشكلة في elevator في Dormitory B - Floor 3. The building has other access routes. أكتر من شخص ممكن يكون متأثر.,INCIDENT,ELEVATOR,ELEVATOR,HIGH,MEDIUM,Dormitory B - Floor 3,ar_eg,admin_staff,HARD,False,0,,Elevator or lift malfunction
single_02592,SINGLE,مشكلة في network connection,The problem is with network connection في Computer Science Building - Lab 3. The connection becomes slow during normal campus use.,INCIDENT,IT_NETWORK_ACCOUNTS,IT_NETWORK_ACCOUNTS,MEDIUM,LOW,Computer Science Building - Lab 3,mixed,security_staff,EASY,False,0,,Network or account access problem
single_02593,SINGLE,The ceiling light has an issue,The ceiling light stopped working في Engineering Building - Lab 4. The room is less visible because the light is not working.,INCIDENT,ELECTRICAL,ELECTRICAL,MEDIUM,MEDIUM,Engineering Building - Lab 4,mixed,dorm_resident,MEDIUM,False,0,,Electrical power or lighting problem
single_02594,SINGLE,مشكلة في display system,في مشكلة في display system في Lecture Hall C. The classroom display disconnects during use.,INCIDENT,AV_CLASSROOM_EQUIPMENT,AV_CLASSROOM_EQUIPMENT,MEDIUM,MEDIUM,Lecture Hall C,ar_eg,student,MEDIUM,False,0,,Classroom audio visual equipment issue
single_02595,SINGLE,Smoke issue,The smoke creates a safety concern at Parking Area The source of the smoke is not clear. The issue needs prompt attention. Several people may be affected.,INCIDENT,BUILDING_STRUCTURE,SAFETY_HAZARD,HIGH,HIGH,Parking Area,en,student,HARD,False,0,,Reported physical safety hazard
single_02596,SINGLE,Slippery floor creates a safety concern,I noticed that the slippery floor creates a safety concern in Dormitory A - Floor 2. People are still using the area. The issue needs prompt attention. Several people may be affected.,INCIDENT,SAFETY_HAZARD,SAFETY_HAZARD,HIGH,HIGH,Dormitory A - Floor 2,en,student,MEDIUM,False,0,,Reported physical safety hazard
single_02597,SINGLE,el garden area mehtag check,el garden area needs maintenance fe Parking Area. The area needs routine grounds maintenance.,SERVICE_REQUEST,GROUNDS_OUTDOOR,GROUNDS_OUTDOOR,MEDIUM,LOW,Parking Area,arabizi,admin_staff,HARD,False,0,,Outdoor area or grounds maintenance issue
single_02598,SINGLE,chair محتاج تصليح,في مشكلة في chair في Computer Science Building - Room 203. The chair can still be used with difficulty.,INCIDENT,FURNITURE_FIXTURES,FURNITURE_FIXTURES,MEDIUM,MEDIUM,Computer Science Building - Room 203,ar_eg,lecturer,EASY,False,0,,Furniture or fixture maintenance problem
single_02599,SINGLE,Problem with outdoor light,The outdoor light is not working at Outdoor Courtyard. The outdoor area is poorly lit after dark. The issue needs prompt attention.,INCIDENT,GROUNDS_OUTDOOR,GROUNDS_OUTDOOR,LOW,HIGH,Outdoor Courtyard,en,admin_staff,EASY,False,0,,Outdoor area or grounds maintenance issue
single_02600,SINGLE,مشكلة سلامة في exposed wire,لاحظت إن exposed wire فيه مشكلة في Lecture Hall B. The exposed wire is accessible in the area. أكتر من شخص ممكن يكون متأثر. لو سمحت.,INCIDENT,SAFETY_HAZARD,SAFETY_HAZARD,HIGH,MEDIUM,Lecture Hall B,ar_eg,admin_staff,HARD,False,0,,Reported physical safety hazard
single_02601,SINGLE,Issue with wall socket,Please check the wall socket at Science Building - Chemistry Lab. It has no power. Other sockets in the room still have power. Please check.,INCIDENT,BUILDING_STRUCTURE,ELECTRICAL,LOW,MEDIUM,Science Building - Chemistry Lab,en,dorm_resident,HARD,False,0,,Electrical power or lighting problem
single_02602,SINGLE,mshkela fe water supply,feh moshkela fel water supply fe Engineering Building - Lab 4.,INCIDENT,PLUMBING_WATER,PLUMBING_WATER,LOW,LOW,Engineering Building - Lab 4,arabizi,lab_assistant,HARD,False,0,,"Water supply, drainage or plumbing problem"
single_02603,SINGLE,مشكلة في service area,The service area needs maintenance في Computer Science Building - Room 203. A technician may need to inspect the area. أكتر من شخص ممكن يكون affected.,SERVICE_REQUEST,OTHER,OTHER,HIGH,MEDIUM,Computer Science Building - Room 203,mixed,student,HARD,False,0,,Issue does not fit a specific category
single_02604,SINGLE,Ceiling light issue,The ceiling light stopped working at Engineering Building - Lab 4. The room is less visible because the light is not working.,INCIDENT,ELECTRICAL,ELECTRICAL,MEDIUM,MEDIUM,Engineering Building - Lab 4,en,lab_assistant,MEDIUM,False,0,,Electrical power or lighting problem
single_02605,SINGLE,Problem with ceiling panel,The ceiling panel is loose at Administration Building - Room 12. The panel needs to be inspected before it becomes unsafe. Several people may be affected.,INCIDENT,BUILDING_STRUCTURE,BUILDING_STRUCTURE,HIGH,MEDIUM,Administration Building - Room 12,en,dorm_resident,HARD,False,0,,"Building surface, door, window or structural issue"
single_02606,SINGLE,عطل في power supply,في مشكلة في power supply في Main Entrance. The equipment loses power repeatedly. الموضوع محتاج متابعة بسرعة. أكتر من شخص ممكن يكون متأثر.,INCIDENT,ELECTRICAL,ELECTRICAL,HIGH,HIGH,Main Entrance,ar_eg,dorm_resident,MEDIUM,False,0,,Electrical power or lighting problem
single_02607,SINGLE,The equipment area has an issue,محتاجين حد يشوف the equipment area في Engineering Building - Room 101.,INCIDENT,OTHER,OTHER,LOW,MEDIUM,Engineering Building - Room 101,mixed,lab_assistant,HARD,False,0,,Issue does not fit a specific category
single_02608,SINGLE,Issue with door handle,The door handle is loose at Science Building - Chemistry Lab. The handle moves when the door is opened.,INCIDENT,FURNITURE_FIXTURES,FURNITURE_FIXTURES,MEDIUM,MEDIUM,Science Building - Chemistry Lab,en,lecturer,MEDIUM,False,0,,Furniture or fixture maintenance problem
single_02609,SINGLE,air conditioner مش شغال,لاحظت إن air conditioner فيه مشكلة في Library - First Floor. The room becomes uncomfortable after some time.,INCIDENT,HVAC_AC,HVAC_AC,MEDIUM,MEDIUM,Library - First Floor,ar_eg,student,MEDIUM,False,0,,Air conditioning or ventilation issue
single_02610,SINGLE,Sink needs attention,I noticed that the sink is leaking in Outdoor Courtyard. Water is collecting on the floor. The issue needs prompt attention.,INCIDENT,PLUMBING_WATER,PLUMBING_WATER,MEDIUM,HIGH,Outdoor Courtyard,en,security_staff,HARD,False,0,,"Water supply, drainage or plumbing problem"
single_02611,SINGLE,Smoke needs attention,I noticed that the smoke creates a safety concern in Administration Building - Room 18. The source of the smoke is not clear. Several people may be affected.,INCIDENT,SAFETY_HAZARD,SAFETY_HAZARD,HIGH,MEDIUM,Administration Building - Room 18,en,security_staff,HARD,False,0,,Reported physical safety hazard
single_02612,SINGLE,el common area mehtag check,feh moshkela fel common area fe Lecture Hall B.,INCIDENT,CLEANING_WASTE,CLEANING_WASTE,MEDIUM,MEDIUM,Lecture Hall B,arabizi,student,MEDIUM,False,0,,Cleaning or waste management problem
single_02613,SINGLE,faucet بيسرب مية,faucet محتاج متابعة في Dormitory A - Floor 2. The leak continues even when the faucet is closed.,INCIDENT,PLUMBING_WATER,PLUMBING_WATER,LOW,MEDIUM,Dormitory A - Floor 2,ar_eg,lab_assistant,EASY,False,0,,"Water supply, drainage or plumbing problem"
single_02614,SINGLE,Issue with slippery floor,Please check the slippery floor at Science Building - Physics Lab. It creates a safety concern. People are still using the area. The issue needs prompt attention. Several people may be affected.,INCIDENT,SAFETY_HAZARD,SAFETY_HAZARD,HIGH,HIGH,Science Building - Physics Lab,en,dorm_resident,HARD,False,0,,Reported physical safety hazard
single_02615,SINGLE,عطل في water supply,لاحظت إن water supply فيه مشكلة في Lecture Hall C. The bathroom cannot be used normally. ضروري شوية,INCIDENT,PLUMBING_WATER,PLUMBING_WATER,MEDIUM,MEDIUM,Lecture Hall C,ar_eg,student,HARD,False,0,,"Water supply, drainage or plumbing problem"
single_02616,SINGLE,Ac unit is making a strange noise,The AC unit is making a strange noise at Computer Science Building - Room 203 The noise started during the current session.,INCIDENT,HVAC_AC,HVAC_AC,MEDIUM,MEDIUM,Computer Science Building - Room 203,en,student,MEDIUM,False,0,,Air conditioning or ventilation issue
single_02617,SINGLE,Facility has an unusual issue,The facility has an unusual issue at Parking Area. The exact cause is not clear.,SERVICE_REQUEST,OTHER,OTHER,MEDIUM,MEDIUM,Parking Area,en,admin_staff,HARD,False,0,,Issue does not fit a specific category
single_02618,SINGLE,Problem with table,Please check the table at Lecture Hall C. It is unstable. The table does not remain steady during use. The issue needs prompt attention.,INCIDENT,FURNITURE_FIXTURES,FURNITURE_FIXTURES,LOW,HIGH,Lecture Hall C,en,lecturer,HARD,False,0,,Furniture or fixture maintenance problem
single_02619,SINGLE,مشكلة في the student account,في مشكلة في student account at Science Building - Chemistry Lab. The password is correct but the login keeps failing.,INCIDENT,IT_NETWORK_ACCOUNTS,IT_NETWORK_ACCOUNTS,MEDIUM,MEDIUM,Science Building - Chemistry Lab,mixed,lab_assistant,EASY,False,0,,Network or account access problem
single_02620,SINGLE,Room issue,There is a problem with the room at Engineering Building - Room 101. The reporter could not identify the exact problem. The issue needs prompt attention.,SERVICE_REQUEST,OTHER,OTHER,MEDIUM,HIGH,Engineering Building - Room 101,en,admin_staff,HARD,False,0,,Issue does not fit a specific category
single_02621,SINGLE,Problem with AC unit,The AC unit is leaking water في Engineering Building - Room 101. Water is appearing below the unit.,INCIDENT,HVAC_AC,HVAC_AC,MEDIUM,MEDIUM,Engineering Building - Room 101,mixed,student,HARD,False,0,,Air conditioning or ventilation issue
single_02622,SINGLE,desk فيه مشكلة,لاحظت إن desk فيه مشكلة في Dormitory A - Floor 1. The desk moves when it is used.,INCIDENT,FURNITURE_FIXTURES,FURNITURE_FIXTURES,MEDIUM,MEDIUM,Dormitory A - Floor 1,ar_eg,lecturer,MEDIUM,False,0,,Furniture or fixture maintenance problem
single_02623,SINGLE,Problem with smoke,The problem is with smoke في Dormitory A - Floor 1. The source of the smoke is not clear.,INCIDENT,SAFETY_HAZARD,SAFETY_HAZARD,MEDIUM,MEDIUM,Dormitory A - Floor 1,mixed,lab_assistant,HARD,False,0,,Reported physical safety hazard
single_02624,SINGLE,Damaged safety sign issue,The damaged safety sign needs attention at Dormitory B - Floor 3. The safety information is no longer clearly visible. The issue needs prompt attention.,INCIDENT,SAFETY_HAZARD,SAFETY_HAZARD,MEDIUM,HIGH,Dormitory B - Floor 3,en,dorm_resident,MEDIUM,False,0,,Reported physical safety hazard
single_02625,SINGLE,Mouse issue,There is a problem with the mouse at Computer Science Building - Lab 1. The pointer does not move normally.,INCIDENT,IT_HARDWARE_PRINTING,IT_HARDWARE_PRINTING,LOW,LOW,Computer Science Building - Lab 1,en,student,MEDIUM,False,0,,Physical computer or printing equipment issue
single_02626,SINGLE,3atel fe parking area,feh moshkela fel parking area fe Parking Area.,SERVICE_REQUEST,GROUNDS_OUTDOOR,GROUNDS_OUTDOOR,MEDIUM,LOW,Parking Area,arabizi,lecturer,EASY,False,0,,Outdoor area or grounds maintenance issue
single_02627,SINGLE,مشكلة في lecture screen,lecture screen محتاج متابعة في Lecture Hall B. The issue affects the classroom display.,INCIDENT,AV_CLASSROOM_EQUIPMENT,AV_CLASSROOM_EQUIPMENT,MEDIUM,MEDIUM,Lecture Hall B,ar_eg,lab_assistant,MEDIUM,False,0,,Classroom audio visual equipment issue
single_02628,SINGLE,mshkela fe parking area,el moshkela fe parking area zahret fe Main Entrance.,SERVICE_REQUEST,GROUNDS_OUTDOOR,GROUNDS_OUTDOOR,MEDIUM,LOW,Main Entrance,arabizi,security_staff,EASY,False,0,,Outdoor area or grounds maintenance issue
single_02629,SINGLE,Issue with water supply,I noticed that the water supply has no water in Dormitory B - Floor 1. The bathroom cannot be used normally.,INCIDENT,PLUMBING_WATER,PLUMBING_WATER,MEDIUM,MEDIUM,Dormitory B - Floor 1,en,admin_staff,HARD,False,0,,"Water supply, drainage or plumbing problem"
single_02630,SINGLE,Smart board is not responding,Please check the smart board at Administration Building - Room 12. It is not responding. The board does not respond when the instructor interacts with it. Please check.,INCIDENT,IT_HARDWARE_PRINTING,AV_CLASSROOM_EQUIPMENT,MEDIUM,MEDIUM,Administration Building - Room 12,en,student,EASY,False,0,,Classroom audio visual equipment issue
single_02631,SINGLE,mshkela fe classroom,momken 7ad yshoof el classroom fe Dormitory A - Floor 1?,INCIDENT,PLUMBING_WATER,CLEANING_WASTE,MEDIUM,LOW,Dormitory A - Floor 1,arabizi,admin_staff,EASY,False,0,,Cleaning or waste management problem
single_02632,SINGLE,3atel fe service area,momken 7ad yshoof el service area fe Computer Science Building - Lab 3? el mawdoo3 mehtag check بسرعة.,SERVICE_REQUEST,BUILDING_STRUCTURE,OTHER,MEDIUM,HIGH,Computer Science Building - Lab 3,arabizi,admin_staff,MEDIUM,False,0,,Issue does not fit a specific category
single_02633,SINGLE,el room mehtag check,el moshkela fe room zahret fe Dormitory A - Floor 2.,SERVICE_REQUEST,OTHER,OTHER,MEDIUM,MEDIUM,Dormitory A - Floor 2,arabizi,dorm_resident,MEDIUM,False,0,,Issue does not fit a specific category
single_02634,SINGLE,Issue with corridor,The corridor has not been cleaned at Dormitory A - Floor 2. The corridor needs its regular cleaning service.,INCIDENT,CLEANING_WASTE,CLEANING_WASTE,MEDIUM,MEDIUM,Dormitory A - Floor 2,en,admin_staff,MEDIUM,False,0,,Cleaning or waste management problem
single_02635,SINGLE,AC unit فيه مشكلة,في مشكلة في AC unit في Dormitory A - Floor 1. The noise started during the current session.,INCIDENT,PLUMBING_WATER,HVAC_AC,LOW,MEDIUM,Dormitory A - Floor 1,ar_eg,student,EASY,False,0,,Air conditioning or ventilation issue
single_02636,SINGLE,Vpn issue,Please check the VPN at Engineering Building - Lab 4. It is not connecting. The VPN connection fails when access to the university network is required. Several people may be affected.,INCIDENT,IT_NETWORK_ACCOUNTS,IT_NETWORK_ACCOUNTS,HIGH,LOW,Engineering Building - Lab 4,en,student,MEDIUM,False,0,,Network or account access problem
single_02637,SINGLE,el keyboard mehtag check,el keyboard is not working fe Computer Science Building - Lab 3. Several keys do not respond when pressed.,INCIDENT,IT_HARDWARE_PRINTING,IT_HARDWARE_PRINTING,MEDIUM,LOW,Computer Science Building - Lab 3,arabizi,admin_staff,MEDIUM,False,0,,Physical computer or printing equipment issue
single_02638,SINGLE,مشكلة في service area,service area محتاج متابعة في Sports Building. A technician may need to inspect the area. لو سمحت.,SERVICE_REQUEST,OTHER,OTHER,LOW,MEDIUM,Sports Building,ar_eg,lab_assistant,MEDIUM,False,0,,Issue does not fit a specific category
single_02639,SINGLE,مشكلة في door,لاحظت إن door فيه مشكلة في Main Lecture Hall. The damage was noticed today.,INCIDENT,BUILDING_STRUCTURE,BUILDING_STRUCTURE,MEDIUM,MEDIUM,Main Lecture Hall,ar_eg,lecturer,EASY,False,0,,"Building surface, door, window or structural issue"
single_02640,SINGLE,Issue with door handle,There is a problem with the door handle at Student Affairs Office. The handle moves when the door is opened. Several people may be affected.,INCIDENT,FURNITURE_FIXTURES,FURNITURE_FIXTURES,HIGH,MEDIUM,Student Affairs Office,en,lab_assistant,MEDIUM,False,0,,Furniture or fixture maintenance problem
single_02641,SINGLE,light مش شغال,في مشكلة في light في Administration Building - Room 12. The light turns off and on repeatedly.,INCIDENT,ELECTRICAL,ELECTRICAL,LOW,MEDIUM,Administration Building - Room 12,ar_eg,admin_staff,HARD,False,0,,Electrical power or lighting problem
single_02642,SINGLE,Problem with campus network,محتاجين حد يشوف the campus network في Engineering Building - Lab 2.,INCIDENT,OTHER,IT_NETWORK_ACCOUNTS,MEDIUM,MEDIUM,Engineering Building - Lab 2,mixed,student,HARD,False,0,,Network or account access problem
single_02643,SINGLE,مشكلة في gate,The problem is with gate في Main Entrance. The gate cannot be operated normally. الموضوع محتاج prompt attention.,INCIDENT,OTHER,GROUNDS_OUTDOOR,MEDIUM,HIGH,Main Entrance,mixed,dorm_resident,MEDIUM,False,0,,Outdoor area or grounds maintenance issue
single_02644,SINGLE,Issue with elevator panel,There is a problem with the elevator panel at Dormitory A - Floor 2. The elevator controls are not working normally. The issue needs prompt attention. Several people may be affected. Please check.,INCIDENT,ELEVATOR,ELEVATOR,HIGH,HIGH,Dormitory A - Floor 2,en,lab_assistant,MEDIUM,False,0,,Elevator or lift malfunction
single_02645,SINGLE,The ceiling panel has an issue,The ceiling panel is loose في Main Lecture Hall. The panel needs to be inspected before it becomes unsafe.,INCIDENT,BUILDING_STRUCTURE,BUILDING_STRUCTURE,MEDIUM,MEDIUM,Main Lecture Hall,mixed,lab_assistant,HARD,False,0,,"Building surface, door, window or structural issue"
single_02646,SINGLE,Classroom has not been cleaned,I noticed that the classroom has not been cleaned in Dormitory B - Floor 1. The area has been used throughout the day.,INCIDENT,CLEANING_WASTE,CLEANING_WASTE,LOW,LOW,Dormitory B - Floor 1,en,lab_assistant,EASY,False,0,,Cleaning or waste management problem
single_02647,SINGLE,Problem with room,I noticed that the room requires inspection in Lecture Hall C. The reporter could not identify the exact problem. Several people may be affected.,SERVICE_REQUEST,BUILDING_STRUCTURE,OTHER,HIGH,MEDIUM,Lecture Hall C,en,lecturer,MEDIUM,False,0,,Issue does not fit a specific category
single_02648,SINGLE,مشكلة في table,table محتاج متابعة في Administration Building - Room 12. The table does not remain steady during use.,INCIDENT,FURNITURE_FIXTURES,FURNITURE_FIXTURES,LOW,LOW,Administration Building - Room 12,ar_eg,admin_staff,MEDIUM,False,0,,Furniture or fixture maintenance problem
single_02649,SINGLE,مشكلة في the sink,محتاجين حد يشوف the sink في Student Affairs Office. الموضوع محتاج prompt attention.,INCIDENT,PLUMBING_WATER,PLUMBING_WATER,MEDIUM,HIGH,Student Affairs Office,mixed,student,HARD,False,0,,"Water supply, drainage or plumbing problem"
single_02650,SINGLE,Ac unit issue,I noticed that the AC unit is leaking water in Dormitory B - Floor 1. Water is appearing below the unit. The issue needs prompt attention.,INCIDENT,HVAC_AC,HVAC_AC,MEDIUM,HIGH,Dormitory B - Floor 1,en,dorm_resident,HARD,False,0,,Air conditioning or ventilation issue
single_02651,SINGLE,Room needs attention,There is a problem with the room at Science Building - Chemistry Lab. The reporter could not identify the exact problem.,SERVICE_REQUEST,OTHER,OTHER,MEDIUM,MEDIUM,Science Building - Chemistry Lab,en,lecturer,EASY,False,0,,Issue does not fit a specific category
single_02652,SINGLE,مشكلة في display system,The display system keeps disconnecting في Lecture Hall B. The classroom display disconnects during use. please check.,INCIDENT,AV_CLASSROOM_EQUIPMENT,AV_CLASSROOM_EQUIPMENT,MEDIUM,MEDIUM,Lecture Hall B,mixed,lecturer,MEDIUM,False,0,,Classroom audio visual equipment issue
single_02653,SINGLE,Problem with equipment area,I noticed that the equipment area is not functioning normally in Engineering Building - Room 101. The problem could not be classified more specifically.,INCIDENT,OTHER,OTHER,LOW,MEDIUM,Engineering Building - Room 101,en,student,MEDIUM,False,0,,Issue does not fit a specific category
single_02654,SINGLE,University email needs attention,I noticed that the university email cannot be accessed in Computer Science Building - Lab 1. The account cannot open the university email service. The issue needs prompt attention. Several people may be affected.,INCIDENT,IT_NETWORK_ACCOUNTS,IT_NETWORK_ACCOUNTS,HIGH,HIGH,Computer Science Building - Lab 1,en,lecturer,MEDIUM,False,0,,Network or account access problem
single_02655,SINGLE,Problem with air conditioner,Please check the air conditioner at Cafeteria It is not cooling. The room becomes uncomfortable after some time. Several people may be affected.,INCIDENT,HVAC_AC,HVAC_AC,HIGH,MEDIUM,Cafeteria,en,security_staff,EASY,False,0,,Air conditioning or ventilation issue
single_02656,SINGLE,مشكلة في the common area,The common area has a strong odor في Library - Second Floor. The odor was noticed recently in the area.,INCIDENT,CLEANING_WASTE,CLEANING_WASTE,MEDIUM,MEDIUM,Library - Second Floor,mixed,dorm_resident,MEDIUM,False,0,,Cleaning or waste management problem
single_02657,SINGLE,مشكلة محتاجة تدخل في broken railing,لاحظت إن broken railing فيه مشكلة في Library - Second Floor. The damaged railing is located on a frequently used path. أكتر من شخص ممكن يكون متأثر.,INCIDENT,SAFETY_HAZARD,SAFETY_HAZARD,HIGH,MEDIUM,Library - Second Floor,ar_eg,admin_staff,MEDIUM,False,0,,Reported physical safety hazard
single_02658,SINGLE,Broken railing needs attention,Please check the broken railing at Cafeteria. It is damaged. The damaged railing is located on a frequently used path. The issue needs prompt attention. Several people may be affected.,INCIDENT,SAFETY_HAZARD,SAFETY_HAZARD,HIGH,HIGH,Cafeteria,en,lecturer,MEDIUM,False,0,,Reported physical safety hazard
single_02659,SINGLE,AC unit مش شغال,AC unit محتاج متابعة في Science Building - Chemistry Lab. Water is appearing below the unit. الموضوع محتاج متابعة بسرعة.,INCIDENT,HVAC_AC,HVAC_AC,MEDIUM,HIGH,Science Building - Chemistry Lab,ar_eg,security_staff,MEDIUM,False,0,,Air conditioning or ventilation issue
single_02660,SINGLE,Lift needs attention,There is a problem with the lift at Administration Building - Room 18. The elevator requires immediate technical inspection.,INCIDENT,ELEVATOR,ELEVATOR,MEDIUM,MEDIUM,Administration Building - Room 18,en,student,HARD,False,0,,Elevator or lift malfunction
single_02661,SINGLE,Issue with broken railing,Please check the broken railing at Main Entrance. It is damaged. The damaged railing is located on a frequently used path. There is a safety concern that should be checked promptly.,INCIDENT,SAFETY_HAZARD,SAFETY_HAZARD,HIGH,HIGH,Main Entrance,en,dorm_resident,MEDIUM,True,0,,Reported physical safety hazard
single_02662,SINGLE,عطل في parking area,parking area محتاج متابعة في Outdoor Courtyard. The issue affects one outdoor location. ضروري شوية,SERVICE_REQUEST,SAFETY_HAZARD,GROUNDS_OUTDOOR,LOW,LOW,Outdoor Courtyard,ar_eg,lab_assistant,EASY,False,0,,Outdoor area or grounds maintenance issue
single_02663,SINGLE,Problem with water pipe,في مشكلة في water pipe at Dormitory A - Floor 2. The leak becomes worse when the water is used. الموضوع محتاج prompt attention.,INCIDENT,PLUMBING_WATER,PLUMBING_WATER,MEDIUM,HIGH,Dormitory A - Floor 2,mixed,lecturer,HARD,False,0,,"Water supply, drainage or plumbing problem"
single_02664,SINGLE,Problem with display system,Please check the display system at Main Lecture Hall. It keeps disconnecting. The classroom display disconnects during use.,INCIDENT,AV_CLASSROOM_EQUIPMENT,AV_CLASSROOM_EQUIPMENT,MEDIUM,MEDIUM,Main Lecture Hall,en,student,MEDIUM,False,0,,Classroom audio visual equipment issue
single_02665,SINGLE,الأسانسير مش شغال,محتاجين حد يشوف elevator panel في Administration Building - Room 12. The elevator controls are not working normally. الموضوع محتاج متابعة بسرعة. أكتر من شخص ممكن يكون متأثر.,INCIDENT,ELEVATOR,ELEVATOR,HIGH,HIGH,Administration Building - Room 12,ar_eg,security_staff,MEDIUM,False,0,,Elevator or lift malfunction
single_02666,SINGLE,Issue with walkway,I noticed that the walkway is blocked in Main Entrance. Part of the walkway cannot be used normally. Please check.,INCIDENT,GROUNDS_OUTDOOR,GROUNDS_OUTDOOR,MEDIUM,MEDIUM,Main Entrance,en,admin_staff,HARD,False,0,,Outdoor area or grounds maintenance issue
single_02667,SINGLE,projector مش شغال,محتاجين حد يشوف projector في Computer Science Building - Room 203. Changing the input source did not help. الموضوع محتاج متابعة بسرعة. أكتر من شخص ممكن يكون متأثر.,INCIDENT,AV_CLASSROOM_EQUIPMENT,AV_CLASSROOM_EQUIPMENT,HIGH,HIGH,Computer Science Building - Room 203,ar_eg,lab_assistant,HARD,False,0,,Classroom audio visual equipment issue
single_02668,SINGLE,مشكلة في slippery floor,The slippery floor creates a safety concern في Sports Building. People are still using the area.,INCIDENT,BUILDING_STRUCTURE,SAFETY_HAZARD,MEDIUM,MEDIUM,Sports Building,mixed,lecturer,HARD,False,0,,Reported physical safety hazard
single_02669,SINGLE,Chair is broken,Please check the chair at Library - Second Floor. It is broken. The chair can still be used with difficulty. The issue needs prompt attention.,INCIDENT,FURNITURE_FIXTURES,FURNITURE_FIXTURES,LOW,HIGH,Library - Second Floor,en,student,EASY,False,0,,Furniture or fixture maintenance problem
single_02670,SINGLE,Issue with walkway,There is a problem with the walkway at Outdoor Courtyard. Part of the walkway cannot be used normally.,INCIDENT,GROUNDS_OUTDOOR,GROUNDS_OUTDOOR,MEDIUM,MEDIUM,Outdoor Courtyard,en,security_staff,MEDIUM,False,0,,Outdoor area or grounds maintenance issue
single_02671,SINGLE,el exposed wire mehtag check,momken 7ad yshoof el exposed wire fe Dormitory B - Floor 3? el mawdoo3 mehtag check بسرعة. aktar men 7ad momken ykoon mota2asser.,INCIDENT,SAFETY_HAZARD,SAFETY_HAZARD,HIGH,HIGH,Dormitory B - Floor 3,arabizi,student,MEDIUM,False,0,,Reported physical safety hazard
single_02672,SINGLE,service area محتاج فحص,محتاجين حد يشوف service area في Library - Second Floor. A technician may need to inspect the area.,SERVICE_REQUEST,OTHER,OTHER,MEDIUM,MEDIUM,Library - Second Floor,ar_eg,student,MEDIUM,False,0,,Issue does not fit a specific category
single_02673,SINGLE,Problem with elevator door,The problem is with elevator door في Science Building - Physics Lab. The elevator cannot be used normally. please,INCIDENT,ELEVATOR,ELEVATOR,MEDIUM,MEDIUM,Science Building - Physics Lab,mixed,dorm_resident,HARD,False,0,,Elevator or lift malfunction
single_02674,SINGLE,Elevator door issue,Please check the elevator door at Science Building - Chemistry Lab. It is not opening. The elevator cannot be used normally. The issue needs prompt attention. Several people may be affected.,INCIDENT,ELEVATOR,ELEVATOR,HIGH,HIGH,Science Building - Chemistry Lab,en,student,HARD,False,0,,Elevator or lift malfunction
single_02675,SINGLE,مشكلة في باب الأسانسير,محتاجين حد يشوف lift في Science Building - Physics Lab. The elevator requires immediate technical inspection. أكتر من شخص ممكن يكون متأثر.,INCIDENT,ELEVATOR,ELEVATOR,HIGH,LOW,Science Building - Physics Lab,ar_eg,admin_staff,MEDIUM,False,0,,Elevator or lift malfunction
single_02676,SINGLE,Corridor needs attention,Please check the corridor at Library - First Floor. It has not been cleaned. The corridor needs its regular cleaning service.,INCIDENT,CLEANING_WASTE,CLEANING_WASTE,LOW,MEDIUM,Library - First Floor,en,lecturer,EASY,False,0,,Cleaning or waste management problem
single_02677,SINGLE,مشكلة صيانة غير واضحة,لاحظت إن room فيه مشكلة في Lecture Hall B. The reporter could not identify the exact problem.,SERVICE_REQUEST,OTHER,OTHER,MEDIUM,MEDIUM,Lecture Hall B,ar_eg,lecturer,MEDIUM,False,0,,Issue does not fit a specific category
single_02678,SINGLE,Problem with smart board,في مشكلة في smart board at Lecture Hall C. The board does not respond when the instructor interacts with it. الموضوع محتاج prompt attention.,INCIDENT,AV_CLASSROOM_EQUIPMENT,AV_CLASSROOM_EQUIPMENT,MEDIUM,HIGH,Lecture Hall C,mixed,lecturer,MEDIUM,False,0,,Classroom audio visual equipment issue
single_02679,SINGLE,Issue with drain,There is a problem with the drain at Dormitory B - Floor 1. Water is draining very slowly. The issue needs prompt attention.,INCIDENT,PLUMBING_WATER,PLUMBING_WATER,MEDIUM,HIGH,Dormitory B - Floor 1,en,admin_staff,MEDIUM,False,0,,"Water supply, drainage or plumbing problem"
single_02680,SINGLE,3atel fe outdoor light,feh moshkela fel outdoor light fe Main Entrance.,INCIDENT,GROUNDS_OUTDOOR,GROUNDS_OUTDOOR,MEDIUM,LOW,Main Entrance,arabizi,lab_assistant,HARD,False,0,,Outdoor area or grounds maintenance issue
single_02681,SINGLE,مشكلة في power supply,في مشكلة في power supply في Dormitory A - Floor 2. The equipment loses power repeatedly. الموضوع محتاج متابعة بسرعة. أكتر من شخص ممكن يكون متأثر. لو سمحت.,INCIDENT,ELECTRICAL,ELECTRICAL,HIGH,HIGH,Dormitory A - Floor 2,ar_eg,admin_staff,MEDIUM,False,0,,Electrical power or lighting problem
single_02682,SINGLE,Issue with water pipe,The water pipe is leaking at Computer Science Building - Lab 1 The leak becomes worse when the water is used. The issue needs prompt attention.,INCIDENT,PLUMBING_WATER,PLUMBING_WATER,MEDIUM,HIGH,Computer Science Building - Lab 1,en,admin_staff,MEDIUM,False,0,,"Water supply, drainage or plumbing problem"
single_02683,SINGLE,مشكلة في ceiling light,في مشكلة في ceiling light في Computer Science Building - Lab 3. The room is less visible because the light is not working.,INCIDENT,ELECTRICAL,ELECTRICAL,MEDIUM,MEDIUM,Computer Science Building - Lab 3,ar_eg,student,MEDIUM,False,0,,Electrical power or lighting problem
single_02684,SINGLE,Login issue,The login keeps asking for login at Engineering Building - Lab 4. The system repeatedly asks the user to sign in.,INCIDENT,IT_NETWORK_ACCOUNTS,IT_NETWORK_ACCOUNTS,MEDIUM,MEDIUM,Engineering Building - Lab 4,en,lab_assistant,EASY,False,0,,Network or account access problem
single_02685,SINGLE,The damaged safety sign has an issue,The damaged safety sign needs attention في Computer Science Building - Room 203. The safety information is no longer clearly visible.,INCIDENT,SAFETY_HAZARD,SAFETY_HAZARD,MEDIUM,MEDIUM,Computer Science Building - Room 203,mixed,security_staff,HARD,False,0,,Reported physical safety hazard
single_02686,SINGLE,Air conditioner needs attention,Please check the air conditioner at Science Building - Physics Lab It is not cooling. The room becomes uncomfortable after some time.,INCIDENT,HVAC_AC,HVAC_AC,MEDIUM,MEDIUM,Science Building - Physics Lab,en,security_staff,MEDIUM,False,0,,Air conditioning or ventilation issue
single_02687,SINGLE,مشكلة في cabinet,The problem is with cabinet في Cafeteria. The cabinet door remains partially open. الموضوع محتاج prompt attention. please check.,INCIDENT,BUILDING_STRUCTURE,FURNITURE_FIXTURES,MEDIUM,HIGH,Cafeteria,mixed,student,MEDIUM,False,0,,Furniture or fixture maintenance problem
single_02688,SINGLE,Problem with parking area,There is a problem with the parking area at Main Entrance. The issue affects one outdoor location.,SERVICE_REQUEST,GROUNDS_OUTDOOR,GROUNDS_OUTDOOR,MEDIUM,LOW,Main Entrance,en,lecturer,EASY,False,0,,Outdoor area or grounds maintenance issue
single_02689,SINGLE,el projector mehtag check,feh moshkela fel projector fe Engineering Building - Room 101. aktar men 7ad momken ykoon mota2asser.,INCIDENT,IT_HARDWARE_PRINTING,AV_CLASSROOM_EQUIPMENT,HIGH,MEDIUM,Engineering Building - Room 101,arabizi,admin_staff,MEDIUM,False,0,,Classroom audio visual equipment issue
single_02690,SINGLE,Floor tile is damaged,I noticed that the floor tile is damaged in Administration Building - Room 12. The damaged tile is located in a frequently used area.,INCIDENT,BUILDING_STRUCTURE,BUILDING_STRUCTURE,MEDIUM,MEDIUM,Administration Building - Room 12,en,dorm_resident,MEDIUM,False,0,,"Building surface, door, window or structural issue"
single_02691,SINGLE,el room mehtag check,momken 7ad yshoof el room fe Lecture Hall C?,SERVICE_REQUEST,BUILDING_STRUCTURE,OTHER,MEDIUM,MEDIUM,Lecture Hall C,arabizi,student,MEDIUM,False,0,,Issue does not fit a specific category
single_02692,SINGLE,Problem with desktop computer,I noticed that the desktop computer keeps restarting in Engineering Building - Lab 4. The computer restarts while it is being used. The issue needs prompt attention.,INCIDENT,OTHER,IT_HARDWARE_PRINTING,MEDIUM,HIGH,Engineering Building - Lab 4,en,dorm_resident,MEDIUM,False,0,,Physical computer or printing equipment issue
single_02693,SINGLE,مشكلة في elevator,The elevator is out of service في Sports Building. The building has other access routes. الموضوع محتاج prompt attention. أكتر من شخص ممكن يكون affected.,INCIDENT,ELEVATOR,ELEVATOR,HIGH,HIGH,Sports Building,mixed,admin_staff,MEDIUM,False,0,,Elevator or lift malfunction
single_02694,SINGLE,Display system needs attention,The display system keeps disconnecting at Lecture Hall B. The classroom display disconnects during use.,INCIDENT,AV_CLASSROOM_EQUIPMENT,AV_CLASSROOM_EQUIPMENT,MEDIUM,MEDIUM,Lecture Hall B,en,security_staff,MEDIUM,False,0,,Classroom audio visual equipment issue
single_02695,SINGLE,عطل في الأسانسير,لاحظت إن elevator فيه مشكلة في Engineering Building - Lab 2. People are currently using the building stairs. الموضوع محتاج متابعة بسرعة. أكتر من شخص ممكن يكون متأثر. ضروري شوية,INCIDENT,ELEVATOR,ELEVATOR,HIGH,HIGH,Engineering Building - Lab 2,ar_eg,security_staff,EASY,False,0,,Elevator or lift malfunction
single_02696,SINGLE,Problem with display system,The display system keeps disconnecting في Engineering Building - Room 101. The classroom display disconnects during use.,INCIDENT,AV_CLASSROOM_EQUIPMENT,AV_CLASSROOM_EQUIPMENT,MEDIUM,MEDIUM,Engineering Building - Room 101,mixed,security_staff,MEDIUM,False,0,,Classroom audio visual equipment issue
single_02697,SINGLE,Problem with parking area,The problem is with parking area في Main Entrance. The issue affects one outdoor location. please check.,SERVICE_REQUEST,GROUNDS_OUTDOOR,GROUNDS_OUTDOOR,LOW,LOW,Main Entrance,mixed,dorm_resident,EASY,False,0,,Outdoor area or grounds maintenance issue
single_02698,SINGLE,مشكلة في room,في مشكلة في room في Library - First Floor. The reporter could not identify the exact problem.,SERVICE_REQUEST,OTHER,OTHER,MEDIUM,MEDIUM,Library - First Floor,ar_eg,admin_staff,MEDIUM,False,0,,Issue does not fit a specific category
single_02699,SINGLE,مشكلة في the service area,The problem is with service area في Student Affairs Office. A technician may need to inspect the area.,SERVICE_REQUEST,OTHER,OTHER,LOW,LOW,Student Affairs Office,mixed,student,MEDIUM,False,0,,Issue does not fit a specific category
single_02700,SINGLE,desk محتاج تصليح,محتاجين حد يشوف desk في Dormitory B - Floor 1. The desk moves when it is used. لو سمحت.,INCIDENT,FURNITURE_FIXTURES,FURNITURE_FIXTURES,MEDIUM,MEDIUM,Dormitory B - Floor 1,ar_eg,admin_staff,MEDIUM,False,0,,Furniture or fixture maintenance problem
single_02701,SINGLE,عطل في smart board,لاحظت إن smart board فيه مشكلة في Administration Building - Room 18. The board does not respond when the instructor interacts with it. أكتر من شخص ممكن يكون متأثر.,INCIDENT,AV_CLASSROOM_EQUIPMENT,AV_CLASSROOM_EQUIPMENT,HIGH,MEDIUM,Administration Building - Room 18,ar_eg,lab_assistant,EASY,False,0,,Classroom audio visual equipment issue
single_02702,SINGLE,مشكلة في power supply,في مشكلة في power supply في Dormitory B - Floor 3. The equipment loses power repeatedly. الموضوع محتاج متابعة بسرعة. أكتر من شخص ممكن يكون متأثر.,INCIDENT,ELECTRICAL,ELECTRICAL,HIGH,HIGH,Dormitory B - Floor 3,ar_eg,lab_assistant,HARD,False,0,,Electrical power or lighting problem
single_02703,SINGLE,Water pipe needs attention,The water pipe is leaking at Library - Second Floor The leak becomes worse when the water is used. The issue needs prompt attention.,INCIDENT,PLUMBING_WATER,PLUMBING_WATER,LOW,HIGH,Library - Second Floor,en,lab_assistant,MEDIUM,False,0,,"Water supply, drainage or plumbing problem"
single_02704,SINGLE,el equipment area mehtag check,el moshkela fe equipment area zahret fe Computer Science Building - Room 203. aktar men 7ad momken ykoon mota2asser. plz check.,INCIDENT,OTHER,OTHER,HIGH,MEDIUM,Computer Science Building - Room 203,arabizi,student,MEDIUM,False,0,,Issue does not fit a specific category
single_02705,SINGLE,Issue with electrical switch,Please check the electrical switch at Dormitory A - Floor 2. It is not working. The switch does not control the connected light. Several people may be affected.,INCIDENT,ELECTRICAL,ELECTRICAL,HIGH,MEDIUM,Dormitory A - Floor 2,en,lab_assistant,MEDIUM,False,0,,Electrical power or lighting problem
single_02706,SINGLE,Scanner issue,Please check the scanner at Computer Science Building - Lab 3. It does not detect the device. The scanner cannot be used from the connected computer.,INCIDENT,IT_HARDWARE_PRINTING,IT_HARDWARE_PRINTING,MEDIUM,MEDIUM,Computer Science Building - Lab 3,en,lab_assistant,HARD,False,0,,Physical computer or printing equipment issue
single_02707,SINGLE,Light is flickering,There is a problem with the light at Main Lecture Hall. The light turns off and on repeatedly.,INCIDENT,SAFETY_HAZARD,ELECTRICAL,MEDIUM,MEDIUM,Main Lecture Hall,en,lecturer,HARD,False,0,,Electrical power or lighting problem
single_02708,SINGLE,The bathroom has an issue,في مشكلة في bathroom at Main Lecture Hall. Regular cleaning is needed before normal use. please check.,SERVICE_REQUEST,PLUMBING_WATER,CLEANING_WASTE,MEDIUM,LOW,Main Lecture Hall,mixed,lab_assistant,HARD,False,0,,Cleaning or waste management problem
single_02709,SINGLE,el AC unit mehtag check,feh moshkela fel AC unit fe Sports Building.,INCIDENT,HVAC_AC,HVAC_AC,MEDIUM,MEDIUM,Sports Building,arabizi,lecturer,HARD,False,0,,Air conditioning or ventilation issue
single_02710,SINGLE,Problem with elevator,There is a problem with the elevator at Computer Science Building - Room 203. The building has other access routes. The issue needs prompt attention. Several people may be affected.,INCIDENT,ELEVATOR,ELEVATOR,HIGH,HIGH,Computer Science Building - Room 203,en,dorm_resident,HARD,False,0,,Elevator or lift malfunction
single_02711,SINGLE,Outdoor light is not working,Please check the outdoor light at Outdoor Courtyard. It is not working. The outdoor area is poorly lit after dark.,INCIDENT,GROUNDS_OUTDOOR,GROUNDS_OUTDOOR,MEDIUM,MEDIUM,Outdoor Courtyard,en,dorm_resident,MEDIUM,False,0,,Outdoor area or grounds maintenance issue
single_02712,SINGLE,مشكلة في faucet,لاحظت إن faucet فيه مشكلة في Dormitory B - Floor 1. The leak continues even when the faucet is closed. ضروري شوية,INCIDENT,PLUMBING_WATER,PLUMBING_WATER,LOW,LOW,Dormitory B - Floor 1,ar_eg,lab_assistant,EASY,False,0,,"Water supply, drainage or plumbing problem"
single_02713,SINGLE,Laptop is very slow,The laptop is very slow at Library - Second Floor. Applications take a long time to respond.,INCIDENT,IT_HARDWARE_PRINTING,IT_HARDWARE_PRINTING,MEDIUM,MEDIUM,Library - Second Floor,en,security_staff,MEDIUM,False,0,,Physical computer or printing equipment issue
single_02714,SINGLE,Issue with elevator door,I noticed that the elevator door is not opening in Sports Building. The elevator cannot be used normally. The issue needs prompt attention. Several people may be affected.,INCIDENT,ELEVATOR,ELEVATOR,HIGH,HIGH,Sports Building,en,lab_assistant,MEDIUM,False,0,,Elevator or lift malfunction
single_02715,SINGLE,air conditioning system فيه مشكلة,لاحظت إن air conditioning system فيه مشكلة في Computer Science Building - Lab 1. The room is not cooling normally.,INCIDENT,HVAC_AC,HVAC_AC,LOW,MEDIUM,Computer Science Building - Lab 1,ar_eg,admin_staff,MEDIUM,False,0,,Air conditioning or ventilation issue
single_02716,SINGLE,mshkela fe room,feh moshkela fel room fe Computer Science Building - Lab 1.,SERVICE_REQUEST,OTHER,OTHER,MEDIUM,MEDIUM,Computer Science Building - Lab 1,arabizi,lecturer,MEDIUM,False,0,,Issue does not fit a specific category
single_02717,SINGLE,corridor محتاج تنظيف,corridor محتاج متابعة في Lecture Hall C. The corridor needs its regular cleaning service.,INCIDENT,CLEANING_WASTE,CLEANING_WASTE,LOW,LOW,Lecture Hall C,ar_eg,lecturer,MEDIUM,False,0,,Cleaning or waste management problem
single_02718,SINGLE,Toilet issue,There is a problem with the toilet at Engineering Building - Lab 2. Water is spreading around the bathroom area. Several people may be affected.,INCIDENT,PLUMBING_WATER,PLUMBING_WATER,HIGH,MEDIUM,Engineering Building - Lab 2,en,dorm_resident,HARD,False,0,,"Water supply, drainage or plumbing problem"
single_02719,SINGLE,Problem with common area,Please check the common area at Dormitory A - Floor 1. It has a strong odor. The odor was noticed recently in the area. The issue needs prompt attention.,INCIDENT,CLEANING_WASTE,CLEANING_WASTE,MEDIUM,HIGH,Dormitory A - Floor 1,en,lab_assistant,HARD,False,0,,Cleaning or waste management problem
single_02720,SINGLE,Issue with elevator door,There is a problem with the elevator door at Computer Science Building - Lab 1. The elevator cannot be used normally.,INCIDENT,ELEVATOR,ELEVATOR,MEDIUM,MEDIUM,Computer Science Building - Lab 1,en,lab_assistant,HARD,False,0,,Elevator or lift malfunction
single_02721,SINGLE,Mouse issue,There is a problem with the mouse at Engineering Building - Lab 2. The pointer does not move normally.,INCIDENT,IT_HARDWARE_PRINTING,IT_HARDWARE_PRINTING,MEDIUM,LOW,Engineering Building - Lab 2,en,student,EASY,False,0,,Physical computer or printing equipment issue
single_02722,SINGLE,مشكلة في the equipment area,The equipment area is not functioning normally في Science Building - Chemistry Lab. The problem could not be classified more specifically.,INCIDENT,OTHER,OTHER,LOW,MEDIUM,Science Building - Chemistry Lab,mixed,admin_staff,HARD,False,0,,Issue does not fit a specific category
single_02723,SINGLE,مشكلة في the slippery floor,The slippery floor creates a safety concern في Dormitory B - Floor 1. People are still using the area. الموضوع محتاج prompt attention. أكتر من شخص ممكن يكون affected. please,INCIDENT,SAFETY_HAZARD,SAFETY_HAZARD,HIGH,HIGH,Dormitory B - Floor 1,mixed,admin_staff,MEDIUM,False,0,,Reported physical safety hazard
single_02724,SINGLE,Room needs attention,There is a problem with the room at Library - Second Floor. The reporter could not identify the exact problem.,SERVICE_REQUEST,OTHER,OTHER,MEDIUM,MEDIUM,Library - Second Floor,en,admin_staff,MEDIUM,False,0,,Issue does not fit a specific category
single_02725,SINGLE,Problem with outdoor light,The outdoor light is not working at Parking Area. The outdoor area is poorly lit after dark.,INCIDENT,GROUNDS_OUTDOOR,GROUNDS_OUTDOOR,MEDIUM,MEDIUM,Parking Area,en,student,MEDIUM,False,0,,Outdoor area or grounds maintenance issue
single_02726,SINGLE,Lift stopped between floors,I noticed that the lift stopped between floors in Sports Building. The elevator requires immediate technical inspection. The issue needs prompt attention. Several people may be affected.,INCIDENT,BUILDING_STRUCTURE,ELEVATOR,HIGH,HIGH,Sports Building,en,lecturer,HARD,False,0,,Elevator or lift malfunction
single_02727,SINGLE,Projector issue,Please check the projector at Engineering Building - Room 101. It does not turn on. The instructor needs the equipment for the current class. The issue needs prompt attention.,INCIDENT,AV_CLASSROOM_EQUIPMENT,AV_CLASSROOM_EQUIPMENT,MEDIUM,HIGH,Engineering Building - Room 101,en,security_staff,MEDIUM,False,0,,Classroom audio visual equipment issue
single_02728,SINGLE,mshkela fe keyboard,el moshkela fe keyboard zahret fe Library - First Floor. plz check.,INCIDENT,AV_CLASSROOM_EQUIPMENT,IT_HARDWARE_PRINTING,LOW,LOW,Library - First Floor,arabizi,admin_staff,EASY,False,0,,Physical computer or printing equipment issue
single_02729,SINGLE,Table needs attention,I noticed that the table is unstable in Lecture Hall C The table does not remain steady during use. The issue needs prompt attention.,INCIDENT,FURNITURE_FIXTURES,FURNITURE_FIXTURES,LOW,HIGH,Lecture Hall C,en,lab_assistant,EASY,False,0,,Furniture or fixture maintenance problem
single_02730,SINGLE,مشكلة في smart board,محتاجين حد يشوف the smart board في Administration Building - Room 18. الموضوع محتاج prompt attention.,INCIDENT,AV_CLASSROOM_EQUIPMENT,AV_CLASSROOM_EQUIPMENT,MEDIUM,HIGH,Administration Building - Room 18,mixed,lecturer,EASY,False,0,,Classroom audio visual equipment issue
single_02731,SINGLE,The faucet has an issue,محتاجين حد يشوف the faucet في Dormitory B - Floor 3.,INCIDENT,BUILDING_STRUCTURE,PLUMBING_WATER,LOW,LOW,Dormitory B - Floor 3,mixed,lecturer,MEDIUM,False,0,,"Water supply, drainage or plumbing problem"
single_02732,SINGLE,The smoke has an issue,The problem is with smoke في Library - First Floor. The source of the smoke is not clear. أكتر من شخص ممكن يكون affected.,INCIDENT,ELECTRICAL,SAFETY_HAZARD,HIGH,LOW,Library - First Floor,mixed,student,HARD,False,0,,Reported physical safety hazard
single_02733,SINGLE,vent فيه مشكلة,vent محتاج متابعة في Engineering Building - Lab 4. Airflow from the vent is not normal.,INCIDENT,HVAC_AC,HVAC_AC,MEDIUM,LOW,Engineering Building - Lab 4,ar_eg,security_staff,MEDIUM,False,0,,Air conditioning or ventilation issue
single_02734,SINGLE,el projector mehtag check,feh moshkela fel projector fe Computer Science Building - Room 203. aktar men 7ad momken ykoon mota2asser.,INCIDENT,AV_CLASSROOM_EQUIPMENT,AV_CLASSROOM_EQUIPMENT,HIGH,MEDIUM,Computer Science Building - Room 203,arabizi,dorm_resident,HARD,False,0,,Classroom audio visual equipment issue
single_02735,SINGLE,garden area فيه مشكلة,محتاجين حد يشوف garden area في Main Entrance. The area needs routine grounds maintenance.,SERVICE_REQUEST,GROUNDS_OUTDOOR,GROUNDS_OUTDOOR,LOW,MEDIUM,Main Entrance,ar_eg,security_staff,MEDIUM,False,0,,Outdoor area or grounds maintenance issue
single_02736,SINGLE,el gate mehtag check,el gate is not working fe Parking Area. The gate cannot be operated normally.,INCIDENT,GROUNDS_OUTDOOR,GROUNDS_OUTDOOR,LOW,MEDIUM,Parking Area,arabizi,security_staff,HARD,False,0,,Outdoor area or grounds maintenance issue
single_02737,SINGLE,مشكلة في the wall socket,محتاجين حد يشوف the wall socket في Dormitory B - Floor 1.,INCIDENT,ELECTRICAL,ELECTRICAL,MEDIUM,MEDIUM,Dormitory B - Floor 1,mixed,admin_staff,MEDIUM,False,0,,Electrical power or lighting problem
single_02738,SINGLE,Lift needs attention,There is a problem with the lift at Engineering Building - Lab 4. The elevator requires immediate technical inspection. The issue needs prompt attention. Several people may be affected.,INCIDENT,SAFETY_HAZARD,ELEVATOR,HIGH,HIGH,Engineering Building - Lab 4,en,admin_staff,HARD,False,0,,Elevator or lift malfunction
single_02739,SINGLE,Problem with floor,The floor is dirty at Dormitory A - Floor 2. The floor needs routine cleaning.,INCIDENT,PLUMBING_WATER,CLEANING_WASTE,LOW,LOW,Dormitory A - Floor 2,en,lecturer,EASY,False,0,,Cleaning or waste management problem
single_02740,SINGLE,Problem with door,The problem is with door في Engineering Building - Lab 4. The damage was noticed today. الموضوع محتاج prompt attention.,INCIDENT,BUILDING_STRUCTURE,BUILDING_STRUCTURE,MEDIUM,HIGH,Engineering Building - Lab 4,mixed,student,HARD,False,0,,"Building surface, door, window or structural issue"
single_02741,SINGLE,Walkway is blocked,The walkway is blocked at Parking Area. Part of the walkway cannot be used normally.,INCIDENT,GROUNDS_OUTDOOR,GROUNDS_OUTDOOR,MEDIUM,MEDIUM,Parking Area,en,student,EASY,False,0,,Outdoor area or grounds maintenance issue
single_02742,SINGLE,mshkela fe classroom,momken 7ad yshoof el classroom fe Dormitory B - Floor 1?,INCIDENT,CLEANING_WASTE,CLEANING_WASTE,LOW,LOW,Dormitory B - Floor 1,arabizi,admin_staff,EASY,False,0,,Cleaning or waste management problem
single_02743,SINGLE,Problem with ceiling panel,The ceiling panel is loose at Dormitory B - Floor 1. The panel needs to be inspected before it becomes unsafe. The issue needs prompt attention.,INCIDENT,BUILDING_STRUCTURE,BUILDING_STRUCTURE,MEDIUM,HIGH,Dormitory B - Floor 1,en,security_staff,HARD,False,0,,"Building surface, door, window or structural issue"
single_02744,SINGLE,Desk issue,Please check the desk at Library - Second Floor. It is unstable. The desk moves when it is used.,INCIDENT,FURNITURE_FIXTURES,FURNITURE_FIXTURES,MEDIUM,MEDIUM,Library - Second Floor,en,lab_assistant,HARD,False,0,,Furniture or fixture maintenance problem
single_02745,SINGLE,el ceiling mehtag check,el ceiling is damaged fe Computer Science Building - Room 203. The damage is limited to one area.,INCIDENT,BUILDING_STRUCTURE,BUILDING_STRUCTURE,LOW,MEDIUM,Computer Science Building - Room 203,arabizi,lab_assistant,MEDIUM,False,0,,"Building surface, door, window or structural issue"
single_02746,SINGLE,Problem with door,Please check the door at Dormitory B - Floor 3. It is damaged. The damage was noticed today. The issue needs prompt attention. Several people may be affected. Please check.,INCIDENT,SAFETY_HAZARD,BUILDING_STRUCTURE,HIGH,HIGH,Dormitory B - Floor 3,en,dorm_resident,HARD,False,0,,"Building surface, door, window or structural issue"
single_02747,SINGLE,Elevator door needs attention,There is a problem with the elevator door at Dormitory A - Floor 2. The elevator cannot be used normally. The issue needs prompt attention. Several people may be affected.,INCIDENT,ELEVATOR,ELEVATOR,HIGH,HIGH,Dormitory A - Floor 2,en,security_staff,MEDIUM,False,0,,Elevator or lift malfunction
single_02748,SINGLE,Problem with ceiling,Please check the ceiling at Dormitory B - Floor 1. It is damaged. The damage is limited to one area.,INCIDENT,BUILDING_STRUCTURE,BUILDING_STRUCTURE,MEDIUM,LOW,Dormitory B - Floor 1,en,lab_assistant,MEDIUM,False,0,,"Building surface, door, window or structural issue"
single_02749,SINGLE,Window issue,There is a problem with the window at Main Entrance. The room is still accessible but the window needs repair.,INCIDENT,SAFETY_HAZARD,BUILDING_STRUCTURE,MEDIUM,MEDIUM,Main Entrance,en,lab_assistant,MEDIUM,False,0,,"Building surface, door, window or structural issue"
single_02750,SINGLE,smoke مش آمن,محتاجين حد يشوف smoke في Library - First Floor. The source of the smoke is not clear.,INCIDENT,SAFETY_HAZARD,SAFETY_HAZARD,MEDIUM,MEDIUM,Library - First Floor,ar_eg,dorm_resident,EASY,False,0,,Reported physical safety hazard
single_02751,SINGLE,Problem with water supply,The problem is with water supply في Engineering Building - Room 101. The bathroom cannot be used normally. أكتر من شخص ممكن يكون affected.,INCIDENT,PLUMBING_WATER,PLUMBING_WATER,HIGH,MEDIUM,Engineering Building - Room 101,mixed,admin_staff,MEDIUM,False,0,,"Water supply, drainage or plumbing problem"
single_02752,SINGLE,عطل في parking area,محتاجين حد يشوف parking area في Parking Area. The issue affects one outdoor location.,SERVICE_REQUEST,GROUNDS_OUTDOOR,GROUNDS_OUTDOOR,LOW,MEDIUM,Parking Area,ar_eg,security_staff,MEDIUM,False,0,,Outdoor area or grounds maintenance issue
single_02753,SINGLE,مشكلة في the university email,في مشكلة في university email at Computer Science Building - Lab 1. The account cannot open the university email service.,INCIDENT,IT_NETWORK_ACCOUNTS,IT_NETWORK_ACCOUNTS,MEDIUM,MEDIUM,Computer Science Building - Lab 1,mixed,security_staff,HARD,False,0,,Network or account access problem
single_02754,SINGLE,Issue with elevator panel,I noticed that the elevator panel is showing an error in Sports Building. The elevator controls are not working normally. The issue needs prompt attention.,INCIDENT,SAFETY_HAZARD,ELEVATOR,MEDIUM,HIGH,Sports Building,en,dorm_resident,HARD,False,0,,Elevator or lift malfunction
single_02755,SINGLE,mshkela fe student account,momken 7ad yshoof el student account fe Computer Science Building - Lab 1? el mawdoo3 mehtag check بسرعة. aktar men 7ad momken ykoon mota2asser. plz,INCIDENT,OTHER,IT_NETWORK_ACCOUNTS,HIGH,HIGH,Computer Science Building - Lab 1,arabizi,lab_assistant,HARD,False,0,,Network or account access problem
single_02756,SINGLE,room محتاج فحص,محتاجين حد يشوف room في Administration Building - Room 12. The reporter could not identify the exact problem.,SERVICE_REQUEST,OTHER,OTHER,MEDIUM,MEDIUM,Administration Building - Room 12,ar_eg,security_staff,MEDIUM,False,0,,Issue does not fit a specific category
single_02757,SINGLE,Problem with window,Please check the window at Student Affairs Office. It does not close properly. The room is still accessible but the window needs repair.,INCIDENT,BUILDING_STRUCTURE,BUILDING_STRUCTURE,MEDIUM,LOW,Student Affairs Office,en,lab_assistant,MEDIUM,False,0,,"Building surface, door, window or structural issue"
single_02758,SINGLE,مشكلة محتاجة فحص,في مشكلة في equipment area في Parking Area. The problem could not be classified more specifically.,SERVICE_REQUEST,OTHER,OTHER,MEDIUM,MEDIUM,Parking Area,ar_eg,student,EASY,False,0,,Issue does not fit a specific category
single_02759,SINGLE,University email cannot be accessed,Please check the university email at Engineering Building - Lab 4. It cannot be accessed. The account cannot open the university email service.,INCIDENT,IT_NETWORK_ACCOUNTS,IT_NETWORK_ACCOUNTS,MEDIUM,MEDIUM,Engineering Building - Lab 4,en,security_staff,MEDIUM,False,0,,Network or account access problem
single_02760,SINGLE,Waste bin has overflowing waste,Please check the waste bin at Dormitory B - Floor 3 It has overflowing waste. The waste bin has not been emptied recently.,INCIDENT,CLEANING_WASTE,CLEANING_WASTE,MEDIUM,MEDIUM,Dormitory B - Floor 3,en,lecturer,HARD,False,0,,Cleaning or waste management problem
single_02761,SINGLE,Drain issue,The drain is blocked at Parking Area. Water is draining very slowly.,INCIDENT,PLUMBING_WATER,PLUMBING_WATER,MEDIUM,MEDIUM,Parking Area,en,admin_staff,EASY,False,0,,"Water supply, drainage or plumbing problem"
single_02762,SINGLE,عطل في vent,محتاجين حد يشوف vent في Outdoor Courtyard. Airflow from the vent is not normal.,INCIDENT,HVAC_AC,HVAC_AC,LOW,LOW,Outdoor Courtyard,ar_eg,lecturer,EASY,False,0,,Air conditioning or ventilation issue
single_02763,SINGLE,Issue with door,The door is damaged at Main Entrance. The damage was noticed today.,INCIDENT,FURNITURE_FIXTURES,BUILDING_STRUCTURE,MEDIUM,LOW,Main Entrance,en,security_staff,EASY,False,0,,"Building surface, door, window or structural issue"
single_02764,SINGLE,Problem with elevator,I noticed that the elevator is out of service in Sports Building. The building has other access routes. The issue needs prompt attention. Several people may be affected.,INCIDENT,SAFETY_HAZARD,ELEVATOR,HIGH,HIGH,Sports Building,en,security_staff,EASY,False,0,,Elevator or lift malfunction
single_02765,SINGLE,Issue with bathroom,There is a problem with the bathroom at Dormitory B - Floor 1 Regular cleaning is needed before normal use.,SERVICE_REQUEST,CLEANING_WASTE,CLEANING_WASTE,LOW,MEDIUM,Dormitory B - Floor 1,en,student,MEDIUM,False,0,,Cleaning or waste management problem
single_02766,SINGLE,The student account has an issue,محتاجين حد يشوف the student account في Library - Second Floor. الموضوع محتاج prompt attention. أكتر من شخص ممكن يكون affected.,INCIDENT,IT_NETWORK_ACCOUNTS,IT_NETWORK_ACCOUNTS,HIGH,HIGH,Library - Second Floor,mixed,lab_assistant,HARD,False,0,,Network or account access problem
single_02767,SINGLE,faucet فيه مشكلة,محتاجين حد يشوف faucet في Outdoor Courtyard. The leak continues even when the faucet is closed.,INCIDENT,PLUMBING_WATER,PLUMBING_WATER,LOW,MEDIUM,Outdoor Courtyard,ar_eg,security_staff,MEDIUM,False,0,,"Water supply, drainage or plumbing problem"
single_02768,SINGLE,مشكلة في the student account,في مشكلة في student account at Engineering Building - Lab 2. The password is correct but the login keeps failing.,INCIDENT,IT_NETWORK_ACCOUNTS,IT_NETWORK_ACCOUNTS,MEDIUM,MEDIUM,Engineering Building - Lab 2,mixed,security_staff,MEDIUM,False,0,,Network or account access problem
single_02769,SINGLE,Service area needs attention,There is a problem with the service area at Administration Building - Room 18. A technician may need to inspect the area.,SERVICE_REQUEST,OTHER,OTHER,MEDIUM,LOW,Administration Building - Room 18,en,lab_assistant,MEDIUM,False,0,,Issue does not fit a specific category
single_02770,SINGLE,Problem with water pipe,محتاجين حد يشوف the water pipe في Sports Building. الموضوع محتاج prompt attention. أكتر من شخص ممكن يكون affected.,INCIDENT,PLUMBING_WATER,PLUMBING_WATER,HIGH,HIGH,Sports Building,mixed,admin_staff,HARD,False,0,,"Water supply, drainage or plumbing problem"
single_02771,SINGLE,Vent issue,I noticed that the vent is not working in Dormitory B - Floor 3. Airflow from the vent is not normal.,INCIDENT,HVAC_AC,HVAC_AC,LOW,MEDIUM,Dormitory B - Floor 3,en,security_staff,EASY,False,0,,Air conditioning or ventilation issue
single_02772,SINGLE,Problem with slippery floor,I noticed that the slippery floor creates a safety concern in Lecture Hall C. People are still using the area. The issue needs prompt attention.,INCIDENT,SAFETY_HAZARD,SAFETY_HAZARD,MEDIUM,HIGH,Lecture Hall C,en,security_staff,HARD,False,0,,Reported physical safety hazard
single_02773,SINGLE,Chair is broken,I noticed that the chair is broken in Cafeteria. The chair can still be used with difficulty. The issue needs prompt attention.,INCIDENT,OTHER,FURNITURE_FIXTURES,LOW,HIGH,Cafeteria,en,security_staff,EASY,False,0,,Furniture or fixture maintenance problem
single_02774,SINGLE,3atel fe power outlet,feh moshkela fel power outlet fe Dormitory B - Floor 3. aktar men 7ad momken ykoon mota2asser. plz check.,INCIDENT,ELECTRICAL,ELECTRICAL,HIGH,MEDIUM,Dormitory B - Floor 3,arabizi,dorm_resident,MEDIUM,False,0,,Electrical power or lighting problem
single_02775,SINGLE,Smart board is not responding,There is a problem with the smart board at Administration Building - Room 18. The board does not respond when the instructor interacts with it. The issue needs prompt attention.,INCIDENT,IT_HARDWARE_PRINTING,AV_CLASSROOM_EQUIPMENT,LOW,HIGH,Administration Building - Room 18,en,student,EASY,False,0,,Classroom audio visual equipment issue
single_02776,SINGLE,مشكلة في the printer,في مشكلة في printer at Science Building - Chemistry Lab. The printer worked normally earlier today.,INCIDENT,IT_HARDWARE_PRINTING,IT_HARDWARE_PRINTING,MEDIUM,LOW,Science Building - Chemistry Lab,mixed,student,MEDIUM,False,0,,Physical computer or printing equipment issue
single_02777,SINGLE,Air conditioning system issue,There is a problem with the air conditioning system at Dormitory A - Floor 1. The room is not cooling normally.,INCIDENT,HVAC_AC,HVAC_AC,MEDIUM,LOW,Dormitory A - Floor 1,en,security_staff,EASY,False,0,,Air conditioning or ventilation issue
single_02778,SINGLE,Desktop computer issue,I noticed that the desktop computer keeps restarting in Computer Science Building - Lab 1. The computer restarts while it is being used.,INCIDENT,AV_CLASSROOM_EQUIPMENT,IT_HARDWARE_PRINTING,MEDIUM,MEDIUM,Computer Science Building - Lab 1,en,dorm_resident,MEDIUM,False,0,,Physical computer or printing equipment issue
single_02779,SINGLE,مشكلة في laptop,محتاجين حد يشوف laptop في Science Building - Physics Lab. Applications take a long time to respond.,INCIDENT,IT_HARDWARE_PRINTING,IT_HARDWARE_PRINTING,LOW,LOW,Science Building - Physics Lab,ar_eg,lab_assistant,EASY,False,0,,Physical computer or printing equipment issue
single_02780,SINGLE,Elevator needs attention,Please check the elevator at Administration Building - Room 12. It is not moving. People are currently using the building stairs. The issue needs prompt attention.,INCIDENT,ELEVATOR,ELEVATOR,MEDIUM,HIGH,Administration Building - Room 12,en,lab_assistant,MEDIUM,False,0,,Elevator or lift malfunction
single_02781,SINGLE,The exposed wire has an issue,The exposed wire creates a safety concern في Dormitory A - Floor 2. The exposed wire is accessible in the area.,INCIDENT,SAFETY_HAZARD,SAFETY_HAZARD,MEDIUM,MEDIUM,Dormitory A - Floor 2,mixed,security_staff,HARD,False,0,,Reported physical safety hazard
single_02782,SINGLE,lecture screen فيه مشكلة,محتاجين حد يشوف lecture screen في Main Lecture Hall. The issue affects the classroom display.,INCIDENT,ELECTRICAL,AV_CLASSROOM_EQUIPMENT,MEDIUM,MEDIUM,Main Lecture Hall,ar_eg,lecturer,HARD,False,0,,Classroom audio visual equipment issue
single_02783,SINGLE,الأسانسير مش شغال,لاحظت إن elevator فيه مشكلة في Engineering Building - Lab 4. The building has other access routes. الموضوع محتاج متابعة بسرعة. أكتر من شخص ممكن يكون متأثر.,INCIDENT,ELEVATOR,ELEVATOR,HIGH,HIGH,Engineering Building - Lab 4,ar_eg,security_staff,MEDIUM,False,0,,Elevator or lift malfunction
single_02784,SINGLE,Equipment area issue,The equipment area is not functioning normally at Library - First Floor The problem could not be classified more specifically.,INCIDENT,CLEANING_WASTE,OTHER,MEDIUM,MEDIUM,Library - First Floor,en,lab_assistant,MEDIUM,False,0,,Issue does not fit a specific category
single_02785,SINGLE,Bathroom needs cleaning,Please check the bathroom at Dormitory B - Floor 1. It needs cleaning. Regular cleaning is needed before normal use. Please check.,SERVICE_REQUEST,CLEANING_WASTE,CLEANING_WASTE,MEDIUM,LOW,Dormitory B - Floor 1,en,lecturer,MEDIUM,False,0,,Cleaning or waste management problem
single_02786,SINGLE,Problem with drain,محتاجين حد يشوف the drain في Dormitory B - Floor 1.,INCIDENT,PLUMBING_WATER,PLUMBING_WATER,MEDIUM,MEDIUM,Dormitory B - Floor 1,mixed,admin_staff,MEDIUM,False,0,,"Water supply, drainage or plumbing problem"
single_02787,SINGLE,مشكلة في ceiling light,لاحظت إن ceiling light فيه مشكلة في Computer Science Building - Room 203. The room is less visible because the light is not working.,INCIDENT,ELECTRICAL,ELECTRICAL,MEDIUM,MEDIUM,Computer Science Building - Room 203,ar_eg,lab_assistant,HARD,False,0,,Electrical power or lighting problem
single_02788,SINGLE,Issue with door handle,I noticed that the door handle is loose in Computer Science Building - Room 203. The handle moves when the door is opened. The issue needs prompt attention.,INCIDENT,BUILDING_STRUCTURE,FURNITURE_FIXTURES,MEDIUM,HIGH,Computer Science Building - Room 203,en,admin_staff,MEDIUM,False,0,,Furniture or fixture maintenance problem
single_02789,SINGLE,Issue with chair,The chair is broken at Parking Area. The chair can still be used with difficulty. Please check.,INCIDENT,FURNITURE_FIXTURES,FURNITURE_FIXTURES,LOW,LOW,Parking Area,en,student,EASY,False,0,,Furniture or fixture maintenance problem
single_02790,SINGLE,el drain mehtag check,el drain is blocked fe Lecture Hall B. Water is draining very slowly.,INCIDENT,PLUMBING_WATER,PLUMBING_WATER,MEDIUM,MEDIUM,Lecture Hall B,arabizi,admin_staff,MEDIUM,False,0,,"Water supply, drainage or plumbing problem"
single_02791,SINGLE,el shelf mehtag check,feh moshkela fel shelf fe Administration Building - Room 18.,INCIDENT,OTHER,FURNITURE_FIXTURES,MEDIUM,MEDIUM,Administration Building - Room 18,arabizi,dorm_resident,MEDIUM,False,0,,Furniture or fixture maintenance problem
single_02792,SINGLE,مشكلة صيانة غير واضحة,لاحظت إن facility فيه مشكلة في Dormitory A - Floor 1. The exact cause is not clear. لو سمحت.,INCIDENT,OTHER,OTHER,MEDIUM,LOW,Dormitory A - Floor 1,ar_eg,student,MEDIUM,False,0,,Issue does not fit a specific category
single_02793,SINGLE,Monitor needs attention,I noticed that the monitor shows a blank screen in Engineering Building - Lab 4. The computer is running but nothing appears on the display.,INCIDENT,IT_HARDWARE_PRINTING,IT_HARDWARE_PRINTING,MEDIUM,MEDIUM,Engineering Building - Lab 4,en,lecturer,MEDIUM,False,0,,Physical computer or printing equipment issue
single_02794,SINGLE,Classroom needs attention,There is a problem with the classroom at Library - Second Floor. The area has been used throughout the day.,INCIDENT,CLEANING_WASTE,CLEANING_WASTE,LOW,LOW,Library - Second Floor,en,lecturer,EASY,False,0,,Cleaning or waste management problem
single_02795,SINGLE,3atel fe Wi-Fi,el Wi-Fi keeps disconnecting fe Computer Science Building - Lab 1. The connection drops after a few minutes.,INCIDENT,IT_NETWORK_ACCOUNTS,IT_NETWORK_ACCOUNTS,MEDIUM,MEDIUM,Computer Science Building - Lab 1,arabizi,security_staff,MEDIUM,False,0,,Network or account access problem
single_02796,SINGLE,Projector needs attention,Please check the projector at Administration Building - Room 12. It has no signal. Changing the input source did not help. Several people may be affected.,INCIDENT,AV_CLASSROOM_EQUIPMENT,AV_CLASSROOM_EQUIPMENT,HIGH,MEDIUM,Administration Building - Room 12,en,dorm_resident,MEDIUM,False,0,,Classroom audio visual equipment issue
single_02797,SINGLE,Elevator needs attention,I noticed that the elevator is not moving in Dormitory B - Floor 1. People are currently using the building stairs.,INCIDENT,SAFETY_HAZARD,ELEVATOR,MEDIUM,MEDIUM,Dormitory B - Floor 1,en,security_staff,HARD,False,0,,Elevator or lift malfunction
single_02798,SINGLE,3atel fe toilet,el toilet is overflowing fe Outdoor Courtyard. Water is spreading around the bathroom area. aktar men 7ad momken ykoon mota2asser.,INCIDENT,PLUMBING_WATER,PLUMBING_WATER,HIGH,MEDIUM,Outdoor Courtyard,arabizi,lab_assistant,HARD,False,0,,"Water supply, drainage or plumbing problem"
single_02799,SINGLE,Problem with floor,Please check the floor at Dormitory A - Floor 2. It is dirty. The floor needs routine cleaning.,INCIDENT,CLEANING_WASTE,CLEANING_WASTE,LOW,MEDIUM,Dormitory A - Floor 2,en,lecturer,EASY,False,0,,Cleaning or waste management problem
single_02800,SINGLE,Problem with network connection,Please check the network connection at Library - First Floor. It is very slow. The connection becomes slow during normal campus use.,INCIDENT,IT_NETWORK_ACCOUNTS,IT_NETWORK_ACCOUNTS,LOW,LOW,Library - First Floor,en,lecturer,EASY,False,0,,Network or account access problem
single_02801,SINGLE,Exposed wire needs attention,Please check the exposed wire at Library - Second Floor. It creates a safety concern. The exposed wire is accessible in the area. The issue needs prompt attention.,INCIDENT,SAFETY_HAZARD,SAFETY_HAZARD,MEDIUM,HIGH,Library - Second Floor,en,lab_assistant,HARD,False,0,,Reported physical safety hazard
single_02802,SINGLE,3atel fe drain,el moshkela fe drain zahret fe Dormitory B - Floor 3.,INCIDENT,PLUMBING_WATER,PLUMBING_WATER,MEDIUM,MEDIUM,Dormitory B - Floor 3,arabizi,security_staff,MEDIUM,False,0,,"Water supply, drainage or plumbing problem"
single_02803,SINGLE,Damaged safety sign needs attention,Please check the damaged safety sign at Lecture Hall C. It needs attention. The safety information is no longer clearly visible. There is a safety concern that should be checked promptly.,INCIDENT,SAFETY_HAZARD,SAFETY_HAZARD,HIGH,HIGH,Lecture Hall C,en,dorm_resident,MEDIUM,True,0,,Reported physical safety hazard
single_02804,SINGLE,Problem with elevator panel,I noticed that the elevator panel is showing an error in Computer Science Building - Room 203. The elevator controls are not working normally.,INCIDENT,ELEVATOR,ELEVATOR,MEDIUM,MEDIUM,Computer Science Building - Room 203,en,student,MEDIUM,False,0,,Elevator or lift malfunction
single_02805,SINGLE,room محتاج فحص,لاحظت إن room فيه مشكلة في Computer Science Building - Lab 3. The reporter could not identify the exact problem.,SERVICE_REQUEST,OTHER,OTHER,MEDIUM,MEDIUM,Computer Science Building - Lab 3,ar_eg,lecturer,EASY,False,0,,Issue does not fit a specific category
single_02806,SINGLE,The classroom has an issue,The problem is with classroom في Lecture Hall B. The area has been used throughout the day.,INCIDENT,CLEANING_WASTE,CLEANING_WASTE,LOW,LOW,Lecture Hall B,mixed,student,EASY,False,0,,Cleaning or waste management problem
single_02807,SINGLE,Issue with ceiling light,There is a problem with the ceiling light at Main Entrance. The room is less visible because the light is not working.,INCIDENT,OTHER,ELECTRICAL,MEDIUM,MEDIUM,Main Entrance,en,lab_assistant,MEDIUM,False,0,,Electrical power or lighting problem
single_02808,SINGLE,عطل في floor tile,floor tile محتاج متابعة في Main Lecture Hall. The damaged tile is located in a frequently used area. الموضوع محتاج متابعة بسرعة.,INCIDENT,BUILDING_STRUCTURE,BUILDING_STRUCTURE,MEDIUM,HIGH,Main Lecture Hall,ar_eg,admin_staff,HARD,False,0,,"Building surface, door, window or structural issue"
single_02809,SINGLE,el drain mehtag check,momken 7ad yshoof el drain fe Computer Science Building - Lab 3?,INCIDENT,PLUMBING_WATER,PLUMBING_WATER,MEDIUM,MEDIUM,Computer Science Building - Lab 3,arabizi,lecturer,MEDIUM,False,0,,"Water supply, drainage or plumbing problem"
single_02810,SINGLE,Problem with faucet,The problem is with faucet في Main Entrance. The leak continues even when the faucet is closed. please,INCIDENT,PLUMBING_WATER,PLUMBING_WATER,MEDIUM,MEDIUM,Main Entrance,mixed,student,EASY,False,0,,"Water supply, drainage or plumbing problem"
single_02811,SINGLE,Issue with power supply,There is a problem with the power supply at Lecture Hall B. The equipment loses power repeatedly. The issue needs prompt attention. Several people may be affected.,INCIDENT,ELECTRICAL,ELECTRICAL,HIGH,HIGH,Lecture Hall B,en,security_staff,MEDIUM,False,0,,Electrical power or lighting problem
single_02812,SINGLE,Electrical switch needs attention,Please check the electrical switch at Library - First Floor. It is not working. The switch does not control the connected light.,INCIDENT,BUILDING_STRUCTURE,ELECTRICAL,MEDIUM,MEDIUM,Library - First Floor,en,dorm_resident,EASY,False,0,,Electrical power or lighting problem
single_02813,SINGLE,desk محتاج تصليح,لاحظت إن desk فيه مشكلة في Parking Area. The desk moves when it is used.,INCIDENT,FURNITURE_FIXTURES,FURNITURE_FIXTURES,MEDIUM,MEDIUM,Parking Area,ar_eg,security_staff,MEDIUM,False,0,,Furniture or fixture maintenance problem
single_02814,SINGLE,Printer is not printing,There is a problem with the printer at Engineering Building - Lab 4. The printer worked normally earlier today.,INCIDENT,IT_HARDWARE_PRINTING,IT_HARDWARE_PRINTING,LOW,MEDIUM,Engineering Building - Lab 4,en,security_staff,MEDIUM,False,0,,Physical computer or printing equipment issue
single_02815,SINGLE,Elevator door issue,The elevator door is not opening at Library - Second Floor. The elevator cannot be used normally. Several people may be affected.,INCIDENT,ELEVATOR,ELEVATOR,HIGH,MEDIUM,Library - Second Floor,en,dorm_resident,HARD,False,0,,Elevator or lift malfunction
single_02816,SINGLE,Smart board issue,I noticed that the smart board is not responding in Engineering Building - Room 101. The board does not respond when the instructor interacts with it. Please check.,INCIDENT,IT_HARDWARE_PRINTING,AV_CLASSROOM_EQUIPMENT,MEDIUM,MEDIUM,Engineering Building - Room 101,en,lab_assistant,EASY,False,0,,Classroom audio visual equipment issue
single_02817,SINGLE,مشكلة في university email,لاحظت إن university email فيه مشكلة في Engineering Building - Lab 4. The account cannot open the university email service.,INCIDENT,IT_NETWORK_ACCOUNTS,IT_NETWORK_ACCOUNTS,MEDIUM,MEDIUM,Engineering Building - Lab 4,ar_eg,admin_staff,HARD,False,0,,Network or account access problem
single_02818,SINGLE,Issue with microphone,I noticed that the microphone has no sound in Administration Building - Room 18. The microphone is not producing any sound during the current class. The issue needs prompt attention. Several people may be affected.,INCIDENT,AV_CLASSROOM_EQUIPMENT,AV_CLASSROOM_EQUIPMENT,HIGH,HIGH,Administration Building - Room 18,en,lecturer,HARD,False,0,,Classroom audio visual equipment issue
single_02819,SINGLE,Issue with projector,Please check the projector at Computer Science Building - Room 203. It does not turn on. The instructor needs the equipment for the current class. The issue needs prompt attention. Several people may be affected.,INCIDENT,AV_CLASSROOM_EQUIPMENT,AV_CLASSROOM_EQUIPMENT,HIGH,HIGH,Computer Science Building - Room 203,en,admin_staff,MEDIUM,False,0,,Classroom audio visual equipment issue
single_02820,SINGLE,Problem with campus network,There is a problem with the campus network at Science Building - Chemistry Lab. Other devices in the same area seem to have the same problem. Several people may be affected.,INCIDENT,IT_NETWORK_ACCOUNTS,IT_NETWORK_ACCOUNTS,HIGH,MEDIUM,Science Building - Chemistry Lab,en,admin_staff,HARD,False,0,,Network or account access problem
single_02821,SINGLE,Issue with air conditioning system,The air conditioning system is blowing warm air at Main Entrance. The room is not cooling normally. The issue needs prompt attention.,INCIDENT,HVAC_AC,HVAC_AC,MEDIUM,HIGH,Main Entrance,en,student,HARD,False,0,,Air conditioning or ventilation issue
single_02822,SINGLE,Outdoor light is not working,Please check the outdoor light at Outdoor Courtyard. It is not working. The outdoor area is poorly lit after dark. Several people may be affected.,INCIDENT,GROUNDS_OUTDOOR,GROUNDS_OUTDOOR,HIGH,LOW,Outdoor Courtyard,en,dorm_resident,EASY,False,0,,Outdoor area or grounds maintenance issue
single_02823,SINGLE,Air conditioner needs attention,I noticed that the air conditioner is not cooling in Parking Area. The room becomes uncomfortable after some time.,INCIDENT,ELECTRICAL,HVAC_AC,MEDIUM,LOW,Parking Area,en,student,MEDIUM,False,0,,Air conditioning or ventilation issue
single_02824,SINGLE,Light needs attention,There is a problem with the light at Science Building - Physics Lab. The light turns off and on repeatedly.,INCIDENT,SAFETY_HAZARD,ELECTRICAL,MEDIUM,MEDIUM,Science Building - Physics Lab,en,dorm_resident,HARD,False,0,,Electrical power or lighting problem
single_02825,SINGLE,Problem with chair,The chair is broken at Computer Science Building - Lab 1. The chair can still be used with difficulty.,INCIDENT,FURNITURE_FIXTURES,FURNITURE_FIXTURES,LOW,LOW,Computer Science Building - Lab 1,en,lecturer,EASY,False,0,,Furniture or fixture maintenance problem
single_02826,SINGLE,Lecture screen is showing a blank screen,The lecture screen is showing a blank screen at Administration Building - Room 12. The issue affects the classroom display.,INCIDENT,AV_CLASSROOM_EQUIPMENT,AV_CLASSROOM_EQUIPMENT,MEDIUM,MEDIUM,Administration Building - Room 12,en,admin_staff,EASY,False,0,,Classroom audio visual equipment issue
single_02827,SINGLE,Login issue,The login keeps asking for login at Computer Science Building - Lab 3. The system repeatedly asks the user to sign in. Please check.,INCIDENT,IT_NETWORK_ACCOUNTS,IT_NETWORK_ACCOUNTS,MEDIUM,LOW,Computer Science Building - Lab 3,en,admin_staff,MEDIUM,False,0,,Network or account access problem
single_02828,SINGLE,Wall socket issue,There is a problem with the wall socket at Student Affairs Office. Other sockets in the room still have power.,INCIDENT,ELECTRICAL,ELECTRICAL,MEDIUM,MEDIUM,Student Affairs Office,en,lecturer,HARD,False,0,,Electrical power or lighting problem
single_02829,SINGLE,مشكلة في the outdoor light,محتاجين حد يشوف the outdoor light في Main Entrance. please check.,INCIDENT,BUILDING_STRUCTURE,GROUNDS_OUTDOOR,MEDIUM,MEDIUM,Main Entrance,mixed,admin_staff,MEDIUM,False,0,,Outdoor area or grounds maintenance issue
single_02830,SINGLE,Smoke needs attention,I noticed that the smoke creates a safety concern in Administration Building - Room 12. The source of the smoke is not clear. Several people may be affected.,INCIDENT,BUILDING_STRUCTURE,SAFETY_HAZARD,HIGH,LOW,Administration Building - Room 12,en,admin_staff,HARD,False,0,,Reported physical safety hazard
single_02831,SINGLE,The slippery floor has an issue,محتاجين حد يشوف the slippery floor في Dormitory B - Floor 1.,INCIDENT,SAFETY_HAZARD,SAFETY_HAZARD,MEDIUM,MEDIUM,Dormitory B - Floor 1,mixed,dorm_resident,MEDIUM,False,0,,Reported physical safety hazard
single_02832,SINGLE,Window needs attention,I noticed that the window does not close properly in Administration Building - Room 18. The room is still accessible but the window needs repair. Please check.,INCIDENT,BUILDING_STRUCTURE,BUILDING_STRUCTURE,MEDIUM,MEDIUM,Administration Building - Room 18,en,student,EASY,False,0,,"Building surface, door, window or structural issue"
single_02833,SINGLE,Outdoor light needs attention,I noticed that the outdoor light is not working in Main Entrance. The outdoor area is poorly lit after dark.,INCIDENT,GROUNDS_OUTDOOR,GROUNDS_OUTDOOR,MEDIUM,MEDIUM,Main Entrance,en,security_staff,MEDIUM,False,0,,Outdoor area or grounds maintenance issue
single_02834,SINGLE,Damaged safety sign issue,There is a problem with the damaged safety sign at Cafeteria. The safety information is no longer clearly visible. Please check.,INCIDENT,SAFETY_HAZARD,SAFETY_HAZARD,MEDIUM,LOW,Cafeteria,en,admin_staff,MEDIUM,False,0,,Reported physical safety hazard
single_02835,SINGLE,vent مش شغال,محتاجين حد يشوف vent في Computer Science Building - Lab 1. Airflow from the vent is not normal.,INCIDENT,HVAC_AC,HVAC_AC,LOW,LOW,Computer Science Building - Lab 1,ar_eg,admin_staff,EASY,False,0,,Air conditioning or ventilation issue
single_02836,SINGLE,Smoke issue,Please check the smoke at Lecture Hall C. It creates a safety concern. The source of the smoke is not clear. The issue needs prompt attention.,INCIDENT,SAFETY_HAZARD,SAFETY_HAZARD,MEDIUM,HIGH,Lecture Hall C,en,admin_staff,HARD,False,0,,Reported physical safety hazard
single_02837,SINGLE,Issue with outdoor light,The outdoor light is not working at Main Entrance The outdoor area is poorly lit after dark.,INCIDENT,OTHER,GROUNDS_OUTDOOR,MEDIUM,LOW,Main Entrance,en,lab_assistant,MEDIUM,False,0,,Outdoor area or grounds maintenance issue
single_02838,SINGLE,مشكلة في chair,محتاجين حد يشوف chair في Science Building - Physics Lab. The chair can still be used with difficulty. الموضوع محتاج متابعة بسرعة.,INCIDENT,FURNITURE_FIXTURES,FURNITURE_FIXTURES,LOW,HIGH,Science Building - Physics Lab,ar_eg,security_staff,EASY,False,0,,Furniture or fixture maintenance problem
single_02839,SINGLE,مشكلة في Wi-Fi,The Wi-Fi keeps disconnecting في Computer Science Building - Room 203. The connection drops after a few minutes. الموضوع محتاج prompt attention.,INCIDENT,IT_NETWORK_ACCOUNTS,IT_NETWORK_ACCOUNTS,MEDIUM,HIGH,Computer Science Building - Room 203,mixed,lecturer,MEDIUM,False,0,,Network or account access problem
single_02840,SINGLE,equipment area محتاج فحص,equipment area محتاج متابعة في Engineering Building - Lab 4. The problem could not be classified more specifically.,INCIDENT,OTHER,OTHER,MEDIUM,MEDIUM,Engineering Building - Lab 4,ar_eg,student,MEDIUM,False,0,,Issue does not fit a specific category
single_02841,SINGLE,Issue with monitor,Please check the monitor at Science Building - Physics Lab. It shows a blank screen. The computer is running but nothing appears on the display.,INCIDENT,IT_HARDWARE_PRINTING,IT_HARDWARE_PRINTING,MEDIUM,MEDIUM,Science Building - Physics Lab,en,dorm_resident,MEDIUM,False,0,,Physical computer or printing equipment issue
single_02842,SINGLE,mshkela fe AC unit,momken 7ad yshoof el AC unit fe Computer Science Building - Room 203? aktar men 7ad momken ykoon mota2asser.,INCIDENT,PLUMBING_WATER,HVAC_AC,HIGH,MEDIUM,Computer Science Building - Room 203,arabizi,dorm_resident,EASY,False,0,,Air conditioning or ventilation issue
single_02843,SINGLE,el monitor feh moshkela,momken 7ad yshoof el monitor fe Library - First Floor? plz check.,INCIDENT,IT_HARDWARE_PRINTING,IT_HARDWARE_PRINTING,MEDIUM,LOW,Library - First Floor,arabizi,dorm_resident,MEDIUM,False,0,,Physical computer or printing equipment issue
single_02844,SINGLE,Window does not close properly,I noticed that the window does not close properly in Dormitory A - Floor 1. The room is still accessible but the window needs repair.,INCIDENT,BUILDING_STRUCTURE,BUILDING_STRUCTURE,MEDIUM,MEDIUM,Dormitory A - Floor 1,en,dorm_resident,MEDIUM,False,0,,"Building surface, door, window or structural issue"
single_02845,SINGLE,ceiling فيه مشكلة,محتاجين حد يشوف ceiling في Administration Building - Room 18. The damage is limited to one area.,INCIDENT,BUILDING_STRUCTURE,BUILDING_STRUCTURE,MEDIUM,LOW,Administration Building - Room 18,ar_eg,admin_staff,MEDIUM,False,0,,"Building surface, door, window or structural issue"
single_02846,SINGLE,Electrical switch needs attention,I noticed that the electrical switch is not working in Computer Science Building - Lab 3. The switch does not control the connected light. Please check.,INCIDENT,ELECTRICAL,ELECTRICAL,MEDIUM,MEDIUM,Computer Science Building - Lab 3,en,student,MEDIUM,False,0,,Electrical power or lighting problem
single_02847,SINGLE,مشكلة في the cabinet,في مشكلة في cabinet at Administration Building - Room 18. The cabinet door remains partially open.,INCIDENT,FURNITURE_FIXTURES,FURNITURE_FIXTURES,LOW,MEDIUM,Administration Building - Room 18,mixed,lab_assistant,MEDIUM,False,0,,Furniture or fixture maintenance problem
single_02848,SINGLE,light مش شغال,light محتاج متابعة في Administration Building - Room 18. The light turns off and on repeatedly.,INCIDENT,ELECTRICAL,ELECTRICAL,MEDIUM,MEDIUM,Administration Building - Room 18,ar_eg,security_staff,MEDIUM,False,0,,Electrical power or lighting problem
single_02849,SINGLE,Issue with ceiling light,There is a problem with the ceiling light at Computer Science Building - Lab 1. The room is less visible because the light is not working.,INCIDENT,ELECTRICAL,ELECTRICAL,MEDIUM,MEDIUM,Computer Science Building - Lab 1,en,student,MEDIUM,False,0,,Electrical power or lighting problem
single_02850,SINGLE,Issue with laptop,I noticed that the laptop is very slow in Computer Science Building - Lab 1. Applications take a long time to respond.,INCIDENT,IT_HARDWARE_PRINTING,IT_HARDWARE_PRINTING,LOW,LOW,Computer Science Building - Lab 1,en,security_staff,MEDIUM,False,0,,Physical computer or printing equipment issue
single_02851,SINGLE,Problem with projector,في مشكلة في projector at Lecture Hall B. The instructor needs the equipment for the current class. الموضوع محتاج prompt attention. أكتر من شخص ممكن يكون affected.,INCIDENT,AV_CLASSROOM_EQUIPMENT,AV_CLASSROOM_EQUIPMENT,HIGH,HIGH,Lecture Hall B,mixed,dorm_resident,HARD,False,0,,Classroom audio visual equipment issue
single_02852,SINGLE,مشكلة في toilet,toilet محتاج متابعة في Engineering Building - Lab 2. Water is spreading around the bathroom area. أكتر من شخص ممكن يكون متأثر.,INCIDENT,BUILDING_STRUCTURE,PLUMBING_WATER,HIGH,MEDIUM,Engineering Building - Lab 2,ar_eg,dorm_resident,HARD,False,0,,"Water supply, drainage or plumbing problem"
single_02853,SINGLE,mshkela fe mouse,momken 7ad yshoof el mouse fe Science Building - Chemistry Lab?,INCIDENT,IT_NETWORK_ACCOUNTS,IT_HARDWARE_PRINTING,MEDIUM,LOW,Science Building - Chemistry Lab,arabizi,lecturer,MEDIUM,False,0,,Physical computer or printing equipment issue
single_02854,SINGLE,مشكلة في campus network,محتاجين حد يشوف the campus network في Computer Science Building - Lab 3. الموضوع محتاج prompt attention.,INCIDENT,IT_NETWORK_ACCOUNTS,IT_NETWORK_ACCOUNTS,MEDIUM,HIGH,Computer Science Building - Lab 3,mixed,student,HARD,False,0,,Network or account access problem
single_02855,SINGLE,Issue with AC unit,Please check the AC unit at Library - First Floor. It is leaking water. Water is appearing below the unit. The issue needs prompt attention.,INCIDENT,HVAC_AC,HVAC_AC,LOW,HIGH,Library - First Floor,en,security_staff,HARD,False,0,,Air conditioning or ventilation issue
single_02856,SINGLE,Facility needs attention,There is a problem with the facility at Dormitory B - Floor 1. The exact cause is not clear.,SERVICE_REQUEST,OTHER,OTHER,LOW,MEDIUM,Dormitory B - Floor 1,en,lab_assistant,MEDIUM,False,0,,Issue does not fit a specific category
single_02857,SINGLE,Desktop computer issue,I noticed that the desktop computer keeps restarting in Library - First Floor The computer restarts while it is being used. The issue needs prompt attention. Several people may be affected.,INCIDENT,IT_HARDWARE_PRINTING,IT_HARDWARE_PRINTING,HIGH,HIGH,Library - First Floor,en,lab_assistant,MEDIUM,False,0,,Physical computer or printing equipment issue
single_02858,SINGLE,Problem with VPN,I noticed that the VPN is not connecting in Science Building - Physics Lab. The VPN connection fails when access to the university network is required.,INCIDENT,IT_HARDWARE_PRINTING,IT_NETWORK_ACCOUNTS,MEDIUM,MEDIUM,Science Building - Physics Lab,en,dorm_resident,MEDIUM,False,0,,Network or account access problem
single_02859,SINGLE,مشكلة سلامة في broken railing,في مشكلة في broken railing في Dormitory A - Floor 1. The damaged railing is located on a frequently used path. أكتر من شخص ممكن يكون متأثر.,INCIDENT,SAFETY_HAZARD,SAFETY_HAZARD,HIGH,LOW,Dormitory A - Floor 1,ar_eg,lecturer,HARD,False,0,,Reported physical safety hazard
single_02860,SINGLE,Problem with wall,Please check the wall at Cafeteria. It is cracked. The crack has become more noticeable.,INCIDENT,SAFETY_HAZARD,BUILDING_STRUCTURE,MEDIUM,MEDIUM,Cafeteria,en,student,HARD,False,0,,"Building surface, door, window or structural issue"
single_02861,SINGLE,3atel fe AC unit,el moshkela fe AC unit zahret fe Computer Science Building - Room 203. el mawdoo3 mehtag check بسرعة. aktar men 7ad momken ykoon mota2asser.,INCIDENT,HVAC_AC,HVAC_AC,HIGH,HIGH,Computer Science Building - Room 203,arabizi,lecturer,MEDIUM,False,0,,Air conditioning or ventilation issue
single_02862,SINGLE,Outdoor bench issue,I noticed that the outdoor bench is damaged in Main Entrance. The bench needs maintenance before regular use.,INCIDENT,GROUNDS_OUTDOOR,GROUNDS_OUTDOOR,MEDIUM,MEDIUM,Main Entrance,en,lab_assistant,EASY,False,0,,Outdoor area or grounds maintenance issue
single_02863,SINGLE,mshkela fe door handle,el moshkela fe door handle zahret fe Administration Building - Room 18. plz check.,INCIDENT,FURNITURE_FIXTURES,FURNITURE_FIXTURES,LOW,LOW,Administration Building - Room 18,arabizi,admin_staff,MEDIUM,False,0,,Furniture or fixture maintenance problem
single_02864,SINGLE,Facility issue,The facility has an unusual issue at Lecture Hall C. The exact cause is not clear. Several people may be affected.,INCIDENT,OTHER,OTHER,HIGH,MEDIUM,Lecture Hall C,en,student,HARD,False,0,,Issue does not fit a specific category
single_02865,SINGLE,3atel fe campus network,el moshkela fe campus network zahret fe Science Building - Physics Lab. el mawdoo3 mehtag check بسرعة. aktar men 7ad momken ykoon mota2asser.,INCIDENT,IT_NETWORK_ACCOUNTS,IT_NETWORK_ACCOUNTS,HIGH,HIGH,Science Building - Physics Lab,arabizi,admin_staff,HARD,False,0,,Network or account access problem
single_02866,SINGLE,مشكلة في monitor,لاحظت إن monitor فيه مشكلة في Computer Science Building - Lab 1. The computer is running but nothing appears on the display.,INCIDENT,IT_HARDWARE_PRINTING,IT_HARDWARE_PRINTING,MEDIUM,MEDIUM,Computer Science Building - Lab 1,ar_eg,dorm_resident,MEDIUM,False,0,,Physical computer or printing equipment issue
single_02867,SINGLE,The elevator has an issue,محتاجين حد يشوف the elevator في Computer Science Building - Room 203. الموضوع محتاج prompt attention. أكتر من شخص ممكن يكون affected.,INCIDENT,ELEVATOR,ELEVATOR,HIGH,HIGH,Computer Science Building - Room 203,mixed,admin_staff,HARD,False,0,,Elevator or lift malfunction
single_02868,SINGLE,Elevator door is not opening,There is a problem with the elevator door at Computer Science Building - Lab 3. The elevator cannot be used normally. Several people may be affected.,INCIDENT,SAFETY_HAZARD,ELEVATOR,HIGH,MEDIUM,Computer Science Building - Lab 3,en,security_staff,HARD,False,0,,Elevator or lift malfunction
single_02869,SINGLE,3atel fe elevator door,el moshkela fe elevator door zahret fe Engineering Building - Room 101. el mawdoo3 mehtag check بسرعة. aktar men 7ad momken ykoon mota2asser.,INCIDENT,ELEVATOR,ELEVATOR,HIGH,HIGH,Engineering Building - Room 101,arabizi,admin_staff,MEDIUM,False,0,,Elevator or lift malfunction
single_02870,SINGLE,Problem with elevator,The elevator is not moving at Computer Science Building - Lab 1 People are currently using the building stairs. The issue needs prompt attention. Several people may be affected.,INCIDENT,ELEVATOR,ELEVATOR,HIGH,HIGH,Computer Science Building - Lab 1,en,admin_staff,HARD,False,0,,Elevator or lift malfunction
single_02871,SINGLE,مشكلة في the faucet,محتاجين حد يشوف the faucet في Library - Second Floor.,INCIDENT,PLUMBING_WATER,PLUMBING_WATER,MEDIUM,LOW,Library - Second Floor,mixed,dorm_resident,EASY,False,0,,"Water supply, drainage or plumbing problem"
single_02872,SINGLE,water supply فيه مشكلة,في مشكلة في water supply في Computer Science Building - Room 203. The bathroom cannot be used normally.,INCIDENT,PLUMBING_WATER,PLUMBING_WATER,MEDIUM,MEDIUM,Computer Science Building - Room 203,ar_eg,security_staff,HARD,False,0,,"Water supply, drainage or plumbing problem"
single_02873,SINGLE,mshkela fe water supply,feh moshkela fel water supply fe Science Building - Chemistry Lab. el mawdoo3 mehtag check بسرعة. plz,INCIDENT,PLUMBING_WATER,PLUMBING_WATER,MEDIUM,HIGH,Science Building - Chemistry Lab,arabizi,admin_staff,MEDIUM,False,0,,"Water supply, drainage or plumbing problem"
single_02874,SINGLE,campus network مش شغال,محتاجين حد يشوف campus network في Computer Science Building - Room 203. Other devices in the same area seem to have the same problem. الموضوع محتاج متابعة بسرعة. أكتر من شخص ممكن يكون متأثر.,INCIDENT,IT_NETWORK_ACCOUNTS,IT_NETWORK_ACCOUNTS,HIGH,HIGH,Computer Science Building - Room 203,ar_eg,security_staff,MEDIUM,False,0,,Network or account access problem
single_02875,SINGLE,مشكلة في campus network,لاحظت إن campus network فيه مشكلة في Science Building - Physics Lab. Other devices in the same area seem to have the same problem.,INCIDENT,IT_NETWORK_ACCOUNTS,IT_NETWORK_ACCOUNTS,MEDIUM,MEDIUM,Science Building - Physics Lab,ar_eg,admin_staff,HARD,False,0,,Network or account access problem
single_02876,SINGLE,Projector does not turn on,Please check the projector at Computer Science Building - Room 203. It does not turn on. The instructor needs the equipment for the current class. Several people may be affected.,INCIDENT,AV_CLASSROOM_EQUIPMENT,AV_CLASSROOM_EQUIPMENT,HIGH,MEDIUM,Computer Science Building - Room 203,en,admin_staff,HARD,False,0,,Classroom audio visual equipment issue
single_02877,SINGLE,Issue with campus network,Please check the campus network at Library - Second Floor. It is not connecting. Other devices in the same area seem to have the same problem.,INCIDENT,IT_NETWORK_ACCOUNTS,IT_NETWORK_ACCOUNTS,MEDIUM,MEDIUM,Library - Second Floor,en,dorm_resident,HARD,False,0,,Network or account access problem
single_02878,SINGLE,Water pipe issue,I noticed that the water pipe is leaking in Administration Building - Room 18. The leak becomes worse when the water is used.,INCIDENT,PLUMBING_WATER,PLUMBING_WATER,MEDIUM,MEDIUM,Administration Building - Room 18,en,lab_assistant,MEDIUM,False,0,,"Water supply, drainage or plumbing problem"
single_02879,SINGLE,Garden area needs attention,Please check the garden area at Main Entrance. It needs maintenance. The area needs routine grounds maintenance.,SERVICE_REQUEST,GROUNDS_OUTDOOR,GROUNDS_OUTDOOR,LOW,LOW,Main Entrance,en,admin_staff,HARD,False,0,,Outdoor area or grounds maintenance issue
single_02880,SINGLE,Classroom speakers have no sound,Please check the classroom speakers at Computer Science Building - Room 203. It have no sound. The problem affects audio during the class. The issue needs prompt attention.,INCIDENT,AV_CLASSROOM_EQUIPMENT,AV_CLASSROOM_EQUIPMENT,MEDIUM,HIGH,Computer Science Building - Room 203,en,admin_staff,HARD,False,0,,Classroom audio visual equipment issue
single_02881,SINGLE,3atel fe damaged safety sign,el damaged safety sign needs attention fe Student Affairs Office. The safety information is no longer clearly visible.,INCIDENT,OTHER,SAFETY_HAZARD,MEDIUM,MEDIUM,Student Affairs Office,arabizi,lab_assistant,MEDIUM,False,0,,Reported physical safety hazard
single_02882,SINGLE,Problem with damaged safety sign,Please check the damaged safety sign at Science Building - Chemistry Lab. It needs attention. The safety information is no longer clearly visible.,INCIDENT,SAFETY_HAZARD,SAFETY_HAZARD,MEDIUM,LOW,Science Building - Chemistry Lab,en,security_staff,EASY,False,0,,Reported physical safety hazard
single_02883,SINGLE,عطل في cabinet,لاحظت إن cabinet فيه مشكلة في Library - First Floor. The cabinet door remains partially open. لو سمحت.,INCIDENT,OTHER,FURNITURE_FIXTURES,LOW,LOW,Library - First Floor,ar_eg,student,MEDIUM,False,0,,Furniture or fixture maintenance problem
single_02884,SINGLE,مشكلة في الأسانسير,لاحظت إن lift فيه مشكلة في Dormitory A - Floor 2. The elevator requires immediate technical inspection. أكتر من شخص ممكن يكون متأثر.,INCIDENT,ELEVATOR,ELEVATOR,HIGH,MEDIUM,Dormitory A - Floor 2,ar_eg,dorm_resident,MEDIUM,False,0,,Elevator or lift malfunction
single_02885,SINGLE,water supply فيه مشكلة,محتاجين حد يشوف water supply في Cafeteria. The bathroom cannot be used normally. الموضوع محتاج متابعة بسرعة. أكتر من شخص ممكن يكون متأثر. المية بدأت تنتشر على جزء من الأرض.,INCIDENT,PLUMBING_WATER,PLUMBING_WATER,HIGH,HIGH,Cafeteria,ar_eg,lab_assistant,HARD,True,0,,"Water supply, drainage or plumbing problem"
single_02886,SINGLE,مشكلة في الأسانسير,لاحظت إن elevator panel فيه مشكلة في Sports Building. The elevator controls are not working normally. الموضوع محتاج متابعة بسرعة. أكتر من شخص ممكن يكون متأثر.,INCIDENT,SAFETY_HAZARD,ELEVATOR,HIGH,HIGH,Sports Building,ar_eg,lab_assistant,HARD,False,0,,Elevator or lift malfunction
single_02887,SINGLE,مشكلة في VPN,في مشكلة في VPN at Library - Second Floor. The VPN connection fails when access to the university network is required.,INCIDENT,IT_NETWORK_ACCOUNTS,IT_NETWORK_ACCOUNTS,MEDIUM,MEDIUM,Library - Second Floor,mixed,admin_staff,MEDIUM,False,0,,Network or account access problem
single_02888,SINGLE,Elevator issue,There is a problem with the elevator at Engineering Building - Lab 2 People are currently using the building stairs. Several people may be affected.,INCIDENT,ELEVATOR,ELEVATOR,HIGH,MEDIUM,Engineering Building - Lab 2,en,lecturer,MEDIUM,False,0,,Elevator or lift malfunction
single_02889,SINGLE,Shelf issue,There is a problem with the shelf at Computer Science Building - Room 203 The shelf is loose and needs maintenance.,INCIDENT,FURNITURE_FIXTURES,FURNITURE_FIXTURES,MEDIUM,LOW,Computer Science Building - Room 203,en,dorm_resident,HARD,False,0,,Furniture or fixture maintenance problem
single_02890,SINGLE,mshkela fe wall socket,el moshkela fe wall socket zahret fe Dormitory B - Floor 3. feh moshkela kahraba w mehtaget check بسرعة.,INCIDENT,OTHER,ELECTRICAL,HIGH,HIGH,Dormitory B - Floor 3,arabizi,dorm_resident,HARD,True,0,,Electrical power or lighting problem
single_02891,SINGLE,Problem with lecture screen,I noticed that the lecture screen is showing a blank screen in Administration Building - Room 18. The issue affects the classroom display. Several people may be affected.,INCIDENT,IT_HARDWARE_PRINTING,AV_CLASSROOM_EQUIPMENT,HIGH,MEDIUM,Administration Building - Room 18,en,lab_assistant,MEDIUM,False,0,,Classroom audio visual equipment issue
single_02892,SINGLE,Problem with floor,There is a problem with the floor at Cafeteria. The floor needs routine cleaning.,INCIDENT,CLEANING_WASTE,CLEANING_WASTE,MEDIUM,MEDIUM,Cafeteria,en,security_staff,EASY,False,0,,Cleaning or waste management problem
single_02893,SINGLE,عطل في water supply,لاحظت إن water supply فيه مشكلة في Computer Science Building - Room 203. The bathroom cannot be used normally.,INCIDENT,PLUMBING_WATER,PLUMBING_WATER,MEDIUM,MEDIUM,Computer Science Building - Room 203,ar_eg,lecturer,HARD,False,0,,"Water supply, drainage or plumbing problem"
single_02894,SINGLE,مشكلة في the wall,في مشكلة في wall at Science Building - Physics Lab. The crack has become more noticeable. الموضوع محتاج prompt attention. أكتر من شخص ممكن يكون affected. Part of the structure مش safe and needs inspection.,INCIDENT,BUILDING_STRUCTURE,BUILDING_STRUCTURE,HIGH,HIGH,Science Building - Physics Lab,mixed,lecturer,EASY,True,0,,"Building surface, door, window or structural issue"
single_02895,SINGLE,مشكلة في network connection,The network connection is very slow في Computer Science Building - Lab 3. The connection becomes slow during normal campus use.,INCIDENT,IT_NETWORK_ACCOUNTS,IT_NETWORK_ACCOUNTS,LOW,LOW,Computer Science Building - Lab 3,mixed,security_staff,EASY,False,0,,Network or account access problem
single_02896,SINGLE,University email cannot be accessed,I noticed that the university email cannot be accessed in Engineering Building - Lab 4. The account cannot open the university email service.,INCIDENT,IT_HARDWARE_PRINTING,IT_NETWORK_ACCOUNTS,MEDIUM,LOW,Engineering Building - Lab 4,en,dorm_resident,MEDIUM,False,0,,Network or account access problem
single_02897,SINGLE,Gate needs attention,Please check the gate at Parking Area. It is not working. The gate cannot be operated normally. The issue needs prompt attention. Several people may be affected.,INCIDENT,GROUNDS_OUTDOOR,GROUNDS_OUTDOOR,HIGH,HIGH,Parking Area,en,security_staff,EASY,False,0,,Outdoor area or grounds maintenance issue
single_02898,SINGLE,مشكلة في slippery floor,The slippery floor creates a safety concern في Dormitory B - Floor 3. People are still using the area. الموضوع محتاج prompt attention. أكتر من شخص ممكن يكون affected.,INCIDENT,ELECTRICAL,SAFETY_HAZARD,HIGH,HIGH,Dormitory B - Floor 3,mixed,security_staff,HARD,False,0,,Reported physical safety hazard
single_02899,SINGLE,Smoke creates a safety concern,The smoke creates a safety concern at Library - Second Floor. The source of the smoke is not clear. Several people may be affected.,INCIDENT,SAFETY_HAZARD,SAFETY_HAZARD,HIGH,MEDIUM,Library - Second Floor,en,admin_staff,HARD,False,0,,Reported physical safety hazard
single_02900,SINGLE,Issue with chair,There is a problem with the chair at Science Building - Physics Lab The chair can still be used with difficulty.,INCIDENT,FURNITURE_FIXTURES,FURNITURE_FIXTURES,LOW,MEDIUM,Science Building - Physics Lab,en,student,MEDIUM,False,0,,Furniture or fixture maintenance problem
single_02901,SINGLE,Issue with garden area,I noticed that the garden area needs maintenance in Outdoor Courtyard. The area needs routine grounds maintenance.,SERVICE_REQUEST,GROUNDS_OUTDOOR,GROUNDS_OUTDOOR,LOW,MEDIUM,Outdoor Courtyard,en,lecturer,EASY,False,0,,Outdoor area or grounds maintenance issue
single_02902,SINGLE,Door needs attention,Please check the door at Outdoor Courtyard. It is damaged. The damage was noticed today.,INCIDENT,BUILDING_STRUCTURE,BUILDING_STRUCTURE,MEDIUM,LOW,Outdoor Courtyard,en,security_staff,MEDIUM,False,0,,"Building surface, door, window or structural issue"
single_02903,SINGLE,مشكلة في ceiling,لاحظت إن ceiling فيه مشكلة في Administration Building - Room 12. The damage is limited to one area.,INCIDENT,BUILDING_STRUCTURE,BUILDING_STRUCTURE,LOW,MEDIUM,Administration Building - Room 12,ar_eg,lab_assistant,MEDIUM,False,0,,"Building surface, door, window or structural issue"
single_02904,SINGLE,خطر في slippery floor,slippery floor محتاج متابعة في Engineering Building - Lab 2. People are still using the area. الموضوع محتاج متابعة بسرعة. أكتر من شخص ممكن يكون متأثر.,INCIDENT,SAFETY_HAZARD,SAFETY_HAZARD,HIGH,HIGH,Engineering Building - Lab 2,ar_eg,lecturer,HARD,False,0,,Reported physical safety hazard
single_02905,SINGLE,مشكلة في the equipment area,The problem is with equipment area في Main Entrance. The problem could not be classified more specifically.,SERVICE_REQUEST,OTHER,OTHER,LOW,MEDIUM,Main Entrance,mixed,security_staff,HARD,False,0,,Issue does not fit a specific category
single_02906,SINGLE,Network connection needs attention,The network connection is very slow at Science Building - Chemistry Lab. The connection becomes slow during normal campus use.,INCIDENT,IT_NETWORK_ACCOUNTS,IT_NETWORK_ACCOUNTS,LOW,LOW,Science Building - Chemistry Lab,en,lab_assistant,EASY,False,0,,Network or account access problem
single_02907,SINGLE,corridor محتاج تنظيف,لاحظت إن corridor فيه مشكلة في Dormitory A - Floor 1. The corridor needs its regular cleaning service.,INCIDENT,PLUMBING_WATER,CLEANING_WASTE,LOW,LOW,Dormitory A - Floor 1,ar_eg,student,EASY,False,0,,Cleaning or waste management problem
single_02908,SINGLE,مشكلة سلامة في broken railing,broken railing محتاج متابعة في Main Lecture Hall. The damaged railing is located on a frequently used path. الموضوع محتاج متابعة بسرعة. أكتر من شخص ممكن يكون متأثر.,INCIDENT,ELECTRICAL,SAFETY_HAZARD,HIGH,HIGH,Main Lecture Hall,ar_eg,security_staff,MEDIUM,False,0,,Reported physical safety hazard
single_02909,SINGLE,The keyboard has an issue,The problem is with keyboard في Engineering Building - Lab 2. Several keys do not respond when pressed.,INCIDENT,IT_HARDWARE_PRINTING,IT_HARDWARE_PRINTING,LOW,LOW,Engineering Building - Lab 2,mixed,lecturer,EASY,False,0,,Physical computer or printing equipment issue
single_02910,SINGLE,Issue with broken railing,Please check the broken railing at Outdoor Courtyard. It is damaged. The damaged railing is located on a frequently used path.,INCIDENT,SAFETY_HAZARD,SAFETY_HAZARD,MEDIUM,MEDIUM,Outdoor Courtyard,en,lab_assistant,MEDIUM,False,0,,Reported physical safety hazard
single_02911,SINGLE,Problem with floor,The floor is dirty في Main Lecture Hall. The floor needs routine cleaning.,INCIDENT,CLEANING_WASTE,CLEANING_WASTE,LOW,LOW,Main Lecture Hall,mixed,lecturer,EASY,False,0,,Cleaning or waste management problem
single_02912,SINGLE,projector مش شغال,محتاجين حد يشوف projector في Main Lecture Hall. Changing the input source did not help. الموضوع محتاج متابعة بسرعة.,INCIDENT,IT_HARDWARE_PRINTING,AV_CLASSROOM_EQUIPMENT,MEDIUM,HIGH,Main Lecture Hall,ar_eg,security_staff,HARD,False,0,,Classroom audio visual equipment issue
single_02913,SINGLE,Outdoor bench issue,Please check the outdoor bench at Main Entrance. It is damaged. The bench needs maintenance before regular use.,INCIDENT,GROUNDS_OUTDOOR,GROUNDS_OUTDOOR,LOW,LOW,Main Entrance,en,admin_staff,EASY,False,0,,Outdoor area or grounds maintenance issue
single_02914,SINGLE,عطل في mouse,في مشكلة في mouse في Computer Science Building - Room 203. The pointer does not move normally.,INCIDENT,IT_HARDWARE_PRINTING,IT_HARDWARE_PRINTING,LOW,MEDIUM,Computer Science Building - Room 203,ar_eg,lab_assistant,EASY,False,0,,Physical computer or printing equipment issue
single_02915,SINGLE,الأسانسير مش شغال,لاحظت إن elevator panel فيه مشكلة في Sports Building. The elevator controls are not working normally. أكتر من شخص ممكن يكون متأثر.,INCIDENT,ELEVATOR,ELEVATOR,HIGH,MEDIUM,Sports Building,ar_eg,student,HARD,False,0,,Elevator or lift malfunction
single_02916,SINGLE,مشكلة في the ceiling panel,محتاجين حد يشوف the ceiling panel في Administration Building - Room 12. الموضوع محتاج prompt attention. أكتر من شخص ممكن يكون affected.,INCIDENT,BUILDING_STRUCTURE,BUILDING_STRUCTURE,HIGH,HIGH,Administration Building - Room 12,mixed,student,HARD,False,0,,"Building surface, door, window or structural issue"
single_02917,SINGLE,عطل في water supply,water supply محتاج متابعة في Library - First Floor. The bathroom cannot be used normally. الموضوع محتاج متابعة بسرعة. أكتر من شخص ممكن يكون متأثر.,INCIDENT,PLUMBING_WATER,PLUMBING_WATER,HIGH,HIGH,Library - First Floor,ar_eg,student,MEDIUM,False,0,,"Water supply, drainage or plumbing problem"
single_02918,SINGLE,مشكلة في gate,في مشكلة في gate في Main Entrance. The gate cannot be operated normally.,INCIDENT,GROUNDS_OUTDOOR,GROUNDS_OUTDOOR,MEDIUM,MEDIUM,Main Entrance,ar_eg,security_staff,MEDIUM,False,0,,Outdoor area or grounds maintenance issue
single_02919,SINGLE,Exposed wire issue,Please check the exposed wire at Science Building - Physics Lab. It creates a safety concern. The exposed wire is accessible in the area. Several people may be affected.,INCIDENT,SAFETY_HAZARD,SAFETY_HAZARD,HIGH,MEDIUM,Science Building - Physics Lab,en,admin_staff,HARD,False,0,,Reported physical safety hazard
single_02920,SINGLE,desktop computer مش شغال,desktop computer محتاج متابعة في Library - First Floor. The computer restarts while it is being used.,INCIDENT,IT_HARDWARE_PRINTING,IT_HARDWARE_PRINTING,MEDIUM,MEDIUM,Library - First Floor,ar_eg,student,HARD,False,0,,Physical computer or printing equipment issue
single_02921,SINGLE,The walkway has an issue,في مشكلة في walkway at Parking Area. Part of the walkway cannot be used normally.,INCIDENT,OTHER,GROUNDS_OUTDOOR,LOW,LOW,Parking Area,mixed,lab_assistant,HARD,False,0,,Outdoor area or grounds maintenance issue
single_02922,SINGLE,Vent is not working,The vent is not working at Main Lecture Hall. Airflow from the vent is not normal.,INCIDENT,HVAC_AC,HVAC_AC,LOW,MEDIUM,Main Lecture Hall,en,student,MEDIUM,False,0,,Air conditioning or ventilation issue
single_02923,SINGLE,Problem with university email,I noticed that the university email cannot be accessed in Computer Science Building - Lab 1. The account cannot open the university email service. Several people may be affected. Please check.,INCIDENT,IT_NETWORK_ACCOUNTS,IT_NETWORK_ACCOUNTS,HIGH,MEDIUM,Computer Science Building - Lab 1,en,dorm_resident,HARD,False,0,,Network or account access problem
single_02924,SINGLE,Problem with slippery floor,There is a problem with the slippery floor at Cafeteria. People are still using the area. The issue needs prompt attention.,INCIDENT,SAFETY_HAZARD,SAFETY_HAZARD,MEDIUM,HIGH,Cafeteria,en,lab_assistant,EASY,False,0,,Reported physical safety hazard
single_02925,SINGLE,The air conditioner has an issue,The problem is with air conditioner في Main Lecture Hall. The room becomes uncomfortable after some time. أكتر من شخص ممكن يكون affected.,INCIDENT,HVAC_AC,HVAC_AC,HIGH,MEDIUM,Main Lecture Hall,mixed,dorm_resident,MEDIUM,False,0,,Air conditioning or ventilation issue
single_02926,SINGLE,The chair has an issue,في مشكلة في chair at Main Lecture Hall. The chair can still be used with difficulty.,INCIDENT,FURNITURE_FIXTURES,FURNITURE_FIXTURES,LOW,LOW,Main Lecture Hall,mixed,admin_staff,MEDIUM,False,0,,Furniture or fixture maintenance problem
single_02927,SINGLE,مشكلة في microphone,لاحظت إن microphone فيه مشكلة في Administration Building - Room 18. The microphone is not producing any sound during the current class. الموضوع محتاج متابعة بسرعة. أكتر من شخص ممكن يكون متأثر.,INCIDENT,ELECTRICAL,AV_CLASSROOM_EQUIPMENT,HIGH,HIGH,Administration Building - Room 18,ar_eg,admin_staff,MEDIUM,False,0,,Classroom audio visual equipment issue
single_02928,SINGLE,Microphone issue,I noticed that the microphone has no sound in Lecture Hall C. The microphone is not producing any sound during the current class. The issue needs prompt attention. Several people may be affected.,INCIDENT,AV_CLASSROOM_EQUIPMENT,AV_CLASSROOM_EQUIPMENT,HIGH,HIGH,Lecture Hall C,en,admin_staff,HARD,False,0,,Classroom audio visual equipment issue
single_02929,SINGLE,Issue with login,I noticed that the login keeps asking for login in Library - Second Floor. The system repeatedly asks the user to sign in. The issue needs prompt attention.,INCIDENT,IT_NETWORK_ACCOUNTS,IT_NETWORK_ACCOUNTS,MEDIUM,HIGH,Library - Second Floor,en,lab_assistant,HARD,False,0,,Network or account access problem
single_02930,SINGLE,مشكلة في the service area,The problem is with service area في Parking Area. A technician may need to inspect the area.,SERVICE_REQUEST,OTHER,OTHER,LOW,MEDIUM,Parking Area,mixed,admin_staff,MEDIUM,False,0,,Issue does not fit a specific category
single_02931,SINGLE,عطل في drain,لاحظت إن drain فيه مشكلة في Student Affairs Office. Water is draining very slowly.,INCIDENT,PLUMBING_WATER,PLUMBING_WATER,MEDIUM,MEDIUM,Student Affairs Office,ar_eg,admin_staff,MEDIUM,False,0,,"Water supply, drainage or plumbing problem"
single_02932,SINGLE,Common area needs attention,There is a problem with the common area at Lecture Hall B. The odor was noticed recently in the area.,INCIDENT,CLEANING_WASTE,CLEANING_WASTE,MEDIUM,MEDIUM,Lecture Hall B,en,admin_staff,MEDIUM,False,0,,Cleaning or waste management problem
single_02933,SINGLE,toilet فيه مشكلة,محتاجين حد يشوف toilet في Engineering Building - Room 101. Water is spreading around the bathroom area. الموضوع محتاج متابعة بسرعة. أكتر من شخص ممكن يكون متأثر.,INCIDENT,PLUMBING_WATER,PLUMBING_WATER,HIGH,HIGH,Engineering Building - Room 101,ar_eg,student,MEDIUM,False,0,,"Water supply, drainage or plumbing problem"
single_02934,SINGLE,thermostat مش شغال,محتاجين حد يشوف thermostat في Engineering Building - Lab 2. The temperature cannot be adjusted normally. الموضوع محتاج متابعة بسرعة.,INCIDENT,PLUMBING_WATER,HVAC_AC,MEDIUM,HIGH,Engineering Building - Lab 2,ar_eg,lab_assistant,MEDIUM,False,0,,Air conditioning or ventilation issue
single_02935,SINGLE,مشكلة في window,لاحظت إن window فيه مشكلة في Parking Area. The room is still accessible but the window needs repair. ضروري شوية,INCIDENT,BUILDING_STRUCTURE,BUILDING_STRUCTURE,LOW,MEDIUM,Parking Area,ar_eg,student,MEDIUM,False,0,,"Building surface, door, window or structural issue"
single_02936,SINGLE,campus network فيه مشكلة,محتاجين حد يشوف campus network في Computer Science Building - Lab 3. Other devices in the same area seem to have the same problem.,INCIDENT,IT_NETWORK_ACCOUNTS,IT_NETWORK_ACCOUNTS,MEDIUM,LOW,Computer Science Building - Lab 3,ar_eg,security_staff,HARD,False,0,,Network or account access problem
single_02937,SINGLE,عطل في ceiling,محتاجين حد يشوف ceiling في Engineering Building - Lab 4. The damage is limited to one area.,INCIDENT,BUILDING_STRUCTURE,BUILDING_STRUCTURE,MEDIUM,LOW,Engineering Building - Lab 4,ar_eg,lab_assistant,MEDIUM,False,0,,"Building surface, door, window or structural issue"
single_02938,SINGLE,Issue with service area,I noticed that the service area needs maintenance in Sports Building. A technician may need to inspect the area.,SERVICE_REQUEST,OTHER,OTHER,MEDIUM,MEDIUM,Sports Building,en,lab_assistant,MEDIUM,False,0,,Issue does not fit a specific category
single_02939,SINGLE,ceiling محتاج تصليح,محتاجين حد يشوف ceiling في Administration Building - Room 12. The damage is limited to one area.,INCIDENT,BUILDING_STRUCTURE,BUILDING_STRUCTURE,MEDIUM,LOW,Administration Building - Room 12,ar_eg,lecturer,MEDIUM,False,0,,"Building surface, door, window or structural issue"
single_02940,SINGLE,Projector issue,The projector does not turn on at Lecture Hall B. The instructor needs the equipment for the current class. Several people may be affected.,INCIDENT,AV_CLASSROOM_EQUIPMENT,AV_CLASSROOM_EQUIPMENT,HIGH,MEDIUM,Lecture Hall B,en,lecturer,HARD,False,0,,Classroom audio visual equipment issue
single_02941,SINGLE,mshkela fe drain,feh moshkela fel drain fe Lecture Hall B.,INCIDENT,PLUMBING_WATER,PLUMBING_WATER,MEDIUM,MEDIUM,Lecture Hall B,arabizi,dorm_resident,HARD,False,0,,"Water supply, drainage or plumbing problem"
single_02942,SINGLE,Ac unit issue,There is a problem with the AC unit at Parking Area. The noise started during the current session.,INCIDENT,HVAC_AC,HVAC_AC,MEDIUM,LOW,Parking Area,en,security_staff,MEDIUM,False,0,,Air conditioning or ventilation issue
single_02943,SINGLE,مشكلة في the microphone,The problem is with microphone في Administration Building - Room 18. The microphone is not producing any sound during the current class.,INCIDENT,AV_CLASSROOM_EQUIPMENT,AV_CLASSROOM_EQUIPMENT,LOW,MEDIUM,Administration Building - Room 18,mixed,lab_assistant,MEDIUM,False,0,,Classroom audio visual equipment issue
single_02944,SINGLE,Issue with elevator door,I noticed that the elevator door is not opening in Dormitory B - Floor 1. The elevator cannot be used normally. Several people may be affected.,INCIDENT,ELEVATOR,ELEVATOR,HIGH,MEDIUM,Dormitory B - Floor 1,en,dorm_resident,HARD,False,0,,Elevator or lift malfunction
single_02945,SINGLE,مشكلة في room,room محتاج متابعة في Engineering Building - Lab 2. The reporter could not identify the exact problem. أكتر من شخص ممكن يكون متأثر.,SERVICE_REQUEST,OTHER,OTHER,HIGH,LOW,Engineering Building - Lab 2,ar_eg,student,HARD,False,0,,Issue does not fit a specific category
single_02946,SINGLE,Problem with mouse,Please check the mouse at Science Building - Physics Lab. It stopped responding. The pointer does not move normally. Please check.,INCIDENT,AV_CLASSROOM_EQUIPMENT,IT_HARDWARE_PRINTING,LOW,LOW,Science Building - Physics Lab,en,lab_assistant,EASY,False,0,,Physical computer or printing equipment issue
single_02947,SINGLE,Air conditioner needs attention,Please check the air conditioner at Dormitory A - Floor 2. It is not cooling. The room becomes uncomfortable after some time.,INCIDENT,HVAC_AC,HVAC_AC,LOW,MEDIUM,Dormitory A - Floor 2,en,student,MEDIUM,False,0,,Air conditioning or ventilation issue
single_02948,SINGLE,مشكلة في broken railing,محتاجين حد يشوف the broken railing في Administration Building - Room 12. الموضوع محتاج prompt attention. أكتر من شخص ممكن يكون affected.,INCIDENT,ELECTRICAL,SAFETY_HAZARD,HIGH,HIGH,Administration Building - Room 12,mixed,lecturer,HARD,False,0,,Reported physical safety hazard
single_02949,SINGLE,mshkela fe water supply,el water supply has no water fe Main Entrance. The bathroom cannot be used normally.,INCIDENT,PLUMBING_WATER,PLUMBING_WATER,MEDIUM,MEDIUM,Main Entrance,arabizi,lecturer,MEDIUM,False,0,,"Water supply, drainage or plumbing problem"
single_02950,SINGLE,Problem with gate,The gate is not working at Outdoor Courtyard. The gate cannot be operated normally. The issue needs prompt attention. Several people may be affected.,INCIDENT,GROUNDS_OUTDOOR,GROUNDS_OUTDOOR,HIGH,HIGH,Outdoor Courtyard,en,student,MEDIUM,False,0,,Outdoor area or grounds maintenance issue
single_02951,SINGLE,mshkela fe service area,el service area needs maintenance fe Parking Area. A technician may need to inspect the area.,SERVICE_REQUEST,OTHER,OTHER,MEDIUM,MEDIUM,Parking Area,arabizi,dorm_resident,MEDIUM,False,0,,Issue does not fit a specific category
single_02952,SINGLE,مشكلة في USB port,في مشكلة في USB port at Library - First Floor. Connected devices are not recognized by the computer. please check.,INCIDENT,IT_HARDWARE_PRINTING,IT_HARDWARE_PRINTING,LOW,MEDIUM,Library - First Floor,mixed,admin_staff,EASY,False,0,,Physical computer or printing equipment issue
single_02953,SINGLE,مشكلة في classroom,لاحظت إن classroom فيه مشكلة في Lecture Hall C. The area has been used throughout the day.,INCIDENT,CLEANING_WASTE,CLEANING_WASTE,LOW,LOW,Lecture Hall C,ar_eg,security_staff,EASY,False,0,,Cleaning or waste management problem
single_02954,SINGLE,Garden area issue,Please check the garden area at Outdoor Courtyard. It needs maintenance. The area needs routine grounds maintenance. The issue needs prompt attention.,SERVICE_REQUEST,GROUNDS_OUTDOOR,GROUNDS_OUTDOOR,LOW,HIGH,Outdoor Courtyard,en,security_staff,EASY,False,0,,Outdoor area or grounds maintenance issue
single_02955,SINGLE,مشكلة محتاجة تدخل في exposed wire,لاحظت إن exposed wire فيه مشكلة في Library - Second Floor. The exposed wire is accessible in the area. الموضوع محتاج متابعة بسرعة. أكتر من شخص ممكن يكون متأثر.,INCIDENT,SAFETY_HAZARD,SAFETY_HAZARD,HIGH,HIGH,Library - Second Floor,ar_eg,student,HARD,False,0,,Reported physical safety hazard
single_02956,SINGLE,Table needs attention,The table is unstable at Dormitory A - Floor 1. The table does not remain steady during use.,INCIDENT,FURNITURE_FIXTURES,FURNITURE_FIXTURES,LOW,MEDIUM,Dormitory A - Floor 1,en,lecturer,MEDIUM,False,0,,Furniture or fixture maintenance problem
single_02957,SINGLE,Walkway is blocked,There is a problem with the walkway at Outdoor Courtyard. Part of the walkway cannot be used normally.,INCIDENT,GROUNDS_OUTDOOR,GROUNDS_OUTDOOR,MEDIUM,LOW,Outdoor Courtyard,en,dorm_resident,MEDIUM,False,0,,Outdoor area or grounds maintenance issue
single_02958,SINGLE,Classroom speakers have no sound,Please check the classroom speakers at Lecture Hall C. It have no sound. The problem affects audio during the class. The issue needs prompt attention. Several people may be affected.,INCIDENT,ELECTRICAL,AV_CLASSROOM_EQUIPMENT,HIGH,HIGH,Lecture Hall C,en,admin_staff,MEDIUM,False,0,,Classroom audio visual equipment issue
single_02959,SINGLE,مشكلة في the parking area,The problem is with parking area في Outdoor Courtyard. The issue affects one outdoor location.,SERVICE_REQUEST,GROUNDS_OUTDOOR,GROUNDS_OUTDOOR,LOW,LOW,Outdoor Courtyard,mixed,lab_assistant,EASY,False,0,,Outdoor area or grounds maintenance issue
single_02960,SINGLE,Issue with door,There is a problem with the door at Cafeteria. The damage was noticed today. The issue needs prompt attention.,INCIDENT,BUILDING_STRUCTURE,BUILDING_STRUCTURE,LOW,HIGH,Cafeteria,en,lab_assistant,MEDIUM,False,0,,"Building surface, door, window or structural issue"
single_02961,SINGLE,Corridor has not been cleaned,I noticed that the corridor has not been cleaned in Dormitory A - Floor 1. The corridor needs its regular cleaning service.,INCIDENT,CLEANING_WASTE,CLEANING_WASTE,LOW,LOW,Dormitory A - Floor 1,en,security_staff,MEDIUM,False,0,,Cleaning or waste management problem
single_02962,SINGLE,مشكلة في the power outlet,The power outlet is not working في Main Entrance. The outlet is needed for equipment in the room.,INCIDENT,SAFETY_HAZARD,ELECTRICAL,MEDIUM,MEDIUM,Main Entrance,mixed,dorm_resident,MEDIUM,False,0,,Electrical power or lighting problem
single_02963,SINGLE,Issue with university email,I noticed that the university email cannot be accessed in Engineering Building - Lab 4. The account cannot open the university email service.,INCIDENT,OTHER,IT_NETWORK_ACCOUNTS,MEDIUM,MEDIUM,Engineering Building - Lab 4,en,admin_staff,MEDIUM,False,0,,Network or account access problem
single_02964,SINGLE,el garden area mehtag check,el garden area needs maintenance fe Outdoor Courtyard. The area needs routine grounds maintenance.,SERVICE_REQUEST,GROUNDS_OUTDOOR,GROUNDS_OUTDOOR,LOW,LOW,Outdoor Courtyard,arabizi,lecturer,EASY,False,0,,Outdoor area or grounds maintenance issue
single_02965,SINGLE,Room requires inspection,There is a problem with the room at Engineering Building - Lab 4. The reporter could not identify the exact problem.,SERVICE_REQUEST,OTHER,OTHER,MEDIUM,LOW,Engineering Building - Lab 4,en,lecturer,HARD,False,0,,Issue does not fit a specific category
single_02966,SINGLE,مشكلة في the bathroom,محتاجين حد يشوف the bathroom في Main Lecture Hall. الموضوع محتاج prompt attention. please check.,SERVICE_REQUEST,CLEANING_WASTE,CLEANING_WASTE,MEDIUM,HIGH,Main Lecture Hall,mixed,lecturer,MEDIUM,False,0,,Cleaning or waste management problem
single_02967,SINGLE,الأسانسير مش شغال,في مشكلة في elevator في Science Building - Chemistry Lab. People are currently using the building stairs. الموضوع محتاج متابعة بسرعة.,INCIDENT,ELEVATOR,ELEVATOR,MEDIUM,HIGH,Science Building - Chemistry Lab,ar_eg,lab_assistant,HARD,False,0,,Elevator or lift malfunction
single_02968,SINGLE,Faucet needs attention,There is a problem with the faucet at Science Building - Chemistry Lab. The leak continues even when the faucet is closed.,INCIDENT,PLUMBING_WATER,PLUMBING_WATER,LOW,LOW,Science Building - Chemistry Lab,en,dorm_resident,MEDIUM,False,0,,"Water supply, drainage or plumbing problem"
single_02969,SINGLE,مشكلة محتاجة تدخل في smoke,محتاجين حد يشوف smoke في Sports Building. The source of the smoke is not clear.,INCIDENT,SAFETY_HAZARD,SAFETY_HAZARD,MEDIUM,MEDIUM,Sports Building,ar_eg,student,HARD,False,0,,Reported physical safety hazard
single_02970,SINGLE,مشكلة في the keyboard,The problem is with keyboard في Computer Science Building - Lab 3. Several keys do not respond when pressed.,INCIDENT,IT_HARDWARE_PRINTING,IT_HARDWARE_PRINTING,MEDIUM,LOW,Computer Science Building - Lab 3,mixed,student,EASY,False,0,,Physical computer or printing equipment issue
single_02971,SINGLE,Water pipe is leaking,There is a problem with the water pipe at Lecture Hall C. The leak becomes worse when the water is used. Several people may be affected.,INCIDENT,BUILDING_STRUCTURE,PLUMBING_WATER,HIGH,MEDIUM,Lecture Hall C,en,dorm_resident,HARD,False,0,,"Water supply, drainage or plumbing problem"
single_02972,SINGLE,Walkway is blocked,I noticed that the walkway is blocked in Parking Area. Part of the walkway cannot be used normally.,INCIDENT,GROUNDS_OUTDOOR,GROUNDS_OUTDOOR,LOW,MEDIUM,Parking Area,en,admin_staff,MEDIUM,False,0,,Outdoor area or grounds maintenance issue
single_02973,SINGLE,bathroom مش نضيف,في مشكلة في bathroom في Dormitory A - Floor 1. Regular cleaning is needed before normal use. الموضوع محتاج متابعة بسرعة. أكتر من شخص ممكن يكون متأثر.,SERVICE_REQUEST,CLEANING_WASTE,CLEANING_WASTE,HIGH,HIGH,Dormitory A - Floor 1,ar_eg,security_staff,EASY,False,0,,Cleaning or waste management problem
single_02974,SINGLE,الأسانسير مش شغال,لاحظت إن elevator panel فيه مشكلة في Computer Science Building - Lab 3. The elevator controls are not working normally. الموضوع محتاج متابعة بسرعة. أكتر من شخص ممكن يكون متأثر.,INCIDENT,ELEVATOR,ELEVATOR,HIGH,HIGH,Computer Science Building - Lab 3,ar_eg,admin_staff,HARD,False,0,,Elevator or lift malfunction
single_02975,SINGLE,Problem with lift,محتاجين حد يشوف the lift في Computer Science Building - Room 203.,INCIDENT,ELEVATOR,ELEVATOR,MEDIUM,MEDIUM,Computer Science Building - Room 203,mixed,lecturer,HARD,False,0,,Elevator or lift malfunction
single_02976,SINGLE,Laptop issue,Please check the laptop at Computer Science Building - Lab 3. It is very slow. Applications take a long time to respond. The issue needs prompt attention.,INCIDENT,IT_HARDWARE_PRINTING,IT_HARDWARE_PRINTING,LOW,HIGH,Computer Science Building - Lab 3,en,dorm_resident,EASY,False,0,,Physical computer or printing equipment issue
single_02977,SINGLE,Issue with service area,Please check the service area at Sports Building. It needs maintenance. A technician may need to inspect the area. Please check.,SERVICE_REQUEST,OTHER,OTHER,LOW,MEDIUM,Sports Building,en,student,EASY,False,0,,Issue does not fit a specific category
single_02978,SINGLE,Thermostat issue,Please check the thermostat at Lecture Hall C. It is not responding. The temperature cannot be adjusted normally.,INCIDENT,HVAC_AC,HVAC_AC,LOW,MEDIUM,Lecture Hall C,en,student,MEDIUM,False,0,,Air conditioning or ventilation issue
single_02979,SINGLE,3atel fe ceiling panel,el moshkela fe ceiling panel zahret fe Lecture Hall B.,INCIDENT,BUILDING_STRUCTURE,BUILDING_STRUCTURE,MEDIUM,MEDIUM,Lecture Hall B,arabizi,lab_assistant,MEDIUM,False,0,,"Building surface, door, window or structural issue"
single_02980,SINGLE,campus network فيه مشكلة,لاحظت إن campus network فيه مشكلة في Computer Science Building - Room 203. Other devices in the same area seem to have the same problem. أكتر من شخص ممكن يكون متأثر. لو سمحت.,INCIDENT,IT_NETWORK_ACCOUNTS,IT_NETWORK_ACCOUNTS,HIGH,MEDIUM,Computer Science Building - Room 203,ar_eg,admin_staff,HARD,False,0,,Network or account access problem
single_02981,SINGLE,Problem with thermostat,Please check the thermostat at Computer Science Building - Lab 1. It is not responding. The temperature cannot be adjusted normally.,INCIDENT,HVAC_AC,HVAC_AC,MEDIUM,MEDIUM,Computer Science Building - Lab 1,en,security_staff,MEDIUM,False,0,,Air conditioning or ventilation issue
single_02982,SINGLE,Garden area needs attention,I noticed that the garden area needs maintenance in Outdoor Courtyard. The area needs routine grounds maintenance. Several people may be affected.,SERVICE_REQUEST,GROUNDS_OUTDOOR,GROUNDS_OUTDOOR,HIGH,MEDIUM,Outdoor Courtyard,en,dorm_resident,MEDIUM,False,0,,Outdoor area or grounds maintenance issue
single_02983,SINGLE,Issue with common area,I noticed that the common area has a strong odor in Lecture Hall C. The odor was noticed recently in the area.,INCIDENT,CLEANING_WASTE,CLEANING_WASTE,MEDIUM,MEDIUM,Lecture Hall C,en,dorm_resident,HARD,False,0,,Cleaning or waste management problem
single_02984,SINGLE,Chair needs attention,I noticed that the chair is broken in Library - First Floor. The chair can still be used with difficulty.,INCIDENT,FURNITURE_FIXTURES,FURNITURE_FIXTURES,MEDIUM,LOW,Library - First Floor,en,student,MEDIUM,False,0,,Furniture or fixture maintenance problem
single_02985,SINGLE,Power outlet needs attention,There is a problem with the power outlet at Dormitory A - Floor 1. The outlet is needed for equipment in the room. The issue needs prompt attention.,INCIDENT,ELECTRICAL,ELECTRICAL,LOW,HIGH,Dormitory A - Floor 1,en,student,MEDIUM,False,0,,Electrical power or lighting problem
single_02986,SINGLE,Wall needs attention,Please check the wall at Lecture Hall C. It is cracked. The crack has become more noticeable.,INCIDENT,BUILDING_STRUCTURE,BUILDING_STRUCTURE,MEDIUM,MEDIUM,Lecture Hall C,en,security_staff,HARD,False,0,,"Building surface, door, window or structural issue"
single_02987,SINGLE,Thermostat needs attention,Please check the thermostat at Dormitory B - Floor 1. It is not responding. The temperature cannot be adjusted normally. The issue needs prompt attention.,INCIDENT,HVAC_AC,HVAC_AC,MEDIUM,HIGH,Dormitory B - Floor 1,en,lab_assistant,EASY,False,0,,Air conditioning or ventilation issue
single_02988,SINGLE,monitor مش شغال,محتاجين حد يشوف monitor في Science Building - Physics Lab. The computer is running but nothing appears on the display.,INCIDENT,IT_HARDWARE_PRINTING,IT_HARDWARE_PRINTING,MEDIUM,MEDIUM,Science Building - Physics Lab,ar_eg,lab_assistant,EASY,False,0,,Physical computer or printing equipment issue
single_02989,SINGLE,مشكلة في outdoor bench,في مشكلة في outdoor bench في Main Entrance. The bench needs maintenance before regular use.,INCIDENT,GROUNDS_OUTDOOR,GROUNDS_OUTDOOR,MEDIUM,LOW,Main Entrance,ar_eg,security_staff,MEDIUM,False,0,,Outdoor area or grounds maintenance issue
single_02990,SINGLE,outdoor light فيه مشكلة,outdoor light محتاج متابعة في Main Entrance. The outdoor area is poorly lit after dark.,INCIDENT,GROUNDS_OUTDOOR,GROUNDS_OUTDOOR,MEDIUM,LOW,Main Entrance,ar_eg,lab_assistant,MEDIUM,False,0,,Outdoor area or grounds maintenance issue
single_02991,SINGLE,classroom speakers فيه مشكلة,في مشكلة في classroom speakers في Main Lecture Hall. The problem affects audio during the class.,INCIDENT,AV_CLASSROOM_EQUIPMENT,AV_CLASSROOM_EQUIPMENT,MEDIUM,MEDIUM,Main Lecture Hall,ar_eg,security_staff,HARD,False,0,,Classroom audio visual equipment issue
single_02992,SINGLE,Issue with elevator panel,The elevator panel is showing an error at Engineering Building - Lab 2. The elevator controls are not working normally. Several people may be affected.,INCIDENT,SAFETY_HAZARD,ELEVATOR,HIGH,MEDIUM,Engineering Building - Lab 2,en,security_staff,HARD,False,0,,Elevator or lift malfunction
single_02993,SINGLE,عطل في VPN,لاحظت إن VPN فيه مشكلة في Computer Science Building - Room 203. The VPN connection fails when access to the university network is required. ضروري شوية,INCIDENT,IT_NETWORK_ACCOUNTS,IT_NETWORK_ACCOUNTS,MEDIUM,MEDIUM,Computer Science Building - Room 203,ar_eg,dorm_resident,MEDIUM,False,0,,Network or account access problem
single_02994,SINGLE,Problem with display system,There is a problem with the display system at Engineering Building - Room 101. The classroom display disconnects during use.,INCIDENT,ELECTRICAL,AV_CLASSROOM_EQUIPMENT,LOW,MEDIUM,Engineering Building - Room 101,en,security_staff,MEDIUM,False,0,,Classroom audio visual equipment issue
single_02995,SINGLE,Problem with outdoor bench,I noticed that the outdoor bench is damaged in Parking Area. The bench needs maintenance before regular use. The issue needs prompt attention.,INCIDENT,GROUNDS_OUTDOOR,GROUNDS_OUTDOOR,MEDIUM,HIGH,Parking Area,en,lab_assistant,MEDIUM,False,0,,Outdoor area or grounds maintenance issue
single_02996,SINGLE,Ac unit is making a strange noise,There is a problem with the AC unit at Computer Science Building - Lab 1. The noise started during the current session. Please check.,INCIDENT,HVAC_AC,HVAC_AC,MEDIUM,MEDIUM,Computer Science Building - Lab 1,en,lab_assistant,MEDIUM,False,0,,Air conditioning or ventilation issue
single_02997,SINGLE,student account مش شغال,في مشكلة في student account في Computer Science Building - Lab 3. The password is correct but the login keeps failing.,INCIDENT,IT_NETWORK_ACCOUNTS,IT_NETWORK_ACCOUNTS,MEDIUM,LOW,Computer Science Building - Lab 3,ar_eg,security_staff,HARD,False,0,,Network or account access problem
single_02998,SINGLE,faucet بيسرب مية,لاحظت إن faucet فيه مشكلة في Library - First Floor. The leak continues even when the faucet is closed.,INCIDENT,PLUMBING_WATER,PLUMBING_WATER,LOW,LOW,Library - First Floor,ar_eg,lab_assistant,MEDIUM,False,0,,"Water supply, drainage or plumbing problem"
single_02999,SINGLE,Floor is dirty,There is a problem with the floor at Dormitory B - Floor 1. The floor needs routine cleaning.,INCIDENT,CLEANING_WASTE,CLEANING_WASTE,LOW,LOW,Dormitory B - Floor 1,en,security_staff,HARD,False,0,,Cleaning or waste management problem
single_03000,SINGLE,Problem with electrical switch,I noticed that the electrical switch is not working in Dormitory A - Floor 2. The switch does not control the connected light. Several people may be affected.,INCIDENT,ELECTRICAL,ELECTRICAL,HIGH,MEDIUM,Dormitory A - Floor 2,en,dorm_resident,HARD,False,0,,Electrical power or lighting problem
