cluster_id,role,title,description,category,impact,urgency,location,language,reporter_role,difficulty,minutes_after_original,overlap_level,is_duplicate
cluster_0001,ORIGINAL,مشكلة thermostat في المكان,thermostat keeps turning off في Computer Science Building - Lab 1.,HVAC_AC,MEDIUM,HIGH,Computer Science Building - Lab 1,ar_eg,admin_staff,MEDIUM,0,,0
cluster_0001,DUPLICATE,مشكلة thermostat في المكان,في مشكلة في thermostat في Computer Science Building - Lab 1. The room is currently occupied.,HVAC_AC,MEDIUM,HIGH,Computer Science Building - Lab 1,ar_eg,admin_staff,MEDIUM,670,HIGH,1
cluster_0001,DUPLICATE,thermostat مش شغال,في مشكلة محتاجة متابعة في thermostat في Computer Science Building - Lab 1.,HVAC_AC,MEDIUM,HIGH,Computer Science Building - Lab 1,ar_eg,admin_staff,MEDIUM,2762,MEDIUM,1
cluster_0001,DUPLICATE,مشكلة في thermostat محتاجة حل,لاحظت مشكلة مرتبطة بـ thermostat في Computer Science Building - Lab 1.,HVAC_AC,MEDIUM,HIGH,Computer Science Building - Lab 1,ar_eg,admin_staff,MEDIUM,1789,LOW,1
cluster_0001,RELATED,الحنفية بتنقط,المشكلة موجودة في Computer Science Building - Lab 1 وبتأثر على المكان.,PLUMBING_WATER,MEDIUM,HIGH,Computer Science Building - Lab 1,ar_eg,admin_staff,HARD,939,RELATED,0
cluster_0001,HARD_NEGATIVE,مشكلة في AC unit,مشكلة في AC unit محتاجة تتراجع في Engineering Building - Lab 2.,HVAC_AC,MEDIUM,HIGH,Engineering Building - Lab 2,ar_eg,admin_staff,HARD,271,LOW,0
cluster_0002,ORIGINAL,Problem with broken railing,The broken railing is damaged at Science Building - Physics Lab. The problem should be reviewed soon.,SAFETY_HAZARD,HIGH,MEDIUM,Science Building - Physics Lab,en,security_staff,HARD,0,,0
cluster_0002,DUPLICATE,Broken railing problem reported,There is still a problem with the broken railing in Science Building - Physics Lab. The problem should be reviewed soon.,SAFETY_HAZARD,HIGH,MEDIUM,Science Building - Physics Lab,en,security_staff,HARD,1380,HIGH,1
cluster_0002,DUPLICATE,Broken railing needs attention,The broken railing in Science Building - Physics Lab is having the same issue. The problem should be reviewed soon.,SAFETY_HAZARD,HIGH,MEDIUM,Science Building - Physics Lab,en,security_staff,HARD,1864,HIGH,1
cluster_0002,DUPLICATE,Broken railing problem reported,The same broken railing problem was noticed in Science Building - Physics Lab.,SAFETY_HAZARD,HIGH,MEDIUM,Science Building - Physics Lab,en,security_staff,HARD,2580,HIGH,1
cluster_0002,RELATED,Electrical switch is not working,Please check the wall socket at Science Building - Physics Lab. It has no power. The issue appeared this morning.,ELECTRICAL,HIGH,MEDIUM,Science Building - Physics Lab,en,security_staff,HARD,751,RELATED,0
cluster_0002,HARD_NEGATIVE,Broken railing issue,There is a reported issue with this broken railing.,SAFETY_HAZARD,HIGH,MEDIUM,Computer Science Building - Lab 1,en,security_staff,HARD,403,LOW,0
cluster_0003,ORIGINAL,مشكلة في vent,vent is leaking water في Outdoor Courtyard.,HVAC_AC,MEDIUM,LOW,Outdoor Courtyard,ar_eg,lab_assistant,MEDIUM,0,,0
cluster_0003,DUPLICATE,مشكلة vent في المكان,vent محتاج يتراجع في المكان ده.,HVAC_AC,MEDIUM,LOW,Outdoor Courtyard,ar_eg,lab_assistant,MEDIUM,422,LOW,1
cluster_0003,DUPLICATE,عطل في vent,لاحظت مشكلة مرتبطة بـ vent في Outdoor Courtyard.,HVAC_AC,MEDIUM,LOW,Outdoor Courtyard,ar_eg,lab_assistant,MEDIUM,1705,LOW,1
cluster_0003,RELATED,الحوض بيسرب مية,في مشكلة في water pipe في Outdoor Courtyard. The problem started today.,PLUMBING_WATER,MEDIUM,LOW,Outdoor Courtyard,ar_eg,lab_assistant,HARD,446,RELATED,0
cluster_0003,HARD_NEGATIVE,مشكلة في AC unit محتاجة حل,مشكلة في AC unit محتاجة تتراجع في Engineering Building - Room 101.,HVAC_AC,MEDIUM,LOW,Engineering Building - Room 101,ar_eg,lab_assistant,HARD,439,LOW,0
cluster_0004,ORIGINAL,The lift has an issue,محتاجين حد يشوف the lift في Administration Building - Room 18.,ELEVATOR,HIGH,HIGH,Administration Building - Room 18,mixed,security_staff,MEDIUM,0,,0
cluster_0004,DUPLICATE,في مشكلة في lift,في مشكلة في the lift في Administration Building - Room 18.,ELEVATOR,HIGH,HIGH,Administration Building - Room 18,mixed,security_staff,MEDIUM,1681,HIGH,1
cluster_0004,DUPLICATE,The lift مش شغال,في حاجة غلط في the lift at Administration Building - Room 18.,ELEVATOR,HIGH,HIGH,Administration Building - Room 18,mixed,security_staff,MEDIUM,1694,LOW,1
cluster_0004,RELATED,The AC مش بيبرد,The problem is في Administration Building - Room 18 and it is affecting the area. الموضوع مأثر على الاستخدام دلوقتي.,BUILDING_STRUCTURE,HIGH,HIGH,Administration Building - Room 18,mixed,security_staff,HARD,698,RELATED,0
cluster_0004,HARD_NEGATIVE,Problem with elevator,في مشكلة related to the elevator.,ELEVATOR,HIGH,HIGH,Main Entrance,mixed,security_staff,HARD,814,LOW,0
cluster_0005,ORIGINAL,moshkela fel ceiling panel,el ceiling panel does not close properly fe Administration Building - Room 18.,BUILDING_STRUCTURE,MEDIUM,MEDIUM,Administration Building - Room 18,arabizi,student,MEDIUM,0,,0
cluster_0005,DUPLICATE,el ceiling panel feh moshkela,el ceiling panel fe Administration Building - Room 18 feh moshkela.,BUILDING_STRUCTURE,MEDIUM,MEDIUM,Administration Building - Room 18,arabizi,student,MEDIUM,806,MEDIUM,1
cluster_0005,DUPLICATE,el ceiling panel mehtag check,feh issue fe ceiling panel fe Administration Building - Room 18.,BUILDING_STRUCTURE,MEDIUM,MEDIUM,Administration Building - Room 18,arabizi,student,MEDIUM,783,LOW,1
cluster_0005,RELATED,el sink bysarb maya,feh moshkela fel broken railing fe Administration Building - Room 18. The condition was not present previously.,SAFETY_HAZARD,MEDIUM,MEDIUM,Administration Building - Room 18,arabizi,student,HARD,435,RELATED,0
cluster_0005,HARD_NEGATIVE,el ceiling panel mehtag check,mshkela related lel ceiling panel fe Science Building - Chemistry Lab.,BUILDING_STRUCTURE,MEDIUM,MEDIUM,Science Building - Chemistry Lab,arabizi,student,HARD,187,LOW,0
cluster_0006,ORIGINAL,Issue في student account,في عطل في the student account في Library - First Floor.,IT_NETWORK_ACCOUNTS,HIGH,MEDIUM,Library - First Floor,mixed,admin_staff,HARD,0,,0
cluster_0006,DUPLICATE,مشكلة في the student account,The student account مش شغال في Library - First Floor.,IT_NETWORK_ACCOUNTS,HIGH,MEDIUM,Library - First Floor,mixed,admin_staff,HARD,2585,MEDIUM,1
cluster_0006,DUPLICATE,في مشكلة في student account,في مشكلة في the student account في Library - First Floor.,IT_NETWORK_ACCOUNTS,HIGH,MEDIUM,Library - First Floor,mixed,admin_staff,HARD,1355,HIGH,1
cluster_0006,DUPLICATE,Problem with student account,في عطل في the student account في Library - First Floor.,IT_NETWORK_ACCOUNTS,HIGH,MEDIUM,Library - First Floor,mixed,admin_staff,HARD,958,MEDIUM,1
cluster_0006,RELATED,The elevator وقف,The desktop computer does not detect the device في Library - First Floor. Only this device appears to be affected.,IT_HARDWARE_PRINTING,HIGH,MEDIUM,Library - First Floor,mixed,admin_staff,HARD,1158,RELATED,0
cluster_0006,HARD_NEGATIVE,Issue في university email,في مشكلة related to the university email.,IT_NETWORK_ACCOUNTS,HIGH,MEDIUM,Administration Building - Room 12,mixed,admin_staff,HARD,1252,LOW,0
cluster_0007,ORIGINAL,مشكلة في elevator panel,لاحظت إن elevator panel فيه مشكلة في Sports Building.,ELEVATOR,LOW,LOW,Sports Building,ar_eg,student,HARD,0,,0
cluster_0007,DUPLICATE,مشكلة في elevator panel,في عطل متعلق بـ elevator panel في المكان.,ELEVATOR,LOW,LOW,Sports Building,ar_eg,student,HARD,2855,LOW,1
cluster_0007,DUPLICATE,مشكلة في elevator panel,محتاجين حد يشوف elevator panel في Sports Building.,ELEVATOR,LOW,LOW,Sports Building,ar_eg,student,HARD,1189,MEDIUM,1
cluster_0007,RELATED,السور بتاع السلم مكسور,لاحظت مشكلة في broken railing في Sports Building. The hazard is limited to one location.,SAFETY_HAZARD,LOW,LOW,Sports Building,ar_eg,student,HARD,1074,RELATED,0
cluster_0007,HARD_NEGATIVE,مشكلة lift في المكان,مشكلة في lift محتاجة تتراجع في Lecture Hall C.,ELEVATOR,LOW,LOW,Lecture Hall C,ar_eg,student,HARD,425,LOW,0
cluster_0008,ORIGINAL,3atel fe microphone,feh 3atel fe microphone fe Engineering Building - Room 101.,AV_CLASSROOM_EQUIPMENT,HIGH,MEDIUM,Engineering Building - Room 101,arabizi,lab_assistant,HARD,0,,0
cluster_0008,DUPLICATE,mshkela fel microphone,momken 7ad yshoof el microphone fe Engineering Building - Room 101?,AV_CLASSROOM_EQUIPMENT,HIGH,MEDIUM,Engineering Building - Room 101,arabizi,lab_assistant,HARD,666,HIGH,1
cluster_0008,DUPLICATE,mshkela fel microphone,feh issue fe microphone fe Engineering Building - Room 101.,AV_CLASSROOM_EQUIPMENT,HIGH,MEDIUM,Engineering Building - Room 101,arabizi,lab_assistant,HARD,1457,LOW,1
cluster_0008,DUPLICATE,mshkela fe el microphone,feh 7aga 8alat fel microphone fe Engineering Building - Room 101.,AV_CLASSROOM_EQUIPMENT,HIGH,MEDIUM,Engineering Building - Room 101,arabizi,lab_assistant,HARD,1253,LOW,1
cluster_0008,RELATED,el elevator wa2ef,momken 7ad yshoof el light fe Engineering Building - Room 101?,ELECTRICAL,HIGH,MEDIUM,Engineering Building - Room 101,arabizi,lab_assistant,HARD,604,RELATED,0
cluster_0008,HARD_NEGATIVE,el lecture screen feh moshkela,el lecture screen mehtag check fe el makan.,AV_CLASSROOM_EQUIPMENT,HIGH,MEDIUM,Outdoor Courtyard,arabizi,lab_assistant,HARD,908,LOW,0
cluster_0009,ORIGINAL,Floor tile issue,The floor tile in Main Entrance is having an issue. The damage was noticed today.,BUILDING_STRUCTURE,HIGH,MEDIUM,Main Entrance,en,lab_assistant,HARD,0,,0
cluster_0009,DUPLICATE,Floor tile problem reported,Problem reported with the floor tile in Main Entrance.,BUILDING_STRUCTURE,HIGH,MEDIUM,Main Entrance,en,lab_assistant,HARD,1363,MEDIUM,1
cluster_0009,DUPLICATE,Floor tile is is loose,Something seems wrong with the floor tile in Main Entrance.,BUILDING_STRUCTURE,HIGH,MEDIUM,Main Entrance,en,lab_assistant,HARD,1052,LOW,1
cluster_0009,DUPLICATE,Problem with floor tile,The floor tile at Main Entrance is causing trouble.,BUILDING_STRUCTURE,HIGH,MEDIUM,Main Entrance,en,lab_assistant,HARD,1077,LOW,1
cluster_0009,RELATED,Broken railing on stairs,There is an issue with the slippery floor in Main Entrance. The area is still being accessed.,SAFETY_HAZARD,HIGH,MEDIUM,Main Entrance,en,lab_assistant,HARD,1132,RELATED,0
cluster_0009,HARD_NEGATIVE,Problem reported with door,The door at Student Affairs Office is causing trouble.,BUILDING_STRUCTURE,HIGH,MEDIUM,Student Affairs Office,en,lab_assistant,HARD,1289,LOW,0
cluster_0010,ORIGINAL,Bathroom has not been cleaned,There is a problem with the bathroom at Dormitory B - Floor 1. The problem was noticed recently.,CLEANING_WASTE,HIGH,MEDIUM,Dormitory B - Floor 1,en,dorm_resident,MEDIUM,0,,0
cluster_0010,DUPLICATE,Bathroom issue,The same bathroom problem was noticed in Dormitory B - Floor 1.,CLEANING_WASTE,HIGH,MEDIUM,Dormitory B - Floor 1,en,dorm_resident,MEDIUM,1433,HIGH,1
cluster_0010,DUPLICATE,Bathroom issue,There is still a problem with the bathroom in Dormitory B - Floor 1. The problem was noticed recently.,CLEANING_WASTE,HIGH,MEDIUM,Dormitory B - Floor 1,en,dorm_resident,MEDIUM,2767,HIGH,1
cluster_0010,RELATED,Service area needs maintenance,I noticed that the service area has an unusual issue. It is in Dormitory B - Floor 1. The problem could not be classified more specifically.,OTHER,HIGH,MEDIUM,Dormitory B - Floor 1,en,dorm_resident,HARD,531,RELATED,0
cluster_0010,HARD_NEGATIVE,Corridor is has overflowing waste,The corridor in this area needs to be checked.,CLEANING_WASTE,HIGH,MEDIUM,Engineering Building - Lab 4,en,dorm_resident,HARD,287,LOW,0
cluster_0011,ORIGINAL,Problem with AC unit,محتاجين حد يشوف the AC unit في Parking Area.,HVAC_AC,MEDIUM,MEDIUM,Parking Area,mixed,admin_staff,HARD,0,,0
cluster_0011,DUPLICATE,Issue في AC unit,The AC unit مش شغال normally في Parking Area.,HVAC_AC,MEDIUM,MEDIUM,Parking Area,mixed,admin_staff,HARD,1862,HIGH,1
cluster_0011,DUPLICATE,The AC unit مش شغال,نفس المشكلة موجودة في the AC unit at Parking Area.,HVAC_AC,MEDIUM,MEDIUM,Parking Area,mixed,admin_staff,HARD,571,HIGH,1
cluster_0011,RELATED,There is a مشكلة في الباب,The problem is في Parking Area and it is affecting the area.,ELECTRICAL,MEDIUM,MEDIUM,Parking Area,mixed,admin_staff,HARD,1291,RELATED,0
cluster_0011,HARD_NEGATIVE,مشكلة في the air conditioning system,في حاجة غلط في the air conditioning system at Computer Science Building - Lab 3.,HVAC_AC,MEDIUM,MEDIUM,Computer Science Building - Lab 3,mixed,admin_staff,HARD,49,LOW,0
cluster_0012,ORIGINAL,Elevator stopped between floors,The elevator in Computer Science Building - Room 203 is having an issue. People are currently using the building stairs.,ELEVATOR,HIGH,HIGH,Computer Science Building - Room 203,en,lab_assistant,HARD,0,,0
cluster_0012,DUPLICATE,Elevator issue,The same elevator problem was noticed in Computer Science Building - Room 203.,ELEVATOR,HIGH,HIGH,Computer Science Building - Room 203,en,lab_assistant,HARD,1922,HIGH,1
cluster_0012,DUPLICATE,Elevator issue,The elevator needs attention in Computer Science Building - Room 203.,ELEVATOR,HIGH,HIGH,Computer Science Building - Room 203,en,lab_assistant,HARD,1788,MEDIUM,1
cluster_0012,DUPLICATE,Elevator is stopped between floors,There is an issue with the elevator at Computer Science Building - Room 203.,ELEVATOR,HIGH,HIGH,Computer Science Building - Room 203,en,lab_assistant,HARD,2816,MEDIUM,1
cluster_0012,RELATED,Electrical switch is not working,There is an issue with the power outlet in Computer Science Building - Room 203. The light turns off after a few minutes. Several people are affected.,ELECTRICAL,HIGH,HIGH,Computer Science Building - Room 203,en,lab_assistant,HARD,910,RELATED,0
cluster_0012,HARD_NEGATIVE,Problem with lift,The lift in this area needs to be checked.,ELEVATOR,HIGH,HIGH,Engineering Building - Lab 2,en,lab_assistant,HARD,1235,LOW,0
cluster_0013,ORIGINAL,Problem with ceiling,There is a problem with the ceiling at Dormitory A - Floor 2. The problem has gradually become more noticeable.,BUILDING_STRUCTURE,MEDIUM,MEDIUM,Dormitory A - Floor 2,en,lab_assistant,HARD,0,,0
cluster_0013,DUPLICATE,Issue affecting the ceiling,Problem reported with the ceiling in Dormitory A - Floor 2.,BUILDING_STRUCTURE,MEDIUM,MEDIUM,Dormitory A - Floor 2,en,lab_assistant,HARD,150,MEDIUM,1
cluster_0013,DUPLICATE,Ceiling is needs repair,Problem reported with the ceiling in Dormitory A - Floor 2.,BUILDING_STRUCTURE,MEDIUM,MEDIUM,Dormitory A - Floor 2,en,lab_assistant,HARD,988,MEDIUM,1
cluster_0013,RELATED,Broken chair in classroom,There is an issue with the chair in Dormitory A - Floor 2. The issue affects one item.,FURNITURE_FIXTURES,MEDIUM,MEDIUM,Dormitory A - Floor 2,en,lab_assistant,HARD,793,RELATED,0
cluster_0013,HARD_NEGATIVE,Window needs attention,I noticed a problem involving the window at Dormitory B - Floor 3.,BUILDING_STRUCTURE,MEDIUM,MEDIUM,Dormitory B - Floor 3,en,lab_assistant,HARD,147,LOW,0
cluster_0014,ORIGINAL,عطل في electrical switch,لاحظت إن electrical switch فيه مشكلة في Engineering Building - Lab 4.,ELECTRICAL,LOW,HIGH,Engineering Building - Lab 4,ar_eg,security_staff,MEDIUM,0,,0
cluster_0014,DUPLICATE,عطل في electrical switch,محتاجين حد يشوف electrical switch في Engineering Building - Lab 4.,ELECTRICAL,LOW,HIGH,Engineering Building - Lab 4,ar_eg,security_staff,MEDIUM,360,MEDIUM,1
cluster_0014,DUPLICATE,electrical switch فيه مشكلة,في مشكلة في electrical switch في Engineering Building - Lab 4. The outlet is needed for equipment in the room.,ELECTRICAL,LOW,HIGH,Engineering Building - Lab 4,ar_eg,security_staff,MEDIUM,2433,HIGH,1
cluster_0014,RELATED,في مشكلة محتاجة فحص,room requires inspection في Engineering Building - Lab 4. الموضوع محتاج متابعة. الموضوع مأثر على الاستخدام دلوقتي.,OTHER,LOW,HIGH,Engineering Building - Lab 4,ar_eg,security_staff,HARD,790,RELATED,0
cluster_0014,HARD_NEGATIVE,عطل في ceiling light,ceiling light محتاج يتراجع في المكان ده.,ELECTRICAL,LOW,HIGH,Main Entrance,ar_eg,security_staff,HARD,190,LOW,0
cluster_0015,ORIGINAL,el ceiling light feh moshkela,el ceiling light stopped working fe Library - Second Floor.,ELECTRICAL,MEDIUM,LOW,Library - Second Floor,arabizi,dorm_resident,HARD,0,,0
cluster_0015,DUPLICATE,el ceiling light mehtag check,mshkela related lel ceiling light fe Library - Second Floor.,ELECTRICAL,MEDIUM,LOW,Library - Second Floor,arabizi,dorm_resident,HARD,1269,LOW,1
cluster_0015,DUPLICATE,el ceiling light feh moshkela,el ceiling light fe Library - Second Floor feh moshkela.,ELECTRICAL,MEDIUM,LOW,Library - Second Floor,arabizi,dorm_resident,HARD,2444,MEDIUM,1
cluster_0015,RELATED,feh moshkela fel room,el moshkela zahret elnharda fe Library - Second Floor.,SAFETY_HAZARD,MEDIUM,LOW,Library - Second Floor,arabizi,dorm_resident,HARD,737,RELATED,0
cluster_0015,HARD_NEGATIVE,problem fe wall socket,mshkela related lel wall socket fe Administration Building - Room 18.,ELECTRICAL,MEDIUM,LOW,Administration Building - Room 18,arabizi,dorm_resident,HARD,719,LOW,0
cluster_0016,ORIGINAL,Problem with microphone,I noticed that the microphone has no sound in Administration Building - Room 12. The issue started before the lecture.,AV_CLASSROOM_EQUIPMENT,MEDIUM,HIGH,Administration Building - Room 12,en,admin_staff,MEDIUM,0,,0
cluster_0016,DUPLICATE,Microphone issue,There is still a problem with the microphone in Administration Building - Room 12. The issue started before the lecture.,AV_CLASSROOM_EQUIPMENT,MEDIUM,HIGH,Administration Building - Room 12,en,admin_staff,MEDIUM,1267,HIGH,1
cluster_0016,DUPLICATE,Issue affecting the microphone,The same microphone problem was noticed in Administration Building - Room 12.,AV_CLASSROOM_EQUIPMENT,MEDIUM,HIGH,Administration Building - Room 12,en,admin_staff,MEDIUM,842,HIGH,1
cluster_0016,RELATED,Printer shows an error,"The monitor is not working in Administration Building - Room 12, and it is affecting the area. This is needed for the current session.",IT_HARDWARE_PRINTING,MEDIUM,HIGH,Administration Building - Room 12,en,admin_staff,HARD,1028,RELATED,0
cluster_0016,HARD_NEGATIVE,Projector problem reported,The projector at Main Entrance is causing trouble.,AV_CLASSROOM_EQUIPMENT,MEDIUM,HIGH,Main Entrance,en,admin_staff,HARD,527,LOW,0
cluster_0017,ORIGINAL,Problem with mouse,The mouse stopped responding at Science Building - Chemistry Lab. The error appears when trying to use the device.,IT_HARDWARE_PRINTING,HIGH,LOW,Science Building - Chemistry Lab,en,lecturer,HARD,0,,0
cluster_0017,DUPLICATE,Issue affecting the mouse,I noticed a problem involving the mouse at Science Building - Chemistry Lab.,IT_HARDWARE_PRINTING,HIGH,LOW,Science Building - Chemistry Lab,en,lecturer,HARD,2807,LOW,1
cluster_0017,DUPLICATE,Mouse is stopped responding,There is still a problem with the mouse in Science Building - Chemistry Lab. The error appears when trying to use the device.,IT_HARDWARE_PRINTING,HIGH,LOW,Science Building - Chemistry Lab,en,lecturer,HARD,1592,HIGH,1
cluster_0017,RELATED,Projector will not turn on,Please check the smart board at Science Building - Chemistry Lab. It is not responding. The problem affects the whole classroom.,AV_CLASSROOM_EQUIPMENT,HIGH,LOW,Science Building - Chemistry Lab,en,lecturer,HARD,990,RELATED,0
cluster_0017,HARD_NEGATIVE,Problem reported with mouse,Something seems wrong with the mouse in Parking Area.,IT_HARDWARE_PRINTING,HIGH,LOW,Parking Area,en,lecturer,HARD,801,LOW,0
cluster_0018,ORIGINAL,el lift feh moshkela,feh moshkela fel lift fe Science Building - Chemistry Lab.,ELEVATOR,HIGH,MEDIUM,Science Building - Chemistry Lab,arabizi,lecturer,MEDIUM,0,,0
cluster_0018,DUPLICATE,el lift mehtag check,momken 7ad yshoof el lift fe Science Building - Chemistry Lab?,ELEVATOR,HIGH,MEDIUM,Science Building - Chemistry Lab,arabizi,lecturer,MEDIUM,2734,HIGH,1
cluster_0018,DUPLICATE,mshkela fel lift,el lift mehtag motaba3a.,ELEVATOR,HIGH,MEDIUM,Science Building - Chemistry Lab,arabizi,lecturer,MEDIUM,2326,LOW,1
cluster_0018,DUPLICATE,el lift feh moshkela,el moshkela fe lift zahret tany fe Science Building - Chemistry Lab.,ELEVATOR,HIGH,MEDIUM,Science Building - Chemistry Lab,arabizi,lecturer,MEDIUM,1164,HIGH,1
cluster_0018,RELATED,el printer msh byetba3,momken 7ad yshoof el floor tile fe Science Building - Chemistry Lab?,BUILDING_STRUCTURE,HIGH,MEDIUM,Science Building - Chemistry Lab,arabizi,lecturer,HARD,736,RELATED,0
cluster_0018,HARD_NEGATIVE,mshkela fe el elevator,mshkela related lel elevator fe Administration Building - Room 12.,ELEVATOR,HIGH,MEDIUM,Administration Building - Room 12,arabizi,lecturer,HARD,1125,LOW,0
cluster_0019,ORIGINAL,The water pipe has an issue,The problem is with water pipe في Parking Area.,PLUMBING_WATER,HIGH,HIGH,Parking Area,mixed,lecturer,MEDIUM,0,,0
cluster_0019,DUPLICATE,Problem with water pipe,The water pipe مش شغال normally في Parking Area.,PLUMBING_WATER,HIGH,HIGH,Parking Area,mixed,lecturer,MEDIUM,2321,HIGH,1
cluster_0019,DUPLICATE,مشكلة with water pipe,Something is wrong with the water pipe في Parking Area.,PLUMBING_WATER,HIGH,HIGH,Parking Area,mixed,lecturer,MEDIUM,2759,LOW,1
cluster_0019,RELATED,The AC مش بيبرد,The problem is في Parking Area and it is affecting the area.,BUILDING_STRUCTURE,HIGH,HIGH,Parking Area,mixed,lecturer,HARD,1236,RELATED,0
cluster_0019,HARD_NEGATIVE,مشكلة في the water pipe,Something is wrong with the water pipe في Engineering Building - Lab 2.,PLUMBING_WATER,HIGH,HIGH,Engineering Building - Lab 2,mixed,lecturer,HARD,877,LOW,0
cluster_0020,ORIGINAL,Elevator is not moving,I noticed that the elevator is not moving in Science Building - Chemistry Lab. People are currently using the building stairs.,ELEVATOR,HIGH,MEDIUM,Science Building - Chemistry Lab,en,admin_staff,HARD,0,,0
cluster_0020,DUPLICATE,Elevator needs attention,There is still a problem with the elevator in Science Building - Chemistry Lab. People are currently using the building stairs.,ELEVATOR,HIGH,MEDIUM,Science Building - Chemistry Lab,en,admin_staff,HARD,964,HIGH,1
cluster_0020,DUPLICATE,Problem reported with elevator,I noticed a problem involving the elevator at Science Building - Chemistry Lab.,ELEVATOR,HIGH,MEDIUM,Science Building - Chemistry Lab,en,admin_staff,HARD,2620,LOW,1
cluster_0020,DUPLICATE,Elevator is is not moving,There is an issue with the elevator at Science Building - Chemistry Lab.,ELEVATOR,HIGH,MEDIUM,Science Building - Chemistry Lab,en,admin_staff,HARD,2848,MEDIUM,1
cluster_0020,RELATED,Cracked wall near classroom,"The floor tile is cracked in Science Building - Chemistry Lab, and it is affecting the area. Several people are affected.",BUILDING_STRUCTURE,HIGH,MEDIUM,Science Building - Chemistry Lab,en,admin_staff,HARD,413,RELATED,0
cluster_0020,HARD_NEGATIVE,Problem reported with lift,There is a reported issue with this lift.,ELEVATOR,HIGH,MEDIUM,Engineering Building - Lab 2,en,admin_staff,HARD,317,LOW,0
cluster_0021,ORIGINAL,مشكلة power supply في المكان,المشكلة في power supply موجودة في Dormitory B - Floor 1.,ELECTRICAL,MEDIUM,LOW,Dormitory B - Floor 1,ar_eg,lecturer,HARD,0,,0
cluster_0021,DUPLICATE,عطل في power supply,power supply مش شغال بشكل طبيعي في Dormitory B - Floor 1.,ELECTRICAL,MEDIUM,LOW,Dormitory B - Floor 1,ar_eg,lecturer,HARD,1797,MEDIUM,1
cluster_0021,DUPLICATE,power supply مش شغال,مشكلة في power supply محتاجة تتراجع في Dormitory B - Floor 1.,ELECTRICAL,MEDIUM,LOW,Dormitory B - Floor 1,ar_eg,lecturer,HARD,1012,LOW,1
cluster_0021,RELATED,في سلك مكشوف في المعمل,obstruction is blocking part of the area في Dormitory B - Floor 1. الموضوع محتاج متابعة.,SAFETY_HAZARD,MEDIUM,LOW,Dormitory B - Floor 1,ar_eg,lecturer,HARD,276,RELATED,0
cluster_0021,HARD_NEGATIVE,مشكلة في wall socket,لاحظت مشكلة مرتبطة بـ wall socket في Dormitory B - Floor 3.,ELECTRICAL,MEDIUM,LOW,Dormitory B - Floor 3,ar_eg,lecturer,HARD,533,LOW,0
cluster_0022,ORIGINAL,The smoke has an issue,في عطل في the smoke في Dormitory A - Floor 1.,SAFETY_HAZARD,HIGH,LOW,Dormitory A - Floor 1,mixed,lecturer,MEDIUM,0,,0
cluster_0022,DUPLICATE,Issue في smoke,Something is wrong with the smoke في Dormitory A - Floor 1.,SAFETY_HAZARD,HIGH,LOW,Dormitory A - Floor 1,mixed,lecturer,MEDIUM,2411,LOW,1
cluster_0022,DUPLICATE,مشكلة with smoke,The smoke مش شغال في Dormitory A - Floor 1.,SAFETY_HAZARD,HIGH,LOW,Dormitory A - Floor 1,mixed,lecturer,MEDIUM,211,MEDIUM,1
cluster_0022,DUPLICATE,Issue في smoke,محتاجين حد يشوف the smoke في Dormitory A - Floor 1.,SAFETY_HAZARD,HIGH,LOW,Dormitory A - Floor 1,mixed,lecturer,MEDIUM,329,HIGH,1
cluster_0022,RELATED,There is a مشكلة في الباب,The problem is في Dormitory A - Floor 1 and it is affecting the area. أكتر من شخص affected.,ELECTRICAL,HIGH,LOW,Dormitory A - Floor 1,mixed,lecturer,HARD,1334,RELATED,0
cluster_0022,HARD_NEGATIVE,Problem with damaged safety sign,في مشكلة related to the damaged safety sign.,SAFETY_HAZARD,HIGH,LOW,Science Building - Chemistry Lab,mixed,lecturer,HARD,1135,LOW,0
cluster_0023,ORIGINAL,Mouse does not detect the device,There is a problem with the mouse at Library - First Floor. Only this device appears to be affected.,IT_HARDWARE_PRINTING,MEDIUM,HIGH,Library - First Floor,en,student,HARD,0,,0
cluster_0023,DUPLICATE,Mouse needs attention,There is still a problem with the mouse in Library - First Floor. Only this device appears to be affected.,IT_HARDWARE_PRINTING,MEDIUM,HIGH,Library - First Floor,en,student,HARD,1811,HIGH,1
cluster_0023,DUPLICATE,Mouse needs attention,The same mouse problem was noticed in Library - First Floor.,IT_HARDWARE_PRINTING,MEDIUM,HIGH,Library - First Floor,en,student,HARD,685,HIGH,1
cluster_0023,DUPLICATE,Problem reported with mouse,There is an issue with the mouse at Library - First Floor.,IT_HARDWARE_PRINTING,MEDIUM,HIGH,Library - First Floor,en,student,HARD,586,MEDIUM,1
cluster_0023,RELATED,Room needs inspection,The service area needs maintenance at Library - First Floor. The problem could not be classified more specifically.,OTHER,MEDIUM,HIGH,Library - First Floor,en,student,HARD,1222,RELATED,0
cluster_0023,HARD_NEGATIVE,Scanner is shows an error,The scanner at Science Building - Chemistry Lab is causing trouble.,IT_HARDWARE_PRINTING,MEDIUM,HIGH,Science Building - Chemistry Lab,en,student,HARD,1074,LOW,0
cluster_0024,ORIGINAL,Issue في gate,The gate is damaged في Main Entrance.,GROUNDS_OUTDOOR,LOW,LOW,Main Entrance,mixed,lecturer,MEDIUM,0,,0
cluster_0024,DUPLICATE,The gate مش شغال,محتاجين حد يشوف the gate في Main Entrance.,GROUNDS_OUTDOOR,LOW,LOW,Main Entrance,mixed,lecturer,MEDIUM,318,MEDIUM,1
cluster_0024,DUPLICATE,مشكلة with gate,The gate فيه نفس العطل في Main Entrance.,GROUNDS_OUTDOOR,LOW,LOW,Main Entrance,mixed,lecturer,MEDIUM,655,HIGH,1
cluster_0024,DUPLICATE,مشكلة في the gate,نفس المشكلة موجودة في the gate at Main Entrance.,GROUNDS_OUTDOOR,LOW,LOW,Main Entrance,mixed,lecturer,MEDIUM,2466,HIGH,1
cluster_0024,RELATED,The printer مش بيطبع,The problem is في Main Entrance and it is affecting the area.,SAFETY_HAZARD,LOW,LOW,Main Entrance,mixed,lecturer,HARD,1103,RELATED,0
cluster_0024,HARD_NEGATIVE,مشكلة في the gate,Issue مرتبطة بـ gate في Science Building - Chemistry Lab.,GROUNDS_OUTDOOR,LOW,LOW,Science Building - Chemistry Lab,mixed,lecturer,HARD,489,LOW,0
cluster_0025,ORIGINAL,problem fe air conditioning system,feh moshkela fel air conditioning system fe Dormitory A - Floor 1.,HVAC_AC,HIGH,MEDIUM,Dormitory A - Floor 1,arabizi,admin_staff,HARD,0,,0
cluster_0025,DUPLICATE,mshkela fe air conditioning system fe el makan,feh moshkela fel air conditioning system fe Dormitory A - Floor 1.,HVAC_AC,HIGH,MEDIUM,Dormitory A - Floor 1,arabizi,admin_staff,HARD,416,HIGH,1
cluster_0025,DUPLICATE,problem fe air conditioning system,el air conditioning system mehtag motaba3a.,HVAC_AC,HIGH,MEDIUM,Dormitory A - Floor 1,arabizi,admin_staff,HARD,2662,LOW,1
cluster_0025,RELATED,el sink bysarb maya,feh moshkela fel water pipe fe Dormitory A - Floor 1. The problem started today.,PLUMBING_WATER,HIGH,MEDIUM,Dormitory A - Floor 1,arabizi,admin_staff,HARD,1086,RELATED,0
cluster_0025,HARD_NEGATIVE,el air conditioner feh moshkela,feh issue fe air conditioner fe Engineering Building - Lab 4.,HVAC_AC,HIGH,MEDIUM,Engineering Building - Lab 4,arabizi,admin_staff,HARD,103,LOW,0
cluster_0026,ORIGINAL,مشكلة في smart board,محتاجين حد يشوف smart board في Administration Building - Room 18. The issue started before the lecture.,AV_CLASSROOM_EQUIPMENT,MEDIUM,HIGH,Administration Building - Room 18,ar_eg,security_staff,MEDIUM,0,,0
cluster_0026,DUPLICATE,smart board مش شغال,محتاجين حد يشوف smart board في Administration Building - Room 18.,AV_CLASSROOM_EQUIPMENT,MEDIUM,HIGH,Administration Building - Room 18,ar_eg,security_staff,MEDIUM,2844,MEDIUM,1
cluster_0026,DUPLICATE,عطل في smart board,نفس مشكلة smart board لسه موجودة في Administration Building - Room 18.,AV_CLASSROOM_EQUIPMENT,MEDIUM,HIGH,Administration Building - Room 18,ar_eg,security_staff,MEDIUM,339,HIGH,1
cluster_0026,RELATED,لمبة السقف مش شغالة,wall socket is flickering في Administration Building - Room 18. الموضوع محتاج متابعة.,ELECTRICAL,MEDIUM,HIGH,Administration Building - Room 18,ar_eg,security_staff,HARD,823,RELATED,0
cluster_0026,HARD_NEGATIVE,مشكلة محتاجة متابعة في smart board,في عطل متعلق بـ smart board في المكان.,AV_CLASSROOM_EQUIPMENT,MEDIUM,HIGH,Dormitory B - Floor 1,ar_eg,security_staff,HARD,1148,LOW,0
cluster_0027,ORIGINAL,el water pipe feh moshkela,momken 7ad yshoof el water pipe fe Dormitory A - Floor 1?,PLUMBING_WATER,LOW,LOW,Dormitory A - Floor 1,arabizi,security_staff,MEDIUM,0,,0
cluster_0027,DUPLICATE,3atel fe water pipe,feh moshkela fel water pipe fe Dormitory A - Floor 1.,PLUMBING_WATER,LOW,LOW,Dormitory A - Floor 1,arabizi,security_staff,MEDIUM,1430,MEDIUM,1
cluster_0027,DUPLICATE,mshkela fel water pipe,el water pipe mehtag check fe el makan.,PLUMBING_WATER,LOW,LOW,Dormitory A - Floor 1,arabizi,security_staff,MEDIUM,1947,LOW,1
cluster_0027,DUPLICATE,mshkela fel water pipe,el moshkela fe water pipe zahret tany fe Dormitory A - Floor 1.,PLUMBING_WATER,LOW,LOW,Dormitory A - Floor 1,arabizi,security_staff,MEDIUM,130,HIGH,1
cluster_0027,RELATED,el light btetla3 w tenzel,feh moshkela fel corridor fe Dormitory A - Floor 1. The issue is mainly cleanliness related.,CLEANING_WASTE,LOW,LOW,Dormitory A - Floor 1,arabizi,security_staff,HARD,171,RELATED,0
cluster_0027,HARD_NEGATIVE,el drain feh moshkela,feh 7aga 8alat fel drain fe Sports Building.,PLUMBING_WATER,LOW,LOW,Sports Building,arabizi,security_staff,HARD,626,LOW,0
cluster_0028,ORIGINAL,مشكلة garden area في المكان,لاحظت إن garden area فيه مشكلة في Main Entrance.,GROUNDS_OUTDOOR,MEDIUM,MEDIUM,Main Entrance,ar_eg,lab_assistant,HARD,0,,0
cluster_0028,DUPLICATE,garden area مش شغال,في مشكلة في garden area في Main Entrance.,GROUNDS_OUTDOOR,MEDIUM,MEDIUM,Main Entrance,ar_eg,lab_assistant,HARD,92,MEDIUM,1
cluster_0028,DUPLICATE,مشكلة محتاجة متابعة في garden area,garden area محتاج يتراجع في المكان ده.,GROUNDS_OUTDOOR,MEDIUM,MEDIUM,Main Entrance,ar_eg,lab_assistant,HARD,1724,LOW,1
cluster_0028,DUPLICATE,مشكلة في garden area محتاجة حل,في مشكلة محتاجة متابعة في garden area في Main Entrance.,GROUNDS_OUTDOOR,MEDIUM,MEDIUM,Main Entrance,ar_eg,lab_assistant,HARD,931,MEDIUM,1
cluster_0028,RELATED,جزء من السقف مفكوك,لاحظت مشكلة في ceiling في Main Entrance. The damage was noticed today.,BUILDING_STRUCTURE,MEDIUM,MEDIUM,Main Entrance,ar_eg,lab_assistant,HARD,222,RELATED,0
cluster_0028,HARD_NEGATIVE,walkway فيه مشكلة,في حاجة غلط في walkway في Dormitory B - Floor 3.,GROUNDS_OUTDOOR,MEDIUM,MEDIUM,Dormitory B - Floor 3,ar_eg,lab_assistant,HARD,449,LOW,0
cluster_0029,ORIGINAL,problem fe VPN,momken 7ad yshoof el VPN fe Science Building - Physics Lab?,IT_NETWORK_ACCOUNTS,LOW,MEDIUM,Science Building - Physics Lab,arabizi,lab_assistant,HARD,0,,0
cluster_0029,DUPLICATE,mshkela fel VPN,el VPN mehtag motaba3a.,IT_NETWORK_ACCOUNTS,LOW,MEDIUM,Science Building - Physics Lab,arabizi,lab_assistant,HARD,2143,LOW,1
cluster_0029,DUPLICATE,mshkela fe VPN fe el makan,please check el VPN fe Science Building - Physics Lab.,IT_NETWORK_ACCOUNTS,LOW,MEDIUM,Science Building - Physics Lab,arabizi,lab_assistant,HARD,2148,MEDIUM,1
cluster_0029,RELATED,el light btetla3 w tenzel,el moshkela zahret elnharda fe Science Building - Physics Lab.,IT_HARDWARE_PRINTING,LOW,MEDIUM,Science Building - Physics Lab,arabizi,lab_assistant,HARD,1247,RELATED,0
cluster_0029,HARD_NEGATIVE,el campus network feh moshkela,el campus network mehtag check fe el makan.,IT_NETWORK_ACCOUNTS,LOW,MEDIUM,Computer Science Building - Lab 1,arabizi,lab_assistant,HARD,124,LOW,0
cluster_0030,ORIGINAL,Issue في air conditioner,في مشكلة في the air conditioner at Administration Building - Room 12.,HVAC_AC,HIGH,LOW,Administration Building - Room 12,mixed,lab_assistant,MEDIUM,0,,0
cluster_0030,DUPLICATE,The air conditioner مش شغال,محتاجين حد يشوف the air conditioner في Administration Building - Room 12.,HVAC_AC,HIGH,LOW,Administration Building - Room 12,mixed,lab_assistant,MEDIUM,309,HIGH,1
cluster_0030,DUPLICATE,The air conditioner مش شغال,محتاجين حد يشوف the air conditioner في Administration Building - Room 12.,HVAC_AC,HIGH,LOW,Administration Building - Room 12,mixed,lab_assistant,MEDIUM,2397,MEDIUM,1
cluster_0030,DUPLICATE,The air conditioner has an issue,في مشكلة with the air conditioner at Administration Building - Room 12.,HVAC_AC,HIGH,LOW,Administration Building - Room 12,mixed,lab_assistant,MEDIUM,1959,MEDIUM,1
cluster_0030,RELATED,The AC مش بيبرد,The room needs maintenance في Administration Building - Room 12. The exact cause is not clear.,OTHER,HIGH,LOW,Administration Building - Room 12,mixed,lab_assistant,HARD,809,RELATED,0
cluster_0030,HARD_NEGATIVE,مشكلة في the thermostat,Issue مرتبطة بـ thermostat في Student Affairs Office.,HVAC_AC,HIGH,LOW,Student Affairs Office,mixed,lab_assistant,HARD,284,LOW,0
cluster_0031,ORIGINAL,The mouse has an issue,The problem is with mouse في Library - Second Floor.,IT_HARDWARE_PRINTING,MEDIUM,MEDIUM,Library - Second Floor,mixed,admin_staff,MEDIUM,0,,0
cluster_0031,DUPLICATE,مشكلة في the mouse,في حاجة غلط في the mouse at Library - Second Floor.,IT_HARDWARE_PRINTING,MEDIUM,MEDIUM,Library - Second Floor,mixed,admin_staff,MEDIUM,1711,LOW,1
cluster_0031,DUPLICATE,The mouse has an issue,The mouse فيه نفس العطل في Library - Second Floor.,IT_HARDWARE_PRINTING,MEDIUM,MEDIUM,Library - Second Floor,mixed,admin_staff,MEDIUM,2843,HIGH,1
cluster_0031,RELATED,The printer مش بيطبع,محتاجين حد يشوف the display system في Library - Second Floor.,AV_CLASSROOM_EQUIPMENT,MEDIUM,MEDIUM,Library - Second Floor,mixed,admin_staff,HARD,808,RELATED,0
cluster_0031,HARD_NEGATIVE,مشكلة with USB port,Something is wrong with the USB port في Administration Building - Room 12.,IT_HARDWARE_PRINTING,MEDIUM,MEDIUM,Administration Building - Room 12,mixed,admin_staff,HARD,180,LOW,0
cluster_0032,ORIGINAL,monitor فيه مشكلة,محتاجين حد يشوف monitor في Engineering Building - Lab 2. Several students are waiting to use it.,IT_HARDWARE_PRINTING,LOW,HIGH,Engineering Building - Lab 2,ar_eg,dorm_resident,MEDIUM,0,,0
cluster_0032,DUPLICATE,مشكلة محتاجة متابعة في monitor,محتاجين حد يشوف monitor في Engineering Building - Lab 2.,IT_HARDWARE_PRINTING,LOW,HIGH,Engineering Building - Lab 2,ar_eg,dorm_resident,MEDIUM,1681,MEDIUM,1
cluster_0032,DUPLICATE,مشكلة في monitor محتاجة حل,monitor لسه فيه نفس العطل في Engineering Building - Lab 2.,IT_HARDWARE_PRINTING,LOW,HIGH,Engineering Building - Lab 2,ar_eg,dorm_resident,MEDIUM,567,HIGH,1
cluster_0032,DUPLICATE,عطل في monitor,في مشكلة في monitor في Engineering Building - Lab 2. Several students are waiting to use it.,IT_HARDWARE_PRINTING,LOW,HIGH,Engineering Building - Lab 2,ar_eg,dorm_resident,MEDIUM,1436,HIGH,1
cluster_0032,RELATED,مش عارف أدخل على شبكة الجامعة,محتاجين حد يشوف campus network في Engineering Building - Lab 2. The connection works in another building but not here.,IT_NETWORK_ACCOUNTS,LOW,HIGH,Engineering Building - Lab 2,ar_eg,dorm_resident,HARD,1106,RELATED,0
cluster_0032,HARD_NEGATIVE,عطل في scanner,في عطل متعلق بـ scanner في المكان.,IT_HARDWARE_PRINTING,LOW,HIGH,Engineering Building - Lab 4,ar_eg,dorm_resident,HARD,401,LOW,0
cluster_0033,ORIGINAL,Room has an unusual issue,The room has an unusual issue at Library - First Floor. The exact cause is not clear.,OTHER,MEDIUM,HIGH,Library - First Floor,en,security_staff,HARD,0,,0
cluster_0033,DUPLICATE,Room problem reported,The same room problem was noticed in Library - First Floor.,OTHER,MEDIUM,HIGH,Library - First Floor,en,security_staff,HARD,2320,HIGH,1
cluster_0033,DUPLICATE,Room issue,There is a reported issue with this room.,OTHER,MEDIUM,HIGH,Library - First Floor,en,security_staff,HARD,61,LOW,1
cluster_0033,RELATED,Facility issue needs inspection,"The facility has an unusual issue in Library - First Floor, and it is affecting the area. This is needed for the current session.",OTHER,MEDIUM,HIGH,Library - First Floor,en,security_staff,HARD,643,RELATED,0
cluster_0033,HARD_NEGATIVE,Facility issue,I noticed a problem involving the facility at Outdoor Courtyard.,OTHER,MEDIUM,HIGH,Outdoor Courtyard,en,security_staff,HARD,896,LOW,0
cluster_0034,ORIGINAL,Thermostat keeps turning off,I noticed that the thermostat keeps turning off in Computer Science Building - Lab 1. The room is currently occupied.,HVAC_AC,LOW,LOW,Computer Science Building - Lab 1,en,dorm_resident,MEDIUM,0,,0
cluster_0034,DUPLICATE,Thermostat problem reported,There is an issue with the thermostat at Computer Science Building - Lab 1.,HVAC_AC,LOW,LOW,Computer Science Building - Lab 1,en,dorm_resident,MEDIUM,1115,MEDIUM,1
cluster_0034,DUPLICATE,Issue affecting the thermostat,The same thermostat problem was noticed in Computer Science Building - Lab 1.,HVAC_AC,LOW,LOW,Computer Science Building - Lab 1,en,dorm_resident,MEDIUM,283,HIGH,1
cluster_0034,DUPLICATE,Thermostat needs attention,There is a reported issue with this thermostat.,HVAC_AC,LOW,LOW,Computer Science Building - Lab 1,en,dorm_resident,MEDIUM,461,LOW,1
cluster_0034,RELATED,Unusual maintenance problem,"The equipment area requires inspection in Computer Science Building - Lab 1, and it is affecting the area.",OTHER,LOW,LOW,Computer Science Building - Lab 1,en,dorm_resident,HARD,282,RELATED,0
cluster_0034,HARD_NEGATIVE,Issue affecting the thermostat,Something seems wrong with the thermostat in Administration Building - Room 12.,HVAC_AC,LOW,LOW,Administration Building - Room 12,en,dorm_resident,HARD,806,LOW,0
cluster_0035,ORIGINAL,moshkela fel ceiling panel,momken 7ad yshoof el ceiling panel fe Engineering Building - Lab 4?,BUILDING_STRUCTURE,MEDIUM,HIGH,Engineering Building - Lab 4,arabizi,dorm_resident,HARD,0,,0
cluster_0035,DUPLICATE,el ceiling panel mehtag check,feh 3atel fe ceiling panel fe Engineering Building - Lab 4.,BUILDING_STRUCTURE,MEDIUM,HIGH,Engineering Building - Lab 4,arabizi,dorm_resident,HARD,1897,MEDIUM,1
cluster_0035,DUPLICATE,mshkela fe ceiling panel fe el makan,feh 7aga 8alat fel ceiling panel fe Engineering Building - Lab 4.,BUILDING_STRUCTURE,MEDIUM,HIGH,Engineering Building - Lab 4,arabizi,dorm_resident,HARD,2755,LOW,1
cluster_0035,DUPLICATE,mshkela fel ceiling panel,el ceiling panel fe Engineering Building - Lab 4 feh moshkela.,BUILDING_STRUCTURE,MEDIUM,HIGH,Engineering Building - Lab 4,arabizi,dorm_resident,HARD,1061,MEDIUM,1
cluster_0035,RELATED,el AC msh bybared,momken 7ad yshoof el smoke fe Engineering Building - Lab 4? el mawdoo3 mo2asser دلوقتي.,SAFETY_HAZARD,MEDIUM,HIGH,Engineering Building - Lab 4,arabizi,dorm_resident,HARD,1102,RELATED,0
cluster_0035,HARD_NEGATIVE,el ceiling feh moshkela,feh issue fe ceiling fe Dormitory A - Floor 1.,BUILDING_STRUCTURE,MEDIUM,HIGH,Dormitory A - Floor 1,arabizi,dorm_resident,HARD,343,LOW,0
cluster_0036,ORIGINAL,The toilet has an issue,The toilet is dripping في Dormitory A - Floor 2.,PLUMBING_WATER,HIGH,MEDIUM,Dormitory A - Floor 2,mixed,dorm_resident,HARD,0,,0
cluster_0036,DUPLICATE,Issue في toilet,The toilet مش شغال normally في Dormitory A - Floor 2.,PLUMBING_WATER,HIGH,MEDIUM,Dormitory A - Floor 2,mixed,dorm_resident,HARD,2368,HIGH,1
cluster_0036,DUPLICATE,مشكلة with toilet,The toilet مش شغال normally في Dormitory A - Floor 2.,PLUMBING_WATER,HIGH,MEDIUM,Dormitory A - Floor 2,mixed,dorm_resident,HARD,1800,HIGH,1
cluster_0036,RELATED,The printer مش بيطبع,The ceiling is cracked في Dormitory A - Floor 2. The damage was noticed today. أكتر من شخص affected.,BUILDING_STRUCTURE,HIGH,MEDIUM,Dormitory A - Floor 2,mixed,dorm_resident,HARD,1286,RELATED,0
cluster_0036,HARD_NEGATIVE,Issue في water pipe,في حاجة غلط في the water pipe at Parking Area.,PLUMBING_WATER,HIGH,MEDIUM,Parking Area,mixed,dorm_resident,HARD,1127,LOW,0
cluster_0037,ORIGINAL,Problem with broken railing,Please check the broken railing in Library - Second Floor. It needs attention.,SAFETY_HAZARD,HIGH,LOW,Library - Second Floor,en,dorm_resident,MEDIUM,0,,0
cluster_0037,DUPLICATE,Problem with broken railing,Problem reported with the broken railing in Library - Second Floor.,SAFETY_HAZARD,HIGH,LOW,Library - Second Floor,en,dorm_resident,MEDIUM,199,MEDIUM,1
cluster_0037,DUPLICATE,Broken railing problem reported,There is an issue with the broken railing at Library - Second Floor.,SAFETY_HAZARD,HIGH,LOW,Library - Second Floor,en,dorm_resident,MEDIUM,995,MEDIUM,1
cluster_0037,RELATED,Ceiling panel is loose,Please check the ceiling at Library - Second Floor. It does not close properly. The problem has gradually become more noticeable. Several people are affected.,BUILDING_STRUCTURE,HIGH,LOW,Library - Second Floor,en,dorm_resident,HARD,519,RELATED,0
cluster_0037,HARD_NEGATIVE,Exposed wire is creates a safety concern,I noticed a problem involving the exposed wire at Computer Science Building - Lab 3.,SAFETY_HAZARD,HIGH,LOW,Computer Science Building - Lab 3,en,dorm_resident,HARD,1241,LOW,0
cluster_0038,ORIGINAL,moshkela fel door handle,feh 3atel fe door handle fe Computer Science Building - Room 203.,FURNITURE_FIXTURES,MEDIUM,MEDIUM,Computer Science Building - Room 203,arabizi,student,HARD,0,,0
cluster_0038,DUPLICATE,3atel fe door handle,feh moshkela fel door handle fe Computer Science Building - Room 203.,FURNITURE_FIXTURES,MEDIUM,MEDIUM,Computer Science Building - Room 203,arabizi,student,HARD,1911,HIGH,1
cluster_0038,DUPLICATE,mshkela fe door handle fe el makan,el door handle lesa feh nafs el 3atel fe Computer Science Building - Room 203.,FURNITURE_FIXTURES,MEDIUM,MEDIUM,Computer Science Building - Room 203,arabizi,student,HARD,488,HIGH,1
cluster_0038,DUPLICATE,mshkela fel door handle,nafs moshkelt el door handle lesa mawgooda fe Computer Science Building - Room 203.,FURNITURE_FIXTURES,MEDIUM,MEDIUM,Computer Science Building - Room 203,arabizi,student,HARD,1443,HIGH,1
cluster_0038,RELATED,el AC msh bybared,el service area is not functioning normally fe Computer Science Building - Room 203.,OTHER,MEDIUM,MEDIUM,Computer Science Building - Room 203,arabizi,student,HARD,151,RELATED,0
cluster_0038,HARD_NEGATIVE,problem fe shelf,el shelf mehtag motaba3a.,FURNITURE_FIXTURES,MEDIUM,MEDIUM,Engineering Building - Lab 2,arabizi,student,HARD,62,LOW,0
cluster_0039,ORIGINAL,3atel fe air conditioner,momken 7ad yshoof el air conditioner fe Outdoor Courtyard?,HVAC_AC,LOW,LOW,Outdoor Courtyard,arabizi,admin_staff,MEDIUM,0,,0
cluster_0039,DUPLICATE,mshkela fe el air conditioner,momken 7ad yshoof el air conditioner fe Outdoor Courtyard?,HVAC_AC,LOW,LOW,Outdoor Courtyard,arabizi,admin_staff,MEDIUM,2789,HIGH,1
cluster_0039,DUPLICATE,el air conditioner feh moshkela,momken 7ad yshoof el air conditioner fe Outdoor Courtyard?,HVAC_AC,LOW,LOW,Outdoor Courtyard,arabizi,admin_staff,MEDIUM,645,HIGH,1
cluster_0039,RELATED,el sink bysarb maya,feh moshkela fel wall socket fe Outdoor Courtyard. The issue appeared this morning.,ELECTRICAL,LOW,LOW,Outdoor Courtyard,arabizi,admin_staff,HARD,345,RELATED,0
cluster_0039,HARD_NEGATIVE,mshkela fe air conditioning system fe el makan,mshkela related lel air conditioning system fe Computer Science Building - Room 203.,HVAC_AC,LOW,LOW,Computer Science Building - Room 203,arabizi,admin_staff,HARD,1159,LOW,0
cluster_0040,ORIGINAL,Issue with power supply in the area,I noticed that the power supply is flickering in Main Lecture Hall. The problem is limited to one room.,ELECTRICAL,HIGH,HIGH,Main Lecture Hall,en,dorm_resident,HARD,0,,0
cluster_0040,DUPLICATE,Problem with power supply,Problem reported with the power supply in Main Lecture Hall.,ELECTRICAL,HIGH,HIGH,Main Lecture Hall,en,dorm_resident,HARD,1148,MEDIUM,1
cluster_0040,DUPLICATE,Power supply problem reported,Problem reported with the power supply in Main Lecture Hall.,ELECTRICAL,HIGH,HIGH,Main Lecture Hall,en,dorm_resident,HARD,581,MEDIUM,1
cluster_0040,RELATED,Window does not close,"The window does not close properly in Main Lecture Hall, and it is affecting the area.",BUILDING_STRUCTURE,HIGH,HIGH,Main Lecture Hall,en,dorm_resident,HARD,779,RELATED,0
cluster_0040,HARD_NEGATIVE,Electrical switch needs attention,Something seems wrong with the electrical switch in Student Affairs Office.,ELECTRICAL,HIGH,HIGH,Student Affairs Office,en,dorm_resident,HARD,577,LOW,0
cluster_0041,ORIGINAL,Issue في USB port,محتاجين حد يشوف the USB port في Library - Second Floor.,IT_HARDWARE_PRINTING,MEDIUM,MEDIUM,Library - Second Floor,mixed,security_staff,MEDIUM,0,,0
cluster_0041,DUPLICATE,Issue في USB port,The USB port محتاج check في Library - Second Floor.,IT_HARDWARE_PRINTING,MEDIUM,MEDIUM,Library - Second Floor,mixed,security_staff,MEDIUM,2776,LOW,1
cluster_0041,DUPLICATE,Issue في USB port,محتاجين حد يشوف the USB port في Library - Second Floor.,IT_HARDWARE_PRINTING,MEDIUM,MEDIUM,Library - Second Floor,mixed,security_staff,MEDIUM,1620,MEDIUM,1
cluster_0041,DUPLICATE,The USB port has an issue,Something is wrong with the USB port في Library - Second Floor.,IT_HARDWARE_PRINTING,MEDIUM,MEDIUM,Library - Second Floor,mixed,security_staff,MEDIUM,2853,LOW,1
cluster_0041,RELATED,The AC مش بيبرد,I noticed إن service area has an unusual issue in Library - Second Floor.,OTHER,MEDIUM,MEDIUM,Library - Second Floor,mixed,security_staff,HARD,505,RELATED,0
cluster_0041,HARD_NEGATIVE,مشكلة في the scanner,في مشكلة related to the scanner.,IT_HARDWARE_PRINTING,MEDIUM,MEDIUM,Library - First Floor,mixed,security_staff,HARD,1378,LOW,0
cluster_0042,ORIGINAL,Issue في bathroom,The problem is with bathroom في Library - First Floor.,CLEANING_WASTE,MEDIUM,HIGH,Library - First Floor,mixed,lab_assistant,MEDIUM,0,,0
cluster_0042,DUPLICATE,The bathroom مش شغال,The bathroom مش شغال normally في Library - First Floor.,CLEANING_WASTE,MEDIUM,HIGH,Library - First Floor,mixed,lab_assistant,MEDIUM,1126,HIGH,1
cluster_0042,DUPLICATE,مشكلة with bathroom,The bathroom فيه نفس العطل في Library - First Floor.,CLEANING_WASTE,MEDIUM,HIGH,Library - First Floor,mixed,lab_assistant,MEDIUM,1812,HIGH,1
cluster_0042,DUPLICATE,مشكلة with bathroom,في مشكلة في the bathroom في Library - First Floor.,CLEANING_WASTE,MEDIUM,HIGH,Library - First Floor,mixed,lab_assistant,MEDIUM,2397,HIGH,1
cluster_0042,RELATED,The printer مش بيطبع,I noticed إن facility has an unusual issue in Library - First Floor.,OTHER,MEDIUM,HIGH,Library - First Floor,mixed,lab_assistant,HARD,376,RELATED,0
cluster_0042,HARD_NEGATIVE,Problem with waste bin,Issue مرتبطة بـ waste bin في Dormitory A - Floor 1.,CLEANING_WASTE,MEDIUM,HIGH,Dormitory A - Floor 1,mixed,lab_assistant,HARD,1376,LOW,0
cluster_0043,ORIGINAL,problem fe bathroom,feh 3atel fe bathroom fe Dormitory A - Floor 2.,CLEANING_WASTE,LOW,LOW,Dormitory A - Floor 2,arabizi,lecturer,MEDIUM,0,,0
cluster_0043,DUPLICATE,problem fe bathroom,feh moshkela fel bathroom fe Dormitory A - Floor 2.,CLEANING_WASTE,LOW,LOW,Dormitory A - Floor 2,arabizi,lecturer,MEDIUM,1664,MEDIUM,1
cluster_0043,DUPLICATE,mshkela fe el bathroom,momken 7ad yshoof el bathroom fe Dormitory A - Floor 2?,CLEANING_WASTE,LOW,LOW,Dormitory A - Floor 2,arabizi,lecturer,MEDIUM,1358,HIGH,1
cluster_0043,DUPLICATE,el bathroom mehtag check,momken 7ad yshoof el bathroom fe Dormitory A - Floor 2?,CLEANING_WASTE,LOW,LOW,Dormitory A - Floor 2,arabizi,lecturer,MEDIUM,1307,HIGH,1
cluster_0043,RELATED,el sink bysarb maya,feh moshkela fel faucet fe Dormitory A - Floor 2. Water is collecting on the floor.,PLUMBING_WATER,LOW,LOW,Dormitory A - Floor 2,arabizi,lecturer,HARD,610,RELATED,0
cluster_0043,HARD_NEGATIVE,problem fe common area,el common area mehtag motaba3a.,CLEANING_WASTE,LOW,LOW,Engineering Building - Lab 4,arabizi,lecturer,HARD,1037,LOW,0
cluster_0044,ORIGINAL,problem fe broken railing,el moshkela fe broken railing zahret fe Dormitory B - Floor 3.,SAFETY_HAZARD,HIGH,HIGH,Dormitory B - Floor 3,arabizi,dorm_resident,HARD,0,,0
cluster_0044,DUPLICATE,mshkela fel broken railing,feh issue fe broken railing fe Dormitory B - Floor 3.,SAFETY_HAZARD,HIGH,HIGH,Dormitory B - Floor 3,arabizi,dorm_resident,HARD,62,LOW,1
cluster_0044,DUPLICATE,el broken railing mehtag check,el broken railing mehtag check fe el makan.,SAFETY_HAZARD,HIGH,HIGH,Dormitory B - Floor 3,arabizi,dorm_resident,HARD,2326,LOW,1
cluster_0044,RELATED,el door msh by2fel,momken 7ad yshoof el wall socket fe Dormitory B - Floor 3?,ELECTRICAL,HIGH,HIGH,Dormitory B - Floor 3,arabizi,dorm_resident,HARD,386,RELATED,0
cluster_0044,HARD_NEGATIVE,3atel fe obstruction,el obstruction mehtag check fe el makan.,SAFETY_HAZARD,HIGH,HIGH,Lecture Hall C,arabizi,dorm_resident,HARD,695,LOW,0
cluster_0045,ORIGINAL,مشكلة في projector,في مشكلة في the projector at Administration Building - Room 12.,AV_CLASSROOM_EQUIPMENT,MEDIUM,HIGH,Administration Building - Room 12,mixed,lecturer,HARD,0,,0
cluster_0045,DUPLICATE,في مشكلة في projector,في حاجة غلط في the projector at Administration Building - Room 12.,AV_CLASSROOM_EQUIPMENT,MEDIUM,HIGH,Administration Building - Room 12,mixed,lecturer,HARD,1901,LOW,1
cluster_0045,DUPLICATE,Problem with projector,The projector مش شغال في Administration Building - Room 12.,AV_CLASSROOM_EQUIPMENT,MEDIUM,HIGH,Administration Building - Room 12,mixed,lecturer,HARD,2677,MEDIUM,1
cluster_0045,RELATED,The Wi-Fi بيفصل كل شوية,The problem is في Administration Building - Room 12 and it is affecting the area.,IT_HARDWARE_PRINTING,MEDIUM,HIGH,Administration Building - Room 12,mixed,lecturer,HARD,115,RELATED,0
cluster_0045,HARD_NEGATIVE,مشكلة with display system,The display system محتاج check في Engineering Building - Lab 2.,AV_CLASSROOM_EQUIPMENT,MEDIUM,HIGH,Engineering Building - Lab 2,mixed,lecturer,HARD,691,LOW,0
cluster_0046,ORIGINAL,el AC unit feh moshkela,el AC unit is blowing warm air fe Main Entrance.,HVAC_AC,MEDIUM,HIGH,Main Entrance,arabizi,lecturer,MEDIUM,0,,0
cluster_0046,DUPLICATE,mshkela fe el AC unit,el AC unit fe Main Entrance feh moshkela.,HVAC_AC,MEDIUM,HIGH,Main Entrance,arabizi,lecturer,MEDIUM,1708,MEDIUM,1
cluster_0046,DUPLICATE,mshkela fe el AC unit,el AC unit lesa feh nafs el 3atel fe Main Entrance.,HVAC_AC,MEDIUM,HIGH,Main Entrance,arabizi,lecturer,MEDIUM,2559,HIGH,1
cluster_0046,RELATED,feh moshkela fel room,el moshkela zahret elnharda fe Main Entrance.,OTHER,MEDIUM,HIGH,Main Entrance,arabizi,lecturer,HARD,1028,RELATED,0
cluster_0046,HARD_NEGATIVE,el air conditioning system feh moshkela,el air conditioning system mehtag check fe el makan.,HVAC_AC,MEDIUM,HIGH,Science Building - Chemistry Lab,arabizi,lecturer,HARD,884,LOW,0
cluster_0047,ORIGINAL,3atel fe microphone,momken 7ad yshoof el microphone fe Engineering Building - Room 101?,AV_CLASSROOM_EQUIPMENT,LOW,MEDIUM,Engineering Building - Room 101,arabizi,admin_staff,HARD,0,,0
cluster_0047,DUPLICATE,3atel fe microphone,el microphone msh sh8al normally fe Engineering Building - Room 101.,AV_CLASSROOM_EQUIPMENT,LOW,MEDIUM,Engineering Building - Room 101,arabizi,admin_staff,HARD,120,MEDIUM,1
cluster_0047,DUPLICATE,3atel fe microphone,feh 3atel fe microphone fe Engineering Building - Room 101.,AV_CLASSROOM_EQUIPMENT,LOW,MEDIUM,Engineering Building - Room 101,arabizi,admin_staff,HARD,817,MEDIUM,1
cluster_0047,RELATED,el door msh by2fel,momken 7ad yshoof el laptop fe Engineering Building - Room 101?,IT_HARDWARE_PRINTING,LOW,MEDIUM,Engineering Building - Room 101,arabizi,admin_staff,HARD,840,RELATED,0
cluster_0047,HARD_NEGATIVE,mshkela fe classroom speakers fe el makan,el classroom speakers mehtag motaba3a.,AV_CLASSROOM_EQUIPMENT,LOW,MEDIUM,Outdoor Courtyard,arabizi,admin_staff,HARD,1143,LOW,0
cluster_0048,ORIGINAL,wall فيه مشكلة,في مشكلة في wall في Library - First Floor. The room is still accessible.,BUILDING_STRUCTURE,MEDIUM,MEDIUM,Library - First Floor,ar_eg,lecturer,MEDIUM,0,,0
cluster_0048,DUPLICATE,مشكلة محتاجة متابعة في wall,محتاجين حد يشوف wall في Library - First Floor.,BUILDING_STRUCTURE,MEDIUM,MEDIUM,Library - First Floor,ar_eg,lecturer,MEDIUM,2812,MEDIUM,1
cluster_0048,DUPLICATE,مشكلة في wall,في مشكلة محتاجة متابعة في wall في Library - First Floor.,BUILDING_STRUCTURE,MEDIUM,MEDIUM,Library - First Floor,ar_eg,lecturer,MEDIUM,2117,MEDIUM,1
cluster_0048,RELATED,كرسي مكسور في القاعة,desk is loose في Library - First Floor. الموضوع محتاج متابعة.,FURNITURE_FIXTURES,MEDIUM,MEDIUM,Library - First Floor,ar_eg,lecturer,HARD,161,RELATED,0
cluster_0048,HARD_NEGATIVE,مشكلة في ceiling panel محتاجة حل,في عطل متعلق بـ ceiling panel في المكان.,BUILDING_STRUCTURE,MEDIUM,MEDIUM,Lecture Hall B,ar_eg,lecturer,HARD,734,LOW,0
cluster_0049,ORIGINAL,مشكلة monitor في المكان,في مشكلة في monitor في Science Building - Physics Lab. Restarting it did not solve the problem.,IT_HARDWARE_PRINTING,MEDIUM,LOW,Science Building - Physics Lab,ar_eg,dorm_resident,HARD,0,,0
cluster_0049,DUPLICATE,monitor مش شغال,monitor محتاج يتراجع في المكان ده.,IT_HARDWARE_PRINTING,MEDIUM,LOW,Science Building - Physics Lab,ar_eg,dorm_resident,HARD,2045,LOW,1
cluster_0049,DUPLICATE,مشكلة في monitor,في مشكلة محتاجة متابعة في monitor في Science Building - Physics Lab.,IT_HARDWARE_PRINTING,MEDIUM,LOW,Science Building - Physics Lab,ar_eg,dorm_resident,HARD,225,MEDIUM,1
cluster_0049,RELATED,مش عارف أدخل على شبكة الجامعة,في مشكلة في campus network في Science Building - Physics Lab. The problem started during the current class.,IT_NETWORK_ACCOUNTS,MEDIUM,LOW,Science Building - Physics Lab,ar_eg,dorm_resident,HARD,984,RELATED,0
cluster_0049,HARD_NEGATIVE,مشكلة محتاجة متابعة في mouse,لاحظت مشكلة مرتبطة بـ mouse في Library - First Floor.,IT_HARDWARE_PRINTING,MEDIUM,LOW,Library - First Floor,ar_eg,dorm_resident,HARD,501,LOW,0
cluster_0050,ORIGINAL,el projector feh moshkela,el projector does not turn on fe Lecture Hall B.,AV_CLASSROOM_EQUIPMENT,LOW,HIGH,Lecture Hall B,arabizi,dorm_resident,MEDIUM,0,,0
cluster_0050,DUPLICATE,el projector mehtag check,please check el projector fe Lecture Hall B.,AV_CLASSROOM_EQUIPMENT,LOW,HIGH,Lecture Hall B,arabizi,dorm_resident,MEDIUM,1059,MEDIUM,1
cluster_0050,DUPLICATE,el projector mehtag check,momken 7ad yshoof el projector fe Lecture Hall B?,AV_CLASSROOM_EQUIPMENT,LOW,HIGH,Lecture Hall B,arabizi,dorm_resident,MEDIUM,1975,HIGH,1
cluster_0050,RELATED,el wifi by2ta3 kol shwaya,el monitor does not detect the device fe Lecture Hall B. el mawdoo3 mo2asser دلوقتي.,IT_HARDWARE_PRINTING,LOW,HIGH,Lecture Hall B,arabizi,dorm_resident,HARD,875,RELATED,0
cluster_0050,HARD_NEGATIVE,mshkela fe classroom speakers fe el makan,feh issue fe classroom speakers fe Outdoor Courtyard.,AV_CLASSROOM_EQUIPMENT,LOW,HIGH,Outdoor Courtyard,arabizi,dorm_resident,HARD,1127,LOW,0
cluster_0051,ORIGINAL,classroom speakers فيه مشكلة,المشكلة في classroom speakers موجودة في Main Lecture Hall.,AV_CLASSROOM_EQUIPMENT,HIGH,LOW,Main Lecture Hall,ar_eg,student,MEDIUM,0,,0
cluster_0051,DUPLICATE,مشكلة في classroom speakers,classroom speakers مش شغال بشكل طبيعي في Main Lecture Hall.,AV_CLASSROOM_EQUIPMENT,HIGH,LOW,Main Lecture Hall,ar_eg,student,MEDIUM,2230,MEDIUM,1
cluster_0051,DUPLICATE,مشكلة في classroom speakers,نفس مشكلة classroom speakers لسه موجودة في Main Lecture Hall.,AV_CLASSROOM_EQUIPMENT,HIGH,LOW,Main Lecture Hall,ar_eg,student,MEDIUM,1356,HIGH,1
cluster_0051,RELATED,البريزة مش شغالة,في مشكلة في power supply في Main Lecture Hall. The light turns off after a few minutes.,ELECTRICAL,HIGH,LOW,Main Lecture Hall,ar_eg,student,HARD,1279,RELATED,0
cluster_0051,HARD_NEGATIVE,display system مش شغال,لاحظت مشكلة مرتبطة بـ display system في Sports Building.,AV_CLASSROOM_EQUIPMENT,HIGH,LOW,Sports Building,ar_eg,student,HARD,529,LOW,0
cluster_0052,ORIGINAL,Issue في garden area,في عطل في the garden area في Parking Area.,GROUNDS_OUTDOOR,LOW,HIGH,Parking Area,mixed,student,MEDIUM,0,,0
cluster_0052,DUPLICATE,The garden area مش شغال,The garden area مش شغال normally في Parking Area.,GROUNDS_OUTDOOR,LOW,HIGH,Parking Area,mixed,student,MEDIUM,539,HIGH,1
cluster_0052,DUPLICATE,مشكلة with garden area,نفس المشكلة موجودة في the garden area at Parking Area.,GROUNDS_OUTDOOR,LOW,HIGH,Parking Area,mixed,student,MEDIUM,1304,HIGH,1
cluster_0052,DUPLICATE,مشكلة في the garden area,There is an issue في garden area at Parking Area.,GROUNDS_OUTDOOR,LOW,HIGH,Parking Area,mixed,student,MEDIUM,950,MEDIUM,1
cluster_0052,RELATED,The screen مش شغالة,I noticed إن equipment area requires inspection in Parking Area. الموضوع مأثر على الاستخدام دلوقتي.,OTHER,LOW,HIGH,Parking Area,mixed,student,HARD,213,RELATED,0
cluster_0052,HARD_NEGATIVE,مشكلة في the gate,The gate محتاج check في Engineering Building - Room 101.,GROUNDS_OUTDOOR,LOW,HIGH,Engineering Building - Room 101,mixed,student,HARD,1146,LOW,0
cluster_0053,ORIGINAL,Issue في broken railing,The broken railing creates a safety concern في Dormitory A - Floor 1.,SAFETY_HAZARD,MEDIUM,LOW,Dormitory A - Floor 1,mixed,dorm_resident,HARD,0,,0
cluster_0053,DUPLICATE,في مشكلة في broken railing,The broken railing مش شغال normally في Dormitory A - Floor 1.,SAFETY_HAZARD,MEDIUM,LOW,Dormitory A - Floor 1,mixed,dorm_resident,HARD,32,HIGH,1
cluster_0053,DUPLICATE,Issue في broken railing,The broken railing فيه نفس العطل في Dormitory A - Floor 1.,SAFETY_HAZARD,MEDIUM,LOW,Dormitory A - Floor 1,mixed,dorm_resident,HARD,670,HIGH,1
cluster_0053,RELATED,The Wi-Fi بيفصل كل شوية,محتاجين حد يشوف the equipment area في Dormitory A - Floor 1.,OTHER,MEDIUM,LOW,Dormitory A - Floor 1,mixed,dorm_resident,HARD,1315,RELATED,0
cluster_0053,HARD_NEGATIVE,مشكلة with damaged safety sign,في مشكلة related to the damaged safety sign.,SAFETY_HAZARD,MEDIUM,LOW,Library - Second Floor,mixed,dorm_resident,HARD,650,LOW,0
cluster_0054,ORIGINAL,Problem with lift,I noticed that the lift stopped between floors in Computer Science Building - Room 203. The elevator was working earlier.,ELEVATOR,MEDIUM,HIGH,Computer Science Building - Room 203,en,admin_staff,MEDIUM,0,,0
cluster_0054,DUPLICATE,Problem with lift,The lift at Computer Science Building - Room 203 is causing trouble.,ELEVATOR,MEDIUM,HIGH,Computer Science Building - Room 203,en,admin_staff,MEDIUM,321,LOW,1
cluster_0054,DUPLICATE,Lift problem reported,The lift in this area needs to be checked.,ELEVATOR,MEDIUM,HIGH,Computer Science Building - Room 203,en,admin_staff,MEDIUM,26,LOW,1
cluster_0054,DUPLICATE,Lift issue,There is an issue with the lift at Computer Science Building - Room 203.,ELEVATOR,MEDIUM,HIGH,Computer Science Building - Room 203,en,admin_staff,MEDIUM,2206,MEDIUM,1
cluster_0054,RELATED,Slippery floor near entrance,I noticed that the slippery floor creates a safety concern. It is in Computer Science Building - Room 203. The problem should be reviewed soon. This is needed for the current session.,SAFETY_HAZARD,MEDIUM,HIGH,Computer Science Building - Room 203,en,admin_staff,HARD,351,RELATED,0
cluster_0054,HARD_NEGATIVE,Issue affecting the lift,The lift at Engineering Building - Lab 2 is causing trouble.,ELEVATOR,MEDIUM,HIGH,Engineering Building - Lab 2,en,admin_staff,HARD,1093,LOW,0
cluster_0055,ORIGINAL,Problem with elevator door,There is a problem with the elevator door at Library - Second Floor. The building has other access routes.,ELEVATOR,HIGH,HIGH,Library - Second Floor,en,student,MEDIUM,0,,0
cluster_0055,DUPLICATE,Elevator door problem reported,There is a reported issue with this elevator door.,ELEVATOR,HIGH,HIGH,Library - Second Floor,en,student,MEDIUM,413,LOW,1
cluster_0055,DUPLICATE,Issue affecting the elevator door,Something seems wrong with the elevator door in Library - Second Floor.,ELEVATOR,HIGH,HIGH,Library - Second Floor,en,student,MEDIUM,2330,LOW,1
cluster_0055,DUPLICATE,Issue affecting the elevator door,Please check the elevator door at Library - Second Floor; it is showing an error.,ELEVATOR,HIGH,HIGH,Library - Second Floor,en,student,MEDIUM,1332,HIGH,1
cluster_0055,RELATED,Damaged safety sign,There is an issue with the damaged safety sign in Library - Second Floor. The condition was not present previously.,SAFETY_HAZARD,HIGH,HIGH,Library - Second Floor,en,student,HARD,89,RELATED,0
cluster_0055,HARD_NEGATIVE,Issue affecting the elevator panel,The elevator panel at Computer Science Building - Lab 3 is causing trouble.,ELEVATOR,HIGH,HIGH,Computer Science Building - Lab 3,en,student,HARD,498,LOW,0
cluster_0056,ORIGINAL,Problem with air conditioning system,There is a problem with the air conditioning system at Computer Science Building - Lab 1. The AC was working yesterday.,HVAC_AC,MEDIUM,HIGH,Computer Science Building - Lab 1,en,lecturer,MEDIUM,0,,0
cluster_0056,DUPLICATE,Issue affecting the air conditioning system,The air conditioning system needs attention in Computer Science Building - Lab 1.,HVAC_AC,MEDIUM,HIGH,Computer Science Building - Lab 1,en,lecturer,MEDIUM,1058,MEDIUM,1
cluster_0056,DUPLICATE,Problem reported with air conditioning system,I noticed a problem involving the air conditioning system at Computer Science Building - Lab 1.,HVAC_AC,MEDIUM,HIGH,Computer Science Building - Lab 1,en,lecturer,MEDIUM,1771,LOW,1
cluster_0056,RELATED,Ceiling light stopped working,"The electrical switch is flickering in Computer Science Building - Lab 1, and it is affecting the area.",ELECTRICAL,MEDIUM,HIGH,Computer Science Building - Lab 1,en,lecturer,HARD,1311,RELATED,0
cluster_0056,HARD_NEGATIVE,Vent needs attention,The vent at Parking Area is causing trouble.,HVAC_AC,MEDIUM,HIGH,Parking Area,en,lecturer,HARD,579,LOW,0
cluster_0057,ORIGINAL,مشكلة في lecture screen,The problem is with lecture screen في Engineering Building - Room 101.,AV_CLASSROOM_EQUIPMENT,HIGH,LOW,Engineering Building - Room 101,mixed,dorm_resident,MEDIUM,0,,0
cluster_0057,DUPLICATE,Problem with lecture screen,في مشكلة with the lecture screen at Engineering Building - Room 101.,AV_CLASSROOM_EQUIPMENT,HIGH,LOW,Engineering Building - Room 101,mixed,dorm_resident,MEDIUM,1949,MEDIUM,1
cluster_0057,DUPLICATE,مشكلة في the lecture screen,في مشكلة في the lecture screen في Engineering Building - Room 101.,AV_CLASSROOM_EQUIPMENT,HIGH,LOW,Engineering Building - Room 101,mixed,dorm_resident,MEDIUM,785,HIGH,1
cluster_0057,DUPLICATE,في مشكلة في lecture screen,The lecture screen محتاج check في Engineering Building - Room 101.,AV_CLASSROOM_EQUIPMENT,HIGH,LOW,Engineering Building - Room 101,mixed,dorm_resident,MEDIUM,2720,LOW,1
cluster_0057,RELATED,There is a مشكلة في الباب,في مشكلة في USB port at Engineering Building - Room 101. الموضوع محتاج متابعة.,IT_HARDWARE_PRINTING,HIGH,LOW,Engineering Building - Room 101,mixed,dorm_resident,HARD,438,RELATED,0
cluster_0057,HARD_NEGATIVE,Problem with lecture screen,Something is wrong with the lecture screen في Outdoor Courtyard.,AV_CLASSROOM_EQUIPMENT,HIGH,LOW,Outdoor Courtyard,mixed,dorm_resident,HARD,711,LOW,0
cluster_0058,ORIGINAL,Sink is leaking,The sink is leaking at Administration Building - Room 18. The problem started today.,PLUMBING_WATER,MEDIUM,HIGH,Administration Building - Room 18,en,lab_assistant,HARD,0,,0
cluster_0058,DUPLICATE,Sink needs attention,There is an issue with the sink at Administration Building - Room 18.,PLUMBING_WATER,MEDIUM,HIGH,Administration Building - Room 18,en,lab_assistant,HARD,2174,MEDIUM,1
cluster_0058,DUPLICATE,Problem with sink,I noticed a problem involving the sink at Administration Building - Room 18.,PLUMBING_WATER,MEDIUM,HIGH,Administration Building - Room 18,en,lab_assistant,HARD,2051,LOW,1
cluster_0058,DUPLICATE,Problem with sink,The sink needs attention in Administration Building - Room 18.,PLUMBING_WATER,MEDIUM,HIGH,Administration Building - Room 18,en,lab_assistant,HARD,886,MEDIUM,1
cluster_0058,RELATED,Bathroom needs cleaning,There is an issue with the floor in Administration Building - Room 18. The area has been used throughout the day. This is needed for the current session.,CLEANING_WASTE,MEDIUM,HIGH,Administration Building - Room 18,en,lab_assistant,HARD,818,RELATED,0
cluster_0058,HARD_NEGATIVE,Water supply issue,I noticed a problem involving the water supply at Dormitory B - Floor 3.,PLUMBING_WATER,MEDIUM,HIGH,Dormitory B - Floor 3,en,lab_assistant,HARD,721,LOW,0
cluster_0059,ORIGINAL,Problem with broken railing,في مشكلة في the broken railing at Main Entrance.,SAFETY_HAZARD,HIGH,HIGH,Main Entrance,mixed,admin_staff,HARD,0,,0
cluster_0059,DUPLICATE,مشكلة في the broken railing,The broken railing مش شغال في Main Entrance.,SAFETY_HAZARD,HIGH,HIGH,Main Entrance,mixed,admin_staff,HARD,2264,MEDIUM,1
cluster_0059,DUPLICATE,في مشكلة في broken railing,The broken railing فيه نفس العطل في Main Entrance.,SAFETY_HAZARD,HIGH,HIGH,Main Entrance,mixed,admin_staff,HARD,227,HIGH,1
cluster_0059,RELATED,The screen مش شغالة,I noticed إن service area requires inspection in Main Entrance.,OTHER,HIGH,HIGH,Main Entrance,mixed,admin_staff,HARD,225,RELATED,0
cluster_0059,HARD_NEGATIVE,في مشكلة في slippery floor,في مشكلة related to the slippery floor.,SAFETY_HAZARD,HIGH,HIGH,Parking Area,mixed,admin_staff,HARD,761,LOW,0
cluster_0060,ORIGINAL,Issue في outdoor bench,The outdoor bench is blocked في Main Entrance.,GROUNDS_OUTDOOR,MEDIUM,MEDIUM,Main Entrance,mixed,lecturer,HARD,0,,0
cluster_0060,DUPLICATE,مشكلة في the outdoor bench,There is an issue في outdoor bench at Main Entrance.,GROUNDS_OUTDOOR,MEDIUM,MEDIUM,Main Entrance,mixed,lecturer,HARD,1027,MEDIUM,1
cluster_0060,DUPLICATE,مشكلة في the outdoor bench,The outdoor bench فيه نفس العطل في Main Entrance.,GROUNDS_OUTDOOR,MEDIUM,MEDIUM,Main Entrance,mixed,lecturer,HARD,2712,HIGH,1
cluster_0060,RELATED,The printer مش بيطبع,في مشكلة في door at Main Entrance. الموضوع محتاج متابعة.,BUILDING_STRUCTURE,MEDIUM,MEDIUM,Main Entrance,mixed,lecturer,HARD,832,RELATED,0
cluster_0060,HARD_NEGATIVE,مشكلة with walkway,Something is wrong with the walkway في Engineering Building - Lab 2.,GROUNDS_OUTDOOR,MEDIUM,MEDIUM,Engineering Building - Lab 2,mixed,lecturer,HARD,386,LOW,0
cluster_0061,ORIGINAL,مشكلة في window,window does not close properly في Engineering Building - Lab 4.,BUILDING_STRUCTURE,MEDIUM,MEDIUM,Engineering Building - Lab 4,ar_eg,lecturer,HARD,0,,0
cluster_0061,DUPLICATE,مشكلة محتاجة متابعة في window,محتاجين حد يشوف window في Engineering Building - Lab 4 لأنه does not close properly.,BUILDING_STRUCTURE,MEDIUM,MEDIUM,Engineering Building - Lab 4,ar_eg,lecturer,HARD,2529,HIGH,1
cluster_0061,DUPLICATE,مشكلة في window,في عطل متعلق بـ window في المكان.,BUILDING_STRUCTURE,MEDIUM,MEDIUM,Engineering Building - Lab 4,ar_eg,lecturer,HARD,1477,LOW,1
cluster_0061,RELATED,علامة السلامة تالفة,exposed wire creates a safety concern في Engineering Building - Lab 4. الموضوع محتاج متابعة.,SAFETY_HAZARD,MEDIUM,MEDIUM,Engineering Building - Lab 4,ar_eg,lecturer,HARD,1137,RELATED,0
cluster_0061,HARD_NEGATIVE,عطل في wall,لاحظت مشكلة مرتبطة بـ wall في Dormitory B - Floor 3.,BUILDING_STRUCTURE,MEDIUM,MEDIUM,Dormitory B - Floor 3,ar_eg,lecturer,HARD,1039,LOW,0
cluster_0062,ORIGINAL,Problem with desk,محتاجين حد يشوف the desk في Science Building - Physics Lab.,FURNITURE_FIXTURES,MEDIUM,HIGH,Science Building - Physics Lab,mixed,admin_staff,MEDIUM,0,,0
cluster_0062,DUPLICATE,Issue في desk,There is an issue في desk at Science Building - Physics Lab.,FURNITURE_FIXTURES,MEDIUM,HIGH,Science Building - Physics Lab,mixed,admin_staff,MEDIUM,2376,MEDIUM,1
cluster_0062,DUPLICATE,The desk مش شغال,The desk فيه نفس العطل في Science Building - Physics Lab.,FURNITURE_FIXTURES,MEDIUM,HIGH,Science Building - Physics Lab,mixed,admin_staff,MEDIUM,496,HIGH,1
cluster_0062,RELATED,The sink بيسرب مية,The problem is في Science Building - Physics Lab and it is affecting the area.,OTHER,MEDIUM,HIGH,Science Building - Physics Lab,mixed,admin_staff,HARD,1360,RELATED,0
cluster_0062,HARD_NEGATIVE,The door handle مش شغال,في حاجة غلط في the door handle at Library - Second Floor.,FURNITURE_FIXTURES,MEDIUM,HIGH,Library - Second Floor,mixed,admin_staff,HARD,363,LOW,0
cluster_0063,ORIGINAL,moshkela fel campus network,feh 3atel fe campus network fe Computer Science Building - Room 203.,IT_NETWORK_ACCOUNTS,MEDIUM,HIGH,Computer Science Building - Room 203,arabizi,student,MEDIUM,0,,0
cluster_0063,DUPLICATE,el campus network mehtag check,nafs moshkelt el campus network lesa mawgooda fe Computer Science Building - Room 203.,IT_NETWORK_ACCOUNTS,MEDIUM,HIGH,Computer Science Building - Room 203,arabizi,student,MEDIUM,1045,HIGH,1
cluster_0063,DUPLICATE,mshkela fe campus network fe el makan,feh moshkela fel campus network fe Computer Science Building - Room 203.,IT_NETWORK_ACCOUNTS,MEDIUM,HIGH,Computer Science Building - Room 203,arabizi,student,MEDIUM,165,MEDIUM,1
cluster_0063,DUPLICATE,el campus network feh moshkela,el campus network fe Computer Science Building - Room 203 feh moshkela.,IT_NETWORK_ACCOUNTS,MEDIUM,HIGH,Computer Science Building - Room 203,arabizi,student,MEDIUM,1193,MEDIUM,1
cluster_0063,RELATED,el printer msh byetba3,el moshkela zahret elnharda fe Computer Science Building - Room 203.,IT_HARDWARE_PRINTING,MEDIUM,HIGH,Computer Science Building - Room 203,arabizi,student,HARD,916,RELATED,0
cluster_0063,HARD_NEGATIVE,mshkela fel login,feh issue fe login fe Dormitory A - Floor 2.,IT_NETWORK_ACCOUNTS,MEDIUM,HIGH,Dormitory A - Floor 2,arabizi,student,HARD,1203,LOW,0
cluster_0064,ORIGINAL,مشكلة obstruction في المكان,obstruction needs attention في Computer Science Building - Lab 1.,SAFETY_HAZARD,MEDIUM,HIGH,Computer Science Building - Lab 1,ar_eg,student,HARD,0,,0
cluster_0064,DUPLICATE,obstruction فيه مشكلة,obstruction لسه فيه نفس العطل في Computer Science Building - Lab 1.,SAFETY_HAZARD,MEDIUM,HIGH,Computer Science Building - Lab 1,ar_eg,student,HARD,183,HIGH,1
cluster_0064,DUPLICATE,عطل في obstruction,نفس مشكلة obstruction لسه موجودة في Computer Science Building - Lab 1.,SAFETY_HAZARD,MEDIUM,HIGH,Computer Science Building - Lab 1,ar_eg,student,HARD,1793,HIGH,1
cluster_0064,RELATED,لمبة السقف مش شغالة,لاحظت مشكلة في ceiling light في Computer Science Building - Lab 1. The light turns off after a few minutes. الموضوع مأثر على الاستخدام دلوقتي.,ELECTRICAL,MEDIUM,HIGH,Computer Science Building - Lab 1,ar_eg,student,HARD,1293,RELATED,0
cluster_0064,HARD_NEGATIVE,مشكلة في exposed wire محتاجة حل,في عطل متعلق بـ exposed wire في المكان.,SAFETY_HAZARD,MEDIUM,HIGH,Cafeteria,ar_eg,student,HARD,21,LOW,0
cluster_0065,ORIGINAL,Network connection keeps disconnecting,There is a problem with the network connection at Engineering Building - Lab 2. The password is correct but the login keeps failing.,IT_NETWORK_ACCOUNTS,MEDIUM,LOW,Engineering Building - Lab 2,en,student,MEDIUM,0,,0
cluster_0065,DUPLICATE,Problem reported with network connection,There is still a problem with the network connection in Engineering Building - Lab 2. The password is correct but the login keeps failing.,IT_NETWORK_ACCOUNTS,MEDIUM,LOW,Engineering Building - Lab 2,en,student,MEDIUM,2636,HIGH,1
cluster_0065,DUPLICATE,Network connection issue,The network connection in Engineering Building - Lab 2 is not working normally.,IT_NETWORK_ACCOUNTS,MEDIUM,LOW,Engineering Building - Lab 2,en,student,MEDIUM,2710,MEDIUM,1
cluster_0065,RELATED,Laptop is running very slowly,I noticed that the laptop is very slow. It is in Engineering Building - Lab 2. The error appears when trying to use the device.,IT_HARDWARE_PRINTING,MEDIUM,LOW,Engineering Building - Lab 2,en,student,HARD,555,RELATED,0
cluster_0065,HARD_NEGATIVE,Problem reported with campus network,The campus network in this area needs to be checked.,IT_NETWORK_ACCOUNTS,MEDIUM,LOW,Main Lecture Hall,en,student,HARD,601,LOW,0
cluster_0066,ORIGINAL,3atel fe thermostat,feh 3atel fe thermostat fe Engineering Building - Lab 4.,HVAC_AC,MEDIUM,LOW,Engineering Building - Lab 4,arabizi,admin_staff,HARD,0,,0
cluster_0066,DUPLICATE,3atel fe thermostat,el thermostat lesa feh nafs el 3atel fe Engineering Building - Lab 4.,HVAC_AC,MEDIUM,LOW,Engineering Building - Lab 4,arabizi,admin_staff,HARD,2548,HIGH,1
cluster_0066,DUPLICATE,el thermostat feh moshkela,feh issue fe thermostat fe Engineering Building - Lab 4.,HVAC_AC,MEDIUM,LOW,Engineering Building - Lab 4,arabizi,admin_staff,HARD,187,LOW,1
cluster_0066,RELATED,el printer msh byetba3,el service area is not functioning normally fe Engineering Building - Lab 4.,OTHER,MEDIUM,LOW,Engineering Building - Lab 4,arabizi,admin_staff,HARD,1438,RELATED,0
cluster_0066,HARD_NEGATIVE,mshkela fe el thermostat,mshkela related lel thermostat fe Parking Area.,HVAC_AC,MEDIUM,LOW,Parking Area,arabizi,admin_staff,HARD,466,LOW,0
cluster_0067,ORIGINAL,مشكلة floor في المكان,floor has not been cleaned في Cafeteria.,CLEANING_WASTE,LOW,HIGH,Cafeteria,ar_eg,security_staff,HARD,0,,0
cluster_0067,DUPLICATE,مشكلة محتاجة متابعة في floor,في مشكلة في floor في Cafeteria.,CLEANING_WASTE,LOW,HIGH,Cafeteria,ar_eg,security_staff,HARD,1582,MEDIUM,1
cluster_0067,DUPLICATE,مشكلة محتاجة متابعة في floor,في مشكلة محتاجة متابعة في floor في Cafeteria.,CLEANING_WASTE,LOW,HIGH,Cafeteria,ar_eg,security_staff,HARD,651,MEDIUM,1
cluster_0067,DUPLICATE,عطل في floor,floor مش شغال بشكل طبيعي في Cafeteria.,CLEANING_WASTE,LOW,HIGH,Cafeteria,ar_eg,security_staff,HARD,2765,MEDIUM,1
cluster_0067,RELATED,الحنفية بتنقط,لاحظت مشكلة في water supply في Cafeteria. The area is still being used.,PLUMBING_WATER,LOW,HIGH,Cafeteria,ar_eg,security_staff,HARD,617,RELATED,0
cluster_0067,HARD_NEGATIVE,common area مش شغال,في عطل متعلق بـ common area في المكان.,CLEANING_WASTE,LOW,HIGH,Dormitory A - Floor 2,ar_eg,security_staff,HARD,931,LOW,0
cluster_0068,ORIGINAL,Problem with door,The problem is with door في Dormitory B - Floor 3.,BUILDING_STRUCTURE,LOW,LOW,Dormitory B - Floor 3,mixed,lecturer,MEDIUM,0,,0
cluster_0068,DUPLICATE,The door مش شغال,في مشكلة في the door في Dormitory B - Floor 3.,BUILDING_STRUCTURE,LOW,LOW,Dormitory B - Floor 3,mixed,lecturer,MEDIUM,1950,HIGH,1
cluster_0068,DUPLICATE,في مشكلة في door,محتاجين حد يشوف the door في Dormitory B - Floor 3.,BUILDING_STRUCTURE,LOW,LOW,Dormitory B - Floor 3,mixed,lecturer,MEDIUM,983,HIGH,1
cluster_0068,RELATED,The room محتاجة cleaning,محتاجين حد يشوف the broken railing في Dormitory B - Floor 3.,SAFETY_HAZARD,LOW,LOW,Dormitory B - Floor 3,mixed,lecturer,HARD,1031,RELATED,0
cluster_0068,HARD_NEGATIVE,مشكلة with floor tile,Something is wrong with the floor tile في Dormitory A - Floor 2.,BUILDING_STRUCTURE,LOW,LOW,Dormitory A - Floor 2,mixed,lecturer,HARD,924,LOW,0
cluster_0069,ORIGINAL,مشكلة في power outlet,The power outlet is flickering في Library - First Floor.,ELECTRICAL,MEDIUM,HIGH,Library - First Floor,mixed,admin_staff,MEDIUM,0,,0
cluster_0069,DUPLICATE,The power outlet مش شغال,نفس المشكلة موجودة في the power outlet at Library - First Floor.,ELECTRICAL,MEDIUM,HIGH,Library - First Floor,mixed,admin_staff,MEDIUM,2110,HIGH,1
cluster_0069,DUPLICATE,The power outlet مش شغال,في مشكلة related to the power outlet.,ELECTRICAL,MEDIUM,HIGH,Library - First Floor,mixed,admin_staff,MEDIUM,2396,LOW,1
cluster_0069,RELATED,The Wi-Fi بيفصل كل شوية,The problem is في Library - First Floor and it is affecting the area. الموضوع مأثر على الاستخدام دلوقتي.,BUILDING_STRUCTURE,MEDIUM,HIGH,Library - First Floor,mixed,admin_staff,HARD,1033,RELATED,0
cluster_0069,HARD_NEGATIVE,Issue في electrical switch,في مشكلة related to the electrical switch.,ELECTRICAL,MEDIUM,HIGH,Student Affairs Office,mixed,admin_staff,HARD,1110,LOW,0
cluster_0070,ORIGINAL,moshkela fel wall socket,momken 7ad yshoof el wall socket fe Main Entrance?,ELECTRICAL,HIGH,MEDIUM,Main Entrance,arabizi,student,MEDIUM,0,,0
cluster_0070,DUPLICATE,el wall socket feh moshkela,el wall socket lesa feh nafs el 3atel fe Main Entrance.,ELECTRICAL,HIGH,MEDIUM,Main Entrance,arabizi,student,MEDIUM,2563,HIGH,1
cluster_0070,DUPLICATE,mshkela fe el wall socket,momken 7ad yshoof el wall socket fe Main Entrance?,ELECTRICAL,HIGH,MEDIUM,Main Entrance,arabizi,student,MEDIUM,1275,HIGH,1
cluster_0070,DUPLICATE,3atel fe wall socket,feh 7aga 8alat fel wall socket fe Main Entrance.,ELECTRICAL,HIGH,MEDIUM,Main Entrance,arabizi,student,MEDIUM,2618,LOW,1
cluster_0070,RELATED,el screen msh sh8ala,feh moshkela fel equipment area fe Main Entrance. The exact cause is not clear.,OTHER,HIGH,MEDIUM,Main Entrance,arabizi,student,HARD,334,RELATED,0
cluster_0070,HARD_NEGATIVE,mshkela fe el electrical switch,el electrical switch mehtag motaba3a.,ELECTRICAL,HIGH,MEDIUM,Library - Second Floor,arabizi,student,HARD,782,LOW,0
cluster_0071,ORIGINAL,Issue في power outlet,The problem is with power outlet في Science Building - Chemistry Lab.,ELECTRICAL,MEDIUM,MEDIUM,Science Building - Chemistry Lab,mixed,student,HARD,0,,0
cluster_0071,DUPLICATE,Issue في power outlet,محتاجين حد يشوف the power outlet في Science Building - Chemistry Lab.,ELECTRICAL,MEDIUM,MEDIUM,Science Building - Chemistry Lab,mixed,student,HARD,1559,HIGH,1
cluster_0071,DUPLICATE,The power outlet مش شغال,The power outlet فيه نفس العطل في Science Building - Chemistry Lab.,ELECTRICAL,MEDIUM,MEDIUM,Science Building - Chemistry Lab,mixed,student,HARD,237,HIGH,1
cluster_0071,RELATED,There is a مشكلة في الباب,محتاجين حد يشوف the wall في Science Building - Chemistry Lab.,BUILDING_STRUCTURE,MEDIUM,MEDIUM,Science Building - Chemistry Lab,mixed,student,HARD,878,RELATED,0
cluster_0071,HARD_NEGATIVE,Problem with power outlet,في مشكلة related to the power outlet.,ELECTRICAL,MEDIUM,MEDIUM,Administration Building - Room 18,mixed,student,HARD,962,LOW,0
cluster_0072,ORIGINAL,moshkela fel printer,el printer is very slow fe Engineering Building - Lab 4.,IT_HARDWARE_PRINTING,HIGH,MEDIUM,Engineering Building - Lab 4,arabizi,security_staff,MEDIUM,0,,0
cluster_0072,DUPLICATE,mshkela fel printer,el moshkela fe printer zahret tany fe Engineering Building - Lab 4.,IT_HARDWARE_PRINTING,HIGH,MEDIUM,Engineering Building - Lab 4,arabizi,security_staff,MEDIUM,2391,HIGH,1
cluster_0072,DUPLICATE,mshkela fel printer,please check el printer fe Engineering Building - Lab 4.,IT_HARDWARE_PRINTING,HIGH,MEDIUM,Engineering Building - Lab 4,arabizi,security_staff,MEDIUM,148,MEDIUM,1
cluster_0072,RELATED,el screen msh sh8ala,el moshkela zahret elnharda fe Engineering Building - Lab 4. aktar men 7ad mota2asser.,IT_NETWORK_ACCOUNTS,HIGH,MEDIUM,Engineering Building - Lab 4,arabizi,security_staff,HARD,194,RELATED,0
cluster_0072,HARD_NEGATIVE,3atel fe mouse,el mouse mehtag check fe el makan.,IT_HARDWARE_PRINTING,HIGH,MEDIUM,Dormitory A - Floor 1,arabizi,security_staff,HARD,755,LOW,0
cluster_0073,ORIGINAL,The water pipe has an issue,في عطل في the water pipe في Engineering Building - Lab 4.,PLUMBING_WATER,LOW,MEDIUM,Engineering Building - Lab 4,mixed,admin_staff,HARD,0,,0
cluster_0073,DUPLICATE,مشكلة with water pipe,The water pipe فيه نفس العطل في Engineering Building - Lab 4.,PLUMBING_WATER,LOW,MEDIUM,Engineering Building - Lab 4,mixed,admin_staff,HARD,797,HIGH,1
cluster_0073,DUPLICATE,في مشكلة في water pipe,The water pipe فيه نفس العطل في Engineering Building - Lab 4.,PLUMBING_WATER,LOW,MEDIUM,Engineering Building - Lab 4,mixed,admin_staff,HARD,823,HIGH,1
cluster_0073,RELATED,The elevator وقف,محتاجين حد يشوف the common area في Engineering Building - Lab 4.,CLEANING_WASTE,LOW,MEDIUM,Engineering Building - Lab 4,mixed,admin_staff,HARD,691,RELATED,0
cluster_0073,HARD_NEGATIVE,The sink has an issue,في حاجة غلط في the sink at Engineering Building - Room 101.,PLUMBING_WATER,LOW,MEDIUM,Engineering Building - Room 101,mixed,admin_staff,HARD,676,LOW,0
cluster_0074,ORIGINAL,Issue في lecture screen,The lecture screen keeps disconnecting في Administration Building - Room 18.,AV_CLASSROOM_EQUIPMENT,MEDIUM,HIGH,Administration Building - Room 18,mixed,lab_assistant,HARD,0,,0
cluster_0074,DUPLICATE,Issue في lecture screen,There is an issue في lecture screen at Administration Building - Room 18.,AV_CLASSROOM_EQUIPMENT,MEDIUM,HIGH,Administration Building - Room 18,mixed,lab_assistant,HARD,2566,MEDIUM,1
cluster_0074,DUPLICATE,مشكلة with lecture screen,Issue مرتبطة بـ lecture screen في Administration Building - Room 18.,AV_CLASSROOM_EQUIPMENT,MEDIUM,HIGH,Administration Building - Room 18,mixed,lab_assistant,HARD,2082,LOW,1
cluster_0074,DUPLICATE,مشكلة في the lecture screen,The lecture screen مش شغال في Administration Building - Room 18.,AV_CLASSROOM_EQUIPMENT,MEDIUM,HIGH,Administration Building - Room 18,mixed,lab_assistant,HARD,1089,MEDIUM,1
cluster_0074,RELATED,The screen مش شغالة,The problem is في Administration Building - Room 18 and it is affecting the area.,IT_HARDWARE_PRINTING,MEDIUM,HIGH,Administration Building - Room 18,mixed,lab_assistant,HARD,897,RELATED,0
cluster_0074,HARD_NEGATIVE,في مشكلة في smart board,The smart board محتاج check في Library - First Floor.,AV_CLASSROOM_EQUIPMENT,MEDIUM,HIGH,Library - First Floor,mixed,lab_assistant,HARD,60,LOW,0
cluster_0075,ORIGINAL,Problem with elevator,The elevator in Library - First Floor is having an issue. People are currently using the building stairs.,ELEVATOR,HIGH,HIGH,Library - First Floor,en,security_staff,HARD,0,,0
cluster_0075,DUPLICATE,Issue affecting the elevator,The elevator in Library - First Floor is not working normally.,ELEVATOR,HIGH,HIGH,Library - First Floor,en,security_staff,HARD,407,MEDIUM,1
cluster_0075,DUPLICATE,Problem with elevator,Something seems wrong with the elevator in Library - First Floor.,ELEVATOR,HIGH,HIGH,Library - First Floor,en,security_staff,HARD,1871,LOW,1
cluster_0075,DUPLICATE,Elevator issue,The elevator in Library - First Floor is having the same issue. People are currently using the building stairs.,ELEVATOR,HIGH,HIGH,Library - First Floor,en,security_staff,HARD,2537,HIGH,1
cluster_0075,RELATED,Broken floor tile,There is an issue with the door in Library - First Floor. The problem has gradually become more noticeable. Several people are affected.,BUILDING_STRUCTURE,HIGH,HIGH,Library - First Floor,en,security_staff,HARD,1067,RELATED,0
cluster_0075,HARD_NEGATIVE,Elevator panel problem reported,The elevator panel at Library - Second Floor is causing trouble.,ELEVATOR,HIGH,HIGH,Library - Second Floor,en,security_staff,HARD,1189,LOW,0
cluster_0076,ORIGINAL,مشكلة room في المكان,لاحظت إن room فيه مشكلة في Cafeteria.,OTHER,HIGH,HIGH,Cafeteria,ar_eg,lab_assistant,MEDIUM,0,,0
cluster_0076,DUPLICATE,room فيه مشكلة,محتاجين حد يشوف room في Cafeteria.,OTHER,HIGH,HIGH,Cafeteria,ar_eg,lab_assistant,MEDIUM,2267,MEDIUM,1
cluster_0076,DUPLICATE,عطل في room,في مشكلة في room في Cafeteria.,OTHER,HIGH,HIGH,Cafeteria,ar_eg,lab_assistant,MEDIUM,460,MEDIUM,1
cluster_0076,DUPLICATE,room مش شغال,في عطل متعلق بـ room في المكان.,OTHER,HIGH,HIGH,Cafeteria,ar_eg,lab_assistant,MEDIUM,696,LOW,1
cluster_0076,RELATED,في مشكلة محتاجة فحص,في مشكلة في room في Cafeteria. The exact cause is not clear.,OTHER,HIGH,HIGH,Cafeteria,ar_eg,lab_assistant,HARD,1099,RELATED,0
cluster_0076,HARD_NEGATIVE,عطل في service area,service area محتاج يتراجع في المكان ده.,OTHER,HIGH,HIGH,Computer Science Building - Room 203,ar_eg,lab_assistant,HARD,1178,LOW,0
cluster_0077,ORIGINAL,el desktop computer feh moshkela,feh 3atel fe desktop computer fe Library - First Floor.,IT_HARDWARE_PRINTING,MEDIUM,MEDIUM,Library - First Floor,arabizi,student,HARD,0,,0
cluster_0077,DUPLICATE,el desktop computer mehtag check,el desktop computer lesa feh nafs el 3atel fe Library - First Floor.,IT_HARDWARE_PRINTING,MEDIUM,MEDIUM,Library - First Floor,arabizi,student,HARD,2319,HIGH,1
cluster_0077,DUPLICATE,el desktop computer mehtag check,nafs moshkelt el desktop computer lesa mawgooda fe Library - First Floor.,IT_HARDWARE_PRINTING,MEDIUM,MEDIUM,Library - First Floor,arabizi,student,HARD,1485,HIGH,1
cluster_0077,RELATED,el printer msh byetba3,el moshkela zahret elnharda fe Library - First Floor.,IT_NETWORK_ACCOUNTS,MEDIUM,MEDIUM,Library - First Floor,arabizi,student,HARD,353,RELATED,0
cluster_0077,HARD_NEGATIVE,el USB port mehtag check,el USB port mehtag check fe el makan.,IT_HARDWARE_PRINTING,MEDIUM,MEDIUM,Sports Building,arabizi,student,HARD,735,LOW,0
cluster_0078,ORIGINAL,Issue with outdoor light in the area,The outdoor light is blocked at Parking Area. The issue affects one outdoor location.,GROUNDS_OUTDOOR,LOW,LOW,Parking Area,en,security_staff,HARD,0,,0
cluster_0078,DUPLICATE,Outdoor light problem reported,The outdoor light needs attention in Parking Area.,GROUNDS_OUTDOOR,LOW,LOW,Parking Area,en,security_staff,HARD,2209,MEDIUM,1
cluster_0078,DUPLICATE,Outdoor light problem reported,There is still a problem with the outdoor light in Parking Area. The issue affects one outdoor location.,GROUNDS_OUTDOOR,LOW,LOW,Parking Area,en,security_staff,HARD,1193,HIGH,1
cluster_0078,DUPLICATE,Outdoor light problem reported,There is still a problem with the outdoor light in Parking Area. The issue affects one outdoor location.,GROUNDS_OUTDOOR,LOW,LOW,Parking Area,en,security_staff,HARD,401,HIGH,1
cluster_0078,RELATED,Slippery floor near entrance,"The smoke is damaged in Parking Area, and it is affecting the area.",SAFETY_HAZARD,LOW,LOW,Parking Area,en,security_staff,HARD,18,RELATED,0
cluster_0078,HARD_NEGATIVE,Problem reported with gate,The gate in this area needs to be checked.,GROUNDS_OUTDOOR,LOW,LOW,Science Building - Chemistry Lab,en,security_staff,HARD,482,LOW,0
cluster_0079,ORIGINAL,مشكلة smart board في المكان,المشكلة في smart board موجودة في Computer Science Building - Room 203.,AV_CLASSROOM_EQUIPMENT,LOW,HIGH,Computer Science Building - Room 203,ar_eg,lecturer,HARD,0,,0
cluster_0079,DUPLICATE,مشكلة smart board في المكان,في مشكلة في smart board في Computer Science Building - Room 203. The instructor needs the equipment for the current class.,AV_CLASSROOM_EQUIPMENT,LOW,HIGH,Computer Science Building - Room 203,ar_eg,lecturer,HARD,1207,HIGH,1
cluster_0079,DUPLICATE,smart board فيه مشكلة,المشكلة في smart board ظهرت تاني في Computer Science Building - Room 203.,AV_CLASSROOM_EQUIPMENT,LOW,HIGH,Computer Science Building - Room 203,ar_eg,lecturer,HARD,1992,HIGH,1
cluster_0079,RELATED,لمبة السقف مش شغالة,لاحظت مشكلة في ceiling light في Computer Science Building - Room 203. The problem is limited to one room. الموضوع مأثر على الاستخدام دلوقتي.,ELECTRICAL,LOW,HIGH,Computer Science Building - Room 203,ar_eg,lecturer,HARD,589,RELATED,0
cluster_0079,HARD_NEGATIVE,مشكلة projector في المكان,مشكلة في projector محتاجة تتراجع في Sports Building.,AV_CLASSROOM_EQUIPMENT,LOW,HIGH,Sports Building,ar_eg,lecturer,HARD,569,LOW,0
cluster_0080,ORIGINAL,Water supply issue,I noticed that the water supply has no water in Engineering Building - Room 101. Water is collecting on the floor.,PLUMBING_WATER,MEDIUM,MEDIUM,Engineering Building - Room 101,en,student,HARD,0,,0
cluster_0080,DUPLICATE,Problem reported with water supply,Problem reported with the water supply in Engineering Building - Room 101.,PLUMBING_WATER,MEDIUM,MEDIUM,Engineering Building - Room 101,en,student,HARD,1103,MEDIUM,1
cluster_0080,DUPLICATE,Water supply is has no water,The same water supply problem was noticed in Engineering Building - Room 101.,PLUMBING_WATER,MEDIUM,MEDIUM,Engineering Building - Room 101,en,student,HARD,955,HIGH,1
cluster_0080,RELATED,Ceiling panel is loose,There is an issue with the door in Engineering Building - Room 101. A repair is needed.,BUILDING_STRUCTURE,MEDIUM,MEDIUM,Engineering Building - Room 101,en,student,HARD,663,RELATED,0
cluster_0080,HARD_NEGATIVE,Issue affecting the water pipe,I noticed a problem involving the water pipe at Engineering Building - Lab 2.,PLUMBING_WATER,MEDIUM,MEDIUM,Engineering Building - Lab 2,en,student,HARD,550,LOW,0
cluster_0081,ORIGINAL,مشكلة في window,في مشكلة في window في Parking Area. The room is still accessible.,BUILDING_STRUCTURE,MEDIUM,HIGH,Parking Area,ar_eg,student,HARD,0,,0
cluster_0081,DUPLICATE,window فيه مشكلة,في حاجة غلط في window في Parking Area.,BUILDING_STRUCTURE,MEDIUM,HIGH,Parking Area,ar_eg,student,HARD,1236,LOW,1
cluster_0081,DUPLICATE,window مش شغال,محتاجين حد يشوف window في Parking Area لأنه is cracked.,BUILDING_STRUCTURE,MEDIUM,HIGH,Parking Area,ar_eg,student,HARD,1821,HIGH,1
cluster_0081,DUPLICATE,مشكلة window في المكان,في عطل متعلق بـ window في المكان.,BUILDING_STRUCTURE,MEDIUM,HIGH,Parking Area,ar_eg,student,HARD,1173,LOW,1
cluster_0081,RELATED,الأرض مبلولة وزلقة,محتاجين حد يشوف broken railing في Parking Area. The problem should be reviewed soon.,SAFETY_HAZARD,MEDIUM,HIGH,Parking Area,ar_eg,student,HARD,889,RELATED,0
cluster_0081,HARD_NEGATIVE,ceiling مش شغال,مشكلة في ceiling محتاجة تتراجع في Computer Science Building - Room 203.,BUILDING_STRUCTURE,MEDIUM,HIGH,Computer Science Building - Room 203,ar_eg,student,HARD,21,LOW,0
cluster_0082,ORIGINAL,moshkela fel air conditioner,feh 3atel fe air conditioner fe Dormitory A - Floor 2.,HVAC_AC,HIGH,HIGH,Dormitory A - Floor 2,arabizi,student,MEDIUM,0,,0
cluster_0082,DUPLICATE,mshkela fel air conditioner,el moshkela fe air conditioner zahret tany fe Dormitory A - Floor 2.,HVAC_AC,HIGH,HIGH,Dormitory A - Floor 2,arabizi,student,MEDIUM,534,HIGH,1
cluster_0082,DUPLICATE,el air conditioner mehtag check,feh moshkela fel air conditioner fe Dormitory A - Floor 2.,HVAC_AC,HIGH,HIGH,Dormitory A - Floor 2,arabizi,student,MEDIUM,21,HIGH,1
cluster_0082,RELATED,el screen msh sh8ala,momken 7ad yshoof el room fe Dormitory A - Floor 2? aktar men 7ad mota2asser.,OTHER,HIGH,HIGH,Dormitory A - Floor 2,arabizi,student,HARD,111,RELATED,0
cluster_0082,HARD_NEGATIVE,problem fe AC unit,el AC unit mehtag motaba3a.,HVAC_AC,HIGH,HIGH,Outdoor Courtyard,arabizi,student,HARD,1198,LOW,0
cluster_0083,ORIGINAL,university email فيه مشكلة,محتاجين حد يشوف university email في Science Building - Chemistry Lab. The connection works in another building but not here.,IT_NETWORK_ACCOUNTS,HIGH,HIGH,Science Building - Chemistry Lab,ar_eg,lecturer,MEDIUM,0,,0
cluster_0083,DUPLICATE,university email مش شغال,في مشكلة محتاجة متابعة في university email في Science Building - Chemistry Lab.,IT_NETWORK_ACCOUNTS,HIGH,HIGH,Science Building - Chemistry Lab,ar_eg,lecturer,MEDIUM,2104,MEDIUM,1
cluster_0083,DUPLICATE,university email فيه مشكلة,لاحظت مشكلة مرتبطة بـ university email في Science Building - Chemistry Lab.,IT_NETWORK_ACCOUNTS,HIGH,HIGH,Science Building - Chemistry Lab,ar_eg,lecturer,MEDIUM,2513,LOW,1
cluster_0083,DUPLICATE,مشكلة في university email محتاجة حل,في عطل في university email في Science Building - Chemistry Lab.,IT_NETWORK_ACCOUNTS,HIGH,HIGH,Science Building - Chemistry Lab,ar_eg,lecturer,MEDIUM,872,MEDIUM,1
cluster_0083,RELATED,الطابعة عليها Error,printer stopped responding في Science Building - Chemistry Lab. الموضوع محتاج متابعة. الموضوع مأثر على الاستخدام دلوقتي.,IT_HARDWARE_PRINTING,HIGH,HIGH,Science Building - Chemistry Lab,ar_eg,lecturer,HARD,1338,RELATED,0
cluster_0083,HARD_NEGATIVE,مشكلة في university email,مشكلة في university email محتاجة تتراجع في Administration Building - Room 18.,IT_NETWORK_ACCOUNTS,HIGH,HIGH,Administration Building - Room 18,ar_eg,lecturer,HARD,995,LOW,0
cluster_0084,ORIGINAL,Room requires inspection,The room in Administration Building - Room 18 is having an issue. The problem could not be classified more specifically.,OTHER,MEDIUM,MEDIUM,Administration Building - Room 18,en,security_staff,HARD,0,,0
cluster_0084,DUPLICATE,Problem with room,The room at Administration Building - Room 18 is causing trouble.,OTHER,MEDIUM,MEDIUM,Administration Building - Room 18,en,security_staff,HARD,2222,LOW,1
cluster_0084,DUPLICATE,Room is requires inspection,The room at Administration Building - Room 18 requires inspection. The problem could not be classified more specifically.,OTHER,MEDIUM,MEDIUM,Administration Building - Room 18,en,security_staff,HARD,770,HIGH,1
cluster_0084,DUPLICATE,Room needs attention,The same room problem was noticed in Administration Building - Room 18.,OTHER,MEDIUM,MEDIUM,Administration Building - Room 18,en,security_staff,HARD,1711,HIGH,1
cluster_0084,RELATED,Facility issue needs inspection,Please check the facility at Administration Building - Room 18. It is not functioning normally. A technician may need to inspect the area.,OTHER,MEDIUM,MEDIUM,Administration Building - Room 18,en,security_staff,HARD,584,RELATED,0
cluster_0084,HARD_NEGATIVE,Facility is is not functioning normally,There is a reported issue with this facility.,OTHER,MEDIUM,MEDIUM,Computer Science Building - Room 203,en,security_staff,HARD,137,LOW,0
cluster_0085,ORIGINAL,moshkela fel power supply,feh moshkela fel power supply fe Library - Second Floor.,ELECTRICAL,MEDIUM,MEDIUM,Library - Second Floor,arabizi,lab_assistant,MEDIUM,0,,0
cluster_0085,DUPLICATE,mshkela fe power supply fe el makan,momken 7ad yshoof el power supply fe Library - Second Floor?,ELECTRICAL,MEDIUM,MEDIUM,Library - Second Floor,arabizi,lab_assistant,MEDIUM,2078,HIGH,1
cluster_0085,DUPLICATE,el power supply mehtag check,nafs moshkelt el power supply lesa mawgooda fe Library - Second Floor.,ELECTRICAL,MEDIUM,MEDIUM,Library - Second Floor,arabizi,lab_assistant,MEDIUM,1107,HIGH,1
cluster_0085,RELATED,el AC msh bybared,el moshkela zahret elnharda fe Library - Second Floor.,BUILDING_STRUCTURE,MEDIUM,MEDIUM,Library - Second Floor,arabizi,lab_assistant,HARD,1297,RELATED,0
cluster_0085,HARD_NEGATIVE,el power outlet mehtag check,mshkela related lel power outlet fe Dormitory A - Floor 1.,ELECTRICAL,MEDIUM,MEDIUM,Dormitory A - Floor 1,arabizi,lab_assistant,HARD,1171,LOW,0
cluster_0086,ORIGINAL,Issue في outdoor light,The problem is with outdoor light في Outdoor Courtyard.,GROUNDS_OUTDOOR,LOW,LOW,Outdoor Courtyard,mixed,admin_staff,HARD,0,,0
cluster_0086,DUPLICATE,Problem with outdoor light,محتاجين حد يشوف the outdoor light في Outdoor Courtyard.,GROUNDS_OUTDOOR,LOW,LOW,Outdoor Courtyard,mixed,admin_staff,HARD,346,HIGH,1
cluster_0086,DUPLICATE,The outdoor light مش شغال,في مشكلة with the outdoor light at Outdoor Courtyard.,GROUNDS_OUTDOOR,LOW,LOW,Outdoor Courtyard,mixed,admin_staff,HARD,956,MEDIUM,1
cluster_0086,RELATED,There is a مشكلة في الباب,The problem is في Outdoor Courtyard and it is affecting the area.,SAFETY_HAZARD,LOW,LOW,Outdoor Courtyard,mixed,admin_staff,HARD,1288,RELATED,0
cluster_0086,HARD_NEGATIVE,في مشكلة في outdoor light,The outdoor light محتاج check في Computer Science Building - Lab 1.,GROUNDS_OUTDOOR,LOW,LOW,Computer Science Building - Lab 1,mixed,admin_staff,HARD,32,LOW,0
cluster_0087,ORIGINAL,Air conditioning system issue,I noticed that the air conditioning system is making a strange noise in Lecture Hall B. The room becomes uncomfortable after some time.,HVAC_AC,MEDIUM,LOW,Lecture Hall B,en,dorm_resident,HARD,0,,0
cluster_0087,DUPLICATE,Air conditioning system issue,The air conditioning system at Lecture Hall B is making a strange noise. The room becomes uncomfortable after some time.,HVAC_AC,MEDIUM,LOW,Lecture Hall B,en,dorm_resident,HARD,1409,HIGH,1
cluster_0087,DUPLICATE,Air conditioning system needs attention,The air conditioning system at Lecture Hall B is making a strange noise. The room becomes uncomfortable after some time.,HVAC_AC,MEDIUM,LOW,Lecture Hall B,en,dorm_resident,HARD,465,HIGH,1
cluster_0087,DUPLICATE,Problem reported with air conditioning system,There is a reported issue with this air conditioning system.,HVAC_AC,MEDIUM,LOW,Lecture Hall B,en,dorm_resident,HARD,2053,LOW,1
cluster_0087,RELATED,Room needs inspection,"The service area needs maintenance in Lecture Hall B, and it is affecting the area.",OTHER,MEDIUM,LOW,Lecture Hall B,en,dorm_resident,HARD,676,RELATED,0
cluster_0087,HARD_NEGATIVE,Issue affecting the thermostat,Something seems wrong with the thermostat in Parking Area.,HVAC_AC,MEDIUM,LOW,Parking Area,en,dorm_resident,HARD,486,LOW,0
cluster_0088,ORIGINAL,moshkela fel chair,feh moshkela fel chair fe Student Affairs Office.,FURNITURE_FIXTURES,MEDIUM,LOW,Student Affairs Office,arabizi,lab_assistant,HARD,0,,0
cluster_0088,DUPLICATE,3atel fe chair,nafs moshkelt el chair lesa mawgooda fe Student Affairs Office.,FURNITURE_FIXTURES,MEDIUM,LOW,Student Affairs Office,arabizi,lab_assistant,HARD,2279,HIGH,1
cluster_0088,DUPLICATE,el chair feh moshkela,el chair lesa feh nafs el 3atel fe Student Affairs Office.,FURNITURE_FIXTURES,MEDIUM,LOW,Student Affairs Office,arabizi,lab_assistant,HARD,968,HIGH,1
cluster_0088,RELATED,el door msh by2fel,momken 7ad yshoof el ceiling fe Student Affairs Office?,BUILDING_STRUCTURE,MEDIUM,LOW,Student Affairs Office,arabizi,lab_assistant,HARD,174,RELATED,0
cluster_0088,HARD_NEGATIVE,mshkela fel door handle,el door handle mehtag motaba3a.,FURNITURE_FIXTURES,MEDIUM,LOW,Parking Area,arabizi,lab_assistant,HARD,1007,LOW,0
cluster_0089,ORIGINAL,Problem with corridor,في مشكلة في the corridor at Cafeteria.,CLEANING_WASTE,MEDIUM,LOW,Cafeteria,mixed,admin_staff,HARD,0,,0
cluster_0089,DUPLICATE,The corridor مش شغال,نفس المشكلة موجودة في the corridor at Cafeteria.,CLEANING_WASTE,MEDIUM,LOW,Cafeteria,mixed,admin_staff,HARD,2191,HIGH,1
cluster_0089,DUPLICATE,في مشكلة في corridor,Something is wrong with the corridor في Cafeteria.,CLEANING_WASTE,MEDIUM,LOW,Cafeteria,mixed,admin_staff,HARD,1166,LOW,1
cluster_0089,DUPLICATE,Problem with corridor,في عطل في the corridor في Cafeteria.,CLEANING_WASTE,MEDIUM,LOW,Cafeteria,mixed,admin_staff,HARD,196,MEDIUM,1
cluster_0089,RELATED,The Wi-Fi بيفصل كل شوية,The problem is في Cafeteria and it is affecting the area.,PLUMBING_WATER,MEDIUM,LOW,Cafeteria,mixed,admin_staff,HARD,830,RELATED,0
cluster_0089,HARD_NEGATIVE,Issue في floor,في حاجة غلط في the floor at Dormitory B - Floor 3.,CLEANING_WASTE,MEDIUM,LOW,Dormitory B - Floor 3,mixed,admin_staff,HARD,395,LOW,0
cluster_0090,ORIGINAL,Issue with power supply in the area,There is a problem with the power supply at Lecture Hall C. The problem is limited to one room.,ELECTRICAL,MEDIUM,HIGH,Lecture Hall C,en,admin_staff,MEDIUM,0,,0
cluster_0090,DUPLICATE,Power supply needs attention,The same power supply problem was noticed in Lecture Hall C.,ELECTRICAL,MEDIUM,HIGH,Lecture Hall C,en,admin_staff,MEDIUM,2326,HIGH,1
cluster_0090,DUPLICATE,Issue affecting the power supply,The power supply in Lecture Hall C is having the same issue. The problem is limited to one room.,ELECTRICAL,MEDIUM,HIGH,Lecture Hall C,en,admin_staff,MEDIUM,89,HIGH,1
cluster_0090,RELATED,Facility issue needs inspection,The facility is not functioning normally at Lecture Hall C. The problem could not be classified more specifically. This is needed for the current session.,OTHER,MEDIUM,HIGH,Lecture Hall C,en,admin_staff,HARD,224,RELATED,0
cluster_0090,HARD_NEGATIVE,Electrical switch issue,The electrical switch at Administration Building - Room 18 is causing trouble.,ELECTRICAL,MEDIUM,HIGH,Administration Building - Room 18,en,admin_staff,HARD,677,LOW,0
cluster_0091,ORIGINAL,elevator door فيه مشكلة,المشكلة في elevator door موجودة في Engineering Building - Room 101.,ELEVATOR,MEDIUM,HIGH,Engineering Building - Room 101,ar_eg,admin_staff,HARD,0,,0
cluster_0091,DUPLICATE,مشكلة elevator door في المكان,محتاجين حد يشوف elevator door في Engineering Building - Room 101 لأنه stopped between floors.,ELEVATOR,MEDIUM,HIGH,Engineering Building - Room 101,ar_eg,admin_staff,HARD,1582,HIGH,1
cluster_0091,DUPLICATE,مشكلة elevator door في المكان,في عطل في elevator door في Engineering Building - Room 101.,ELEVATOR,MEDIUM,HIGH,Engineering Building - Room 101,ar_eg,admin_staff,HARD,2318,MEDIUM,1
cluster_0091,RELATED,السور بتاع السلم مكسور,smoke is blocking part of the area في Engineering Building - Room 101. الموضوع محتاج متابعة.,SAFETY_HAZARD,MEDIUM,HIGH,Engineering Building - Room 101,ar_eg,admin_staff,HARD,850,RELATED,0
cluster_0091,HARD_NEGATIVE,مشكلة في elevator محتاجة حل,في عطل متعلق بـ elevator في المكان.,ELEVATOR,MEDIUM,HIGH,Dormitory A - Floor 2,ar_eg,admin_staff,HARD,779,LOW,0
cluster_0092,ORIGINAL,مشكلة outdoor bench في المكان,outdoor bench is poorly lit في Main Entrance.,GROUNDS_OUTDOOR,HIGH,MEDIUM,Main Entrance,ar_eg,student,HARD,0,,0
cluster_0092,DUPLICATE,مشكلة في outdoor bench محتاجة حل,نفس مشكلة outdoor bench لسه موجودة في Main Entrance.,GROUNDS_OUTDOOR,HIGH,MEDIUM,Main Entrance,ar_eg,student,HARD,1344,HIGH,1
cluster_0092,DUPLICATE,مشكلة محتاجة متابعة في outdoor bench,المشكلة في outdoor bench ظهرت تاني في Main Entrance.,GROUNDS_OUTDOOR,HIGH,MEDIUM,Main Entrance,ar_eg,student,HARD,471,HIGH,1
cluster_0092,RELATED,بلاطة الأرض مكسورة,المشكلة موجودة في Main Entrance وبتأثر على المكان.,BUILDING_STRUCTURE,HIGH,MEDIUM,Main Entrance,ar_eg,student,HARD,211,RELATED,0
cluster_0092,HARD_NEGATIVE,عطل في outdoor light,في عطل متعلق بـ outdoor light في المكان.,GROUNDS_OUTDOOR,HIGH,MEDIUM,Lecture Hall B,ar_eg,student,HARD,554,LOW,0
cluster_0093,ORIGINAL,مشكلة drain في المكان,drain is blocked في Library - First Floor.,PLUMBING_WATER,MEDIUM,MEDIUM,Library - First Floor,ar_eg,student,MEDIUM,0,,0
cluster_0093,DUPLICATE,drain فيه مشكلة,في عطل في drain في Library - First Floor.,PLUMBING_WATER,MEDIUM,MEDIUM,Library - First Floor,ar_eg,student,MEDIUM,1056,MEDIUM,1
cluster_0093,DUPLICATE,مشكلة drain في المكان,المشكلة في drain ظهرت تاني في Library - First Floor.,PLUMBING_WATER,MEDIUM,MEDIUM,Library - First Floor,ar_eg,student,MEDIUM,1239,HIGH,1
cluster_0093,DUPLICATE,عطل في drain,في عطل متعلق بـ drain في المكان.,PLUMBING_WATER,MEDIUM,MEDIUM,Library - First Floor,ar_eg,student,MEDIUM,2727,LOW,1
cluster_0093,RELATED,باب القاعة تالف,لاحظت مشكلة في floor tile في Library - First Floor. The damage was noticed today.,BUILDING_STRUCTURE,MEDIUM,MEDIUM,Library - First Floor,ar_eg,student,HARD,1184,RELATED,0
cluster_0093,HARD_NEGATIVE,مشكلة في sink,في عطل متعلق بـ sink في المكان.,PLUMBING_WATER,MEDIUM,MEDIUM,Cafeteria,ar_eg,student,HARD,53,LOW,0
cluster_0094,ORIGINAL,The AC unit has an issue,في مشكلة في the AC unit at Cafeteria.,HVAC_AC,MEDIUM,LOW,Cafeteria,mixed,dorm_resident,HARD,0,,0
cluster_0094,DUPLICATE,مشكلة في the AC unit,في حاجة غلط في the AC unit at Cafeteria.,HVAC_AC,MEDIUM,LOW,Cafeteria,mixed,dorm_resident,HARD,2389,LOW,1
cluster_0094,DUPLICATE,مشكلة في the AC unit,Something is wrong with the AC unit في Cafeteria.,HVAC_AC,MEDIUM,LOW,Cafeteria,mixed,dorm_resident,HARD,1878,LOW,1
cluster_0094,DUPLICATE,مشكلة with AC unit,Issue مرتبطة بـ AC unit في Cafeteria.,HVAC_AC,MEDIUM,LOW,Cafeteria,mixed,dorm_resident,HARD,1995,LOW,1
cluster_0094,RELATED,The AC مش بيبرد,The ceiling light keeps turning off في Cafeteria. The issue appeared this morning.,ELECTRICAL,MEDIUM,LOW,Cafeteria,mixed,dorm_resident,HARD,502,RELATED,0
cluster_0094,HARD_NEGATIVE,Issue في vent,Issue مرتبطة بـ vent في Computer Science Building - Room 203.,HVAC_AC,MEDIUM,LOW,Computer Science Building - Room 203,mixed,dorm_resident,HARD,28,LOW,0
cluster_0095,ORIGINAL,مشكلة في door handle,محتاجين حد يشوف the door handle في Dormitory A - Floor 2.,FURNITURE_FIXTURES,MEDIUM,LOW,Dormitory A - Floor 2,mixed,lab_assistant,HARD,0,,0
cluster_0095,DUPLICATE,Issue في door handle,There is an issue في door handle at Dormitory A - Floor 2.,FURNITURE_FIXTURES,MEDIUM,LOW,Dormitory A - Floor 2,mixed,lab_assistant,HARD,2100,MEDIUM,1
cluster_0095,DUPLICATE,Problem with door handle,محتاجين حد يشوف the door handle في Dormitory A - Floor 2.,FURNITURE_FIXTURES,MEDIUM,LOW,Dormitory A - Floor 2,mixed,lab_assistant,HARD,574,HIGH,1
cluster_0095,RELATED,The room محتاجة cleaning,في مشكلة في door at Dormitory A - Floor 2. الموضوع محتاج متابعة.,BUILDING_STRUCTURE,MEDIUM,LOW,Dormitory A - Floor 2,mixed,lab_assistant,HARD,432,RELATED,0
cluster_0095,HARD_NEGATIVE,في مشكلة في shelf,Issue مرتبطة بـ shelf في Cafeteria.,FURNITURE_FIXTURES,MEDIUM,LOW,Cafeteria,mixed,lab_assistant,HARD,12,LOW,0
cluster_0096,ORIGINAL,3atel fe scanner,momken 7ad yshoof el scanner fe Library - First Floor?,IT_HARDWARE_PRINTING,MEDIUM,LOW,Library - First Floor,arabizi,lecturer,MEDIUM,0,,0
cluster_0096,DUPLICATE,mshkela fe el scanner,feh 7aga 8alat fel scanner fe Library - First Floor.,IT_HARDWARE_PRINTING,MEDIUM,LOW,Library - First Floor,arabizi,lecturer,MEDIUM,341,LOW,1
cluster_0096,DUPLICATE,mshkela fe el scanner,feh 3atel fe scanner fe Library - First Floor.,IT_HARDWARE_PRINTING,MEDIUM,LOW,Library - First Floor,arabizi,lecturer,MEDIUM,529,MEDIUM,1
cluster_0096,RELATED,feh moshkela fel room,feh moshkela fel network connection fe Library - First Floor. Other devices in the same area seem to have the same problem.,IT_NETWORK_ACCOUNTS,MEDIUM,LOW,Library - First Floor,arabizi,lecturer,HARD,115,RELATED,0
cluster_0096,HARD_NEGATIVE,mshkela fel monitor,el monitor mehtag check fe el makan.,IT_HARDWARE_PRINTING,MEDIUM,LOW,Computer Science Building - Lab 3,arabizi,lecturer,HARD,827,LOW,0
cluster_0097,ORIGINAL,Problem with wall,محتاجين حد يشوف the wall في Engineering Building - Room 101.,BUILDING_STRUCTURE,LOW,HIGH,Engineering Building - Room 101,mixed,dorm_resident,HARD,0,,0
cluster_0097,DUPLICATE,Issue في wall,في مشكلة في the wall في Engineering Building - Room 101.,BUILDING_STRUCTURE,LOW,HIGH,Engineering Building - Room 101,mixed,dorm_resident,HARD,1331,HIGH,1
cluster_0097,DUPLICATE,في مشكلة في wall,في مشكلة related to the wall.,BUILDING_STRUCTURE,LOW,HIGH,Engineering Building - Room 101,mixed,dorm_resident,HARD,1892,LOW,1
cluster_0097,DUPLICATE,The wall مش شغال,The wall مش شغال normally في Engineering Building - Room 101.,BUILDING_STRUCTURE,LOW,HIGH,Engineering Building - Room 101,mixed,dorm_resident,HARD,2090,HIGH,1
cluster_0097,RELATED,There is a مشكلة في الباب,I noticed إن slippery floor needs attention in Engineering Building - Room 101. الموضوع مأثر على الاستخدام دلوقتي.,SAFETY_HAZARD,LOW,HIGH,Engineering Building - Room 101,mixed,dorm_resident,HARD,715,RELATED,0
cluster_0097,HARD_NEGATIVE,The ceiling panel has an issue,The ceiling panel محتاج check في Computer Science Building - Lab 3.,BUILDING_STRUCTURE,LOW,HIGH,Computer Science Building - Lab 3,mixed,dorm_resident,HARD,1076,LOW,0
cluster_0098,ORIGINAL,Wall is damaged,Please check the wall in Lecture Hall C. It is damaged.,BUILDING_STRUCTURE,MEDIUM,LOW,Lecture Hall C,en,lecturer,MEDIUM,0,,0
cluster_0098,DUPLICATE,Problem with wall,The wall at Lecture Hall C is damaged. The problem has gradually become more noticeable.,BUILDING_STRUCTURE,MEDIUM,LOW,Lecture Hall C,en,lecturer,MEDIUM,2875,HIGH,1
cluster_0098,DUPLICATE,Wall needs attention,I noticed a problem involving the wall at Lecture Hall C.,BUILDING_STRUCTURE,MEDIUM,LOW,Lecture Hall C,en,lecturer,MEDIUM,1382,LOW,1
cluster_0098,RELATED,Broken railing on stairs,There is an issue with the obstruction in Lecture Hall C. The area is still being accessed.,SAFETY_HAZARD,MEDIUM,LOW,Lecture Hall C,en,lecturer,HARD,215,RELATED,0
cluster_0098,HARD_NEGATIVE,Problem with door,Something seems wrong with the door in Computer Science Building - Lab 3.,BUILDING_STRUCTURE,MEDIUM,LOW,Computer Science Building - Lab 3,en,lecturer,HARD,604,LOW,0
cluster_0099,ORIGINAL,Issue with network connection in the area,Please check the network connection in Library - First Floor. It stopped working.,IT_NETWORK_ACCOUNTS,MEDIUM,HIGH,Library - First Floor,en,admin_staff,HARD,0,,0
cluster_0099,DUPLICATE,Problem with network connection,Please check the network connection at Library - First Floor; it stopped working.,IT_NETWORK_ACCOUNTS,MEDIUM,HIGH,Library - First Floor,en,admin_staff,HARD,1853,HIGH,1
cluster_0099,DUPLICATE,Network connection issue,The network connection in this area needs to be checked.,IT_NETWORK_ACCOUNTS,MEDIUM,HIGH,Library - First Floor,en,admin_staff,HARD,508,LOW,1
cluster_0099,DUPLICATE,Network connection issue,Problem reported with the network connection in Library - First Floor.,IT_NETWORK_ACCOUNTS,MEDIUM,HIGH,Library - First Floor,en,admin_staff,HARD,1254,MEDIUM,1
cluster_0099,RELATED,Service area needs maintenance,There is an issue with the service area in Library - First Floor. The problem could not be classified more specifically.,OTHER,MEDIUM,HIGH,Library - First Floor,en,admin_staff,HARD,1277,RELATED,0
cluster_0099,HARD_NEGATIVE,Campus network issue,Something seems wrong with the campus network in Outdoor Courtyard.,IT_NETWORK_ACCOUNTS,MEDIUM,HIGH,Outdoor Courtyard,en,admin_staff,HARD,388,LOW,0
cluster_0100,ORIGINAL,مشكلة في faucet,المشكلة في faucet موجودة في Computer Science Building - Lab 1.,PLUMBING_WATER,HIGH,LOW,Computer Science Building - Lab 1,ar_eg,admin_staff,MEDIUM,0,,0
cluster_0100,DUPLICATE,faucet فيه مشكلة,في مشكلة في faucet في Computer Science Building - Lab 1.,PLUMBING_WATER,HIGH,LOW,Computer Science Building - Lab 1,ar_eg,admin_staff,MEDIUM,275,MEDIUM,1
cluster_0100,DUPLICATE,faucet فيه مشكلة,المشكلة في faucet ظهرت تاني في Computer Science Building - Lab 1.,PLUMBING_WATER,HIGH,LOW,Computer Science Building - Lab 1,ar_eg,admin_staff,MEDIUM,667,HIGH,1
cluster_0100,DUPLICATE,faucet مش شغال,في مشكلة في faucet في Computer Science Building - Lab 1.,PLUMBING_WATER,HIGH,LOW,Computer Science Building - Lab 1,ar_eg,admin_staff,MEDIUM,2526,MEDIUM,1
cluster_0100,RELATED,القاعة محتاجة تنظيف,لاحظت مشكلة في waste bin في Computer Science Building - Lab 1. The area is still accessible. أكتر من شخص متأثر بالمشكلة.,CLEANING_WASTE,HIGH,LOW,Computer Science Building - Lab 1,ar_eg,admin_staff,HARD,1309,RELATED,0
cluster_0100,HARD_NEGATIVE,عطل في water supply,مشكلة في water supply محتاجة تتراجع في Sports Building.,PLUMBING_WATER,HIGH,LOW,Sports Building,ar_eg,admin_staff,HARD,163,LOW,0
