ticket_id	created_at	prediction_timestamp	category	impact	urgency	priority	assigned_team	ticket_age_minutes	sla_consumed_pct	sla_time_remaining_minutes	created_hour	created_day_of_week	is_weekend	queue_depth	team_workload	prev_resolution_time_minutes	sla_breach
SLA-000001	4/8/2026 21:02	4/9/2026 4:30	SAFETY_HAZARD	HIGH	HIGH	CRITICAL	Safety Team	448	93.33	32	21	2	0	7	4	471	1
SLA-000002	3/31/2026 18:08	3/31/2026 18:25	FURNITURE_FIXTURES	LOW	LOW	LOW	Facilities	17	0.59	2863	18	1	0	20	14	2572	1
SLA-000003	7/4/2026 20:47	7/5/2026 3:06	GROUNDS_OUTDOOR	LOW	LOW	LOW	Grounds Team	379	13.16	2501	20	5	1	18	14	2568	1
SLA-000004	7/2/2026 14:31	7/2/2026 18:22	BUILDING_STRUCTURE	LOW	MEDIUM	LOW	Facilities	231	8.02	2649	14	3	0	15	1	1331	0
SLA-000005	4/16/2026 22:59	4/17/2026 10:45	GROUNDS_OUTDOOR	LOW	LOW	LOW	Grounds Team	706	24.51	2174	22	3	0	1	10	2365	1
SLA-000006	6/18/2026 16:40	6/19/2026 1:52	SAFETY_HAZARD	MEDIUM	LOW	LOW	Safety Team	552	19.17	2328	16	3	0	3	4	3347	0
SLA-000007	7/29/2026 3:26	7/29/2026 10:29	ELEVATOR	MEDIUM	HIGH	HIGH	Facilities	423	88.12	57	3	2	0	19	11	177	1
SLA-000008	6/13/2026 19:02	6/14/2026 1:23	SAFETY_HAZARD	HIGH	HIGH	CRITICAL	Safety Team	381	79.38	99	19	5	1	7	14	173	1
SLA-000009	1/24/2026 4:06	1/24/2026 6:16	BUILDING_STRUCTURE	LOW	LOW	LOW	Facilities	130	4.51	2750	4	5	1	14	10	3189	1
SLA-000010	5/15/2026 2:53	5/15/2026 5:02	GROUNDS_OUTDOOR	MEDIUM	LOW	LOW	Grounds Team	129	4.48	2751	2	4	0	1	13	2432	1
SLA-000011	7/25/2026 5:17	7/25/2026 6:15	PLUMBING_WATER	MEDIUM	MEDIUM	MEDIUM	Facilities	58	4.03	1382	5	5	1	25	15	542	1
SLA-000012	7/7/2026 14:16	7/7/2026 14:57	SAFETY_HAZARD	HIGH	MEDIUM	HIGH	Safety Team	41	8.54	439	14	1	0	7	0	510	0
SLA-000013	1/1/2026 16:55	1/1/2026 17:14	OTHER	MEDIUM	HIGH	HIGH	General Maintenance	19	3.96	461	16	3	0	17	6	210	0
SLA-000014	4/24/2026 22:52	4/25/2026 10:48	CLEANING_WASTE	MEDIUM	LOW	LOW	Cleaning Services	716	24.86	2164	22	4	0	0	6	3103	0
SLA-000015	1/4/2026 13:20	1/4/2026 16:49	OTHER	LOW	LOW	LOW	General Maintenance	209	7.26	2671	13	6	1	24	11	1679	1
SLA-000016	1/11/2026 11:59	1/11/2026 19:00	ELECTRICAL	MEDIUM	HIGH	HIGH	Facilities	421	87.71	59	11	6	1	24	8	378	1
SLA-000017	5/13/2026 21:14	5/14/2026 7:07	GROUNDS_OUTDOOR	MEDIUM	MEDIUM	MEDIUM	Grounds Team	593	41.18	847	21	2	0	27	14	755	1
SLA-000018	1/15/2026 4:44	1/15/2026 10:17	SAFETY_HAZARD	HIGH	MEDIUM	HIGH	Safety Team	333	69.38	147	4	3	0	18	4	560	1
SLA-000019	3/18/2026 16:48	3/19/2026 2:54	OTHER	LOW	LOW	LOW	General Maintenance	606	21.04	2274	16	2	0	3	1	2294	0
SLA-000020	3/13/2026 13:13	3/13/2026 14:09	PLUMBING_WATER	LOW	LOW	LOW	Facilities	56	1.94	2824	13	4	0	24	7	2799	0
SLA-000021	7/18/2026 13:08	7/18/2026 20:05	FURNITURE_FIXTURES	LOW	LOW	LOW	Facilities	417	14.48	2463	13	5	1	15	1	2491	0
SLA-000022	4/4/2026 8:27	4/4/2026 13:21	ELEVATOR	MEDIUM	MEDIUM	MEDIUM	Facilities	294	20.42	1146	8	5	1	26	8	1489	1
SLA-000023	6/10/2026 7:50	6/10/2026 11:04	CLEANING_WASTE	MEDIUM	LOW	LOW	Cleaning Services	194	6.74	2686	7	2	0	10	10	2457	1
SLA-000024	2/19/2026 8:38	2/19/2026 11:45	GROUNDS_OUTDOOR	MEDIUM	HIGH	HIGH	Grounds Team	187	38.96	293	8	3	0	16	9	185	0
SLA-000025	3/7/2026 10:12	3/7/2026 14:35	AV_CLASSROOM_EQUIPMENT	HIGH	MEDIUM	HIGH	AV Support	263	54.79	217	10	5	1	22	11	177	1
SLA-000026	2/23/2026 14:10	2/23/2026 18:32	AV_CLASSROOM_EQUIPMENT	MEDIUM	LOW	LOW	AV Support	262	9.1	2618	14	0	0	2	3	3447	0
SLA-000027	3/27/2026 3:28	3/27/2026 8:20	PLUMBING_WATER	HIGH	HIGH	CRITICAL	Facilities	292	60.83	188	3	4	0	5	13	332	1
SLA-000028	2/9/2026 21:41	2/10/2026 3:30	OTHER	MEDIUM	HIGH	HIGH	General Maintenance	349	72.71	131	21	0	0	18	8	304	0
SLA-000029	5/1/2026 15:28	5/1/2026 21:09	ELECTRICAL	MEDIUM	HIGH	HIGH	Facilities	341	71.04	139	15	4	0	29	14	242	1
SLA-000030	7/14/2026 9:54	7/14/2026 17:36	FURNITURE_FIXTURES	LOW	LOW	LOW	Facilities	462	16.04	2418	9	1	0	25	15	960	1
SLA-000031	7/25/2026 16:16	7/25/2026 18:06	OTHER	LOW	LOW	LOW	General Maintenance	110	3.82	2770	16	5	1	24	15	2543	1
SLA-000032	1/1/2026 17:40	1/1/2026 22:33	OTHER	HIGH	MEDIUM	HIGH	General Maintenance	293	61.04	187	17	3	0	29	2	139	1
SLA-000033	2/12/2026 13:36	2/12/2026 22:41	IT_NETWORK_ACCOUNTS	MEDIUM	MEDIUM	MEDIUM	IT Support	545	37.85	895	13	3	0	26	5	1124	0
SLA-000034	1/18/2026 8:30	1/18/2026 10:31	SAFETY_HAZARD	HIGH	HIGH	CRITICAL	Safety Team	121	25.21	359	8	6	1	29	5	191	1
SLA-000035	2/28/2026 13:56	2/28/2026 22:17	GROUNDS_OUTDOOR	MEDIUM	LOW	LOW	Grounds Team	501	17.4	2379	13	5	1	27	8	3232	1
SLA-000036	4/14/2026 2:37	4/14/2026 6:58	PLUMBING_WATER	MEDIUM	HIGH	HIGH	Facilities	261	54.37	219	2	1	0	30	5	323	1
SLA-000037	6/17/2026 9:01	6/17/2026 16:13	GROUNDS_OUTDOOR	MEDIUM	HIGH	HIGH	Grounds Team	432	90	48	9	2	0	2	14	255	1
SLA-000038	4/5/2026 23:20	4/6/2026 1:43	FURNITURE_FIXTURES	LOW	LOW	LOW	Facilities	143	4.97	2737	23	6	1	27	0	3365	1
SLA-000039	3/2/2026 4:25	3/2/2026 7:55	ELECTRICAL	MEDIUM	MEDIUM	MEDIUM	Facilities	210	14.58	1230	4	0	0	14	12	462	1
SLA-000040	3/16/2026 9:14	3/16/2026 9:59	HVAC_AC	LOW	LOW	LOW	Facilities	45	1.56	2835	9	0	0	17	15	2696	1
SLA-000041	3/6/2026 3:28	3/6/2026 4:25	IT_NETWORK_ACCOUNTS	MEDIUM	HIGH	HIGH	IT Support	57	11.88	423	3	4	0	30	5	555	1
SLA-000042	2/10/2026 15:37	2/10/2026 22:06	HVAC_AC	LOW	LOW	LOW	Facilities	389	13.51	2491	15	1	0	13	15	883	0
SLA-000043	2/7/2026 4:44	2/7/2026 15:21	FURNITURE_FIXTURES	MEDIUM	MEDIUM	MEDIUM	Facilities	637	44.24	803	4	5	1	6	6	937	0
SLA-000044	6/27/2026 9:52	6/27/2026 21:35	OTHER	LOW	MEDIUM	LOW	General Maintenance	703	24.41	2177	9	5	1	5	5	2624	0
SLA-000045	2/18/2026 7:04	2/18/2026 8:18	GROUNDS_OUTDOOR	LOW	LOW	LOW	Grounds Team	74	2.57	2806	7	2	0	1	8	1581	0
SLA-000046	8/25/2026 13:27	8/25/2026 15:42	ELEVATOR	LOW	HIGH	MEDIUM	Facilities	135	9.38	1305	13	1	0	4	9	1274	0
SLA-000047	7/6/2026 19:17	7/6/2026 23:03	SAFETY_HAZARD	HIGH	LOW	MEDIUM	Safety Team	226	15.69	1214	19	0	0	0	6	487	0
SLA-000048	6/23/2026 3:37	6/23/2026 6:51	ELEVATOR	MEDIUM	HIGH	HIGH	Facilities	194	40.42	286	3	1	0	2	6	345	0
SLA-000049	2/7/2026 0:44	2/7/2026 7:04	OTHER	MEDIUM	HIGH	HIGH	General Maintenance	380	79.17	100	0	5	1	19	12	349	1
SLA-000050	1/2/2026 1:01	1/2/2026 9:56	IT_HARDWARE_PRINTING	MEDIUM	LOW	LOW	IT Support	535	18.58	2345	1	4	0	23	8	3121	1
SLA-000051	4/6/2026 12:38	4/6/2026 13:13	ELECTRICAL	MEDIUM	HIGH	HIGH	Facilities	35	7.29	445	12	0	0	11	12	372	1
SLA-000052	1/20/2026 20:17	1/21/2026 4:02	SAFETY_HAZARD	MEDIUM	HIGH	HIGH	Safety Team	465	96.88	15	20	1	0	3	1	523	1
SLA-000053	8/13/2026 17:08	8/14/2026 1:28	AV_CLASSROOM_EQUIPMENT	MEDIUM	MEDIUM	MEDIUM	AV Support	500	34.72	940	17	3	0	5	4	983	0
SLA-000054	5/3/2026 10:51	5/3/2026 21:37	GROUNDS_OUTDOOR	LOW	MEDIUM	LOW	Grounds Team	646	22.43	2234	10	6	1	7	3	3287	0
SLA-000055	4/14/2026 22:15	4/15/2026 10:03	OTHER	MEDIUM	MEDIUM	MEDIUM	General Maintenance	708	49.17	732	22	1	0	24	11	932	0
SLA-000056	5/1/2026 6:07	5/1/2026 8:30	SAFETY_HAZARD	HIGH	HIGH	CRITICAL	Safety Team	143	29.79	337	6	4	0	25	13	336	1
SLA-000057	3/11/2026 15:16	3/11/2026 20:19	ELECTRICAL	MEDIUM	HIGH	HIGH	Facilities	303	63.12	177	15	2	0	0	14	259	1
SLA-000058	8/15/2026 6:55	8/15/2026 9:43	ELECTRICAL	MEDIUM	HIGH	HIGH	Facilities	168	35	312	6	5	1	0	1	331	0
SLA-000059	7/1/2026 20:59	7/2/2026 3:53	GROUNDS_OUTDOOR	MEDIUM	MEDIUM	MEDIUM	Grounds Team	414	28.75	1026	20	2	0	8	0	733	0
SLA-000060	3/8/2026 9:01	3/8/2026 19:25	PLUMBING_WATER	MEDIUM	LOW	LOW	Facilities	624	21.67	2256	9	6	1	2	11	2142	0
SLA-000061	1/26/2026 19:53	1/27/2026 1:35	SAFETY_HAZARD	MEDIUM	HIGH	HIGH	Safety Team	342	71.25	138	19	0	0	8	5	509	1
SLA-000062	2/19/2026 2:09	2/19/2026 12:31	ELECTRICAL	MEDIUM	LOW	LOW	Facilities	622	21.6	2258	2	3	0	7	11	838	0
SLA-000063	8/20/2026 2:27	8/20/2026 9:37	BUILDING_STRUCTURE	LOW	LOW	LOW	Facilities	430	14.93	2450	2	3	0	6	13	3122	1
SLA-000064	1/13/2026 2:42	1/13/2026 6:59	GROUNDS_OUTDOOR	HIGH	MEDIUM	HIGH	Grounds Team	257	53.54	223	2	1	0	0	8	213	0
SLA-000065	6/3/2026 16:16	6/3/2026 23:56	BUILDING_STRUCTURE	MEDIUM	HIGH	HIGH	Facilities	460	95.83	20	16	2	0	2	1	373	1
SLA-000066	4/2/2026 8:49	4/2/2026 16:41	FURNITURE_FIXTURES	MEDIUM	MEDIUM	MEDIUM	Facilities	472	32.78	968	8	3	0	21	12	500	1
SLA-000067	6/27/2026 1:42	6/27/2026 5:01	HVAC_AC	HIGH	MEDIUM	HIGH	Facilities	199	41.46	281	1	5	1	10	10	195	1
SLA-000068	1/30/2026 14:35	1/30/2026 22:06	ELEVATOR	MEDIUM	LOW	LOW	Facilities	451	15.66	2429	14	4	0	22	13	2685	1
SLA-000069	7/4/2026 17:31	7/5/2026 3:12	FURNITURE_FIXTURES	MEDIUM	MEDIUM	MEDIUM	Facilities	581	40.35	859	17	5	1	14	9	1606	1
SLA-000070	7/5/2026 6:29	7/5/2026 13:15	ELECTRICAL	MEDIUM	HIGH	HIGH	Facilities	406	84.58	74	6	6	1	10	9	258	1
SLA-000071	7/9/2026 15:50	7/10/2026 2:58	BUILDING_STRUCTURE	LOW	LOW	LOW	Facilities	668	23.19	2212	15	3	0	25	10	1965	1
SLA-000072	5/31/2026 19:14	5/31/2026 21:54	SAFETY_HAZARD	HIGH	HIGH	CRITICAL	Safety Team	160	33.33	320	19	6	1	24	7	571	1
SLA-000073	4/28/2026 3:31	4/28/2026 7:24	GROUNDS_OUTDOOR	MEDIUM	HIGH	HIGH	Grounds Team	233	48.54	247	3	1	0	11	4	338	0
SLA-000074	5/20/2026 9:04	5/20/2026 12:04	IT_HARDWARE_PRINTING	LOW	LOW	LOW	IT Support	180	6.25	2700	9	2	0	12	12	3131	1
SLA-000075	1/10/2026 15:40	1/10/2026 16:41	IT_HARDWARE_PRINTING	MEDIUM	LOW	LOW	IT Support	61	2.12	2819	15	5	1	17	10	1619	0
SLA-000076	1/15/2026 5:24	1/15/2026 9:03	IT_HARDWARE_PRINTING	MEDIUM	HIGH	HIGH	IT Support	219	45.62	261	5	3	0	21	12	420	1
SLA-000077	4/30/2026 18:21	5/1/2026 0:31	OTHER	MEDIUM	HIGH	HIGH	General Maintenance	370	77.08	110	18	3	0	26	6	359	1
SLA-000078	8/25/2026 23:18	8/26/2026 2:11	GROUNDS_OUTDOOR	LOW	MEDIUM	LOW	Grounds Team	173	6.01	2707	23	1	0	11	9	2669	0
SLA-000079	3/5/2026 7:11	3/5/2026 13:47	SAFETY_HAZARD	HIGH	MEDIUM	HIGH	Safety Team	396	82.5	84	7	3	0	0	12	315	1
SLA-000080	2/1/2026 22:02	2/1/2026 22:34	ELECTRICAL	HIGH	MEDIUM	HIGH	Facilities	32	6.67	448	22	6	1	18	0	106	0
SLA-000081	6/2/2026 5:42	6/2/2026 9:21	IT_HARDWARE_PRINTING	HIGH	HIGH	CRITICAL	IT Support	219	45.62	261	5	1	0	13	2	334	0
SLA-000082	4/23/2026 7:11	4/23/2026 18:05	CLEANING_WASTE	LOW	LOW	LOW	Cleaning Services	654	22.71	2226	7	3	0	29	2	2179	0
SLA-000083	2/28/2026 21:53	3/1/2026 1:09	GROUNDS_OUTDOOR	MEDIUM	HIGH	HIGH	Grounds Team	196	40.83	284	21	5	1	1	2	174	0
SLA-000084	8/2/2026 4:05	8/2/2026 5:40	IT_HARDWARE_PRINTING	MEDIUM	HIGH	HIGH	IT Support	95	19.79	385	4	6	1	15	2	399	0
SLA-000085	8/9/2026 15:38	8/9/2026 19:07	GROUNDS_OUTDOOR	MEDIUM	LOW	LOW	Grounds Team	209	7.26	2671	15	6	1	6	0	1024	0
SLA-000086	4/17/2026 22:15	4/18/2026 1:07	OTHER	MEDIUM	HIGH	HIGH	General Maintenance	172	35.83	308	22	4	0	12	0	372	0
SLA-000087	1/4/2026 11:16	1/4/2026 19:17	CLEANING_WASTE	LOW	HIGH	MEDIUM	Cleaning Services	481	33.4	959	11	6	1	17	6	482	0
SLA-000088	4/10/2026 6:58	4/10/2026 12:19	ELECTRICAL	HIGH	HIGH	CRITICAL	Facilities	321	66.88	159	6	4	0	15	12	184	1
SLA-000089	8/21/2026 1:03	8/21/2026 3:11	PLUMBING_WATER	HIGH	HIGH	CRITICAL	Facilities	128	26.67	352	1	4	0	14	11	149	1
SLA-000090	5/20/2026 23:49	5/21/2026 9:04	FURNITURE_FIXTURES	MEDIUM	MEDIUM	MEDIUM	Facilities	555	38.54	885	23	2	0	21	5	676	0
SLA-000091	2/17/2026 13:45	2/17/2026 21:35	BUILDING_STRUCTURE	MEDIUM	LOW	LOW	Facilities	470	16.32	2410	13	1	0	16	12	707	0
SLA-000092	5/31/2026 9:57	5/31/2026 13:52	CLEANING_WASTE	MEDIUM	MEDIUM	MEDIUM	Cleaning Services	235	16.32	1205	9	6	1	28	11	1038	1
SLA-000093	4/6/2026 14:10	4/7/2026 1:57	SAFETY_HAZARD	MEDIUM	LOW	LOW	Safety Team	707	24.55	2173	14	0	0	18	11	1105	0
SLA-000094	5/13/2026 19:38	5/13/2026 22:12	HVAC_AC	MEDIUM	HIGH	HIGH	Facilities	154	32.08	326	19	2	0	18	15	125	1
SLA-000095	7/26/2026 15:44	7/26/2026 17:41	PLUMBING_WATER	LOW	HIGH	MEDIUM	Facilities	117	8.12	1323	15	6	1	8	10	590	0
SLA-000096	6/23/2026 10:13	6/23/2026 10:28	AV_CLASSROOM_EQUIPMENT	HIGH	MEDIUM	HIGH	AV Support	15	3.12	465	10	1	0	20	14	133	1
SLA-000097	2/6/2026 3:53	2/6/2026 10:59	FURNITURE_FIXTURES	HIGH	MEDIUM	HIGH	Facilities	426	88.75	54	3	4	0	28	0	113	1
SLA-000098	1/23/2026 0:22	1/23/2026 9:35	CLEANING_WASTE	MEDIUM	LOW	LOW	Cleaning Services	553	19.2	2327	0	4	0	9	13	1860	0
SLA-000099	7/8/2026 7:30	7/8/2026 11:01	HVAC_AC	MEDIUM	HIGH	HIGH	Facilities	211	43.96	269	7	2	0	26	4	189	1
SLA-000100	4/14/2026 2:44	4/14/2026 4:35	IT_NETWORK_ACCOUNTS	LOW	LOW	LOW	IT Support	111	3.85	2769	2	1	0	14	2	648	0
SLA-000101	8/23/2026 16:51	8/24/2026 0:07	FURNITURE_FIXTURES	MEDIUM	LOW	LOW	Facilities	436	15.14	2444	16	6	1	24	1	2483	0
SLA-000102	3/29/2026 12:06	3/29/2026 18:03	FURNITURE_FIXTURES	MEDIUM	MEDIUM	MEDIUM	Facilities	357	24.79	1083	12	6	1	24	6	1438	1
SLA-000103	8/20/2026 10:38	8/20/2026 12:04	SAFETY_HAZARD	MEDIUM	HIGH	HIGH	Safety Team	86	17.92	394	10	3	0	1	9	333	0
SLA-000104	5/23/2026 6:18	5/23/2026 7:39	IT_NETWORK_ACCOUNTS	MEDIUM	HIGH	HIGH	IT Support	81	16.88	399	6	5	1	14	7	545	1
SLA-000105	4/22/2026 18:20	4/22/2026 20:25	HVAC_AC	MEDIUM	HIGH	HIGH	Facilities	125	26.04	355	18	2	0	17	7	175	0
SLA-000106	4/21/2026 17:05	4/21/2026 21:51	AV_CLASSROOM_EQUIPMENT	HIGH	HIGH	CRITICAL	AV Support	286	59.58	194	17	1	0	6	14	216	1
SLA-000107	6/4/2026 9:18	6/4/2026 13:40	IT_NETWORK_ACCOUNTS	HIGH	MEDIUM	HIGH	IT Support	262	54.58	218	9	3	0	11	0	223	1
SLA-000108	7/17/2026 3:07	7/17/2026 8:44	OTHER	LOW	MEDIUM	LOW	General Maintenance	337	11.7	2543	3	4	0	22	5	828	0
SLA-000109	1/8/2026 3:22	1/8/2026 5:58	BUILDING_STRUCTURE	HIGH	HIGH	CRITICAL	Facilities	156	32.5	324	3	3	0	24	8	206	1
SLA-000110	4/3/2026 12:57	4/3/2026 13:54	HVAC_AC	LOW	MEDIUM	LOW	Facilities	57	1.98	2823	12	4	0	21	13	3430	1
SLA-000111	7/3/2026 10:29	7/3/2026 15:42	GROUNDS_OUTDOOR	MEDIUM	MEDIUM	MEDIUM	Grounds Team	313	21.74	1127	10	4	0	21	12	1053	1
SLA-000112	6/10/2026 3:25	6/10/2026 10:19	SAFETY_HAZARD	HIGH	LOW	MEDIUM	Safety Team	414	28.75	1026	3	2	0	16	11	1245	1
SLA-000113	7/31/2026 15:37	7/31/2026 18:51	GROUNDS_OUTDOOR	MEDIUM	LOW	LOW	Grounds Team	194	6.74	2686	15	4	0	15	15	1973	0
SLA-000114	6/10/2026 15:28	6/10/2026 21:02	ELEVATOR	HIGH	LOW	MEDIUM	Facilities	334	23.19	1106	15	2	0	19	8	569	0
SLA-000115	5/10/2026 8:36	5/10/2026 10:20	AV_CLASSROOM_EQUIPMENT	HIGH	HIGH	CRITICAL	AV Support	104	21.67	376	8	6	1	6	3	236	0
SLA-000116	3/22/2026 23:23	3/23/2026 5:18	BUILDING_STRUCTURE	HIGH	HIGH	CRITICAL	Facilities	355	73.96	125	23	6	1	10	14	547	1
SLA-000117	7/8/2026 8:33	7/8/2026 12:04	ELEVATOR	HIGH	MEDIUM	HIGH	Facilities	211	43.96	269	8	2	0	22	6	288	1
SLA-000118	3/21/2026 9:43	3/21/2026 17:56	IT_HARDWARE_PRINTING	LOW	LOW	LOW	IT Support	493	17.12	2387	9	5	1	6	9	2554	0
SLA-000119	6/8/2026 4:05	6/8/2026 9:47	FURNITURE_FIXTURES	MEDIUM	LOW	LOW	Facilities	342	11.88	2538	4	0	0	17	11	2662	1
SLA-000120	8/18/2026 4:09	8/18/2026 11:01	OTHER	MEDIUM	MEDIUM	MEDIUM	General Maintenance	412	28.61	1028	4	1	0	27	2	995	1
SLA-000121	7/5/2026 18:35	7/5/2026 21:34	BUILDING_STRUCTURE	MEDIUM	HIGH	HIGH	Facilities	179	37.29	301	18	6	1	16	3	566	1
SLA-000122	7/26/2026 7:57	7/26/2026 17:08	OTHER	LOW	MEDIUM	LOW	General Maintenance	551	19.13	2329	7	6	1	27	6	2248	1
SLA-000123	5/25/2026 2:48	5/25/2026 3:43	FURNITURE_FIXTURES	MEDIUM	HIGH	HIGH	Facilities	55	11.46	425	2	0	0	3	11	491	1
SLA-000124	7/24/2026 18:21	7/24/2026 23:02	OTHER	HIGH	MEDIUM	HIGH	General Maintenance	281	58.54	199	18	4	0	12	12	549	1
SLA-000125	7/3/2026 1:30	7/3/2026 9:13	HVAC_AC	MEDIUM	LOW	LOW	Facilities	463	16.08	2417	1	4	0	26	4	3003	1
SLA-000126	8/22/2026 15:34	8/22/2026 17:48	IT_HARDWARE_PRINTING	LOW	LOW	LOW	IT Support	134	4.65	2746	15	5	1	11	12	1266	0
SLA-000127	1/26/2026 4:18	1/26/2026 11:11	IT_NETWORK_ACCOUNTS	MEDIUM	HIGH	HIGH	IT Support	413	86.04	67	4	0	0	3	12	415	1
SLA-000128	5/28/2026 14:56	5/28/2026 22:39	ELEVATOR	HIGH	MEDIUM	HIGH	Facilities	463	96.46	17	14	3	0	17	4	472	1
SLA-000129	2/17/2026 16:38	2/17/2026 22:34	PLUMBING_WATER	MEDIUM	HIGH	HIGH	Facilities	356	74.17	124	16	1	0	7	5	350	0
SLA-000130	5/14/2026 1:21	5/14/2026 6:55	GROUNDS_OUTDOOR	MEDIUM	HIGH	HIGH	Grounds Team	334	69.58	146	1	3	0	26	4	157	1
SLA-000131	7/5/2026 5:13	7/5/2026 15:55	OTHER	HIGH	LOW	MEDIUM	General Maintenance	642	44.58	798	5	6	1	18	1	952	0
SLA-000132	1/30/2026 17:23	1/31/2026 1:11	PLUMBING_WATER	LOW	HIGH	MEDIUM	Facilities	468	32.5	972	17	4	0	4	2	405	0
SLA-000133	7/11/2026 3:40	7/11/2026 10:30	FURNITURE_FIXTURES	MEDIUM	MEDIUM	MEDIUM	Facilities	410	28.47	1030	3	5	1	24	14	321	1
SLA-000134	4/27/2026 7:29	4/27/2026 12:52	CLEANING_WASTE	MEDIUM	LOW	LOW	Cleaning Services	323	11.22	2557	7	0	0	29	9	2057	1
SLA-000135	4/17/2026 10:11	4/17/2026 14:12	IT_HARDWARE_PRINTING	MEDIUM	HIGH	HIGH	IT Support	241	50.21	239	10	4	0	0	15	194	1
SLA-000136	4/12/2026 7:49	4/12/2026 8:10	ELECTRICAL	HIGH	LOW	MEDIUM	Facilities	21	1.46	1419	7	6	1	14	13	808	1
SLA-000137	8/18/2026 8:28	8/18/2026 13:43	SAFETY_HAZARD	HIGH	HIGH	CRITICAL	Safety Team	315	65.62	165	8	1	0	8	6	305	1
SLA-000138	3/27/2026 3:52	3/27/2026 10:32	ELECTRICAL	HIGH	MEDIUM	HIGH	Facilities	400	83.33	80	3	4	0	19	9	379	1
SLA-000139	7/13/2026 16:28	7/13/2026 20:59	AV_CLASSROOM_EQUIPMENT	MEDIUM	MEDIUM	MEDIUM	AV Support	271	18.82	1169	16	0	0	23	11	1652	1
SLA-000140	6/26/2026 0:35	6/26/2026 4:03	HVAC_AC	MEDIUM	HIGH	HIGH	Facilities	208	43.33	272	0	4	0	21	0	162	0
SLA-000141	5/3/2026 5:48	5/3/2026 9:04	IT_NETWORK_ACCOUNTS	MEDIUM	MEDIUM	MEDIUM	IT Support	196	13.61	1244	5	6	1	14	6	869	0
SLA-000142	8/3/2026 8:34	8/3/2026 9:28	PLUMBING_WATER	MEDIUM	LOW	LOW	Facilities	54	1.88	2826	8	0	0	12	14	2578	1
SLA-000143	7/22/2026 16:17	7/22/2026 18:10	AV_CLASSROOM_EQUIPMENT	HIGH	MEDIUM	HIGH	AV Support	113	23.54	367	16	2	0	0	13	202	1
SLA-000144	3/2/2026 19:57	3/2/2026 23:01	ELECTRICAL	MEDIUM	HIGH	HIGH	Facilities	184	38.33	296	19	0	0	14	11	234	1
SLA-000145	7/25/2026 21:32	7/26/2026 5:34	BUILDING_STRUCTURE	LOW	LOW	LOW	Facilities	482	16.74	2398	21	5	1	4	9	2712	0
SLA-000146	3/12/2026 13:45	3/12/2026 16:49	ELEVATOR	LOW	LOW	LOW	Facilities	184	6.39	2696	13	3	0	5	10	1481	0
SLA-000147	4/6/2026 5:31	4/6/2026 16:52	AV_CLASSROOM_EQUIPMENT	LOW	HIGH	MEDIUM	AV Support	681	47.29	759	5	0	0	12	0	682	0
SLA-000148	1/4/2026 11:04	1/4/2026 14:12	PLUMBING_WATER	MEDIUM	HIGH	HIGH	Facilities	188	39.17	292	11	6	1	16	15	546	1
SLA-000149	8/17/2026 3:18	8/17/2026 9:14	AV_CLASSROOM_EQUIPMENT	HIGH	MEDIUM	HIGH	AV Support	356	74.17	124	3	0	0	5	1	113	0
SLA-000150	3/10/2026 8:31	3/10/2026 10:41	SAFETY_HAZARD	HIGH	MEDIUM	HIGH	Safety Team	130	27.08	350	8	1	0	21	15	423	1
SLA-000151	1/20/2026 18:45	1/20/2026 21:08	PLUMBING_WATER	MEDIUM	LOW	LOW	Facilities	143	4.97	2737	18	1	0	3	10	3292	1
SLA-000152	8/21/2026 23:45	8/22/2026 3:13	CLEANING_WASTE	MEDIUM	MEDIUM	MEDIUM	Cleaning Services	208	14.44	1232	23	4	0	13	10	1327	1
SLA-000153	4/27/2026 21:42	4/27/2026 23:53	PLUMBING_WATER	MEDIUM	MEDIUM	MEDIUM	Facilities	131	9.1	1309	21	0	0	26	7	1605	1
SLA-000154	8/6/2026 4:03	8/6/2026 10:57	OTHER	MEDIUM	MEDIUM	MEDIUM	General Maintenance	414	28.75	1026	4	3	0	15	15	676	1
SLA-000155	2/2/2026 7:25	2/2/2026 11:57	ELEVATOR	HIGH	MEDIUM	HIGH	Facilities	272	56.67	208	7	0	0	20	12	151	1
SLA-000156	8/8/2026 15:01	8/8/2026 16:39	FURNITURE_FIXTURES	MEDIUM	LOW	LOW	Facilities	98	3.4	2782	15	5	1	3	10	1639	0
SLA-000157	1/3/2026 1:44	1/3/2026 8:03	CLEANING_WASTE	MEDIUM	MEDIUM	MEDIUM	Cleaning Services	379	26.32	1061	1	5	1	21	8	1653	1
SLA-000158	6/6/2026 1:22	6/6/2026 7:57	IT_HARDWARE_PRINTING	LOW	MEDIUM	LOW	IT Support	395	13.72	2485	1	5	1	20	8	2599	1
SLA-000159	8/22/2026 4:53	8/22/2026 16:12	IT_HARDWARE_PRINTING	LOW	LOW	LOW	IT Support	679	23.58	2201	4	5	1	23	8	3021	1
SLA-000160	4/5/2026 22:02	4/6/2026 4:31	HVAC_AC	LOW	MEDIUM	LOW	Facilities	389	13.51	2491	22	6	1	13	5	2891	0
SLA-000161	2/9/2026 12:54	2/9/2026 16:00	PLUMBING_WATER	MEDIUM	HIGH	HIGH	Facilities	186	38.75	294	12	0	0	22	4	175	0
SLA-000162	5/5/2026 13:41	5/5/2026 18:46	ELEVATOR	MEDIUM	HIGH	HIGH	Facilities	305	63.54	175	13	1	0	13	14	305	1
SLA-000163	7/19/2026 14:03	7/19/2026 20:07	OTHER	MEDIUM	HIGH	HIGH	General Maintenance	364	75.83	116	14	6	1	6	7	492	1
SLA-000164	5/20/2026 23:27	5/21/2026 9:37	IT_HARDWARE_PRINTING	MEDIUM	MEDIUM	MEDIUM	IT Support	610	42.36	830	23	2	0	23	6	1330	1
SLA-000165	8/22/2026 23:14	8/23/2026 4:33	HVAC_AC	MEDIUM	HIGH	HIGH	Facilities	319	66.46	161	23	5	1	7	15	205	1
SLA-000166	3/23/2026 19:22	3/23/2026 20:20	SAFETY_HAZARD	MEDIUM	HIGH	HIGH	Safety Team	58	12.08	422	19	0	0	24	2	455	1
SLA-000167	4/6/2026 23:22	4/7/2026 7:15	CLEANING_WASTE	MEDIUM	MEDIUM	MEDIUM	Cleaning Services	473	32.85	967	23	0	0	16	13	1364	1
SLA-000168	5/28/2026 1:32	5/28/2026 7:02	AV_CLASSROOM_EQUIPMENT	HIGH	MEDIUM	HIGH	AV Support	330	68.75	150	1	3	0	8	8	524	1
SLA-000169	1/30/2026 21:31	1/31/2026 6:22	CLEANING_WASTE	LOW	LOW	LOW	Cleaning Services	531	18.44	2349	21	4	0	22	14	3387	1
SLA-000170	4/8/2026 14:58	4/8/2026 15:34	HVAC_AC	MEDIUM	MEDIUM	MEDIUM	Facilities	36	2.5	1404	14	2	0	11	8	446	0
SLA-000171	8/8/2026 0:38	8/8/2026 10:00	ELEVATOR	MEDIUM	MEDIUM	MEDIUM	Facilities	562	39.03	878	0	5	1	20	10	1632	1
SLA-000172	6/11/2026 14:45	6/11/2026 20:17	BUILDING_STRUCTURE	MEDIUM	LOW	LOW	Facilities	332	11.53	2548	14	3	0	0	9	2041	0
SLA-000173	7/2/2026 13:44	7/2/2026 18:48	AV_CLASSROOM_EQUIPMENT	MEDIUM	HIGH	HIGH	AV Support	304	63.33	176	13	3	0	20	6	428	1
SLA-000174	3/23/2026 11:25	3/23/2026 12:24	CLEANING_WASTE	MEDIUM	HIGH	HIGH	Cleaning Services	59	12.29	421	11	0	0	17	3	114	0
SLA-000175	2/13/2026 21:05	2/13/2026 23:54	SAFETY_HAZARD	MEDIUM	LOW	LOW	Safety Team	169	5.87	2711	21	4	0	17	11	1639	1
SLA-000176	5/26/2026 18:17	5/26/2026 22:25	GROUNDS_OUTDOOR	LOW	LOW	LOW	Grounds Team	248	8.61	2632	18	1	0	3	10	791	0
SLA-000177	4/8/2026 18:39	4/9/2026 6:26	IT_NETWORK_ACCOUNTS	MEDIUM	MEDIUM	MEDIUM	IT Support	707	49.1	733	18	2	0	24	4	1472	1
SLA-000178	5/22/2026 0:45	5/22/2026 3:18	ELEVATOR	HIGH	MEDIUM	HIGH	Facilities	153	31.87	327	0	4	0	4	5	209	0
SLA-000179	5/26/2026 1:18	5/26/2026 12:10	CLEANING_WASTE	MEDIUM	MEDIUM	MEDIUM	Cleaning Services	652	45.28	788	1	1	0	21	2	1389	0
SLA-000180	1/30/2026 7:14	1/30/2026 10:01	OTHER	LOW	MEDIUM	LOW	General Maintenance	167	5.8	2713	7	4	0	7	9	2908	0
SLA-000181	1/16/2026 10:02	1/16/2026 16:58	HVAC_AC	MEDIUM	MEDIUM	MEDIUM	Facilities	416	28.89	1024	10	4	0	4	14	581	0
SLA-000182	5/19/2026 22:03	5/19/2026 23:49	AV_CLASSROOM_EQUIPMENT	MEDIUM	MEDIUM	MEDIUM	AV Support	106	7.36	1334	22	1	0	3	7	1349	0
SLA-000183	6/7/2026 10:49	6/7/2026 13:49	IT_NETWORK_ACCOUNTS	MEDIUM	MEDIUM	MEDIUM	IT Support	180	12.5	1260	10	6	1	26	8	1306	1
SLA-000184	7/27/2026 1:31	7/27/2026 5:26	CLEANING_WASTE	MEDIUM	HIGH	HIGH	Cleaning Services	235	48.96	245	1	0	0	8	13	156	1
SLA-000185	7/6/2026 14:35	7/6/2026 22:15	ELEVATOR	MEDIUM	HIGH	HIGH	Facilities	460	95.83	20	14	0	0	28	11	303	1
SLA-000186	5/31/2026 14:36	5/31/2026 22:36	FURNITURE_FIXTURES	LOW	LOW	LOW	Facilities	480	16.67	2400	14	6	1	25	14	2733	1
SLA-000187	5/3/2026 8:47	5/3/2026 15:51	ELECTRICAL	MEDIUM	HIGH	HIGH	Facilities	424	88.33	56	8	6	1	6	6	117	1
SLA-000188	3/17/2026 22:17	3/18/2026 0:40	FURNITURE_FIXTURES	LOW	LOW	LOW	Facilities	143	4.97	2737	22	1	0	12	0	1591	0
SLA-000189	6/9/2026 14:37	6/9/2026 22:22	GROUNDS_OUTDOOR	MEDIUM	HIGH	HIGH	Grounds Team	465	96.88	15	14	1	0	20	9	163	1
SLA-000190	6/14/2026 14:38	6/14/2026 16:14	CLEANING_WASTE	MEDIUM	LOW	LOW	Cleaning Services	96	3.33	2784	14	6	1	14	2	2828	0
SLA-000191	2/12/2026 7:46	2/12/2026 10:31	CLEANING_WASTE	LOW	HIGH	MEDIUM	Cleaning Services	165	11.46	1275	7	3	0	1	8	1135	0
SLA-000192	3/18/2026 8:55	3/18/2026 12:30	HVAC_AC	MEDIUM	HIGH	HIGH	Facilities	215	44.79	265	8	2	0	6	3	202	0
SLA-000193	4/14/2026 11:04	4/14/2026 14:26	OTHER	LOW	MEDIUM	LOW	General Maintenance	202	7.01	2678	11	1	0	3	1	1521	0
SLA-000194	1/12/2026 3:57	1/12/2026 9:21	GROUNDS_OUTDOOR	LOW	LOW	LOW	Grounds Team	324	11.25	2556	3	0	0	20	14	2881	1
SLA-000195	5/3/2026 0:36	5/3/2026 7:26	GROUNDS_OUTDOOR	HIGH	MEDIUM	HIGH	Grounds Team	410	85.42	70	0	6	1	14	6	474	1
SLA-000196	8/7/2026 13:56	8/7/2026 16:23	BUILDING_STRUCTURE	LOW	MEDIUM	LOW	Facilities	147	5.1	2733	13	4	0	18	4	3111	0
SLA-000197	4/27/2026 21:48	4/28/2026 6:08	IT_NETWORK_ACCOUNTS	HIGH	LOW	MEDIUM	IT Support	500	34.72	940	21	0	0	28	8	302	1
SLA-000198	8/8/2026 3:42	8/8/2026 14:50	IT_NETWORK_ACCOUNTS	LOW	LOW	LOW	IT Support	668	23.19	2212	3	5	1	2	2	1501	0
SLA-000199	6/3/2026 20:09	6/4/2026 1:43	CLEANING_WASTE	MEDIUM	LOW	LOW	Cleaning Services	334	11.6	2546	20	2	0	19	7	2812	0
SLA-000200	1/8/2026 0:24	1/8/2026 12:20	FURNITURE_FIXTURES	LOW	HIGH	MEDIUM	Facilities	716	49.72	724	0	3	0	6	7	1439	0
SLA-000201	3/14/2026 8:29	3/14/2026 15:38	ELECTRICAL	LOW	LOW	LOW	Facilities	429	14.9	2451	8	5	1	2	9	831	0
SLA-000202	6/3/2026 3:18	6/3/2026 4:17	SAFETY_HAZARD	HIGH	HIGH	CRITICAL	Safety Team	59	12.29	421	3	2	0	28	10	370	1
SLA-000203	8/10/2026 22:17	8/11/2026 3:40	IT_HARDWARE_PRINTING	MEDIUM	HIGH	HIGH	IT Support	323	67.29	157	22	0	0	9	4	504	1
SLA-000204	7/3/2026 17:11	7/4/2026 3:19	AV_CLASSROOM_EQUIPMENT	LOW	HIGH	MEDIUM	AV Support	608	42.22	832	17	4	0	22	10	1673	1
SLA-000205	7/23/2026 17:21	7/24/2026 3:49	ELECTRICAL	MEDIUM	LOW	LOW	Facilities	628	21.81	2252	17	3	0	25	2	605	0
SLA-000206	7/1/2026 5:07	7/1/2026 7:55	ELECTRICAL	HIGH	MEDIUM	HIGH	Facilities	168	35	312	5	2	0	23	14	361	1
SLA-000207	7/5/2026 7:18	7/5/2026 16:41	IT_HARDWARE_PRINTING	MEDIUM	LOW	LOW	IT Support	563	19.55	2317	7	6	1	6	9	1679	0
SLA-000208	2/3/2026 12:51	2/3/2026 19:59	HVAC_AC	MEDIUM	HIGH	HIGH	Facilities	428	89.17	52	12	1	0	15	10	377	1
SLA-000209	7/4/2026 13:17	7/4/2026 19:15	GROUNDS_OUTDOOR	MEDIUM	HIGH	HIGH	Grounds Team	358	74.58	122	13	5	1	20	6	137	1
SLA-000210	2/4/2026 2:55	2/4/2026 3:20	IT_HARDWARE_PRINTING	MEDIUM	LOW	LOW	IT Support	25	0.87	2855	2	2	0	9	7	3003	0
SLA-000211	4/23/2026 23:09	4/24/2026 0:10	ELEVATOR	MEDIUM	HIGH	HIGH	Facilities	61	12.71	419	23	3	0	0	4	531	0
SLA-000212	2/8/2026 17:36	2/8/2026 18:19	HVAC_AC	HIGH	MEDIUM	HIGH	Facilities	43	8.96	437	17	6	1	29	12	486	1
SLA-000213	6/20/2026 14:13	6/20/2026 22:27	CLEANING_WASTE	MEDIUM	LOW	LOW	Cleaning Services	494	17.15	2386	14	5	1	25	13	3332	1
SLA-000214	7/14/2026 3:29	7/14/2026 11:12	FURNITURE_FIXTURES	MEDIUM	MEDIUM	MEDIUM	Facilities	463	32.15	977	3	1	0	22	5	1441	1
SLA-000215	6/29/2026 6:44	6/29/2026 13:14	GROUNDS_OUTDOOR	LOW	LOW	LOW	Grounds Team	390	13.54	2490	6	0	0	25	2	813	0
SLA-000216	2/24/2026 15:07	2/24/2026 18:18	PLUMBING_WATER	HIGH	MEDIUM	HIGH	Facilities	191	39.79	289	15	1	0	29	5	204	0
SLA-000217	4/29/2026 7:59	4/29/2026 9:14	HVAC_AC	HIGH	MEDIUM	HIGH	Facilities	75	15.62	405	7	2	0	10	4	552	1
SLA-000218	1/9/2026 23:11	1/10/2026 5:39	IT_NETWORK_ACCOUNTS	LOW	HIGH	MEDIUM	IT Support	388	26.94	1052	23	4	0	8	13	1442	1
SLA-000219	5/2/2026 16:29	5/3/2026 3:57	IT_NETWORK_ACCOUNTS	MEDIUM	MEDIUM	MEDIUM	IT Support	688	47.78	752	16	5	1	2	15	317	0
SLA-000220	7/10/2026 16:19	7/10/2026 23:38	OTHER	HIGH	MEDIUM	HIGH	General Maintenance	439	91.46	41	16	4	0	14	14	265	1
SLA-000221	4/3/2026 14:18	4/3/2026 17:04	ELECTRICAL	HIGH	MEDIUM	HIGH	Facilities	166	34.58	314	14	4	0	3	7	214	0
SLA-000222	1/27/2026 21:47	1/27/2026 23:03	CLEANING_WASTE	LOW	LOW	LOW	Cleaning Services	76	2.64	2804	21	1	0	6	15	2528	0
SLA-000223	3/14/2026 4:50	3/14/2026 7:54	AV_CLASSROOM_EQUIPMENT	HIGH	HIGH	CRITICAL	AV Support	184	38.33	296	4	5	1	25	0	319	1
SLA-000224	5/15/2026 17:13	5/16/2026 1:32	PLUMBING_WATER	MEDIUM	MEDIUM	MEDIUM	Facilities	499	34.65	941	17	4	0	28	1	1328	1
SLA-000225	5/19/2026 13:12	5/19/2026 15:09	AV_CLASSROOM_EQUIPMENT	MEDIUM	LOW	LOW	AV Support	117	4.06	2763	13	1	0	9	7	1975	0
SLA-000226	4/22/2026 22:03	4/23/2026 4:12	OTHER	LOW	MEDIUM	LOW	General Maintenance	369	12.81	2511	22	2	0	21	10	2429	1
SLA-000227	1/21/2026 13:18	1/21/2026 18:11	FURNITURE_FIXTURES	LOW	MEDIUM	LOW	Facilities	293	10.17	2587	13	2	0	26	0	1464	0
SLA-000228	1/30/2026 14:40	1/30/2026 19:11	SAFETY_HAZARD	MEDIUM	HIGH	HIGH	Safety Team	271	56.46	209	14	4	0	3	11	435	1
SLA-000229	8/8/2026 7:08	8/8/2026 8:40	ELECTRICAL	HIGH	MEDIUM	HIGH	Facilities	92	19.17	388	7	5	1	11	1	471	1
SLA-000230	4/2/2026 13:23	4/2/2026 17:43	PLUMBING_WATER	MEDIUM	LOW	LOW	Facilities	260	9.03	2620	13	3	0	14	6	1551	0
SLA-000231	7/13/2026 2:22	7/13/2026 9:07	AV_CLASSROOM_EQUIPMENT	MEDIUM	MEDIUM	MEDIUM	AV Support	405	28.12	1035	2	0	0	23	11	976	1
SLA-000232	1/4/2026 13:14	1/5/2026 0:22	HVAC_AC	LOW	MEDIUM	LOW	Facilities	668	23.19	2212	13	6	1	17	0	2108	0
SLA-000233	7/29/2026 21:59	7/30/2026 0:50	GROUNDS_OUTDOOR	MEDIUM	MEDIUM	MEDIUM	Grounds Team	171	11.88	1269	21	2	0	14	11	421	0
SLA-000234	1/28/2026 16:14	1/29/2026 1:48	AV_CLASSROOM_EQUIPMENT	LOW	LOW	LOW	AV Support	574	19.93	2306	16	2	0	6	11	3009	0
SLA-000235	1/15/2026 19:02	1/16/2026 1:30	FURNITURE_FIXTURES	MEDIUM	HIGH	HIGH	Facilities	388	80.83	92	19	3	0	14	7	236	1
SLA-000236	8/26/2026 9:29	8/26/2026 16:55	BUILDING_STRUCTURE	LOW	LOW	LOW	Facilities	446	15.49	2434	9	2	0	20	1	985	0
SLA-000237	3/29/2026 23:05	3/30/2026 4:36	GROUNDS_OUTDOOR	LOW	HIGH	MEDIUM	Grounds Team	331	22.99	1109	23	6	1	26	13	703	1
SLA-000238	4/27/2026 16:12	4/27/2026 18:10	HVAC_AC	MEDIUM	HIGH	HIGH	Facilities	118	24.58	362	16	0	0	3	15	263	1
SLA-000239	4/3/2026 23:29	4/4/2026 0:07	FURNITURE_FIXTURES	MEDIUM	MEDIUM	MEDIUM	Facilities	38	2.64	1402	23	4	0	28	1	355	0
SLA-000240	7/14/2026 1:47	7/14/2026 3:58	ELEVATOR	HIGH	MEDIUM	HIGH	Facilities	131	27.29	349	1	1	0	10	1	423	0
SLA-000241	5/16/2026 10:22	5/16/2026 16:07	AV_CLASSROOM_EQUIPMENT	MEDIUM	HIGH	HIGH	AV Support	345	71.88	135	10	5	1	15	8	541	1
SLA-000242	2/28/2026 6:54	2/28/2026 14:00	HVAC_AC	HIGH	MEDIUM	HIGH	Facilities	426	88.75	54	6	5	1	13	9	188	1
SLA-000243	4/19/2026 2:48	4/19/2026 4:17	PLUMBING_WATER	MEDIUM	LOW	LOW	Facilities	89	3.09	2791	2	6	1	12	7	1716	0
SLA-000244	8/15/2026 7:15	8/15/2026 14:36	BUILDING_STRUCTURE	MEDIUM	LOW	LOW	Facilities	441	15.31	2439	7	5	1	19	6	3105	1
SLA-000245	5/14/2026 13:24	5/14/2026 19:58	HVAC_AC	MEDIUM	HIGH	HIGH	Facilities	394	82.08	86	13	3	0	20	14	98	1
SLA-000246	4/2/2026 1:49	4/2/2026 12:42	GROUNDS_OUTDOOR	MEDIUM	LOW	LOW	Grounds Team	653	22.67	2227	1	3	0	8	3	2057	0
SLA-000247	4/17/2026 13:50	4/17/2026 19:03	CLEANING_WASTE	LOW	LOW	LOW	Cleaning Services	313	10.87	2567	13	4	0	7	7	3332	0
SLA-000248	2/21/2026 23:37	2/22/2026 5:03	ELECTRICAL	HIGH	HIGH	CRITICAL	Facilities	326	67.92	154	23	5	1	0	7	106	0
SLA-000249	1/26/2026 13:41	1/26/2026 15:54	IT_HARDWARE_PRINTING	LOW	MEDIUM	LOW	IT Support	133	4.62	2747	13	0	0	20	9	627	0
SLA-000250	3/3/2026 5:54	3/3/2026 7:22	HVAC_AC	LOW	LOW	LOW	Facilities	88	3.06	2792	5	1	0	27	13	1456	1
SLA-000251	5/2/2026 10:54	5/2/2026 14:47	PLUMBING_WATER	MEDIUM	LOW	LOW	Facilities	233	8.09	2647	10	5	1	9	8	3173	0
SLA-000252	7/21/2026 22:12	7/21/2026 23:41	HVAC_AC	HIGH	MEDIUM	HIGH	Facilities	89	18.54	391	22	1	0	16	3	569	1
SLA-000253	4/30/2026 2:09	4/30/2026 14:04	ELECTRICAL	LOW	LOW	LOW	Facilities	715	24.83	2165	2	3	0	16	0	2585	0
SLA-000254	5/7/2026 22:54	5/8/2026 5:00	AV_CLASSROOM_EQUIPMENT	LOW	HIGH	MEDIUM	AV Support	366	25.42	1074	22	3	0	9	4	1381	0
SLA-000255	7/17/2026 16:45	7/18/2026 0:34	CLEANING_WASTE	LOW	LOW	LOW	Cleaning Services	469	16.28	2411	16	4	0	5	1	1433	0
SLA-000256	4/24/2026 15:55	4/25/2026 2:34	CLEANING_WASTE	MEDIUM	LOW	LOW	Cleaning Services	639	22.19	2241	15	4	0	8	7	1151	0
SLA-000257	8/13/2026 16:11	8/13/2026 19:30	PLUMBING_WATER	HIGH	LOW	MEDIUM	Facilities	199	13.82	1241	16	3	0	8	11	1434	0
SLA-000258	7/3/2026 15:16	7/3/2026 21:33	ELECTRICAL	MEDIUM	LOW	LOW	Facilities	377	13.09	2503	15	4	0	20	8	2772	0
SLA-000259	6/22/2026 11:37	6/22/2026 15:42	HVAC_AC	LOW	MEDIUM	LOW	Facilities	245	8.51	2635	11	0	0	15	8	2944	0
SLA-000260	7/14/2026 11:27	7/14/2026 19:06	ELEVATOR	HIGH	HIGH	CRITICAL	Facilities	459	95.62	21	11	1	0	30	2	465	1
SLA-000261	4/14/2026 18:34	4/15/2026 1:47	PLUMBING_WATER	LOW	LOW	LOW	Facilities	433	15.03	2447	18	1	0	3	7	1463	0
SLA-000262	3/3/2026 10:46	3/3/2026 18:22	BUILDING_STRUCTURE	HIGH	MEDIUM	HIGH	Facilities	456	95	24	10	1	0	24	10	260	1
SLA-000263	2/11/2026 17:11	2/12/2026 0:43	ELECTRICAL	HIGH	MEDIUM	HIGH	Facilities	452	94.17	28	17	2	0	28	11	333	1
SLA-000264	4/2/2026 15:31	4/3/2026 1:24	IT_HARDWARE_PRINTING	LOW	HIGH	MEDIUM	IT Support	593	41.18	847	15	3	0	4	4	1643	0
SLA-000265	2/8/2026 6:12	2/8/2026 17:21	FURNITURE_FIXTURES	MEDIUM	MEDIUM	MEDIUM	Facilities	669	46.46	771	6	6	1	8	3	1503	0
SLA-000266	4/12/2026 6:06	4/12/2026 11:45	OTHER	LOW	HIGH	MEDIUM	General Maintenance	339	23.54	1101	6	6	1	21	14	851	1
SLA-000267	2/24/2026 16:07	2/24/2026 22:42	HVAC_AC	LOW	LOW	LOW	Facilities	395	13.72	2485	16	1	0	0	15	2334	1
SLA-000268	3/15/2026 6:07	3/15/2026 12:44	BUILDING_STRUCTURE	LOW	LOW	LOW	Facilities	397	13.78	2483	6	6	1	24	7	2605	0
SLA-000269	8/25/2026 5:51	8/25/2026 13:28	IT_HARDWARE_PRINTING	MEDIUM	HIGH	HIGH	IT Support	457	95.21	23	5	1	0	1	10	367	1
SLA-000270	5/23/2026 22:07	5/24/2026 0:13	PLUMBING_WATER	HIGH	MEDIUM	HIGH	Facilities	126	26.25	354	22	5	1	4	7	129	0
SLA-000271	4/13/2026 10:30	4/13/2026 18:53	FURNITURE_FIXTURES	MEDIUM	MEDIUM	MEDIUM	Facilities	503	34.93	937	10	0	0	8	9	1523	0
SLA-000272	1/6/2026 20:43	1/7/2026 1:24	FURNITURE_FIXTURES	MEDIUM	HIGH	HIGH	Facilities	281	58.54	199	20	1	0	7	9	119	0
SLA-000273	8/2/2026 0:59	8/2/2026 4:42	ELEVATOR	MEDIUM	LOW	LOW	Facilities	223	7.74	2657	0	6	1	8	12	1721	0
SLA-000274	5/22/2026 20:02	5/22/2026 21:40	OTHER	MEDIUM	HIGH	HIGH	General Maintenance	98	20.42	382	20	4	0	25	3	475	1
SLA-000275	6/15/2026 12:00	6/15/2026 19:27	AV_CLASSROOM_EQUIPMENT	MEDIUM	HIGH	HIGH	AV Support	447	93.12	33	12	0	0	2	5	572	1
SLA-000276	5/31/2026 3:27	5/31/2026 7:00	IT_NETWORK_ACCOUNTS	HIGH	MEDIUM	HIGH	IT Support	213	44.38	267	3	6	1	14	7	191	0
SLA-000277	6/13/2026 1:19	6/13/2026 7:31	GROUNDS_OUTDOOR	LOW	LOW	LOW	Grounds Team	372	12.92	2508	1	5	1	18	8	850	0
SLA-000278	5/5/2026 9:13	5/5/2026 11:23	BUILDING_STRUCTURE	MEDIUM	HIGH	HIGH	Facilities	130	27.08	350	9	1	0	28	7	322	1
SLA-000279	2/20/2026 2:41	2/20/2026 10:47	OTHER	LOW	LOW	LOW	General Maintenance	486	16.88	2394	2	4	0	12	4	1695	0
SLA-000280	1/15/2026 1:13	1/15/2026 2:07	FURNITURE_FIXTURES	LOW	HIGH	MEDIUM	Facilities	54	3.75	1386	1	3	0	14	5	713	0
SLA-000281	6/22/2026 12:54	6/22/2026 21:41	OTHER	LOW	LOW	LOW	General Maintenance	527	18.3	2353	12	0	0	15	6	3297	1
SLA-000282	6/15/2026 5:38	6/15/2026 10:36	ELECTRICAL	MEDIUM	HIGH	HIGH	Facilities	298	62.08	182	5	0	0	28	3	475	1
SLA-000283	6/9/2026 9:25	6/9/2026 13:25	FURNITURE_FIXTURES	LOW	LOW	LOW	Facilities	240	8.33	2640	9	1	0	10	3	772	0
SLA-000284	4/19/2026 19:41	4/19/2026 22:29	SAFETY_HAZARD	MEDIUM	HIGH	HIGH	Safety Team	168	35	312	19	6	1	24	13	363	1
SLA-000285	6/16/2026 6:03	6/16/2026 17:39	IT_NETWORK_ACCOUNTS	MEDIUM	MEDIUM	MEDIUM	IT Support	696	48.33	744	6	1	0	24	5	1486	1
SLA-000286	5/22/2026 6:05	5/22/2026 13:21	FURNITURE_FIXTURES	LOW	LOW	LOW	Facilities	436	15.14	2444	6	4	0	27	4	3452	1
SLA-000287	7/16/2026 11:49	7/16/2026 15:20	CLEANING_WASTE	MEDIUM	HIGH	HIGH	Cleaning Services	211	43.96	269	11	3	0	7	13	470	1
SLA-000288	2/16/2026 15:13	2/16/2026 19:31	FURNITURE_FIXTURES	MEDIUM	HIGH	HIGH	Facilities	258	53.75	222	15	0	0	7	12	101	0
SLA-000289	4/11/2026 9:06	4/11/2026 10:19	HVAC_AC	MEDIUM	HIGH	HIGH	Facilities	73	15.21	407	9	5	1	22	6	357	1
SLA-000290	7/18/2026 1:50	7/18/2026 7:35	ELEVATOR	HIGH	MEDIUM	HIGH	Facilities	345	71.88	135	1	5	1	4	0	511	1
SLA-000291	7/31/2026 10:23	7/31/2026 21:50	IT_NETWORK_ACCOUNTS	LOW	LOW	LOW	IT Support	687	23.85	2193	10	4	0	16	12	1082	1
SLA-000292	1/15/2026 14:41	1/15/2026 16:23	HVAC_AC	MEDIUM	HIGH	HIGH	Facilities	102	21.25	378	14	3	0	17	0	163	0
SLA-000293	4/18/2026 2:36	4/18/2026 9:28	AV_CLASSROOM_EQUIPMENT	HIGH	LOW	MEDIUM	AV Support	412	28.61	1028	2	5	1	13	2	1714	0
SLA-000294	5/25/2026 21:43	5/26/2026 4:57	IT_HARDWARE_PRINTING	MEDIUM	MEDIUM	MEDIUM	IT Support	434	30.14	1006	21	0	0	5	12	1014	0
SLA-000295	3/15/2026 5:16	3/15/2026 7:11	IT_NETWORK_ACCOUNTS	HIGH	HIGH	CRITICAL	IT Support	115	23.96	365	5	6	1	24	5	197	1
SLA-000296	8/7/2026 0:18	8/7/2026 1:12	IT_NETWORK_ACCOUNTS	MEDIUM	HIGH	HIGH	IT Support	54	11.25	426	0	4	0	14	12	488	1
SLA-000297	3/2/2026 23:28	3/3/2026 7:17	CLEANING_WASTE	MEDIUM	MEDIUM	MEDIUM	Cleaning Services	469	32.57	971	23	0	0	6	10	1451	1
SLA-000298	1/10/2026 9:43	1/10/2026 15:27	IT_NETWORK_ACCOUNTS	MEDIUM	MEDIUM	MEDIUM	IT Support	344	23.89	1096	9	5	1	9	14	604	0
SLA-000299	4/30/2026 4:43	4/30/2026 11:50	ELEVATOR	HIGH	HIGH	CRITICAL	Facilities	427	88.96	53	4	3	0	4	13	331	1
SLA-000300	6/6/2026 8:17	6/6/2026 12:01	BUILDING_STRUCTURE	HIGH	MEDIUM	HIGH	Facilities	224	46.67	256	8	5	1	17	1	346	0
SLA-000301	7/27/2026 4:39	7/27/2026 12:56	GROUNDS_OUTDOOR	LOW	HIGH	MEDIUM	Grounds Team	497	34.51	943	4	0	0	15	12	1072	0
SLA-000302	6/6/2026 14:11	6/6/2026 17:03	AV_CLASSROOM_EQUIPMENT	HIGH	HIGH	CRITICAL	AV Support	172	35.83	308	14	5	1	24	4	207	1
SLA-000303	2/6/2026 22:19	2/7/2026 1:23	AV_CLASSROOM_EQUIPMENT	HIGH	LOW	MEDIUM	AV Support	184	12.78	1256	22	4	0	8	10	1628	1
SLA-000304	1/9/2026 10:37	1/9/2026 12:18	SAFETY_HAZARD	HIGH	HIGH	CRITICAL	Safety Team	101	21.04	379	10	4	0	11	8	512	1
SLA-000305	5/27/2026 15:03	5/27/2026 18:08	PLUMBING_WATER	HIGH	MEDIUM	HIGH	Facilities	185	38.54	295	15	2	0	8	11	177	0
SLA-000306	8/12/2026 8:23	8/12/2026 18:11	IT_HARDWARE_PRINTING	MEDIUM	MEDIUM	MEDIUM	IT Support	588	40.83	852	8	2	0	7	13	908	1
SLA-000307	7/6/2026 3:14	7/6/2026 13:59	IT_NETWORK_ACCOUNTS	LOW	MEDIUM	LOW	IT Support	645	22.4	2235	3	0	0	25	15	2094	1
SLA-000308	4/15/2026 9:42	4/15/2026 13:18	IT_NETWORK_ACCOUNTS	LOW	MEDIUM	LOW	IT Support	216	7.5	2664	9	2	0	27	0	2236	0
SLA-000309	7/12/2026 10:30	7/12/2026 20:36	ELECTRICAL	MEDIUM	MEDIUM	MEDIUM	Facilities	606	42.08	834	10	6	1	19	9	1215	0
SLA-000310	7/29/2026 11:05	7/29/2026 20:40	SAFETY_HAZARD	HIGH	LOW	MEDIUM	Safety Team	575	39.93	865	11	2	0	3	4	744	0
SLA-000311	8/28/2026 3:45	8/28/2026 4:53	IT_NETWORK_ACCOUNTS	HIGH	MEDIUM	HIGH	IT Support	68	14.17	412	3	4	0	7	13	225	1
SLA-000312	7/12/2026 4:15	7/12/2026 12:28	ELEVATOR	HIGH	LOW	MEDIUM	Facilities	493	34.24	947	4	6	1	16	10	1391	0
SLA-000313	6/26/2026 4:46	6/26/2026 10:17	ELEVATOR	HIGH	MEDIUM	HIGH	Facilities	331	68.96	149	4	4	0	25	1	268	1
SLA-000314	7/4/2026 14:47	7/5/2026 1:40	CLEANING_WASTE	LOW	LOW	LOW	Cleaning Services	653	22.67	2227	14	5	1	10	6	1606	0
SLA-000315	6/29/2026 17:19	6/29/2026 19:17	ELEVATOR	MEDIUM	HIGH	HIGH	Facilities	118	24.58	362	17	0	0	7	0	539	0
SLA-000316	8/23/2026 20:21	8/24/2026 1:48	IT_HARDWARE_PRINTING	MEDIUM	HIGH	HIGH	IT Support	327	68.12	153	20	6	1	28	9	421	1
SLA-000317	2/21/2026 8:34	2/21/2026 8:56	OTHER	HIGH	MEDIUM	HIGH	General Maintenance	22	4.58	458	8	5	1	1	12	282	1
SLA-000318	4/5/2026 11:53	4/5/2026 21:43	AV_CLASSROOM_EQUIPMENT	MEDIUM	MEDIUM	MEDIUM	AV Support	590	40.97	850	11	6	1	15	2	1548	0
SLA-000319	5/25/2026 11:06	5/25/2026 19:20	AV_CLASSROOM_EQUIPMENT	LOW	HIGH	MEDIUM	AV Support	494	34.31	946	11	0	0	10	15	737	1
SLA-000320	1/26/2026 11:30	1/26/2026 19:32	IT_HARDWARE_PRINTING	LOW	HIGH	MEDIUM	IT Support	482	33.47	958	11	0	0	29	6	464	1
SLA-000321	2/26/2026 0:18	2/26/2026 2:42	ELECTRICAL	HIGH	MEDIUM	HIGH	Facilities	144	30	336	0	3	0	15	12	154	1
SLA-000322	1/15/2026 5:33	1/15/2026 12:21	IT_NETWORK_ACCOUNTS	HIGH	MEDIUM	HIGH	IT Support	408	85	72	5	3	0	10	12	362	1
SLA-000323	5/1/2026 1:05	5/1/2026 5:49	BUILDING_STRUCTURE	HIGH	LOW	MEDIUM	Facilities	284	19.72	1156	1	4	0	3	7	660	0
SLA-000324	2/7/2026 10:19	2/7/2026 16:01	GROUNDS_OUTDOOR	LOW	LOW	LOW	Grounds Team	342	11.88	2538	10	5	1	29	1	2834	1
SLA-000325	2/22/2026 15:25	2/22/2026 16:18	AV_CLASSROOM_EQUIPMENT	MEDIUM	HIGH	HIGH	AV Support	53	11.04	427	15	6	1	24	7	201	1
SLA-000326	1/6/2026 20:27	1/7/2026 0:56	PLUMBING_WATER	MEDIUM	HIGH	HIGH	Facilities	269	56.04	211	20	1	0	5	9	195	0
SLA-000327	2/20/2026 7:47	2/20/2026 17:49	AV_CLASSROOM_EQUIPMENT	MEDIUM	LOW	LOW	AV Support	602	20.9	2278	7	4	0	11	3	3094	0
SLA-000328	7/1/2026 18:16	7/1/2026 23:50	SAFETY_HAZARD	MEDIUM	HIGH	HIGH	Safety Team	334	69.58	146	18	2	0	23	7	157	1
SLA-000329	4/18/2026 17:54	4/18/2026 22:42	SAFETY_HAZARD	MEDIUM	HIGH	HIGH	Safety Team	288	60	192	17	5	1	29	14	513	1
SLA-000330	5/29/2026 15:09	5/30/2026 1:44	GROUNDS_OUTDOOR	MEDIUM	LOW	LOW	Grounds Team	635	22.05	2245	15	4	0	26	11	1878	1
SLA-000331	3/19/2026 4:53	3/19/2026 5:48	IT_HARDWARE_PRINTING	HIGH	MEDIUM	HIGH	IT Support	55	11.46	425	4	3	0	12	3	267	0
SLA-000332	2/8/2026 1:36	2/8/2026 5:27	BUILDING_STRUCTURE	LOW	LOW	LOW	Facilities	231	8.02	2649	1	6	1	8	2	1040	0
SLA-000333	1/4/2026 2:59	1/4/2026 7:50	AV_CLASSROOM_EQUIPMENT	MEDIUM	MEDIUM	MEDIUM	AV Support	291	20.21	1149	2	6	1	5	6	1416	0
SLA-000334	4/16/2026 14:07	4/16/2026 20:25	AV_CLASSROOM_EQUIPMENT	HIGH	LOW	MEDIUM	AV Support	378	26.25	1062	14	3	0	1	10	949	0
SLA-000335	8/19/2026 3:53	8/19/2026 4:52	CLEANING_WASTE	LOW	LOW	LOW	Cleaning Services	59	2.05	2821	3	2	0	12	1	1829	0
SLA-000336	8/9/2026 15:53	8/10/2026 2:00	OTHER	MEDIUM	MEDIUM	MEDIUM	General Maintenance	607	42.15	833	15	6	1	18	9	1560	1
SLA-000337	7/31/2026 2:13	7/31/2026 8:55	OTHER	MEDIUM	HIGH	HIGH	General Maintenance	402	83.75	78	2	4	0	29	1	388	1
SLA-000338	3/10/2026 4:52	3/10/2026 5:07	PLUMBING_WATER	HIGH	MEDIUM	HIGH	Facilities	15	3.12	465	4	1	0	25	15	334	1
SLA-000339	5/1/2026 1:07	5/1/2026 5:17	IT_NETWORK_ACCOUNTS	MEDIUM	LOW	LOW	IT Support	250	8.68	2630	1	4	0	0	5	2951	0
SLA-000340	1/23/2026 1:37	1/23/2026 7:45	ELECTRICAL	LOW	LOW	LOW	Facilities	368	12.78	2512	1	4	0	4	15	2944	1
SLA-000341	6/13/2026 10:19	6/13/2026 15:35	ELECTRICAL	MEDIUM	HIGH	HIGH	Facilities	316	65.83	164	10	5	1	20	3	499	1
SLA-000342	7/9/2026 8:23	7/9/2026 15:05	HVAC_AC	MEDIUM	HIGH	HIGH	Facilities	402	83.75	78	8	3	0	17	8	490	1
SLA-000343	2/5/2026 9:13	2/5/2026 10:33	OTHER	HIGH	MEDIUM	HIGH	General Maintenance	80	16.67	400	9	3	0	21	3	141	0
SLA-000344	5/8/2026 14:55	5/8/2026 15:17	SAFETY_HAZARD	HIGH	HIGH	CRITICAL	Safety Team	22	4.58	458	14	4	0	4	9	483	1
SLA-000345	2/4/2026 1:58	2/4/2026 9:43	IT_NETWORK_ACCOUNTS	MEDIUM	HIGH	HIGH	IT Support	465	96.88	15	1	2	0	0	15	148	1
SLA-000346	1/6/2026 9:11	1/6/2026 20:00	BUILDING_STRUCTURE	MEDIUM	MEDIUM	MEDIUM	Facilities	649	45.07	791	9	1	0	20	10	483	1
SLA-000347	3/4/2026 14:24	3/4/2026 15:37	OTHER	MEDIUM	MEDIUM	MEDIUM	General Maintenance	73	5.07	1367	14	2	0	9	1	786	0
SLA-000348	2/7/2026 8:28	2/7/2026 11:25	OTHER	MEDIUM	MEDIUM	MEDIUM	General Maintenance	177	12.29	1263	8	5	1	2	14	1426	1
SLA-000349	3/14/2026 19:29	3/15/2026 2:33	GROUNDS_OUTDOOR	LOW	HIGH	MEDIUM	Grounds Team	424	29.44	1016	19	5	1	2	8	978	0
SLA-000350	2/28/2026 1:24	2/28/2026 6:09	IT_NETWORK_ACCOUNTS	HIGH	MEDIUM	HIGH	IT Support	285	59.38	195	1	5	1	13	13	315	1
SLA-000351	7/2/2026 14:59	7/3/2026 2:40	HVAC_AC	MEDIUM	MEDIUM	MEDIUM	Facilities	701	48.68	739	14	3	0	6	12	783	0
SLA-000352	5/28/2026 23:34	5/29/2026 4:08	AV_CLASSROOM_EQUIPMENT	HIGH	HIGH	CRITICAL	AV Support	274	57.08	206	23	3	0	26	11	193	1
SLA-000353	1/13/2026 2:22	1/13/2026 3:11	ELEVATOR	MEDIUM	HIGH	HIGH	Facilities	49	10.21	431	2	1	0	24	9	290	0
SLA-000354	3/1/2026 13:32	3/1/2026 21:54	BUILDING_STRUCTURE	LOW	HIGH	MEDIUM	Facilities	502	34.86	938	13	6	1	22	7	1560	1
SLA-000355	5/22/2026 7:24	5/22/2026 10:02	OTHER	MEDIUM	HIGH	HIGH	General Maintenance	158	32.92	322	7	4	0	5	10	491	1
SLA-000356	8/19/2026 5:52	8/19/2026 7:48	OTHER	MEDIUM	HIGH	HIGH	General Maintenance	116	24.17	364	5	2	0	19	13	523	1
SLA-000357	6/28/2026 15:09	6/28/2026 19:02	SAFETY_HAZARD	MEDIUM	LOW	LOW	Safety Team	233	8.09	2647	15	6	1	30	4	1596	0
SLA-000358	8/9/2026 1:47	8/9/2026 4:51	PLUMBING_WATER	LOW	LOW	LOW	Facilities	184	6.39	2696	1	6	1	20	2	1587	0
SLA-000359	8/12/2026 16:12	8/13/2026 3:28	PLUMBING_WATER	LOW	HIGH	MEDIUM	Facilities	676	46.94	764	16	2	0	9	12	329	0
SLA-000360	5/16/2026 1:06	5/16/2026 1:34	ELEVATOR	MEDIUM	HIGH	HIGH	Facilities	28	5.83	452	1	5	1	29	11	465	1
SLA-000361	8/1/2026 6:18	8/1/2026 7:21	HVAC_AC	MEDIUM	HIGH	HIGH	Facilities	63	13.12	417	6	5	1	6	8	209	0
SLA-000362	5/23/2026 16:43	5/23/2026 18:24	AV_CLASSROOM_EQUIPMENT	MEDIUM	HIGH	HIGH	AV Support	101	21.04	379	16	5	1	2	14	234	1
SLA-000363	2/9/2026 12:34	2/9/2026 17:44	IT_NETWORK_ACCOUNTS	HIGH	LOW	MEDIUM	IT Support	310	21.53	1130	12	0	0	4	13	933	0
SLA-000364	3/31/2026 15:59	3/31/2026 16:27	FURNITURE_FIXTURES	MEDIUM	HIGH	HIGH	Facilities	28	5.83	452	15	1	0	28	0	320	1
SLA-000365	1/4/2026 17:18	1/4/2026 23:38	BUILDING_STRUCTURE	LOW	LOW	LOW	Facilities	380	13.19	2500	17	6	1	24	6	869	0
SLA-000366	6/23/2026 22:33	6/24/2026 5:13	GROUNDS_OUTDOOR	MEDIUM	MEDIUM	MEDIUM	Grounds Team	400	27.78	1040	22	1	0	12	7	1297	0
SLA-000367	3/6/2026 4:01	3/6/2026 8:39	BUILDING_STRUCTURE	LOW	HIGH	MEDIUM	Facilities	278	19.31	1162	4	4	0	5	15	1332	1
SLA-000368	2/8/2026 14:04	2/8/2026 16:35	AV_CLASSROOM_EQUIPMENT	MEDIUM	MEDIUM	MEDIUM	AV Support	151	10.49	1289	14	6	1	24	4	1161	0
SLA-000369	7/21/2026 14:22	7/21/2026 22:29	PLUMBING_WATER	LOW	LOW	LOW	Facilities	487	16.91	2393	14	1	0	14	9	3274	1
SLA-000370	7/20/2026 18:26	7/20/2026 19:43	ELEVATOR	HIGH	MEDIUM	HIGH	Facilities	77	16.04	403	18	0	0	5	14	273	1
SLA-000371	6/21/2026 22:09	6/22/2026 1:36	GROUNDS_OUTDOOR	HIGH	LOW	MEDIUM	Grounds Team	207	14.37	1233	22	6	1	4	10	1355	0
SLA-000372	4/11/2026 10:52	4/11/2026 15:02	PLUMBING_WATER	MEDIUM	HIGH	HIGH	Facilities	250	52.08	230	10	5	1	2	12	273	1
SLA-000373	7/14/2026 22:58	7/15/2026 6:22	ELECTRICAL	MEDIUM	MEDIUM	MEDIUM	Facilities	444	30.83	996	22	1	0	28	10	430	1
SLA-000374	6/26/2026 0:53	6/26/2026 9:41	HVAC_AC	MEDIUM	LOW	LOW	Facilities	528	18.33	2352	0	4	0	13	9	2478	0
SLA-000375	1/7/2026 0:29	1/7/2026 3:18	IT_HARDWARE_PRINTING	MEDIUM	MEDIUM	MEDIUM	IT Support	169	11.74	1271	0	2	0	21	7	683	0
SLA-000376	7/23/2026 19:39	7/23/2026 21:07	BUILDING_STRUCTURE	LOW	LOW	LOW	Facilities	88	3.06	2792	19	3	0	6	15	2788	1
SLA-000377	5/14/2026 1:06	5/14/2026 12:26	FURNITURE_FIXTURES	LOW	MEDIUM	LOW	Facilities	680	23.61	2200	1	3	0	29	2	1242	1
SLA-000378	3/21/2026 18:08	3/22/2026 3:47	PLUMBING_WATER	MEDIUM	MEDIUM	MEDIUM	Facilities	579	40.21	861	18	5	1	11	11	570	0
SLA-000379	2/1/2026 21:56	2/2/2026 4:33	IT_NETWORK_ACCOUNTS	MEDIUM	HIGH	HIGH	IT Support	397	82.71	83	21	6	1	25	0	471	1
SLA-000380	1/17/2026 2:51	1/17/2026 12:58	FURNITURE_FIXTURES	LOW	HIGH	MEDIUM	Facilities	607	42.15	833	2	5	1	10	5	1601	0
SLA-000381	3/1/2026 8:58	3/1/2026 11:51	ELEVATOR	MEDIUM	LOW	LOW	Facilities	173	6.01	2707	8	6	1	30	11	2579	1
SLA-000382	1/16/2026 18:39	1/16/2026 20:16	IT_HARDWARE_PRINTING	HIGH	MEDIUM	HIGH	IT Support	97	20.21	383	18	4	0	26	5	364	0
SLA-000383	8/28/2026 5:59	8/28/2026 11:15	ELEVATOR	MEDIUM	HIGH	HIGH	Facilities	316	65.83	164	5	4	0	21	3	519	1
SLA-000384	4/4/2026 23:49	4/5/2026 11:35	IT_HARDWARE_PRINTING	LOW	LOW	LOW	IT Support	706	24.51	2174	23	5	1	24	6	2148	0
SLA-000385	5/22/2026 11:49	5/22/2026 22:58	OTHER	HIGH	LOW	MEDIUM	General Maintenance	669	46.46	771	11	4	0	27	9	871	1
SLA-000386	8/23/2026 2:19	8/23/2026 3:46	PLUMBING_WATER	MEDIUM	HIGH	HIGH	Facilities	87	18.12	393	2	6	1	13	14	376	1
SLA-000387	2/9/2026 15:51	2/9/2026 21:42	OTHER	MEDIUM	MEDIUM	MEDIUM	General Maintenance	351	24.38	1089	15	0	0	29	11	1105	1
SLA-000388	5/20/2026 9:44	5/20/2026 15:13	IT_HARDWARE_PRINTING	LOW	LOW	LOW	IT Support	329	11.42	2551	9	2	0	21	1	2091	0
SLA-000389	1/28/2026 17:19	1/29/2026 1:36	BUILDING_STRUCTURE	LOW	LOW	LOW	Facilities	497	17.26	2383	17	2	0	29	5	3345	1
SLA-000390	3/24/2026 20:06	3/24/2026 20:38	IT_HARDWARE_PRINTING	LOW	HIGH	MEDIUM	IT Support	32	2.22	1408	20	1	0	14	9	1396	0
SLA-000391	6/30/2026 16:03	6/30/2026 19:45	BUILDING_STRUCTURE	MEDIUM	MEDIUM	MEDIUM	Facilities	222	15.42	1218	16	1	0	0	3	1491	0
SLA-000392	5/16/2026 18:56	5/16/2026 21:47	ELEVATOR	MEDIUM	MEDIUM	MEDIUM	Facilities	171	11.88	1269	18	5	1	3	15	886	0
SLA-000393	7/15/2026 0:08	7/15/2026 4:55	FURNITURE_FIXTURES	MEDIUM	MEDIUM	MEDIUM	Facilities	287	19.93	1153	0	2	0	6	13	1439	1
SLA-000394	7/10/2026 5:46	7/10/2026 8:21	ELECTRICAL	MEDIUM	HIGH	HIGH	Facilities	155	32.29	325	5	4	0	3	9	287	0
SLA-000395	6/15/2026 11:22	6/15/2026 14:58	HVAC_AC	LOW	LOW	LOW	Facilities	216	7.5	2664	11	0	0	17	2	1978	0
SLA-000396	2/17/2026 17:01	2/18/2026 2:18	BUILDING_STRUCTURE	MEDIUM	MEDIUM	MEDIUM	Facilities	557	38.68	883	17	1	0	2	11	1157	0
SLA-000397	2/28/2026 16:03	3/1/2026 0:30	SAFETY_HAZARD	HIGH	LOW	MEDIUM	Safety Team	507	35.21	933	16	5	1	27	12	729	1
SLA-000398	3/17/2026 1:18	3/17/2026 11:24	FURNITURE_FIXTURES	LOW	HIGH	MEDIUM	Facilities	606	42.08	834	1	1	0	14	12	1359	1
SLA-000399	7/1/2026 20:50	7/1/2026 22:56	HVAC_AC	MEDIUM	MEDIUM	MEDIUM	Facilities	126	8.75	1314	20	2	0	17	2	1668	0
SLA-000400	8/18/2026 15:26	8/18/2026 21:33	ELECTRICAL	HIGH	LOW	MEDIUM	Facilities	367	25.49	1073	15	1	0	3	2	1282	0
SLA-000401	1/19/2026 3:42	1/19/2026 5:15	ELECTRICAL	MEDIUM	HIGH	HIGH	Facilities	93	19.38	387	3	0	0	3	1	397	0
SLA-000402	6/2/2026 19:19	6/3/2026 3:45	OTHER	LOW	LOW	LOW	General Maintenance	506	17.57	2374	19	1	0	5	14	2641	1
SLA-000403	6/29/2026 4:17	6/29/2026 6:14	AV_CLASSROOM_EQUIPMENT	MEDIUM	HIGH	HIGH	AV Support	117	24.38	363	4	0	0	2	13	503	1
SLA-000404	2/15/2026 23:50	2/16/2026 0:28	PLUMBING_WATER	HIGH	MEDIUM	HIGH	Facilities	38	7.92	442	23	6	1	1	13	338	1
SLA-000405	6/3/2026 15:25	6/3/2026 20:39	BUILDING_STRUCTURE	HIGH	MEDIUM	HIGH	Facilities	314	65.42	166	15	2	0	2	9	466	1
SLA-000406	8/2/2026 17:30	8/2/2026 22:06	IT_HARDWARE_PRINTING	MEDIUM	MEDIUM	MEDIUM	IT Support	276	19.17	1164	17	6	1	21	11	887	0
SLA-000407	2/9/2026 3:27	2/9/2026 9:41	OTHER	MEDIUM	MEDIUM	MEDIUM	General Maintenance	374	25.97	1066	3	0	0	1	0	1171	0
SLA-000408	4/30/2026 8:13	4/30/2026 11:39	AV_CLASSROOM_EQUIPMENT	MEDIUM	HIGH	HIGH	AV Support	206	42.92	274	8	3	0	15	12	369	1
SLA-000409	1/20/2026 0:34	1/20/2026 0:58	AV_CLASSROOM_EQUIPMENT	HIGH	MEDIUM	HIGH	AV Support	24	5	456	0	1	0	24	12	570	1
SLA-000410	2/19/2026 8:15	2/19/2026 13:56	BUILDING_STRUCTURE	MEDIUM	HIGH	HIGH	Facilities	341	71.04	139	8	3	0	1	2	355	0
SLA-000411	7/20/2026 1:10	7/20/2026 9:23	PLUMBING_WATER	LOW	HIGH	MEDIUM	Facilities	493	34.24	947	1	0	0	27	5	426	0
SLA-000412	6/22/2026 1:40	6/22/2026 12:52	PLUMBING_WATER	LOW	LOW	LOW	Facilities	672	23.33	2208	1	0	0	25	0	3287	1
SLA-000413	6/26/2026 0:06	6/26/2026 1:16	OTHER	MEDIUM	HIGH	HIGH	General Maintenance	70	14.58	410	0	4	0	4	7	116	0
SLA-000414	5/13/2026 19:37	5/14/2026 6:10	GROUNDS_OUTDOOR	MEDIUM	MEDIUM	MEDIUM	Grounds Team	633	43.96	807	19	2	0	19	0	1669	0
SLA-000415	3/23/2026 19:03	3/23/2026 22:54	SAFETY_HAZARD	HIGH	HIGH	CRITICAL	Safety Team	231	48.12	249	19	0	0	25	13	455	1
SLA-000416	1/15/2026 0:38	1/15/2026 10:09	OTHER	LOW	LOW	LOW	General Maintenance	571	19.83	2309	0	3	0	12	2	3381	0
SLA-000417	1/9/2026 22:01	1/10/2026 5:43	IT_HARDWARE_PRINTING	MEDIUM	HIGH	HIGH	IT Support	462	96.25	18	22	4	0	18	12	521	1
SLA-000418	7/12/2026 20:17	7/13/2026 1:12	ELEVATOR	HIGH	MEDIUM	HIGH	Facilities	295	61.46	185	20	6	1	2	8	299	0
SLA-000419	7/26/2026 5:25	7/26/2026 10:49	AV_CLASSROOM_EQUIPMENT	HIGH	LOW	MEDIUM	AV Support	324	22.5	1116	5	6	1	29	6	924	1
SLA-000420	5/18/2026 2:58	5/18/2026 10:32	OTHER	MEDIUM	LOW	LOW	General Maintenance	454	15.76	2426	2	0	0	27	12	941	1
SLA-000421	8/1/2026 12:24	8/1/2026 14:11	AV_CLASSROOM_EQUIPMENT	HIGH	HIGH	CRITICAL	AV Support	107	22.29	373	12	5	1	19	11	101	0
SLA-000422	2/19/2026 0:16	2/19/2026 2:15	BUILDING_STRUCTURE	LOW	HIGH	MEDIUM	Facilities	119	8.26	1321	0	3	0	12	10	1316	0
SLA-000423	5/1/2026 20:56	5/2/2026 2:48	BUILDING_STRUCTURE	HIGH	MEDIUM	HIGH	Facilities	352	73.33	128	20	4	0	2	3	413	0
SLA-000424	4/9/2026 12:25	4/9/2026 18:29	CLEANING_WASTE	MEDIUM	MEDIUM	MEDIUM	Cleaning Services	364	25.28	1076	12	3	0	20	2	1096	0
SLA-000425	1/4/2026 13:43	1/4/2026 16:16	AV_CLASSROOM_EQUIPMENT	MEDIUM	HIGH	HIGH	AV Support	153	31.87	327	13	6	1	4	1	140	0
SLA-000426	2/10/2026 10:25	2/10/2026 11:20	ELEVATOR	HIGH	HIGH	CRITICAL	Facilities	55	11.46	425	10	1	0	24	14	545	1
SLA-000427	7/5/2026 21:55	7/6/2026 4:48	FURNITURE_FIXTURES	MEDIUM	LOW	LOW	Facilities	413	14.34	2467	21	6	1	29	10	672	1
SLA-000428	5/9/2026 20:45	5/10/2026 3:52	PLUMBING_WATER	HIGH	HIGH	CRITICAL	Facilities	427	88.96	53	20	5	1	28	5	177	1
SLA-000429	1/10/2026 23:13	1/11/2026 6:17	ELEVATOR	HIGH	LOW	MEDIUM	Facilities	424	29.44	1016	23	5	1	13	2	995	0
SLA-000430	6/28/2026 15:43	6/28/2026 23:01	AV_CLASSROOM_EQUIPMENT	MEDIUM	HIGH	HIGH	AV Support	438	91.25	42	15	6	1	12	8	515	1
SLA-000431	5/7/2026 21:00	5/8/2026 3:00	IT_HARDWARE_PRINTING	MEDIUM	MEDIUM	MEDIUM	IT Support	360	25	1080	21	3	0	22	3	891	0
SLA-000432	4/12/2026 16:53	4/12/2026 20:07	OTHER	HIGH	HIGH	CRITICAL	General Maintenance	194	40.42	286	16	6	1	12	1	495	1
SLA-000433	2/11/2026 10:58	2/11/2026 18:06	CLEANING_WASTE	MEDIUM	HIGH	HIGH	Cleaning Services	428	89.17	52	10	2	0	30	14	358	1
SLA-000434	6/11/2026 1:13	6/11/2026 4:48	BUILDING_STRUCTURE	LOW	HIGH	MEDIUM	Facilities	215	14.93	1225	1	3	0	4	8	605	0
SLA-000435	6/6/2026 20:26	6/7/2026 2:53	GROUNDS_OUTDOOR	LOW	LOW	LOW	Grounds Team	387	13.44	2493	20	5	1	18	11	2953	1
SLA-000436	6/24/2026 13:44	6/24/2026 21:10	BUILDING_STRUCTURE	HIGH	MEDIUM	HIGH	Facilities	446	92.92	34	13	2	0	20	5	403	1
SLA-000437	7/15/2026 21:43	7/15/2026 23:11	GROUNDS_OUTDOOR	MEDIUM	MEDIUM	MEDIUM	Grounds Team	88	6.11	1352	21	2	0	28	2	1184	1
SLA-000438	1/26/2026 23:16	1/27/2026 2:47	SAFETY_HAZARD	MEDIUM	HIGH	HIGH	Safety Team	211	43.96	269	23	0	0	15	2	293	0
SLA-000439	3/2/2026 7:16	3/2/2026 11:04	BUILDING_STRUCTURE	HIGH	MEDIUM	HIGH	Facilities	228	47.5	252	7	0	0	5	3	104	0
SLA-000440	4/21/2026 14:58	4/21/2026 19:04	IT_NETWORK_ACCOUNTS	MEDIUM	LOW	LOW	IT Support	246	8.54	2634	14	1	0	20	3	2940	1
SLA-000441	4/1/2026 6:17	4/1/2026 8:04	OTHER	LOW	HIGH	MEDIUM	General Maintenance	107	7.43	1333	6	2	0	21	2	1345	1
SLA-000442	2/21/2026 22:39	2/22/2026 8:35	ELECTRICAL	HIGH	LOW	MEDIUM	Facilities	596	41.39	844	22	5	1	17	15	655	1
SLA-000443	1/15/2026 20:52	1/16/2026 2:16	BUILDING_STRUCTURE	HIGH	LOW	MEDIUM	Facilities	324	22.5	1116	20	3	0	4	7	1327	0
SLA-000444	1/6/2026 2:45	1/6/2026 9:19	FURNITURE_FIXTURES	MEDIUM	HIGH	HIGH	Facilities	394	82.08	86	2	1	0	30	15	512	1
SLA-000445	1/13/2026 12:59	1/13/2026 23:34	FURNITURE_FIXTURES	MEDIUM	MEDIUM	MEDIUM	Facilities	635	44.1	805	12	1	0	28	14	1373	1
SLA-000446	1/24/2026 21:33	1/25/2026 1:00	HVAC_AC	MEDIUM	LOW	LOW	Facilities	207	7.19	2673	21	5	1	29	10	1839	1
SLA-000447	4/2/2026 2:51	4/2/2026 12:16	IT_HARDWARE_PRINTING	LOW	LOW	LOW	IT Support	565	19.62	2315	2	3	0	21	10	3437	1
SLA-000448	3/16/2026 16:53	3/16/2026 21:34	HVAC_AC	MEDIUM	LOW	LOW	Facilities	281	9.76	2599	16	0	0	8	1	1293	0
SLA-000449	1/24/2026 3:26	1/24/2026 3:50	CLEANING_WASTE	LOW	LOW	LOW	Cleaning Services	24	0.83	2856	3	5	1	16	4	3170	0
SLA-000450	4/10/2026 13:23	4/10/2026 22:46	IT_HARDWARE_PRINTING	LOW	LOW	LOW	IT Support	563	19.55	2317	13	4	0	10	7	904	0
SLA-000451	4/15/2026 15:29	4/16/2026 3:14	SAFETY_HAZARD	MEDIUM	LOW	LOW	Safety Team	705	24.48	2175	15	2	0	26	12	3435	1
SLA-000452	4/2/2026 8:19	4/2/2026 12:49	GROUNDS_OUTDOOR	MEDIUM	HIGH	HIGH	Grounds Team	270	56.25	210	8	3	0	27	15	351	1
SLA-000453	6/8/2026 7:59	6/8/2026 17:23	CLEANING_WASTE	LOW	LOW	LOW	Cleaning Services	564	19.58	2316	7	0	0	7	11	1353	0
SLA-000454	1/5/2026 4:59	1/5/2026 16:33	BUILDING_STRUCTURE	MEDIUM	MEDIUM	MEDIUM	Facilities	694	48.19	746	4	0	0	29	3	1162	1
SLA-000455	4/14/2026 18:01	4/15/2026 1:27	ELEVATOR	MEDIUM	LOW	LOW	Facilities	446	15.49	2434	18	1	0	18	6	944	0
SLA-000456	5/6/2026 14:17	5/7/2026 2:06	GROUNDS_OUTDOOR	HIGH	LOW	MEDIUM	Grounds Team	709	49.24	731	14	2	0	21	2	1083	0
SLA-000457	4/12/2026 6:28	4/12/2026 12:32	IT_HARDWARE_PRINTING	LOW	HIGH	MEDIUM	IT Support	364	25.28	1076	6	6	1	3	12	879	0
SLA-000458	6/5/2026 0:25	6/5/2026 1:13	AV_CLASSROOM_EQUIPMENT	HIGH	HIGH	CRITICAL	AV Support	48	10	432	0	4	0	27	0	154	1
SLA-000459	4/17/2026 19:39	4/17/2026 22:41	PLUMBING_WATER	LOW	LOW	LOW	Facilities	182	6.32	2698	19	4	0	10	5	1676	0
SLA-000460	8/25/2026 21:56	8/26/2026 5:01	BUILDING_STRUCTURE	HIGH	HIGH	CRITICAL	Facilities	425	88.54	55	21	1	0	9	15	563	1
SLA-000461	2/28/2026 22:34	3/1/2026 3:28	IT_NETWORK_ACCOUNTS	MEDIUM	LOW	LOW	IT Support	294	10.21	2586	22	5	1	30	6	1925	1
SLA-000462	5/29/2026 17:16	5/29/2026 23:51	IT_HARDWARE_PRINTING	MEDIUM	HIGH	HIGH	IT Support	395	82.29	85	17	4	0	19	11	560	1
SLA-000463	5/8/2026 16:50	5/8/2026 20:07	AV_CLASSROOM_EQUIPMENT	HIGH	HIGH	CRITICAL	AV Support	197	41.04	283	16	4	0	3	13	411	1
SLA-000464	6/22/2026 10:05	6/22/2026 18:33	CLEANING_WASTE	LOW	LOW	LOW	Cleaning Services	508	17.64	2372	10	0	0	25	5	795	0
SLA-000465	7/19/2026 19:12	7/20/2026 7:02	ELEVATOR	LOW	LOW	LOW	Facilities	710	24.65	2170	19	6	1	8	4	2482	0
SLA-000466	5/10/2026 8:08	5/10/2026 14:31	FURNITURE_FIXTURES	LOW	LOW	LOW	Facilities	383	13.3	2497	8	6	1	23	6	3029	1
SLA-000467	8/6/2026 15:29	8/6/2026 22:35	PLUMBING_WATER	HIGH	LOW	MEDIUM	Facilities	426	29.58	1014	15	3	0	9	11	1708	1
SLA-000468	4/20/2026 3:56	4/20/2026 6:44	IT_NETWORK_ACCOUNTS	MEDIUM	MEDIUM	MEDIUM	IT Support	168	11.67	1272	3	0	0	10	6	618	0
SLA-000469	7/21/2026 10:57	7/21/2026 11:42	FURNITURE_FIXTURES	LOW	HIGH	MEDIUM	Facilities	45	3.12	1395	10	1	0	2	3	1614	0
SLA-000470	3/10/2026 20:19	3/11/2026 2:47	AV_CLASSROOM_EQUIPMENT	HIGH	HIGH	CRITICAL	AV Support	388	80.83	92	20	1	0	0	5	114	0
SLA-000471	3/1/2026 20:21	3/2/2026 7:57	FURNITURE_FIXTURES	LOW	LOW	LOW	Facilities	696	24.17	2184	20	6	1	6	13	3308	1
SLA-000472	7/31/2026 17:52	7/31/2026 19:02	GROUNDS_OUTDOOR	HIGH	MEDIUM	HIGH	Grounds Team	70	14.58	410	17	4	0	28	7	519	1
SLA-000473	1/12/2026 16:16	1/12/2026 22:40	IT_NETWORK_ACCOUNTS	MEDIUM	MEDIUM	MEDIUM	IT Support	384	26.67	1056	16	0	0	23	2	1336	0
SLA-000474	3/27/2026 18:18	3/27/2026 20:36	PLUMBING_WATER	MEDIUM	LOW	LOW	Facilities	138	4.79	2742	18	4	0	16	9	2981	1
SLA-000475	4/24/2026 20:54	4/25/2026 0:10	IT_HARDWARE_PRINTING	MEDIUM	HIGH	HIGH	IT Support	196	40.83	284	20	4	0	13	7	516	1
SLA-000476	3/23/2026 5:11	3/23/2026 11:09	FURNITURE_FIXTURES	LOW	MEDIUM	LOW	Facilities	358	12.43	2522	5	0	0	4	2	2615	0
SLA-000477	3/5/2026 11:15	3/5/2026 20:37	AV_CLASSROOM_EQUIPMENT	LOW	HIGH	MEDIUM	AV Support	562	39.03	878	11	3	0	18	2	795	0
SLA-000478	8/11/2026 6:02	8/11/2026 6:26	GROUNDS_OUTDOOR	MEDIUM	HIGH	HIGH	Grounds Team	24	5	456	6	1	0	11	2	231	0
SLA-000479	3/30/2026 13:10	3/30/2026 17:07	FURNITURE_FIXTURES	LOW	LOW	LOW	Facilities	237	8.23	2643	13	0	0	1	8	2454	0
SLA-000480	5/3/2026 14:34	5/3/2026 19:21	GROUNDS_OUTDOOR	LOW	LOW	LOW	Grounds Team	287	9.97	2593	14	6	1	6	8	3210	0
SLA-000481	3/16/2026 22:23	3/17/2026 6:01	PLUMBING_WATER	MEDIUM	HIGH	HIGH	Facilities	458	95.42	22	22	0	0	27	15	202	1
SLA-000482	5/19/2026 18:29	5/20/2026 0:25	IT_NETWORK_ACCOUNTS	HIGH	MEDIUM	HIGH	IT Support	356	74.17	124	18	1	0	12	4	216	0
SLA-000483	2/15/2026 18:45	2/16/2026 5:48	HVAC_AC	MEDIUM	LOW	LOW	Facilities	663	23.02	2217	18	6	1	16	2	3004	0
SLA-000484	2/18/2026 20:40	2/18/2026 21:21	OTHER	HIGH	HIGH	CRITICAL	General Maintenance	41	8.54	439	20	2	0	15	3	370	0
SLA-000485	8/26/2026 3:26	8/26/2026 7:43	IT_HARDWARE_PRINTING	MEDIUM	MEDIUM	MEDIUM	IT Support	257	17.85	1183	3	2	0	14	1	1298	0
SLA-000486	3/13/2026 1:07	3/13/2026 9:08	PLUMBING_WATER	LOW	HIGH	MEDIUM	Facilities	481	33.4	959	1	4	0	22	11	454	1
SLA-000487	4/6/2026 15:52	4/6/2026 23:25	HVAC_AC	LOW	LOW	LOW	Facilities	453	15.73	2427	15	0	0	23	5	1092	0
SLA-000488	5/28/2026 6:56	5/28/2026 13:47	CLEANING_WASTE	LOW	LOW	LOW	Cleaning Services	411	14.27	2469	6	3	0	1	1	3079	0
SLA-000489	8/24/2026 8:38	8/24/2026 11:30	OTHER	LOW	MEDIUM	LOW	General Maintenance	172	5.97	2708	8	0	0	12	3	3060	0
SLA-000490	8/15/2026 12:39	8/15/2026 17:58	CLEANING_WASTE	HIGH	LOW	MEDIUM	Cleaning Services	319	22.15	1121	12	5	1	1	1	924	0
SLA-000491	5/21/2026 18:26	5/22/2026 4:17	OTHER	MEDIUM	MEDIUM	MEDIUM	General Maintenance	591	41.04	849	18	3	0	11	8	1660	1
SLA-000492	6/19/2026 23:08	6/20/2026 7:16	HVAC_AC	LOW	LOW	LOW	Facilities	488	16.94	2392	23	4	0	11	11	2330	0
SLA-000493	2/18/2026 14:34	2/18/2026 17:52	ELECTRICAL	HIGH	LOW	MEDIUM	Facilities	198	13.75	1242	14	2	0	19	0	889	0
SLA-000494	3/4/2026 3:16	3/4/2026 3:42	IT_HARDWARE_PRINTING	MEDIUM	HIGH	HIGH	IT Support	26	5.42	454	3	2	0	3	4	477	0
SLA-000495	3/5/2026 8:56	3/5/2026 10:46	AV_CLASSROOM_EQUIPMENT	MEDIUM	HIGH	HIGH	AV Support	110	22.92	370	8	3	0	0	4	248	0
SLA-000496	6/22/2026 19:25	6/22/2026 23:16	CLEANING_WASTE	LOW	LOW	LOW	Cleaning Services	231	8.02	2649	19	0	0	9	3	3317	0
SLA-000497	4/25/2026 19:51	4/26/2026 0:18	AV_CLASSROOM_EQUIPMENT	HIGH	MEDIUM	HIGH	AV Support	267	55.62	213	19	5	1	3	6	295	0
SLA-000498	8/4/2026 15:45	8/4/2026 22:08	BUILDING_STRUCTURE	MEDIUM	MEDIUM	MEDIUM	Facilities	383	26.6	1057	15	1	0	6	11	621	0
SLA-000499	2/13/2026 15:54	2/13/2026 21:31	HVAC_AC	LOW	HIGH	MEDIUM	Facilities	337	23.4	1103	15	4	0	8	3	885	0
SLA-000500	3/27/2026 15:56	3/27/2026 16:13	IT_NETWORK_ACCOUNTS	HIGH	LOW	MEDIUM	IT Support	17	1.18	1423	15	4	0	17	9	1431	0
SLA-000501	4/20/2026 7:39	4/20/2026 14:11	IT_NETWORK_ACCOUNTS	MEDIUM	HIGH	HIGH	IT Support	392	81.67	88	7	0	0	4	11	478	1
SLA-000502	5/1/2026 20:41	5/2/2026 2:54	SAFETY_HAZARD	HIGH	HIGH	CRITICAL	Safety Team	373	77.71	107	20	4	0	15	1	147	1
SLA-000503	7/28/2026 13:18	7/28/2026 16:26	IT_NETWORK_ACCOUNTS	MEDIUM	HIGH	HIGH	IT Support	188	39.17	292	13	1	0	16	9	266	0
SLA-000504	3/7/2026 20:39	3/8/2026 7:11	IT_NETWORK_ACCOUNTS	MEDIUM	LOW	LOW	IT Support	632	21.94	2248	20	5	1	12	11	1554	0
SLA-000505	8/10/2026 11:00	8/10/2026 20:41	PLUMBING_WATER	MEDIUM	MEDIUM	MEDIUM	Facilities	581	40.35	859	11	0	0	11	12	1411	1
SLA-000506	1/11/2026 23:32	1/12/2026 1:20	IT_NETWORK_ACCOUNTS	MEDIUM	HIGH	HIGH	IT Support	108	22.5	372	23	6	1	14	11	281	1
SLA-000507	1/8/2026 11:43	1/8/2026 14:01	BUILDING_STRUCTURE	MEDIUM	HIGH	HIGH	Facilities	138	28.75	342	11	3	0	20	6	315	1
SLA-000508	2/14/2026 20:44	2/14/2026 21:28	FURNITURE_FIXTURES	MEDIUM	LOW	LOW	Facilities	44	1.53	2836	20	5	1	8	11	1796	0
SLA-000509	4/15/2026 18:05	4/16/2026 0:58	IT_NETWORK_ACCOUNTS	MEDIUM	MEDIUM	MEDIUM	IT Support	413	28.68	1027	18	2	0	0	12	1024	0
SLA-000510	5/30/2026 13:42	5/30/2026 21:20	PLUMBING_WATER	MEDIUM	HIGH	HIGH	Facilities	458	95.42	22	13	5	1	13	6	254	1
SLA-000511	6/29/2026 11:41	6/29/2026 15:46	FURNITURE_FIXTURES	MEDIUM	HIGH	HIGH	Facilities	245	51.04	235	11	0	0	30	6	531	1
SLA-000512	3/22/2026 20:10	3/22/2026 23:42	PLUMBING_WATER	MEDIUM	LOW	LOW	Facilities	212	7.36	2668	20	6	1	2	6	878	0
SLA-000513	3/20/2026 23:17	3/21/2026 8:47	IT_HARDWARE_PRINTING	LOW	MEDIUM	LOW	IT Support	570	19.79	2310	23	4	0	15	15	1359	1
SLA-000514	7/23/2026 12:52	7/23/2026 23:22	IT_NETWORK_ACCOUNTS	LOW	LOW	LOW	IT Support	630	21.88	2250	12	3	0	25	3	2916	1
SLA-000515	6/1/2026 13:47	6/1/2026 20:36	OTHER	LOW	LOW	LOW	General Maintenance	409	14.2	2471	13	0	0	30	13	2662	1
SLA-000516	1/12/2026 19:48	1/13/2026 6:14	ELECTRICAL	MEDIUM	LOW	LOW	Facilities	626	21.74	2254	19	0	0	17	6	1498	0
SLA-000517	2/9/2026 8:26	2/9/2026 15:53	SAFETY_HAZARD	HIGH	MEDIUM	HIGH	Safety Team	447	93.12	33	8	0	0	29	8	123	1
SLA-000518	8/15/2026 8:12	8/15/2026 17:16	ELECTRICAL	LOW	HIGH	MEDIUM	Facilities	544	37.78	896	8	5	1	19	8	1267	0
SLA-000519	3/6/2026 18:49	3/7/2026 1:20	PLUMBING_WATER	HIGH	LOW	MEDIUM	Facilities	391	27.15	1049	18	4	0	23	0	473	0
SLA-000520	2/25/2026 15:06	2/25/2026 22:44	ELECTRICAL	MEDIUM	HIGH	HIGH	Facilities	458	95.42	22	15	2	0	0	1	200	1
SLA-000521	2/19/2026 9:43	2/19/2026 13:12	IT_NETWORK_ACCOUNTS	HIGH	HIGH	CRITICAL	IT Support	209	43.54	271	9	3	0	21	12	126	1
SLA-000522	5/9/2026 20:35	5/9/2026 21:15	ELECTRICAL	MEDIUM	HIGH	HIGH	Facilities	40	8.33	440	20	5	1	11	3	416	1
SLA-000523	5/18/2026 5:24	5/18/2026 7:12	GROUNDS_OUTDOOR	LOW	LOW	LOW	Grounds Team	108	3.75	2772	5	0	0	9	5	2157	0
SLA-000524	1/2/2026 3:05	1/2/2026 7:43	PLUMBING_WATER	MEDIUM	MEDIUM	MEDIUM	Facilities	278	19.31	1162	3	4	0	20	2	465	0
SLA-000525	5/24/2026 2:20	5/24/2026 4:56	IT_NETWORK_ACCOUNTS	HIGH	MEDIUM	HIGH	IT Support	156	32.5	324	2	6	1	19	3	199	0
SLA-000526	5/11/2026 18:03	5/12/2026 1:12	BUILDING_STRUCTURE	MEDIUM	LOW	LOW	Facilities	429	14.9	2451	18	0	0	8	4	2099	0
SLA-000527	8/1/2026 16:37	8/1/2026 18:03	HVAC_AC	LOW	HIGH	MEDIUM	Facilities	86	5.97	1354	16	5	1	0	11	760	0
SLA-000528	6/30/2026 19:52	6/30/2026 23:29	HVAC_AC	MEDIUM	MEDIUM	MEDIUM	Facilities	217	15.07	1223	19	1	0	30	8	680	1
SLA-000529	1/9/2026 22:00	1/10/2026 1:07	CLEANING_WASTE	LOW	MEDIUM	LOW	Cleaning Services	187	6.49	2693	22	4	0	8	5	666	0
SLA-000530	2/18/2026 8:51	2/18/2026 12:17	AV_CLASSROOM_EQUIPMENT	MEDIUM	HIGH	HIGH	AV Support	206	42.92	274	8	2	0	21	11	484	1
SLA-000531	7/2/2026 12:10	7/2/2026 14:51	BUILDING_STRUCTURE	MEDIUM	HIGH	HIGH	Facilities	161	33.54	319	12	3	0	5	2	343	0
SLA-000532	1/21/2026 0:18	1/21/2026 11:48	PLUMBING_WATER	LOW	HIGH	MEDIUM	Facilities	690	47.92	750	0	2	0	23	9	1256	1
SLA-000533	8/18/2026 14:07	8/18/2026 17:55	SAFETY_HAZARD	HIGH	MEDIUM	HIGH	Safety Team	228	47.5	252	14	1	0	16	9	484	1
SLA-000534	1/28/2026 10:23	1/28/2026 21:26	CLEANING_WASTE	LOW	LOW	LOW	Cleaning Services	663	23.02	2217	10	2	0	4	12	1540	0
SLA-000535	5/8/2026 13:52	5/8/2026 19:37	OTHER	MEDIUM	HIGH	HIGH	General Maintenance	345	71.88	135	13	4	0	29	11	97	1
SLA-000536	8/8/2026 16:51	8/8/2026 21:32	ELECTRICAL	MEDIUM	HIGH	HIGH	Facilities	281	58.54	199	16	5	1	15	1	209	1
SLA-000537	5/12/2026 4:11	5/12/2026 10:49	GROUNDS_OUTDOOR	MEDIUM	HIGH	HIGH	Grounds Team	398	82.92	82	4	1	0	4	15	126	1
SLA-000538	5/22/2026 22:49	5/23/2026 6:34	BUILDING_STRUCTURE	MEDIUM	HIGH	HIGH	Facilities	465	96.88	15	22	4	0	6	9	292	1
SLA-000539	4/1/2026 19:18	4/1/2026 21:13	PLUMBING_WATER	MEDIUM	LOW	LOW	Facilities	115	3.99	2765	19	2	0	2	0	864	0
SLA-000540	2/3/2026 23:06	2/4/2026 5:20	AV_CLASSROOM_EQUIPMENT	MEDIUM	LOW	LOW	AV Support	374	12.99	2506	23	1	0	28	11	2790	1
SLA-000541	7/11/2026 19:04	7/11/2026 22:49	AV_CLASSROOM_EQUIPMENT	HIGH	MEDIUM	HIGH	AV Support	225	46.88	255	19	5	1	12	1	356	0
SLA-000542	8/28/2026 1:24	8/28/2026 6:38	ELECTRICAL	HIGH	MEDIUM	HIGH	Facilities	314	65.42	166	1	4	0	10	5	184	0
SLA-000543	3/18/2026 2:33	3/18/2026 3:28	ELEVATOR	MEDIUM	HIGH	HIGH	Facilities	55	11.46	425	2	2	0	15	12	375	0
SLA-000544	4/12/2026 6:55	4/12/2026 15:11	IT_HARDWARE_PRINTING	LOW	LOW	LOW	IT Support	496	17.22	2384	6	6	1	1	15	1346	0
SLA-000545	6/9/2026 19:30	6/9/2026 22:48	IT_HARDWARE_PRINTING	MEDIUM	HIGH	HIGH	IT Support	198	41.25	282	19	1	0	14	8	458	1
SLA-000546	6/10/2026 18:41	6/10/2026 22:53	OTHER	MEDIUM	MEDIUM	MEDIUM	General Maintenance	252	17.5	1188	18	2	0	24	6	298	0
SLA-000547	5/23/2026 18:14	5/23/2026 21:37	HVAC_AC	MEDIUM	HIGH	HIGH	Facilities	203	42.29	277	18	5	1	14	2	523	1
SLA-000548	5/9/2026 13:55	5/9/2026 19:53	IT_HARDWARE_PRINTING	MEDIUM	LOW	LOW	IT Support	358	12.43	2522	13	5	1	20	2	2372	0
SLA-000549	6/8/2026 1:51	6/8/2026 3:00	CLEANING_WASTE	MEDIUM	MEDIUM	MEDIUM	Cleaning Services	69	4.79	1371	1	0	0	28	3	1271	0
SLA-000550	2/15/2026 16:44	2/16/2026 3:20	BUILDING_STRUCTURE	LOW	HIGH	MEDIUM	Facilities	636	44.17	804	16	6	1	30	9	965	1
SLA-000551	4/16/2026 19:15	4/16/2026 21:10	ELEVATOR	HIGH	LOW	MEDIUM	Facilities	115	7.99	1325	19	3	0	17	0	970	0
SLA-000552	8/9/2026 9:59	8/9/2026 12:33	IT_NETWORK_ACCOUNTS	HIGH	MEDIUM	HIGH	IT Support	154	32.08	326	9	6	1	24	5	105	0
SLA-000553	8/4/2026 4:33	8/4/2026 9:25	GROUNDS_OUTDOOR	MEDIUM	HIGH	HIGH	Grounds Team	292	60.83	188	4	1	0	25	13	264	1
SLA-000554	7/10/2026 13:29	7/10/2026 17:39	ELECTRICAL	HIGH	MEDIUM	HIGH	Facilities	250	52.08	230	13	4	0	16	2	266	0
SLA-000555	6/26/2026 22:42	6/27/2026 0:05	GROUNDS_OUTDOOR	MEDIUM	MEDIUM	MEDIUM	Grounds Team	83	5.76	1357	22	4	0	13	10	1175	1
SLA-000556	7/19/2026 2:15	7/19/2026 7:03	SAFETY_HAZARD	HIGH	MEDIUM	HIGH	Safety Team	288	60	192	2	6	1	10	3	470	1
SLA-000557	5/14/2026 20:45	5/14/2026 23:29	AV_CLASSROOM_EQUIPMENT	HIGH	LOW	MEDIUM	AV Support	164	11.39	1276	20	3	0	20	11	1246	1
SLA-000558	1/31/2026 8:39	1/31/2026 20:16	OTHER	HIGH	LOW	MEDIUM	General Maintenance	697	48.4	743	8	5	1	11	0	1105	0
SLA-000559	8/22/2026 9:21	8/22/2026 10:22	ELEVATOR	MEDIUM	HIGH	HIGH	Facilities	61	12.71	419	9	5	1	2	12	443	1
SLA-000560	2/12/2026 12:01	2/12/2026 16:34	BUILDING_STRUCTURE	HIGH	LOW	MEDIUM	Facilities	273	18.96	1167	12	3	0	19	12	1130	0
SLA-000561	4/26/2026 5:17	4/26/2026 10:29	BUILDING_STRUCTURE	MEDIUM	MEDIUM	MEDIUM	Facilities	312	21.67	1128	5	6	1	0	4	681	0
SLA-000562	7/23/2026 22:56	7/24/2026 0:51	ELECTRICAL	MEDIUM	HIGH	HIGH	Facilities	115	23.96	365	22	3	0	19	12	396	1
SLA-000563	8/19/2026 22:11	8/20/2026 3:39	BUILDING_STRUCTURE	HIGH	HIGH	CRITICAL	Facilities	328	68.33	152	22	2	0	26	11	333	1
SLA-000564	3/3/2026 7:08	3/3/2026 12:00	IT_HARDWARE_PRINTING	MEDIUM	LOW	LOW	IT Support	292	10.14	2588	7	1	0	28	1	1289	0
SLA-000565	3/10/2026 20:22	3/10/2026 21:22	OTHER	MEDIUM	LOW	LOW	General Maintenance	60	2.08	2820	20	1	0	6	3	1786	0
SLA-000566	3/8/2026 23:33	3/9/2026 6:05	IT_NETWORK_ACCOUNTS	HIGH	MEDIUM	HIGH	IT Support	392	81.67	88	23	6	1	29	13	169	1
SLA-000567	5/10/2026 23:05	5/11/2026 2:47	AV_CLASSROOM_EQUIPMENT	HIGH	LOW	MEDIUM	AV Support	222	15.42	1218	23	6	1	14	13	632	0
SLA-000568	3/7/2026 23:47	3/8/2026 7:37	IT_NETWORK_ACCOUNTS	MEDIUM	MEDIUM	MEDIUM	IT Support	470	32.64	970	23	5	1	4	14	566	0
SLA-000569	8/24/2026 17:56	8/24/2026 18:26	FURNITURE_FIXTURES	MEDIUM	LOW	LOW	Facilities	30	1.04	2850	17	0	0	11	15	1452	0
SLA-000570	5/17/2026 8:20	5/17/2026 15:18	BUILDING_STRUCTURE	MEDIUM	HIGH	HIGH	Facilities	418	87.08	62	8	6	1	26	1	355	1
SLA-000571	7/7/2026 23:37	7/8/2026 0:54	IT_NETWORK_ACCOUNTS	MEDIUM	HIGH	HIGH	IT Support	77	16.04	403	23	1	0	27	14	568	1
SLA-000572	2/19/2026 9:07	2/19/2026 13:10	ELEVATOR	MEDIUM	HIGH	HIGH	Facilities	243	50.62	237	9	3	0	23	2	561	1
SLA-000573	1/14/2026 0:04	1/14/2026 4:54	FURNITURE_FIXTURES	LOW	MEDIUM	LOW	Facilities	290	10.07	2590	0	2	0	24	14	1174	1
SLA-000574	3/3/2026 10:34	3/3/2026 14:27	GROUNDS_OUTDOOR	LOW	LOW	LOW	Grounds Team	233	8.09	2647	10	1	0	18	14	2880	1
SLA-000575	1/26/2026 3:44	1/26/2026 9:22	OTHER	MEDIUM	LOW	LOW	General Maintenance	338	11.74	2542	3	0	0	21	5	1805	0
SLA-000576	8/14/2026 23:11	8/15/2026 4:19	PLUMBING_WATER	HIGH	HIGH	CRITICAL	Facilities	308	64.17	172	23	4	0	6	4	144	0
SLA-000577	1/13/2026 22:31	1/14/2026 8:48	FURNITURE_FIXTURES	MEDIUM	LOW	LOW	Facilities	617	21.42	2263	22	1	0	5	10	3306	1
SLA-000578	7/18/2026 11:36	7/18/2026 12:22	BUILDING_STRUCTURE	HIGH	MEDIUM	HIGH	Facilities	46	9.58	434	11	5	1	7	8	192	0
SLA-000579	3/21/2026 2:12	3/21/2026 3:09	IT_HARDWARE_PRINTING	MEDIUM	MEDIUM	MEDIUM	IT Support	57	3.96	1383	2	5	1	29	10	917	1
SLA-000580	8/20/2026 21:43	8/21/2026 4:04	OTHER	LOW	LOW	LOW	General Maintenance	381	13.23	2499	21	3	0	21	12	2699	1
SLA-000581	4/19/2026 19:30	4/20/2026 2:51	IT_HARDWARE_PRINTING	MEDIUM	MEDIUM	MEDIUM	IT Support	441	30.63	999	19	6	1	20	14	816	1
SLA-000582	4/3/2026 11:12	4/3/2026 12:51	AV_CLASSROOM_EQUIPMENT	HIGH	MEDIUM	HIGH	AV Support	99	20.62	381	11	4	0	26	10	100	1
SLA-000583	6/26/2026 17:28	6/26/2026 22:42	PLUMBING_WATER	LOW	HIGH	MEDIUM	Facilities	314	21.81	1126	17	4	0	4	12	1029	0
SLA-000584	6/8/2026 13:14	6/8/2026 20:15	OTHER	MEDIUM	HIGH	HIGH	General Maintenance	421	87.71	59	13	0	0	2	4	234	0
SLA-000585	2/27/2026 3:37	2/27/2026 10:41	IT_HARDWARE_PRINTING	HIGH	MEDIUM	HIGH	IT Support	424	88.33	56	3	4	0	20	8	456	1
SLA-000586	3/7/2026 0:37	3/7/2026 7:10	IT_HARDWARE_PRINTING	HIGH	MEDIUM	HIGH	IT Support	393	81.88	87	0	5	1	3	0	395	1
SLA-000587	2/3/2026 15:03	2/3/2026 18:30	SAFETY_HAZARD	MEDIUM	HIGH	HIGH	Safety Team	207	43.12	273	15	1	0	17	8	336	0
SLA-000588	1/25/2026 16:07	1/25/2026 23:14	AV_CLASSROOM_EQUIPMENT	HIGH	HIGH	CRITICAL	AV Support	427	88.96	53	16	6	1	1	4	239	0
SLA-000589	1/2/2026 12:55	1/3/2026 0:30	AV_CLASSROOM_EQUIPMENT	MEDIUM	MEDIUM	MEDIUM	AV Support	695	48.26	745	12	4	0	11	13	1375	1
SLA-000590	6/28/2026 23:18	6/29/2026 2:30	AV_CLASSROOM_EQUIPMENT	LOW	LOW	LOW	AV Support	192	6.67	2688	23	6	1	24	8	2451	1
SLA-000591	6/28/2026 16:47	6/28/2026 17:20	SAFETY_HAZARD	HIGH	HIGH	CRITICAL	Safety Team	33	6.88	447	16	6	1	13	1	254	0
SLA-000592	5/9/2026 19:57	5/10/2026 0:15	AV_CLASSROOM_EQUIPMENT	HIGH	HIGH	CRITICAL	AV Support	258	53.75	222	19	5	1	2	2	437	0
SLA-000593	4/3/2026 13:39	4/3/2026 15:08	ELECTRICAL	HIGH	HIGH	CRITICAL	Facilities	89	18.54	391	13	4	0	30	2	146	1
SLA-000594	6/9/2026 0:26	6/9/2026 12:00	BUILDING_STRUCTURE	MEDIUM	MEDIUM	MEDIUM	Facilities	694	48.19	746	0	1	0	12	9	1511	1
SLA-000595	7/25/2026 5:51	7/25/2026 8:35	IT_NETWORK_ACCOUNTS	MEDIUM	HIGH	HIGH	IT Support	164	34.17	316	5	5	1	5	14	154	1
SLA-000596	4/19/2026 6:00	4/19/2026 11:55	AV_CLASSROOM_EQUIPMENT	HIGH	HIGH	CRITICAL	AV Support	355	73.96	125	6	6	1	21	4	161	1
SLA-000597	1/19/2026 1:04	1/19/2026 8:05	GROUNDS_OUTDOOR	MEDIUM	HIGH	HIGH	Grounds Team	421	87.71	59	1	0	0	0	8	531	1
SLA-000598	5/13/2026 10:26	5/13/2026 18:00	HVAC_AC	LOW	HIGH	MEDIUM	Facilities	454	31.53	986	10	2	0	9	13	1096	0
SLA-000599	2/20/2026 18:36	2/21/2026 1:05	BUILDING_STRUCTURE	HIGH	MEDIUM	HIGH	Facilities	389	81.04	91	18	4	0	29	1	293	1
SLA-000600	8/11/2026 23:32	8/12/2026 7:55	HVAC_AC	LOW	LOW	LOW	Facilities	503	17.47	2377	23	1	0	19	8	3023	1
SLA-000601	6/3/2026 16:08	6/4/2026 0:50	FURNITURE_FIXTURES	MEDIUM	MEDIUM	MEDIUM	Facilities	522	36.25	918	16	2	0	12	12	1191	1
SLA-000602	5/24/2026 2:05	5/24/2026 7:19	GROUNDS_OUTDOOR	HIGH	MEDIUM	HIGH	Grounds Team	314	65.42	166	2	6	1	24	8	561	1
SLA-000603	5/9/2026 13:48	5/9/2026 17:27	AV_CLASSROOM_EQUIPMENT	HIGH	LOW	MEDIUM	AV Support	219	15.21	1221	13	5	1	22	4	1679	1
SLA-000604	1/5/2026 19:19	1/5/2026 19:50	GROUNDS_OUTDOOR	LOW	HIGH	MEDIUM	Grounds Team	31	2.15	1409	19	0	0	9	6	933	0
SLA-000605	7/24/2026 2:08	7/24/2026 5:39	IT_NETWORK_ACCOUNTS	MEDIUM	MEDIUM	MEDIUM	IT Support	211	14.65	1229	2	4	0	13	11	442	0
SLA-000606	6/25/2026 5:26	6/25/2026 9:12	ELEVATOR	HIGH	MEDIUM	HIGH	Facilities	226	47.08	254	5	3	0	11	6	413	1
SLA-000607	3/20/2026 20:57	3/21/2026 3:43	OTHER	HIGH	MEDIUM	HIGH	General Maintenance	406	84.58	74	20	4	0	8	2	104	1
SLA-000608	1/22/2026 10:48	1/22/2026 22:16	BUILDING_STRUCTURE	MEDIUM	LOW	LOW	Facilities	688	23.89	2192	10	3	0	29	6	1900	1
SLA-000609	8/10/2026 5:24	8/10/2026 10:44	IT_HARDWARE_PRINTING	MEDIUM	LOW	LOW	IT Support	320	11.11	2560	5	0	0	5	4	3395	0
SLA-000610	2/6/2026 6:34	2/6/2026 8:03	SAFETY_HAZARD	HIGH	MEDIUM	HIGH	Safety Team	89	18.54	391	6	4	0	25	3	280	1
SLA-000611	7/27/2026 17:13	7/27/2026 20:25	HVAC_AC	MEDIUM	MEDIUM	MEDIUM	Facilities	192	13.33	1248	17	0	0	29	8	431	1
SLA-000612	3/20/2026 21:42	3/21/2026 4:25	IT_HARDWARE_PRINTING	MEDIUM	MEDIUM	MEDIUM	IT Support	403	27.99	1037	21	4	0	25	1	529	1
SLA-000613	4/1/2026 14:39	4/1/2026 17:28	IT_HARDWARE_PRINTING	MEDIUM	LOW	LOW	IT Support	169	5.87	2711	14	2	0	22	11	1399	1
SLA-000614	8/15/2026 13:58	8/15/2026 16:17	FURNITURE_FIXTURES	MEDIUM	MEDIUM	MEDIUM	Facilities	139	9.65	1301	13	5	1	15	4	432	0
SLA-000615	1/24/2026 0:14	1/24/2026 2:10	IT_HARDWARE_PRINTING	MEDIUM	LOW	LOW	IT Support	116	4.03	2764	0	5	1	27	9	2248	1
SLA-000616	3/4/2026 23:45	3/5/2026 2:05	AV_CLASSROOM_EQUIPMENT	MEDIUM	LOW	LOW	AV Support	140	4.86	2740	23	2	0	11	6	2808	0
SLA-000617	8/7/2026 0:47	8/7/2026 7:48	IT_NETWORK_ACCOUNTS	LOW	HIGH	MEDIUM	IT Support	421	29.24	1019	0	4	0	29	14	746	1
SLA-000618	1/28/2026 3:00	1/28/2026 9:24	SAFETY_HAZARD	HIGH	HIGH	CRITICAL	Safety Team	384	80	96	3	2	0	28	5	254	1
SLA-000619	8/9/2026 3:29	8/9/2026 5:37	GROUNDS_OUTDOOR	LOW	LOW	LOW	Grounds Team	128	4.44	2752	3	6	1	30	6	3420	1
SLA-000620	4/4/2026 21:17	4/4/2026 21:46	IT_HARDWARE_PRINTING	MEDIUM	MEDIUM	MEDIUM	IT Support	29	2.01	1411	21	5	1	24	12	292	0
SLA-000621	7/21/2026 10:01	7/21/2026 12:36	PLUMBING_WATER	MEDIUM	HIGH	HIGH	Facilities	155	32.29	325	10	1	0	19	9	227	0
SLA-000622	4/18/2026 20:29	4/19/2026 1:08	ELECTRICAL	MEDIUM	HIGH	HIGH	Facilities	279	58.13	201	20	5	1	3	6	531	1
SLA-000623	8/15/2026 10:10	8/15/2026 12:45	ELECTRICAL	HIGH	MEDIUM	HIGH	Facilities	155	32.29	325	10	5	1	2	14	275	0
SLA-000624	7/14/2026 21:27	7/14/2026 22:54	IT_NETWORK_ACCOUNTS	MEDIUM	HIGH	HIGH	IT Support	87	18.12	393	21	1	0	10	10	229	1
SLA-000625	5/17/2026 18:59	5/17/2026 20:44	CLEANING_WASTE	MEDIUM	MEDIUM	MEDIUM	Cleaning Services	105	7.29	1335	18	6	1	4	6	1680	0
SLA-000626	3/16/2026 21:42	3/16/2026 22:18	CLEANING_WASTE	MEDIUM	HIGH	HIGH	Cleaning Services	36	7.5	444	21	0	0	22	1	342	0
SLA-000627	5/21/2026 19:30	5/22/2026 3:01	PLUMBING_WATER	LOW	MEDIUM	LOW	Facilities	451	15.66	2429	19	3	0	12	14	1369	0
SLA-000628	7/8/2026 23:40	7/9/2026 6:41	ELECTRICAL	MEDIUM	MEDIUM	MEDIUM	Facilities	421	29.24	1019	23	2	0	7	6	1403	0
SLA-000629	3/8/2026 2:41	3/8/2026 3:38	HVAC_AC	MEDIUM	HIGH	HIGH	Facilities	57	11.88	423	2	6	1	9	6	530	1
SLA-000630	2/28/2026 16:26	3/1/2026 0:16	OTHER	LOW	HIGH	MEDIUM	General Maintenance	470	32.64	970	16	5	1	5	4	1378	0
SLA-000631	5/20/2026 1:24	5/20/2026 1:53	OTHER	MEDIUM	MEDIUM	MEDIUM	General Maintenance	29	2.01	1411	1	2	0	9	1	647	0
SLA-000632	5/21/2026 0:40	5/21/2026 5:42	BUILDING_STRUCTURE	MEDIUM	MEDIUM	MEDIUM	Facilities	302	20.97	1138	0	3	0	17	2	709	0
SLA-000633	8/3/2026 9:47	8/3/2026 12:40	BUILDING_STRUCTURE	MEDIUM	LOW	LOW	Facilities	173	6.01	2707	9	0	0	8	9	1111	0
SLA-000634	3/20/2026 9:07	3/20/2026 19:28	HVAC_AC	LOW	LOW	LOW	Facilities	621	21.56	2259	9	4	0	7	7	3305	1
SLA-000635	7/17/2026 14:58	7/17/2026 21:13	IT_NETWORK_ACCOUNTS	MEDIUM	HIGH	HIGH	IT Support	375	78.12	105	14	4	0	4	7	413	1
SLA-000636	7/2/2026 21:07	7/3/2026 3:13	AV_CLASSROOM_EQUIPMENT	MEDIUM	HIGH	HIGH	AV Support	366	76.25	114	21	3	0	21	15	238	1
SLA-000637	1/6/2026 9:49	1/6/2026 13:20	OTHER	MEDIUM	MEDIUM	MEDIUM	General Maintenance	211	14.65	1229	9	1	0	21	3	1617	1
SLA-000638	6/22/2026 21:00	6/23/2026 7:26	CLEANING_WASTE	LOW	LOW	LOW	Cleaning Services	626	21.74	2254	21	0	0	26	9	2690	1
SLA-000639	7/9/2026 5:06	7/9/2026 12:28	AV_CLASSROOM_EQUIPMENT	MEDIUM	HIGH	HIGH	AV Support	442	92.08	38	5	3	0	28	4	331	1
SLA-000640	8/16/2026 2:12	8/16/2026 12:28	ELEVATOR	MEDIUM	LOW	LOW	Facilities	616	21.39	2264	2	6	1	8	3	1507	0
SLA-000641	2/13/2026 11:00	2/13/2026 20:30	PLUMBING_WATER	MEDIUM	MEDIUM	MEDIUM	Facilities	570	39.58	870	11	4	0	16	9	923	0
SLA-000642	1/1/2026 16:51	1/2/2026 2:35	OTHER	MEDIUM	MEDIUM	MEDIUM	General Maintenance	584	40.56	856	16	3	0	5	6	468	0
SLA-000643	7/18/2026 19:17	7/18/2026 21:48	FURNITURE_FIXTURES	MEDIUM	MEDIUM	MEDIUM	Facilities	151	10.49	1289	19	5	1	21	8	1696	1
SLA-000644	1/11/2026 14:35	1/11/2026 19:20	BUILDING_STRUCTURE	LOW	LOW	LOW	Facilities	285	9.9	2595	14	6	1	11	10	3082	1
SLA-000645	2/28/2026 16:24	2/28/2026 18:30	CLEANING_WASTE	LOW	LOW	LOW	Cleaning Services	126	4.38	2754	16	5	1	20	15	1828	1
SLA-000646	5/23/2026 13:17	5/23/2026 19:22	HVAC_AC	LOW	LOW	LOW	Facilities	365	12.67	2515	13	5	1	3	6	2498	0
SLA-000647	2/14/2026 19:53	2/15/2026 1:43	BUILDING_STRUCTURE	HIGH	HIGH	CRITICAL	Facilities	350	72.92	130	19	5	1	22	5	281	0
SLA-000648	1/3/2026 16:33	1/3/2026 18:40	OTHER	MEDIUM	HIGH	HIGH	General Maintenance	127	26.46	353	16	5	1	27	11	359	1
SLA-000649	8/14/2026 10:11	8/14/2026 21:42	OTHER	LOW	LOW	LOW	General Maintenance	691	23.99	2189	10	4	0	10	2	3125	0
SLA-000650	5/12/2026 20:45	5/13/2026 1:19	AV_CLASSROOM_EQUIPMENT	MEDIUM	HIGH	HIGH	AV Support	274	57.08	206	20	1	0	18	14	184	1
SLA-000651	8/16/2026 9:34	8/16/2026 18:34	ELEVATOR	HIGH	LOW	MEDIUM	Facilities	540	37.5	900	9	6	1	25	10	1021	1
SLA-000652	3/8/2026 6:42	3/8/2026 10:03	ELEVATOR	HIGH	HIGH	CRITICAL	Facilities	201	41.88	279	6	6	1	20	9	277	1
SLA-000653	4/28/2026 0:27	4/28/2026 5:43	HVAC_AC	LOW	HIGH	MEDIUM	Facilities	316	21.94	1124	0	1	0	23	14	652	1
SLA-000654	7/25/2026 1:34	7/25/2026 8:40	AV_CLASSROOM_EQUIPMENT	MEDIUM	MEDIUM	MEDIUM	AV Support	426	29.58	1014	1	5	1	14	7	796	0
SLA-000655	3/20/2026 11:07	3/20/2026 12:36	SAFETY_HAZARD	HIGH	HIGH	CRITICAL	Safety Team	89	18.54	391	11	4	0	6	1	97	0
SLA-000656	5/10/2026 15:19	5/10/2026 23:42	IT_HARDWARE_PRINTING	MEDIUM	LOW	LOW	IT Support	503	17.47	2377	15	6	1	25	13	1349	1
SLA-000657	2/15/2026 23:17	2/16/2026 0:08	HVAC_AC	MEDIUM	HIGH	HIGH	Facilities	51	10.62	429	23	6	1	28	11	449	1
SLA-000658	6/30/2026 21:17	7/1/2026 2:21	BUILDING_STRUCTURE	MEDIUM	MEDIUM	MEDIUM	Facilities	304	21.11	1136	21	1	0	26	15	392	1
SLA-000659	7/8/2026 1:22	7/8/2026 5:15	IT_NETWORK_ACCOUNTS	HIGH	HIGH	CRITICAL	IT Support	233	48.54	247	1	2	0	21	1	161	0
SLA-000660	1/8/2026 5:32	1/8/2026 11:28	BUILDING_STRUCTURE	LOW	HIGH	MEDIUM	Facilities	356	24.72	1084	5	3	0	7	2	1376	0
SLA-000661	8/21/2026 13:06	8/21/2026 17:21	HVAC_AC	MEDIUM	HIGH	HIGH	Facilities	255	53.12	225	13	4	0	12	3	324	0
SLA-000662	2/2/2026 17:20	2/2/2026 17:35	PLUMBING_WATER	LOW	HIGH	MEDIUM	Facilities	15	1.04	1425	17	0	0	24	11	1436	1
SLA-000663	6/23/2026 14:14	6/23/2026 15:57	OTHER	MEDIUM	LOW	LOW	General Maintenance	103	3.58	2777	14	1	0	18	8	3326	1
SLA-000664	8/8/2026 20:17	8/9/2026 4:40	PLUMBING_WATER	MEDIUM	MEDIUM	MEDIUM	Facilities	503	34.93	937	20	5	1	1	13	835	0
SLA-000665	8/22/2026 1:35	8/22/2026 4:47	OTHER	LOW	LOW	LOW	General Maintenance	192	6.67	2688	1	5	1	21	10	1512	1
SLA-000666	3/8/2026 9:40	3/8/2026 14:21	IT_HARDWARE_PRINTING	HIGH	LOW	MEDIUM	IT Support	281	19.51	1159	9	6	1	20	0	569	0
SLA-000667	2/11/2026 16:42	2/11/2026 20:51	OTHER	LOW	MEDIUM	LOW	General Maintenance	249	8.65	2631	16	2	0	29	0	2681	1
SLA-000668	8/14/2026 22:05	8/15/2026 1:05	HVAC_AC	HIGH	HIGH	CRITICAL	Facilities	180	37.5	300	22	4	0	20	3	276	0
SLA-000669	7/20/2026 10:26	7/20/2026 20:19	OTHER	LOW	MEDIUM	LOW	General Maintenance	593	20.59	2287	10	0	0	13	0	3391	0
SLA-000670	5/20/2026 14:21	5/20/2026 21:08	IT_HARDWARE_PRINTING	LOW	LOW	LOW	IT Support	407	14.13	2473	14	2	0	25	14	625	1
SLA-000671	1/22/2026 19:31	1/23/2026 2:55	FURNITURE_FIXTURES	LOW	LOW	LOW	Facilities	444	15.42	2436	19	3	0	9	0	2029	0
SLA-000672	4/18/2026 0:17	4/18/2026 5:19	CLEANING_WASTE	MEDIUM	LOW	LOW	Cleaning Services	302	10.49	2578	0	5	1	1	14	3116	1
SLA-000673	3/11/2026 20:19	3/12/2026 2:02	ELECTRICAL	LOW	LOW	LOW	Facilities	343	11.91	2537	20	2	0	7	3	2437	0
SLA-000674	5/11/2026 10:55	5/11/2026 13:50	AV_CLASSROOM_EQUIPMENT	LOW	HIGH	MEDIUM	AV Support	175	12.15	1265	10	0	0	4	9	1621	0
SLA-000675	2/7/2026 20:37	2/7/2026 23:13	ELECTRICAL	LOW	HIGH	MEDIUM	Facilities	156	10.83	1284	20	5	1	13	4	1075	0
SLA-000676	7/15/2026 10:33	7/15/2026 14:17	GROUNDS_OUTDOOR	MEDIUM	LOW	LOW	Grounds Team	224	7.78	2656	10	2	0	27	13	2626	1
SLA-000677	8/11/2026 9:11	8/11/2026 14:00	FURNITURE_FIXTURES	HIGH	LOW	MEDIUM	Facilities	289	20.07	1151	9	1	0	10	12	1333	1
SLA-000678	8/14/2026 13:21	8/14/2026 19:59	IT_NETWORK_ACCOUNTS	LOW	LOW	LOW	IT Support	398	13.82	2482	13	4	0	15	13	1929	1
SLA-000679	4/4/2026 11:42	4/4/2026 23:00	AV_CLASSROOM_EQUIPMENT	LOW	HIGH	MEDIUM	AV Support	678	47.08	762	11	5	1	24	8	1551	1
SLA-000680	4/2/2026 4:26	4/2/2026 9:46	BUILDING_STRUCTURE	MEDIUM	HIGH	HIGH	Facilities	320	66.67	160	4	3	0	20	1	472	1
SLA-000681	8/27/2026 16:55	8/27/2026 20:27	IT_NETWORK_ACCOUNTS	MEDIUM	HIGH	HIGH	IT Support	212	44.17	268	16	3	0	26	10	567	1
SLA-000682	1/28/2026 18:20	1/29/2026 3:14	SAFETY_HAZARD	MEDIUM	LOW	LOW	Safety Team	534	18.54	2346	18	2	0	7	14	2249	1
SLA-000683	8/7/2026 15:08	8/8/2026 0:35	IT_NETWORK_ACCOUNTS	MEDIUM	MEDIUM	MEDIUM	IT Support	567	39.38	873	15	4	0	3	7	1256	0
SLA-000684	4/11/2026 21:50	4/12/2026 2:24	IT_HARDWARE_PRINTING	HIGH	LOW	MEDIUM	IT Support	274	19.03	1166	21	5	1	8	10	759	0
SLA-000685	1/24/2026 9:51	1/24/2026 14:54	FURNITURE_FIXTURES	MEDIUM	HIGH	HIGH	Facilities	303	63.12	177	9	5	1	21	10	134	1
SLA-000686	2/18/2026 0:10	2/18/2026 3:50	ELEVATOR	HIGH	MEDIUM	HIGH	Facilities	220	45.83	260	0	2	0	11	4	132	0
SLA-000687	1/1/2026 1:22	1/1/2026 1:40	HVAC_AC	HIGH	MEDIUM	HIGH	Facilities	18	3.75	462	1	3	0	17	15	424	1
SLA-000688	6/12/2026 3:04	6/12/2026 6:08	GROUNDS_OUTDOOR	LOW	LOW	LOW	Grounds Team	184	6.39	2696	3	4	0	5	5	2652	0
SLA-000689	1/29/2026 11:10	1/29/2026 16:10	FURNITURE_FIXTURES	LOW	LOW	LOW	Facilities	300	10.42	2580	11	3	0	18	7	2030	0
SLA-000690	3/15/2026 2:47	3/15/2026 4:15	CLEANING_WASTE	HIGH	HIGH	CRITICAL	Cleaning Services	88	18.33	392	2	6	1	14	13	537	1
SLA-000691	6/14/2026 7:34	6/14/2026 9:55	SAFETY_HAZARD	MEDIUM	HIGH	HIGH	Safety Team	141	29.38	339	7	6	1	2	3	100	0
SLA-000692	4/26/2026 22:14	4/27/2026 8:23	GROUNDS_OUTDOOR	LOW	LOW	LOW	Grounds Team	609	21.15	2271	22	6	1	7	6	1928	0
SLA-000693	7/29/2026 4:57	7/29/2026 9:52	IT_HARDWARE_PRINTING	LOW	HIGH	MEDIUM	IT Support	295	20.49	1145	4	2	0	1	0	1301	0
SLA-000694	8/15/2026 18:05	8/16/2026 3:14	FURNITURE_FIXTURES	LOW	HIGH	MEDIUM	Facilities	549	38.12	891	18	5	1	17	2	501	0
SLA-000695	6/9/2026 22:04	6/10/2026 4:45	AV_CLASSROOM_EQUIPMENT	HIGH	LOW	MEDIUM	AV Support	401	27.85	1039	22	1	0	27	1	951	1
SLA-000696	1/17/2026 9:53	1/17/2026 14:25	HVAC_AC	MEDIUM	MEDIUM	MEDIUM	Facilities	272	18.89	1168	9	5	1	4	11	745	0
SLA-000697	4/1/2026 20:49	4/1/2026 23:18	BUILDING_STRUCTURE	MEDIUM	MEDIUM	MEDIUM	Facilities	149	10.35	1291	20	2	0	26	11	843	1
SLA-000698	1/3/2026 18:13	1/3/2026 19:58	FURNITURE_FIXTURES	HIGH	MEDIUM	HIGH	Facilities	105	21.88	375	18	5	1	17	15	205	1
SLA-000699	2/12/2026 4:28	2/12/2026 11:35	ELECTRICAL	MEDIUM	LOW	LOW	Facilities	427	14.83	2453	4	3	0	27	13	1312	1
SLA-000700	3/8/2026 0:21	3/8/2026 4:40	SAFETY_HAZARD	MEDIUM	HIGH	HIGH	Safety Team	259	53.96	221	0	6	1	7	8	182	1
SLA-000701	4/29/2026 4:20	4/29/2026 10:53	IT_NETWORK_ACCOUNTS	MEDIUM	HIGH	HIGH	IT Support	393	81.88	87	4	2	0	21	9	244	1
SLA-000702	7/4/2026 7:08	7/4/2026 11:52	SAFETY_HAZARD	MEDIUM	HIGH	HIGH	Safety Team	284	59.17	196	7	5	1	18	10	575	1
SLA-000703	3/25/2026 12:55	3/25/2026 16:23	ELEVATOR	MEDIUM	LOW	LOW	Facilities	208	7.22	2672	12	2	0	23	1	1714	0
SLA-000704	6/1/2026 13:40	6/1/2026 16:03	IT_HARDWARE_PRINTING	MEDIUM	HIGH	HIGH	IT Support	143	29.79	337	13	0	0	27	11	479	1
SLA-000705	4/23/2026 14:04	4/23/2026 20:09	PLUMBING_WATER	MEDIUM	HIGH	HIGH	Facilities	365	76.04	115	14	3	0	24	9	556	1
SLA-000706	5/21/2026 18:03	5/22/2026 0:51	ELECTRICAL	HIGH	MEDIUM	HIGH	Facilities	408	85	72	18	3	0	24	9	527	1
SLA-000707	1/6/2026 18:40	1/6/2026 21:06	IT_NETWORK_ACCOUNTS	HIGH	HIGH	CRITICAL	IT Support	146	30.42	334	18	1	0	26	14	232	1
SLA-000708	5/24/2026 16:33	5/24/2026 16:58	AV_CLASSROOM_EQUIPMENT	MEDIUM	HIGH	HIGH	AV Support	25	5.21	455	16	6	1	11	0	451	1
SLA-000709	8/17/2026 9:39	8/17/2026 18:23	FURNITURE_FIXTURES	LOW	MEDIUM	LOW	Facilities	524	18.19	2356	9	0	0	1	0	2373	0
SLA-000710	6/18/2026 4:25	6/18/2026 7:09	AV_CLASSROOM_EQUIPMENT	LOW	HIGH	MEDIUM	AV Support	164	11.39	1276	4	3	0	4	12	1513	1
SLA-000711	7/10/2026 1:53	7/10/2026 9:34	BUILDING_STRUCTURE	MEDIUM	MEDIUM	MEDIUM	Facilities	461	32.01	979	1	4	0	1	2	953	0
SLA-000712	7/29/2026 11:14	7/29/2026 12:38	CLEANING_WASTE	MEDIUM	MEDIUM	MEDIUM	Cleaning Services	84	5.83	1356	11	2	0	22	9	1700	1
SLA-000713	3/3/2026 8:37	3/3/2026 10:45	IT_HARDWARE_PRINTING	MEDIUM	MEDIUM	MEDIUM	IT Support	128	8.89	1312	8	1	0	4	14	421	1
SLA-000714	6/21/2026 5:49	6/21/2026 6:34	AV_CLASSROOM_EQUIPMENT	MEDIUM	HIGH	HIGH	AV Support	45	9.38	435	5	6	1	21	13	354	1
SLA-000715	4/3/2026 22:37	4/4/2026 8:06	AV_CLASSROOM_EQUIPMENT	LOW	LOW	LOW	AV Support	569	19.76	2311	22	4	0	20	10	1639	1
SLA-000716	8/2/2026 0:00	8/2/2026 6:15	ELECTRICAL	HIGH	MEDIUM	HIGH	Facilities	375	78.12	105	0	6	1	13	6	225	1
SLA-000717	3/30/2026 0:39	3/30/2026 4:10	ELECTRICAL	HIGH	HIGH	CRITICAL	Facilities	211	43.96	269	0	0	0	28	4	286	1
SLA-000718	8/8/2026 7:59	8/8/2026 19:46	IT_HARDWARE_PRINTING	LOW	HIGH	MEDIUM	IT Support	707	49.1	733	7	5	1	7	0	991	0
SLA-000719	4/13/2026 17:16	4/13/2026 17:34	IT_HARDWARE_PRINTING	LOW	LOW	LOW	IT Support	18	0.62	2862	17	0	0	8	13	2124	0
SLA-000720	1/24/2026 16:41	1/25/2026 2:42	IT_HARDWARE_PRINTING	HIGH	LOW	MEDIUM	IT Support	601	41.74	839	16	5	1	11	2	1057	0
SLA-000721	6/6/2026 22:05	6/7/2026 1:06	ELEVATOR	HIGH	HIGH	CRITICAL	Facilities	181	37.71	299	22	5	1	6	13	293	0
SLA-000722	7/23/2026 13:21	7/23/2026 19:47	HVAC_AC	HIGH	LOW	MEDIUM	Facilities	386	26.81	1054	13	3	0	27	1	753	0
SLA-000723	1/24/2026 21:14	1/25/2026 2:20	OTHER	LOW	HIGH	MEDIUM	General Maintenance	306	21.25	1134	21	5	1	5	12	487	0
SLA-000724	1/25/2026 7:23	1/25/2026 8:57	SAFETY_HAZARD	HIGH	MEDIUM	HIGH	Safety Team	94	19.58	386	7	6	1	2	7	500	1
SLA-000725	3/27/2026 12:39	3/27/2026 18:26	BUILDING_STRUCTURE	MEDIUM	HIGH	HIGH	Facilities	347	72.29	133	12	4	0	5	14	404	1
SLA-000726	8/18/2026 12:16	8/18/2026 17:34	ELECTRICAL	MEDIUM	LOW	LOW	Facilities	318	11.04	2562	12	1	0	20	3	664	0
SLA-000727	8/10/2026 17:44	8/10/2026 20:18	PLUMBING_WATER	MEDIUM	HIGH	HIGH	Facilities	154	32.08	326	17	0	0	23	0	194	0
SLA-000728	1/9/2026 11:46	1/9/2026 22:08	PLUMBING_WATER	MEDIUM	LOW	LOW	Facilities	622	21.6	2258	11	4	0	16	8	1884	0
SLA-000729	2/15/2026 14:36	2/15/2026 17:44	GROUNDS_OUTDOOR	LOW	HIGH	MEDIUM	Grounds Team	188	13.06	1252	14	6	1	16	10	433	0
SLA-000730	7/12/2026 4:57	7/12/2026 11:48	ELECTRICAL	MEDIUM	HIGH	HIGH	Facilities	411	85.62	69	4	6	1	13	3	216	1
SLA-000731	2/9/2026 6:45	2/9/2026 7:39	SAFETY_HAZARD	HIGH	MEDIUM	HIGH	Safety Team	54	11.25	426	6	0	0	3	7	348	0
SLA-000732	8/14/2026 21:40	8/14/2026 22:50	GROUNDS_OUTDOOR	LOW	LOW	LOW	Grounds Team	70	2.43	2810	21	4	0	16	5	1086	0
SLA-000733	1/28/2026 19:39	1/28/2026 21:54	HVAC_AC	LOW	HIGH	MEDIUM	Facilities	135	9.38	1305	19	2	0	2	3	1345	0
SLA-000734	8/1/2026 21:37	8/2/2026 2:43	ELEVATOR	MEDIUM	HIGH	HIGH	Facilities	306	63.75	174	21	5	1	6	7	201	0
SLA-000735	8/9/2026 4:07	8/9/2026 5:04	SAFETY_HAZARD	MEDIUM	HIGH	HIGH	Safety Team	57	11.88	423	4	6	1	20	13	516	1
SLA-000736	7/24/2026 13:51	7/24/2026 23:43	IT_NETWORK_ACCOUNTS	LOW	LOW	LOW	IT Support	592	20.56	2288	13	4	0	13	3	2810	0
SLA-000737	7/9/2026 1:44	7/9/2026 5:34	ELECTRICAL	HIGH	HIGH	CRITICAL	Facilities	230	47.92	250	1	3	0	5	7	548	1
SLA-000738	6/14/2026 12:51	6/14/2026 21:23	GROUNDS_OUTDOOR	MEDIUM	MEDIUM	MEDIUM	Grounds Team	512	35.56	928	12	6	1	21	13	1312	1
SLA-000739	6/2/2026 10:53	6/2/2026 15:35	FURNITURE_FIXTURES	LOW	HIGH	MEDIUM	Facilities	282	19.58	1158	10	1	0	8	5	696	0
SLA-000740	7/7/2026 5:47	7/7/2026 10:41	CLEANING_WASTE	LOW	LOW	LOW	Cleaning Services	294	10.21	2586	5	1	0	0	5	3387	0
SLA-000741	4/4/2026 1:52	4/4/2026 4:35	AV_CLASSROOM_EQUIPMENT	MEDIUM	MEDIUM	MEDIUM	AV Support	163	11.32	1277	1	5	1	25	4	1599	1
SLA-000742	7/16/2026 22:18	7/17/2026 3:28	ELEVATOR	MEDIUM	HIGH	HIGH	Facilities	310	64.58	170	22	3	0	17	6	518	1
SLA-000743	5/11/2026 0:15	5/11/2026 7:01	SAFETY_HAZARD	MEDIUM	HIGH	HIGH	Safety Team	406	84.58	74	0	0	0	16	12	309	1
SLA-000744	5/4/2026 22:19	5/5/2026 3:17	PLUMBING_WATER	HIGH	LOW	MEDIUM	Facilities	298	20.69	1142	22	0	0	10	7	1150	0
SLA-000745	3/21/2026 7:28	3/21/2026 9:56	ELECTRICAL	MEDIUM	HIGH	HIGH	Facilities	148	30.83	332	7	5	1	11	14	125	1
SLA-000746	8/4/2026 22:55	8/5/2026 2:23	IT_HARDWARE_PRINTING	HIGH	MEDIUM	HIGH	IT Support	208	43.33	272	22	1	0	13	2	456	0
SLA-000747	8/2/2026 2:30	8/2/2026 3:15	SAFETY_HAZARD	HIGH	HIGH	CRITICAL	Safety Team	45	9.38	435	2	6	1	16	11	336	0
SLA-000748	3/6/2026 1:00	3/6/2026 2:40	BUILDING_STRUCTURE	HIGH	MEDIUM	HIGH	Facilities	100	20.83	380	1	4	0	21	6	519	1
SLA-000749	5/9/2026 3:03	5/9/2026 6:15	FURNITURE_FIXTURES	HIGH	LOW	MEDIUM	Facilities	192	13.33	1248	3	5	1	5	11	334	0
SLA-000750	4/9/2026 18:55	4/10/2026 4:16	PLUMBING_WATER	MEDIUM	MEDIUM	MEDIUM	Facilities	561	38.96	879	18	3	0	16	9	1381	0
SLA-000751	4/26/2026 3:10	4/26/2026 10:56	OTHER	HIGH	LOW	MEDIUM	General Maintenance	466	32.36	974	3	6	1	12	4	1173	0
SLA-000752	7/4/2026 16:02	7/5/2026 2:11	FURNITURE_FIXTURES	LOW	LOW	LOW	Facilities	609	21.15	2271	16	5	1	21	15	1534	1
SLA-000753	1/13/2026 18:08	1/14/2026 2:19	FURNITURE_FIXTURES	MEDIUM	MEDIUM	MEDIUM	Facilities	491	34.1	949	18	1	0	14	8	1155	0
SLA-000754	1/20/2026 13:06	1/20/2026 18:49	PLUMBING_WATER	HIGH	LOW	MEDIUM	Facilities	343	23.82	1097	13	1	0	10	10	348	0
SLA-000755	4/16/2026 22:38	4/17/2026 6:15	SAFETY_HAZARD	MEDIUM	HIGH	HIGH	Safety Team	457	95.21	23	22	3	0	28	7	478	1
SLA-000756	8/15/2026 14:34	8/15/2026 22:01	GROUNDS_OUTDOOR	MEDIUM	MEDIUM	MEDIUM	Grounds Team	447	31.04	993	14	5	1	22	7	485	1
SLA-000757	5/23/2026 10:32	5/23/2026 11:50	HVAC_AC	MEDIUM	HIGH	HIGH	Facilities	78	16.25	402	10	5	1	26	1	158	1
SLA-000758	3/17/2026 17:48	3/17/2026 19:28	HVAC_AC	LOW	MEDIUM	LOW	Facilities	100	3.47	2780	17	1	0	1	14	3454	1
SLA-000759	6/2/2026 11:31	6/2/2026 14:10	HVAC_AC	MEDIUM	MEDIUM	MEDIUM	Facilities	159	11.04	1281	11	1	0	30	1	1049	0
SLA-000760	5/23/2026 22:12	5/24/2026 5:54	IT_NETWORK_ACCOUNTS	MEDIUM	HIGH	HIGH	IT Support	462	96.25	18	22	5	1	16	5	336	1
SLA-000761	7/18/2026 16:34	7/18/2026 17:36	ELECTRICAL	MEDIUM	HIGH	HIGH	Facilities	62	12.92	418	16	5	1	9	14	510	1
SLA-000762	2/15/2026 23:59	2/16/2026 4:11	IT_HARDWARE_PRINTING	MEDIUM	HIGH	HIGH	IT Support	252	52.5	228	23	6	1	2	11	557	1
SLA-000763	6/19/2026 23:42	6/20/2026 7:01	OTHER	MEDIUM	LOW	LOW	General Maintenance	439	15.24	2441	23	4	0	22	7	1682	0
SLA-000764	2/8/2026 0:28	2/8/2026 5:15	ELEVATOR	HIGH	HIGH	CRITICAL	Facilities	287	59.79	193	0	6	1	25	12	422	1
SLA-000765	4/14/2026 23:13	4/15/2026 5:08	HVAC_AC	LOW	HIGH	MEDIUM	Facilities	355	24.65	1085	23	1	0	14	3	925	0
SLA-000766	3/15/2026 13:55	3/15/2026 16:16	BUILDING_STRUCTURE	MEDIUM	MEDIUM	MEDIUM	Facilities	141	9.79	1299	13	6	1	28	0	1193	0
SLA-000767	2/9/2026 3:02	2/9/2026 6:06	ELECTRICAL	HIGH	MEDIUM	HIGH	Facilities	184	38.33	296	3	0	0	11	8	575	1
SLA-000768	1/8/2026 8:57	1/8/2026 13:49	BUILDING_STRUCTURE	MEDIUM	MEDIUM	MEDIUM	Facilities	292	20.28	1148	8	3	0	21	3	800	0
SLA-000769	3/12/2026 20:56	3/12/2026 23:45	CLEANING_WASTE	LOW	HIGH	MEDIUM	Cleaning Services	169	11.74	1271	20	3	0	7	11	1442	0
SLA-000770	5/4/2026 12:45	5/4/2026 15:13	ELECTRICAL	HIGH	MEDIUM	HIGH	Facilities	148	30.83	332	12	0	0	23	9	115	0
SLA-000771	8/6/2026 7:51	8/6/2026 13:01	AV_CLASSROOM_EQUIPMENT	HIGH	HIGH	CRITICAL	AV Support	310	64.58	170	7	3	0	15	10	331	1
SLA-000772	5/23/2026 3:22	5/23/2026 15:20	IT_HARDWARE_PRINTING	LOW	LOW	LOW	IT Support	718	24.93	2162	3	5	1	14	6	2957	1
SLA-000773	6/29/2026 19:51	6/30/2026 6:01	BUILDING_STRUCTURE	LOW	MEDIUM	LOW	Facilities	610	21.18	2270	19	0	0	16	1	2898	0
SLA-000774	1/6/2026 23:06	1/7/2026 7:52	SAFETY_HAZARD	MEDIUM	LOW	LOW	Safety Team	526	18.26	2354	23	1	0	21	7	3441	1
SLA-000775	5/28/2026 0:35	5/28/2026 3:03	IT_HARDWARE_PRINTING	LOW	HIGH	MEDIUM	IT Support	148	10.28	1292	0	3	0	8	0	1326	0
SLA-000776	5/18/2026 19:18	5/18/2026 21:46	ELEVATOR	HIGH	MEDIUM	HIGH	Facilities	148	30.83	332	19	0	0	24	12	342	1
SLA-000777	3/6/2026 19:45	3/6/2026 22:28	HVAC_AC	MEDIUM	LOW	LOW	Facilities	163	5.66	2717	19	4	0	29	10	668	1
SLA-000778	4/15/2026 20:05	4/16/2026 0:36	SAFETY_HAZARD	HIGH	HIGH	CRITICAL	Safety Team	271	56.46	209	20	2	0	27	0	481	1
SLA-000779	7/14/2026 2:58	7/14/2026 12:56	HVAC_AC	MEDIUM	LOW	LOW	Facilities	598	20.76	2282	2	1	0	23	4	1495	0
SLA-000780	3/5/2026 22:10	3/6/2026 5:40	ELECTRICAL	MEDIUM	HIGH	HIGH	Facilities	450	93.75	30	22	3	0	22	9	194	1
SLA-000781	6/17/2026 22:38	6/18/2026 6:16	CLEANING_WASTE	HIGH	HIGH	CRITICAL	Cleaning Services	458	95.42	22	22	2	0	29	5	433	1
SLA-000782	7/28/2026 4:07	7/28/2026 11:14	AV_CLASSROOM_EQUIPMENT	MEDIUM	LOW	LOW	AV Support	427	14.83	2453	4	1	0	19	13	1872	1
SLA-000783	4/25/2026 15:05	4/25/2026 17:11	CLEANING_WASTE	LOW	LOW	LOW	Cleaning Services	126	4.38	2754	15	5	1	5	4	624	0
SLA-000784	7/17/2026 20:54	7/18/2026 7:57	IT_HARDWARE_PRINTING	LOW	LOW	LOW	IT Support	663	23.02	2217	20	4	0	29	1	1927	0
SLA-000785	1/13/2026 21:52	1/14/2026 2:03	AV_CLASSROOM_EQUIPMENT	LOW	HIGH	MEDIUM	AV Support	251	17.43	1189	21	1	0	5	2	772	0
SLA-000786	4/23/2026 10:15	4/23/2026 10:40	CLEANING_WASTE	LOW	HIGH	MEDIUM	Cleaning Services	25	1.74	1415	10	3	0	19	13	856	1
SLA-000787	6/9/2026 18:25	6/10/2026 5:22	ELECTRICAL	MEDIUM	LOW	LOW	Facilities	657	22.81	2223	18	1	0	18	6	1293	0
SLA-000788	4/20/2026 3:41	4/20/2026 8:29	GROUNDS_OUTDOOR	LOW	LOW	LOW	Grounds Team	288	10	2592	3	0	0	21	3	1476	0
SLA-000789	8/28/2026 0:17	8/28/2026 8:49	FURNITURE_FIXTURES	LOW	HIGH	MEDIUM	Facilities	512	35.56	928	0	4	0	1	8	536	0
SLA-000790	4/10/2026 19:26	4/10/2026 21:21	FURNITURE_FIXTURES	MEDIUM	MEDIUM	MEDIUM	Facilities	115	7.99	1325	19	4	0	11	3	541	0
SLA-000791	3/2/2026 2:22	3/2/2026 8:58	AV_CLASSROOM_EQUIPMENT	HIGH	HIGH	CRITICAL	AV Support	396	82.5	84	2	0	0	23	11	127	1
SLA-000792	2/14/2026 1:57	2/14/2026 4:03	AV_CLASSROOM_EQUIPMENT	HIGH	HIGH	CRITICAL	AV Support	126	26.25	354	1	5	1	18	4	570	1
SLA-000793	4/26/2026 9:30	4/26/2026 10:22	CLEANING_WASTE	LOW	MEDIUM	LOW	Cleaning Services	52	1.81	2828	9	6	1	5	4	985	0
SLA-000794	8/7/2026 8:22	8/7/2026 18:31	OTHER	LOW	MEDIUM	LOW	General Maintenance	609	21.15	2271	8	4	0	10	7	3371	1
SLA-000795	3/7/2026 4:59	3/7/2026 16:31	IT_NETWORK_ACCOUNTS	MEDIUM	MEDIUM	MEDIUM	IT Support	692	48.06	748	4	5	1	17	2	888	0
SLA-000796	4/21/2026 22:13	4/22/2026 10:12	HVAC_AC	LOW	LOW	LOW	Facilities	719	24.97	2161	22	1	0	22	3	3135	1
SLA-000797	3/29/2026 22:44	3/29/2026 23:21	ELEVATOR	MEDIUM	LOW	LOW	Facilities	37	1.28	2843	22	6	1	21	3	3011	0
SLA-000798	6/8/2026 9:09	6/8/2026 17:00	HVAC_AC	MEDIUM	LOW	LOW	Facilities	471	16.35	2409	9	0	0	1	2	3310	0
SLA-000799	7/23/2026 19:52	7/24/2026 5:01	IT_NETWORK_ACCOUNTS	LOW	LOW	LOW	IT Support	549	19.06	2331	19	3	0	4	0	2240	0
SLA-000800	8/18/2026 7:00	8/18/2026 7:28	HVAC_AC	MEDIUM	HIGH	HIGH	Facilities	28	5.83	452	7	1	0	19	6	419	1
SLA-000801	7/25/2026 0:33	7/25/2026 2:32	ELECTRICAL	MEDIUM	HIGH	HIGH	Facilities	119	24.79	361	0	5	1	19	14	162	1
SLA-000802	4/25/2026 20:03	4/26/2026 2:45	GROUNDS_OUTDOOR	LOW	HIGH	MEDIUM	Grounds Team	402	27.92	1038	20	5	1	11	13	1696	1
SLA-000803	1/27/2026 2:51	1/27/2026 4:18	GROUNDS_OUTDOOR	HIGH	MEDIUM	HIGH	Grounds Team	87	18.12	393	2	1	0	14	9	507	1
SLA-000804	2/17/2026 13:12	2/17/2026 18:55	IT_HARDWARE_PRINTING	MEDIUM	MEDIUM	MEDIUM	IT Support	343	23.82	1097	13	1	0	25	6	796	1
SLA-000805	1/6/2026 22:49	1/7/2026 5:49	OTHER	LOW	MEDIUM	LOW	General Maintenance	420	14.58	2460	22	1	0	17	13	2820	1
SLA-000806	1/23/2026 2:44	1/23/2026 14:27	CLEANING_WASTE	LOW	LOW	LOW	Cleaning Services	703	24.41	2177	2	4	0	30	4	3421	1
SLA-000807	2/3/2026 14:45	2/3/2026 18:39	GROUNDS_OUTDOOR	MEDIUM	HIGH	HIGH	Grounds Team	234	48.75	246	14	1	0	27	12	498	1
SLA-000808	8/26/2026 13:26	8/26/2026 14:47	PLUMBING_WATER	MEDIUM	HIGH	HIGH	Facilities	81	16.88	399	13	2	0	5	10	504	1
SLA-000809	4/16/2026 17:42	4/16/2026 23:37	CLEANING_WASTE	MEDIUM	MEDIUM	MEDIUM	Cleaning Services	355	24.65	1085	17	3	0	26	5	1186	1
SLA-000810	4/20/2026 15:10	4/21/2026 1:52	PLUMBING_WATER	LOW	HIGH	MEDIUM	Facilities	642	44.58	798	15	0	0	24	14	1674	1
SLA-000811	2/4/2026 16:05	2/4/2026 19:00	AV_CLASSROOM_EQUIPMENT	MEDIUM	HIGH	HIGH	AV Support	175	36.46	305	16	2	0	26	7	210	1
SLA-000812	6/2/2026 0:08	6/2/2026 5:30	ELECTRICAL	HIGH	MEDIUM	HIGH	Facilities	322	67.08	158	0	1	0	14	6	203	0
SLA-000813	2/25/2026 14:46	2/25/2026 15:23	GROUNDS_OUTDOOR	MEDIUM	HIGH	HIGH	Grounds Team	37	7.71	443	14	2	0	20	11	300	1
SLA-000814	5/5/2026 1:02	5/5/2026 10:27	ELEVATOR	MEDIUM	LOW	LOW	Facilities	565	19.62	2315	1	1	0	25	11	2366	1
SLA-000815	3/30/2026 17:26	3/31/2026 0:18	HVAC_AC	HIGH	MEDIUM	HIGH	Facilities	412	85.83	68	17	0	0	19	11	113	1
SLA-000816	7/25/2026 2:10	7/25/2026 4:48	OTHER	LOW	LOW	LOW	General Maintenance	158	5.49	2722	2	5	1	24	0	3004	1
SLA-000817	1/27/2026 8:16	1/27/2026 10:11	HVAC_AC	MEDIUM	LOW	LOW	Facilities	115	3.99	2765	8	1	0	25	14	3430	1
SLA-000818	2/21/2026 5:00	2/21/2026 10:34	ELEVATOR	HIGH	MEDIUM	HIGH	Facilities	334	69.58	146	5	5	1	20	10	437	1
SLA-000819	8/7/2026 7:55	8/7/2026 15:10	PLUMBING_WATER	HIGH	LOW	MEDIUM	Facilities	435	30.21	1005	7	4	0	23	7	295	0
SLA-000820	4/21/2026 17:58	4/22/2026 1:45	HVAC_AC	LOW	HIGH	MEDIUM	Facilities	467	32.43	973	17	1	0	17	12	871	0
SLA-000821	1/5/2026 21:02	1/6/2026 3:01	FURNITURE_FIXTURES	MEDIUM	LOW	LOW	Facilities	359	12.47	2521	21	0	0	23	5	2000	0
SLA-000822	4/13/2026 19:07	4/14/2026 1:52	IT_HARDWARE_PRINTING	HIGH	LOW	MEDIUM	IT Support	405	28.12	1035	19	0	0	5	7	503	0
SLA-000823	3/23/2026 2:29	3/23/2026 13:28	FURNITURE_FIXTURES	MEDIUM	LOW	LOW	Facilities	659	22.88	2221	2	0	0	13	7	577	0
SLA-000824	1/29/2026 16:54	1/29/2026 23:05	PLUMBING_WATER	LOW	MEDIUM	LOW	Facilities	371	12.88	2509	16	3	0	12	9	628	0
SLA-000825	7/26/2026 10:04	7/26/2026 15:11	SAFETY_HAZARD	HIGH	LOW	MEDIUM	Safety Team	307	21.32	1133	10	6	1	27	2	829	0
SLA-000826	2/22/2026 23:46	2/23/2026 8:37	BUILDING_STRUCTURE	LOW	LOW	LOW	Facilities	531	18.44	2349	23	6	1	6	12	1184	0
SLA-000827	2/14/2026 14:52	2/14/2026 22:20	BUILDING_STRUCTURE	LOW	HIGH	MEDIUM	Facilities	448	31.11	992	14	5	1	29	11	1140	1
SLA-000828	5/11/2026 4:27	5/11/2026 7:36	BUILDING_STRUCTURE	MEDIUM	HIGH	HIGH	Facilities	189	39.38	291	4	0	0	16	12	154	1
SLA-000829	7/27/2026 19:41	7/27/2026 23:15	IT_HARDWARE_PRINTING	HIGH	MEDIUM	HIGH	IT Support	214	44.58	266	19	0	0	19	7	411	1
SLA-000830	3/15/2026 3:04	3/15/2026 6:55	ELEVATOR	MEDIUM	HIGH	HIGH	Facilities	231	48.12	249	3	6	1	19	5	353	0
SLA-000831	8/6/2026 21:41	8/7/2026 4:30	HVAC_AC	MEDIUM	HIGH	HIGH	Facilities	409	85.21	71	21	3	0	9	14	325	1
SLA-000832	2/12/2026 3:38	2/12/2026 4:47	BUILDING_STRUCTURE	LOW	MEDIUM	LOW	Facilities	69	2.4	2811	3	3	0	30	15	2778	1
SLA-000833	1/14/2026 7:19	1/14/2026 11:03	FURNITURE_FIXTURES	LOW	HIGH	MEDIUM	Facilities	224	15.56	1216	7	2	0	10	3	1164	0
SLA-000834	1/21/2026 3:55	1/21/2026 9:31	ELEVATOR	MEDIUM	HIGH	HIGH	Facilities	336	70	144	3	2	0	21	12	151	1
SLA-000835	1/3/2026 6:20	1/3/2026 15:30	FURNITURE_FIXTURES	MEDIUM	MEDIUM	MEDIUM	Facilities	550	38.19	890	6	5	1	21	11	1213	1
SLA-000836	3/15/2026 19:13	3/16/2026 6:45	FURNITURE_FIXTURES	LOW	HIGH	MEDIUM	Facilities	692	48.06	748	19	6	1	5	9	554	0
SLA-000837	2/1/2026 17:49	2/2/2026 1:51	FURNITURE_FIXTURES	MEDIUM	LOW	LOW	Facilities	482	16.74	2398	17	6	1	7	13	2162	0
SLA-000838	6/27/2026 21:17	6/28/2026 0:14	FURNITURE_FIXTURES	MEDIUM	LOW	LOW	Facilities	177	6.15	2703	21	5	1	15	15	1244	1
SLA-000839	6/17/2026 7:29	6/17/2026 15:06	HVAC_AC	LOW	LOW	LOW	Facilities	457	15.87	2423	7	2	0	13	11	3414	1
SLA-000840	2/10/2026 1:23	2/10/2026 7:43	IT_HARDWARE_PRINTING	MEDIUM	HIGH	HIGH	IT Support	380	79.17	100	1	1	0	21	4	514	1
SLA-000841	3/5/2026 11:00	3/5/2026 13:31	ELEVATOR	MEDIUM	HIGH	HIGH	Facilities	151	31.46	329	11	3	0	22	8	400	1
SLA-000842	4/20/2026 16:23	4/21/2026 1:35	FURNITURE_FIXTURES	MEDIUM	LOW	LOW	Facilities	552	19.17	2328	16	0	0	20	2	681	0
SLA-000843	7/24/2026 14:13	7/24/2026 18:38	HVAC_AC	LOW	LOW	LOW	Facilities	265	9.2	2615	14	4	0	6	0	2587	0
SLA-000844	6/2/2026 2:10	6/2/2026 6:32	SAFETY_HAZARD	HIGH	HIGH	CRITICAL	Safety Team	262	54.58	218	2	1	0	0	10	194	1
SLA-000845	7/17/2026 17:34	7/17/2026 23:35	SAFETY_HAZARD	HIGH	MEDIUM	HIGH	Safety Team	361	75.21	119	17	4	0	12	1	299	1
SLA-000846	8/9/2026 5:28	8/9/2026 11:55	GROUNDS_OUTDOOR	MEDIUM	LOW	LOW	Grounds Team	387	13.44	2493	5	6	1	13	2	836	0
SLA-000847	6/10/2026 12:32	6/10/2026 20:14	ELECTRICAL	HIGH	MEDIUM	HIGH	Facilities	462	96.25	18	12	2	0	11	12	205	1
SLA-000848	4/8/2026 13:12	4/8/2026 14:17	OTHER	HIGH	MEDIUM	HIGH	General Maintenance	65	13.54	415	13	2	0	29	12	134	1
SLA-000849	5/25/2026 16:17	5/25/2026 18:14	SAFETY_HAZARD	HIGH	MEDIUM	HIGH	Safety Team	117	24.38	363	16	0	0	10	9	365	0
SLA-000850	1/5/2026 16:31	1/5/2026 19:14	ELEVATOR	MEDIUM	HIGH	HIGH	Facilities	163	33.96	317	16	0	0	25	0	359	1
SLA-000851	5/12/2026 3:38	5/12/2026 12:55	HVAC_AC	LOW	HIGH	MEDIUM	Facilities	557	38.68	883	3	1	0	22	8	397	0
SLA-000852	7/16/2026 1:09	7/16/2026 11:38	OTHER	MEDIUM	LOW	LOW	General Maintenance	629	21.84	2251	1	3	0	19	4	2453	0
SLA-000853	4/6/2026 19:20	4/7/2026 1:26	ELECTRICAL	HIGH	HIGH	CRITICAL	Facilities	366	76.25	114	19	0	0	8	10	499	1
SLA-000854	3/15/2026 15:14	3/16/2026 2:36	IT_NETWORK_ACCOUNTS	MEDIUM	MEDIUM	MEDIUM	IT Support	682	47.36	758	15	6	1	1	3	1499	0
SLA-000855	6/12/2026 2:18	6/12/2026 13:28	AV_CLASSROOM_EQUIPMENT	MEDIUM	MEDIUM	MEDIUM	AV Support	670	46.53	770	2	4	0	16	5	892	0
SLA-000856	2/10/2026 5:39	2/10/2026 8:15	SAFETY_HAZARD	HIGH	LOW	MEDIUM	Safety Team	156	10.83	1284	5	1	0	16	2	1130	0
SLA-000857	6/17/2026 17:11	6/17/2026 21:34	BUILDING_STRUCTURE	MEDIUM	MEDIUM	MEDIUM	Facilities	263	18.26	1177	17	2	0	6	6	1434	0
SLA-000858	5/2/2026 9:31	5/2/2026 17:24	CLEANING_WASTE	LOW	LOW	LOW	Cleaning Services	473	16.42	2407	9	5	1	1	1	1044	0
SLA-000859	2/25/2026 21:51	2/26/2026 8:30	IT_NETWORK_ACCOUNTS	LOW	HIGH	MEDIUM	IT Support	639	44.38	801	21	2	0	5	6	946	0
SLA-000860	6/12/2026 16:27	6/12/2026 18:12	IT_HARDWARE_PRINTING	LOW	HIGH	MEDIUM	IT Support	105	7.29	1335	16	4	0	24	5	321	0
SLA-000861	1/1/2026 22:45	1/2/2026 2:14	PLUMBING_WATER	MEDIUM	HIGH	HIGH	Facilities	209	43.54	271	22	3	0	16	5	367	0
SLA-000862	1/13/2026 2:21	1/13/2026 5:01	OTHER	MEDIUM	MEDIUM	MEDIUM	General Maintenance	160	11.11	1280	2	1	0	8	11	1110	0
SLA-000863	1/19/2026 5:51	1/19/2026 14:07	GROUNDS_OUTDOOR	MEDIUM	MEDIUM	MEDIUM	Grounds Team	496	34.44	944	5	0	0	12	1	1266	0
SLA-000864	6/19/2026 6:05	6/19/2026 11:33	OTHER	LOW	HIGH	MEDIUM	General Maintenance	328	22.78	1112	6	4	0	8	7	1607	0
SLA-000865	6/29/2026 10:11	6/29/2026 11:02	ELEVATOR	MEDIUM	HIGH	HIGH	Facilities	51	10.62	429	10	0	0	13	3	536	1
SLA-000866	5/29/2026 11:24	5/29/2026 17:26	SAFETY_HAZARD	MEDIUM	HIGH	HIGH	Safety Team	362	75.42	118	11	4	0	30	2	104	1
SLA-000867	5/26/2026 7:11	5/26/2026 11:40	SAFETY_HAZARD	HIGH	MEDIUM	HIGH	Safety Team	269	56.04	211	7	1	0	5	13	353	1
SLA-000868	3/13/2026 23:45	3/14/2026 5:50	ELECTRICAL	LOW	MEDIUM	LOW	Facilities	365	12.67	2515	23	4	0	0	6	1689	0
SLA-000869	4/10/2026 23:04	4/11/2026 1:38	FURNITURE_FIXTURES	MEDIUM	LOW	LOW	Facilities	154	5.35	2726	23	4	0	9	10	984	0
SLA-000870	1/27/2026 13:31	1/27/2026 14:52	FURNITURE_FIXTURES	MEDIUM	LOW	LOW	Facilities	81	2.81	2799	13	1	0	28	9	1585	1
SLA-000871	5/21/2026 19:11	5/21/2026 22:39	CLEANING_WASTE	MEDIUM	HIGH	HIGH	Cleaning Services	208	43.33	272	19	3	0	29	15	315	1
SLA-000872	3/18/2026 0:14	3/18/2026 4:30	AV_CLASSROOM_EQUIPMENT	MEDIUM	HIGH	HIGH	AV Support	256	53.33	224	0	2	0	0	7	557	1
SLA-000873	4/8/2026 20:24	4/9/2026 0:36	OTHER	MEDIUM	MEDIUM	MEDIUM	General Maintenance	252	17.5	1188	20	2	0	16	10	322	1
SLA-000874	5/7/2026 20:12	5/7/2026 22:36	AV_CLASSROOM_EQUIPMENT	MEDIUM	HIGH	HIGH	AV Support	144	30	336	20	3	0	5	7	284	0
SLA-000875	3/26/2026 23:32	3/27/2026 7:05	BUILDING_STRUCTURE	MEDIUM	HIGH	HIGH	Facilities	453	94.38	27	23	3	0	17	1	274	1
SLA-000876	8/3/2026 20:04	8/4/2026 5:02	OTHER	MEDIUM	MEDIUM	MEDIUM	General Maintenance	538	37.36	902	20	0	0	7	0	533	0
SLA-000877	5/14/2026 20:15	5/15/2026 0:15	FURNITURE_FIXTURES	LOW	HIGH	MEDIUM	Facilities	240	16.67	1200	20	3	0	18	7	1638	1
SLA-000878	6/4/2026 6:08	6/4/2026 6:32	HVAC_AC	LOW	LOW	LOW	Facilities	24	0.83	2856	6	3	0	30	0	1608	0
SLA-000879	5/3/2026 3:54	5/3/2026 6:38	IT_NETWORK_ACCOUNTS	MEDIUM	HIGH	HIGH	IT Support	164	34.17	316	3	6	1	23	9	419	1
SLA-000880	3/21/2026 1:01	3/21/2026 8:16	OTHER	LOW	HIGH	MEDIUM	General Maintenance	435	30.21	1005	1	5	1	7	8	1196	0
SLA-000881	6/11/2026 16:14	6/11/2026 22:02	FURNITURE_FIXTURES	MEDIUM	HIGH	HIGH	Facilities	348	72.5	132	16	3	0	21	1	272	1
SLA-000882	3/9/2026 20:39	3/10/2026 1:22	HVAC_AC	LOW	LOW	LOW	Facilities	283	9.83	2597	20	0	0	18	3	1751	0
SLA-000883	2/5/2026 14:17	2/5/2026 15:12	CLEANING_WASTE	MEDIUM	LOW	LOW	Cleaning Services	55	1.91	2825	14	3	0	11	15	2168	1
SLA-000884	7/20/2026 4:04	7/20/2026 9:05	OTHER	LOW	LOW	LOW	General Maintenance	301	10.45	2579	4	0	0	27	2	2149	0
SLA-000885	7/20/2026 20:28	7/21/2026 2:28	BUILDING_STRUCTURE	HIGH	HIGH	CRITICAL	Facilities	360	75	120	20	0	0	14	9	490	1
SLA-000886	4/11/2026 16:47	4/12/2026 0:15	HVAC_AC	MEDIUM	LOW	LOW	Facilities	448	15.56	2432	16	5	1	6	1	1314	0
SLA-000887	5/31/2026 22:19	6/1/2026 4:19	OTHER	LOW	LOW	LOW	General Maintenance	360	12.5	2520	22	6	1	27	7	1949	1
SLA-000888	3/21/2026 16:56	3/21/2026 19:39	FURNITURE_FIXTURES	MEDIUM	LOW	LOW	Facilities	163	5.66	2717	16	5	1	27	3	1031	0
SLA-000889	6/25/2026 16:05	6/25/2026 21:32	HVAC_AC	MEDIUM	HIGH	HIGH	Facilities	327	68.12	153	16	3	0	18	9	556	1
SLA-000890	7/6/2026 16:00	7/6/2026 19:43	CLEANING_WASTE	LOW	HIGH	MEDIUM	Cleaning Services	223	15.49	1217	16	0	0	22	5	1272	0
SLA-000891	8/18/2026 20:45	8/18/2026 21:59	OTHER	LOW	LOW	LOW	General Maintenance	74	2.57	2806	20	1	0	16	4	1474	0
SLA-000892	3/13/2026 20:18	3/14/2026 0:24	IT_NETWORK_ACCOUNTS	MEDIUM	MEDIUM	MEDIUM	IT Support	246	17.08	1194	20	4	0	22	0	854	0
SLA-000893	2/16/2026 22:18	2/17/2026 0:52	ELECTRICAL	HIGH	HIGH	CRITICAL	Facilities	154	32.08	326	22	0	0	6	15	568	1
SLA-000894	5/6/2026 5:20	5/6/2026 15:22	GROUNDS_OUTDOOR	LOW	HIGH	MEDIUM	Grounds Team	602	41.81	838	5	2	0	12	14	420	1
SLA-000895	6/10/2026 18:23	6/10/2026 22:36	IT_HARDWARE_PRINTING	HIGH	MEDIUM	HIGH	IT Support	253	52.71	227	18	2	0	26	3	292	1
SLA-000896	8/5/2026 5:44	8/5/2026 12:50	GROUNDS_OUTDOOR	MEDIUM	LOW	LOW	Grounds Team	426	14.79	2454	5	2	0	4	14	2670	1
SLA-000897	7/23/2026 8:40	7/23/2026 12:51	IT_HARDWARE_PRINTING	MEDIUM	MEDIUM	MEDIUM	IT Support	251	17.43	1189	8	3	0	21	8	1689	1
SLA-000898	5/2/2026 4:44	5/2/2026 16:16	AV_CLASSROOM_EQUIPMENT	MEDIUM	LOW	LOW	AV Support	692	24.03	2188	4	5	1	17	14	1731	1
SLA-000899	7/5/2026 8:20	7/5/2026 15:21	SAFETY_HAZARD	HIGH	MEDIUM	HIGH	Safety Team	421	87.71	59	8	6	1	10	9	177	1
SLA-000900	3/7/2026 5:45	3/7/2026 14:35	ELEVATOR	MEDIUM	MEDIUM	MEDIUM	Facilities	530	36.81	910	5	5	1	15	12	1245	1
SLA-000901	7/24/2026 2:07	7/24/2026 11:11	BUILDING_STRUCTURE	MEDIUM	MEDIUM	MEDIUM	Facilities	544	37.78	896	2	4	0	2	9	989	0
SLA-000902	3/14/2026 18:45	3/14/2026 22:27	ELEVATOR	MEDIUM	MEDIUM	MEDIUM	Facilities	222	15.42	1218	18	5	1	15	6	673	0
SLA-000903	4/23/2026 22:02	4/24/2026 3:10	SAFETY_HAZARD	HIGH	LOW	MEDIUM	Safety Team	308	21.39	1132	22	3	0	17	1	586	0
SLA-000904	7/31/2026 17:43	7/31/2026 18:53	PLUMBING_WATER	HIGH	MEDIUM	HIGH	Facilities	70	14.58	410	17	4	0	18	4	143	0
SLA-000905	7/13/2026 6:00	7/13/2026 9:02	SAFETY_HAZARD	HIGH	LOW	MEDIUM	Safety Team	182	12.64	1258	6	0	0	18	13	450	1
SLA-000906	6/12/2026 21:03	6/12/2026 21:46	OTHER	LOW	HIGH	MEDIUM	General Maintenance	43	2.99	1397	21	4	0	1	3	1465	0
SLA-000907	2/25/2026 9:51	2/25/2026 11:13	AV_CLASSROOM_EQUIPMENT	LOW	HIGH	MEDIUM	AV Support	82	5.69	1358	9	2	0	20	4	598	0
SLA-000908	2/25/2026 19:33	2/26/2026 2:57	AV_CLASSROOM_EQUIPMENT	HIGH	HIGH	CRITICAL	AV Support	444	92.5	36	19	2	0	19	4	466	1
SLA-000909	8/23/2026 0:33	8/23/2026 11:40	FURNITURE_FIXTURES	LOW	LOW	LOW	Facilities	667	23.16	2213	0	6	1	13	15	796	1
SLA-000910	5/13/2026 22:00	5/14/2026 2:22	IT_NETWORK_ACCOUNTS	MEDIUM	HIGH	HIGH	IT Support	262	54.58	218	22	2	0	24	11	215	1
SLA-000911	7/22/2026 7:11	7/22/2026 11:47	GROUNDS_OUTDOOR	MEDIUM	MEDIUM	MEDIUM	Grounds Team	276	19.17	1164	7	2	0	22	6	1227	0
SLA-000912	7/22/2026 13:09	7/22/2026 16:23	BUILDING_STRUCTURE	MEDIUM	HIGH	HIGH	Facilities	194	40.42	286	13	2	0	27	12	412	1
SLA-000913	7/2/2026 11:49	7/2/2026 21:37	GROUNDS_OUTDOOR	LOW	LOW	LOW	Grounds Team	588	20.42	2292	11	3	0	15	10	2644	0
SLA-000914	6/6/2026 7:36	6/6/2026 9:02	CLEANING_WASTE	MEDIUM	HIGH	HIGH	Cleaning Services	86	17.92	394	7	5	1	7	6	334	0
SLA-000915	6/23/2026 14:31	6/23/2026 16:06	IT_NETWORK_ACCOUNTS	MEDIUM	MEDIUM	MEDIUM	IT Support	95	6.6	1345	14	1	0	11	12	650	0
SLA-000916	1/26/2026 11:26	1/26/2026 21:25	IT_NETWORK_ACCOUNTS	LOW	HIGH	MEDIUM	IT Support	599	41.6	841	11	0	0	24	9	379	0
SLA-000917	1/14/2026 23:59	1/15/2026 1:10	HVAC_AC	LOW	LOW	LOW	Facilities	71	2.47	2809	23	2	0	6	14	592	1
SLA-000918	8/3/2026 11:22	8/3/2026 13:01	IT_HARDWARE_PRINTING	LOW	LOW	LOW	IT Support	99	3.44	2781	11	0	0	1	4	2459	0
SLA-000919	2/20/2026 4:43	2/20/2026 6:59	ELECTRICAL	MEDIUM	HIGH	HIGH	Facilities	136	28.33	344	4	4	0	3	8	337	0
SLA-000920	5/29/2026 3:30	5/29/2026 9:46	AV_CLASSROOM_EQUIPMENT	MEDIUM	HIGH	HIGH	AV Support	376	78.33	104	3	4	0	22	5	415	1
SLA-000921	1/20/2026 0:08	1/20/2026 1:59	FURNITURE_FIXTURES	LOW	LOW	LOW	Facilities	111	3.85	2769	0	1	0	7	9	1155	0
SLA-000922	8/4/2026 14:15	8/4/2026 23:02	GROUNDS_OUTDOOR	MEDIUM	LOW	LOW	Grounds Team	527	18.3	2353	14	1	0	12	4	2633	0
SLA-000923	7/9/2026 14:05	7/9/2026 18:58	CLEANING_WASTE	HIGH	HIGH	CRITICAL	Cleaning Services	293	61.04	187	14	3	0	10	6	282	1
SLA-000924	4/1/2026 21:16	4/2/2026 1:45	ELECTRICAL	MEDIUM	HIGH	HIGH	Facilities	269	56.04	211	21	2	0	29	9	324	1
SLA-000925	8/10/2026 7:22	8/10/2026 16:30	GROUNDS_OUTDOOR	MEDIUM	LOW	LOW	Grounds Team	548	19.03	2332	7	0	0	15	3	1463	0
SLA-000926	7/21/2026 13:43	7/21/2026 22:49	IT_HARDWARE_PRINTING	LOW	HIGH	MEDIUM	IT Support	546	37.92	894	13	1	0	5	7	1555	0
SLA-000927	7/12/2026 21:56	7/13/2026 6:14	GROUNDS_OUTDOOR	LOW	MEDIUM	LOW	Grounds Team	498	17.29	2382	21	6	1	1	11	1882	0
SLA-000928	6/27/2026 1:16	6/27/2026 7:01	PLUMBING_WATER	HIGH	LOW	MEDIUM	Facilities	345	23.96	1095	1	5	1	11	6	662	0
SLA-000929	1/13/2026 10:56	1/13/2026 17:58	ELECTRICAL	MEDIUM	HIGH	HIGH	Facilities	422	87.92	58	10	1	0	27	5	467	1
SLA-000930	2/5/2026 16:47	2/5/2026 21:03	ELEVATOR	MEDIUM	HIGH	HIGH	Facilities	256	53.33	224	16	3	0	26	14	359	1
SLA-000931	1/4/2026 18:05	1/4/2026 18:20	BUILDING_STRUCTURE	LOW	LOW	LOW	Facilities	15	0.52	2865	18	6	1	8	10	1820	0
SLA-000932	6/19/2026 16:17	6/19/2026 18:21	ELEVATOR	HIGH	HIGH	CRITICAL	Facilities	124	25.83	356	16	4	0	14	6	181	0
SLA-000933	2/13/2026 20:06	2/13/2026 21:44	HVAC_AC	MEDIUM	HIGH	HIGH	Facilities	98	20.42	382	20	4	0	29	5	289	1
SLA-000934	6/1/2026 14:01	6/2/2026 0:27	IT_HARDWARE_PRINTING	MEDIUM	LOW	LOW	IT Support	626	21.74	2254	14	0	0	5	1	822	0
SLA-000935	5/17/2026 1:48	5/17/2026 6:04	OTHER	MEDIUM	MEDIUM	MEDIUM	General Maintenance	256	17.78	1184	1	6	1	27	9	392	1
SLA-000936	3/27/2026 22:53	3/28/2026 7:47	BUILDING_STRUCTURE	LOW	LOW	LOW	Facilities	534	18.54	2346	22	4	0	25	15	666	1
SLA-000937	4/9/2026 3:04	4/9/2026 8:02	PLUMBING_WATER	HIGH	HIGH	CRITICAL	Facilities	298	62.08	182	3	3	0	18	12	522	1
SLA-000938	5/19/2026 10:38	5/19/2026 21:16	OTHER	MEDIUM	MEDIUM	MEDIUM	General Maintenance	638	44.31	802	10	1	0	4	8	1102	0
SLA-000939	3/30/2026 17:05	3/30/2026 19:14	HVAC_AC	LOW	LOW	LOW	Facilities	129	4.48	2751	17	0	0	17	0	1782	0
SLA-000940	2/7/2026 15:35	2/7/2026 18:40	BUILDING_STRUCTURE	MEDIUM	HIGH	HIGH	Facilities	185	38.54	295	15	5	1	18	8	405	0
SLA-000941	2/28/2026 16:29	3/1/2026 0:36	OTHER	HIGH	LOW	MEDIUM	General Maintenance	487	33.82	953	16	5	1	0	12	442	0
SLA-000942	6/26/2026 18:00	6/26/2026 20:02	HVAC_AC	HIGH	LOW	MEDIUM	Facilities	122	8.47	1318	18	4	0	29	11	789	1
SLA-000943	4/6/2026 10:10	4/6/2026 10:31	CLEANING_WASTE	LOW	LOW	LOW	Cleaning Services	21	0.73	2859	10	0	0	17	9	2515	1
SLA-000944	2/12/2026 18:35	2/12/2026 21:55	HVAC_AC	MEDIUM	HIGH	HIGH	Facilities	200	41.67	280	18	3	0	23	9	261	0
SLA-000945	7/12/2026 12:01	7/12/2026 13:22	PLUMBING_WATER	HIGH	HIGH	CRITICAL	Facilities	81	16.88	399	12	6	1	16	7	293	0
SLA-000946	7/20/2026 18:33	7/21/2026 1:29	IT_NETWORK_ACCOUNTS	MEDIUM	HIGH	HIGH	IT Support	416	86.67	64	18	0	0	4	15	469	1
SLA-000947	3/10/2026 2:59	3/10/2026 14:03	IT_HARDWARE_PRINTING	MEDIUM	LOW	LOW	IT Support	664	23.06	2216	2	1	0	24	6	788	0
SLA-000948	5/29/2026 3:07	5/29/2026 14:27	GROUNDS_OUTDOOR	LOW	LOW	LOW	Grounds Team	680	23.61	2200	3	4	0	3	12	1872	0
SLA-000949	2/28/2026 14:46	2/28/2026 17:49	IT_HARDWARE_PRINTING	LOW	MEDIUM	LOW	IT Support	183	6.35	2697	14	5	1	0	13	1773	0
SLA-000950	6/1/2026 17:31	6/1/2026 19:12	IT_NETWORK_ACCOUNTS	MEDIUM	LOW	LOW	IT Support	101	3.51	2779	17	0	0	18	9	913	0
SLA-000951	3/15/2026 6:31	3/15/2026 15:29	CLEANING_WASTE	LOW	HIGH	MEDIUM	Cleaning Services	538	37.36	902	6	6	1	21	0	649	0
SLA-000952	3/26/2026 1:44	3/26/2026 3:15	OTHER	MEDIUM	LOW	LOW	General Maintenance	91	3.16	2789	1	3	0	11	3	3149	0
SLA-000953	6/10/2026 19:17	6/11/2026 3:25	GROUNDS_OUTDOOR	MEDIUM	MEDIUM	MEDIUM	Grounds Team	488	33.89	952	19	2	0	5	5	994	0
SLA-000954	2/16/2026 9:37	2/16/2026 13:39	ELECTRICAL	MEDIUM	LOW	LOW	Facilities	242	8.4	2638	9	0	0	0	10	3404	1
SLA-000955	7/16/2026 9:43	7/16/2026 15:25	HVAC_AC	HIGH	MEDIUM	HIGH	Facilities	342	71.25	138	9	3	0	3	5	565	1
SLA-000956	7/24/2026 10:08	7/24/2026 21:36	BUILDING_STRUCTURE	MEDIUM	MEDIUM	MEDIUM	Facilities	688	47.78	752	10	4	0	1	2	1577	0
SLA-000957	6/1/2026 5:03	6/1/2026 8:17	IT_HARDWARE_PRINTING	HIGH	MEDIUM	HIGH	IT Support	194	40.42	286	5	0	0	30	4	517	1
SLA-000958	1/18/2026 3:35	1/18/2026 10:01	IT_HARDWARE_PRINTING	HIGH	MEDIUM	HIGH	IT Support	386	80.42	94	3	6	1	11	1	113	1
SLA-000959	4/28/2026 1:49	4/28/2026 6:22	IT_HARDWARE_PRINTING	HIGH	MEDIUM	HIGH	IT Support	273	56.88	207	1	1	0	0	11	417	1
SLA-000960	4/28/2026 12:58	4/28/2026 13:24	GROUNDS_OUTDOOR	HIGH	MEDIUM	HIGH	Grounds Team	26	5.42	454	12	1	0	21	9	150	1
SLA-000961	7/3/2026 9:04	7/3/2026 17:05	GROUNDS_OUTDOOR	LOW	MEDIUM	LOW	Grounds Team	481	16.7	2399	9	4	0	24	10	821	1
SLA-000962	8/3/2026 10:59	8/3/2026 15:22	FURNITURE_FIXTURES	MEDIUM	HIGH	HIGH	Facilities	263	54.79	217	10	0	0	7	0	320	0
SLA-000963	2/9/2026 3:05	2/9/2026 13:34	IT_HARDWARE_PRINTING	MEDIUM	LOW	LOW	IT Support	629	21.84	2251	3	0	0	2	1	1705	0
SLA-000964	2/14/2026 0:21	2/14/2026 7:19	PLUMBING_WATER	HIGH	HIGH	CRITICAL	Facilities	418	87.08	62	0	5	1	15	10	480	1
SLA-000965	4/18/2026 17:08	4/19/2026 2:35	IT_NETWORK_ACCOUNTS	MEDIUM	MEDIUM	MEDIUM	IT Support	567	39.38	873	17	5	1	23	7	982	1
SLA-000966	3/9/2026 7:24	3/9/2026 12:47	AV_CLASSROOM_EQUIPMENT	MEDIUM	LOW	LOW	AV Support	323	11.22	2557	7	0	0	29	15	3091	1
SLA-000967	6/23/2026 11:29	6/23/2026 17:29	HVAC_AC	HIGH	LOW	MEDIUM	Facilities	360	25	1080	11	1	0	0	2	1279	0
SLA-000968	4/9/2026 8:31	4/9/2026 9:21	HVAC_AC	LOW	HIGH	MEDIUM	Facilities	50	3.47	1390	8	3	0	20	11	1368	1
SLA-000969	6/22/2026 23:59	6/23/2026 0:57	CLEANING_WASTE	HIGH	MEDIUM	HIGH	Cleaning Services	58	12.08	422	23	0	0	15	0	322	0
SLA-000970	6/18/2026 4:01	6/18/2026 5:29	BUILDING_STRUCTURE	MEDIUM	LOW	LOW	Facilities	88	3.06	2792	4	3	0	1	12	999	0
SLA-000971	5/8/2026 0:50	5/8/2026 5:04	AV_CLASSROOM_EQUIPMENT	MEDIUM	LOW	LOW	AV Support	254	8.82	2626	0	4	0	17	12	2742	1
SLA-000972	1/8/2026 16:52	1/8/2026 17:16	IT_HARDWARE_PRINTING	MEDIUM	MEDIUM	MEDIUM	IT Support	24	1.67	1416	16	3	0	23	14	1622	1
SLA-000973	3/31/2026 8:06	3/31/2026 12:47	IT_HARDWARE_PRINTING	LOW	HIGH	MEDIUM	IT Support	281	19.51	1159	8	1	0	22	14	958	1
SLA-000974	4/22/2026 6:58	4/22/2026 9:14	GROUNDS_OUTDOOR	MEDIUM	HIGH	HIGH	Grounds Team	136	28.33	344	6	2	0	24	8	239	1
SLA-000975	8/6/2026 7:31	8/6/2026 10:42	AV_CLASSROOM_EQUIPMENT	MEDIUM	HIGH	HIGH	AV Support	191	39.79	289	7	3	0	3	3	461	0
SLA-000976	8/23/2026 18:46	8/24/2026 0:12	ELECTRICAL	HIGH	LOW	MEDIUM	Facilities	326	22.64	1114	18	6	1	30	2	941	0
SLA-000977	6/18/2026 6:20	6/18/2026 14:27	AV_CLASSROOM_EQUIPMENT	MEDIUM	MEDIUM	MEDIUM	AV Support	487	33.82	953	6	3	0	15	14	470	1
SLA-000978	2/12/2026 17:40	2/13/2026 0:36	CLEANING_WASTE	LOW	LOW	LOW	Cleaning Services	416	14.44	2464	17	3	0	0	1	907	0
SLA-000979	8/16/2026 18:47	8/17/2026 3:26	IT_HARDWARE_PRINTING	MEDIUM	LOW	LOW	IT Support	519	18.02	2361	18	6	1	16	14	852	1
SLA-000980	8/22/2026 9:39	8/22/2026 17:07	SAFETY_HAZARD	HIGH	HIGH	CRITICAL	Safety Team	448	93.33	32	9	5	1	18	5	388	1
SLA-000981	2/21/2026 6:05	2/21/2026 13:19	ELEVATOR	HIGH	MEDIUM	HIGH	Facilities	434	90.42	46	6	5	1	10	9	120	1
SLA-000982	1/10/2026 10:45	1/10/2026 20:59	SAFETY_HAZARD	HIGH	LOW	MEDIUM	Safety Team	614	42.64	826	10	5	1	24	8	1124	0
SLA-000983	6/1/2026 13:29	6/1/2026 18:08	FURNITURE_FIXTURES	HIGH	MEDIUM	HIGH	Facilities	279	58.13	201	13	0	0	18	0	575	1
SLA-000984	8/6/2026 9:19	8/6/2026 13:27	GROUNDS_OUTDOOR	MEDIUM	HIGH	HIGH	Grounds Team	248	51.67	232	9	3	0	6	14	422	1
SLA-000985	7/31/2026 17:15	7/31/2026 17:43	IT_NETWORK_ACCOUNTS	MEDIUM	HIGH	HIGH	IT Support	28	5.83	452	17	4	0	5	8	516	0
SLA-000986	2/19/2026 18:21	2/19/2026 20:13	SAFETY_HAZARD	MEDIUM	HIGH	HIGH	Safety Team	112	23.33	368	18	3	0	30	15	387	1
SLA-000987	3/12/2026 21:15	3/13/2026 3:59	IT_NETWORK_ACCOUNTS	MEDIUM	HIGH	HIGH	IT Support	404	84.17	76	21	3	0	1	3	441	1
SLA-000988	4/13/2026 18:04	4/13/2026 22:08	HVAC_AC	HIGH	MEDIUM	HIGH	Facilities	244	50.83	236	18	0	0	0	8	366	0
SLA-000989	4/17/2026 22:50	4/18/2026 5:08	IT_NETWORK_ACCOUNTS	HIGH	HIGH	CRITICAL	IT Support	378	78.75	102	22	4	0	8	15	157	1
SLA-000990	1/4/2026 21:13	1/5/2026 1:35	HVAC_AC	HIGH	MEDIUM	HIGH	Facilities	262	54.58	218	21	6	1	8	7	552	1
SLA-000991	2/22/2026 14:17	2/22/2026 16:22	FURNITURE_FIXTURES	MEDIUM	LOW	LOW	Facilities	125	4.34	2755	14	6	1	29	10	1162	1
SLA-000992	6/21/2026 18:50	6/22/2026 4:51	IT_NETWORK_ACCOUNTS	MEDIUM	LOW	LOW	IT Support	601	20.87	2279	18	6	1	11	15	1858	1
SLA-000993	6/13/2026 7:05	6/13/2026 9:44	GROUNDS_OUTDOOR	LOW	LOW	LOW	Grounds Team	159	5.52	2721	7	5	1	11	0	687	0
SLA-000994	7/7/2026 9:32	7/7/2026 13:36	ELEVATOR	MEDIUM	HIGH	HIGH	Facilities	244	50.83	236	9	1	0	25	8	397	1
SLA-000995	6/29/2026 16:07	6/29/2026 20:44	ELECTRICAL	HIGH	MEDIUM	HIGH	Facilities	277	57.71	203	16	0	0	6	2	212	0
SLA-000996	5/30/2026 5:19	5/30/2026 12:49	IT_HARDWARE_PRINTING	LOW	HIGH	MEDIUM	IT Support	450	31.25	990	5	5	1	23	3	1279	0
SLA-000997	3/29/2026 8:40	3/29/2026 16:51	CLEANING_WASTE	LOW	HIGH	MEDIUM	Cleaning Services	491	34.1	949	8	6	1	26	12	332	1
SLA-000998	5/5/2026 6:23	5/5/2026 12:30	SAFETY_HAZARD	MEDIUM	HIGH	HIGH	Safety Team	367	76.46	113	6	1	0	1	14	272	1
SLA-000999	7/15/2026 0:11	7/15/2026 1:47	ELEVATOR	HIGH	HIGH	CRITICAL	Facilities	96	20	384	0	2	0	26	13	232	1
SLA-001000	1/23/2026 8:45	1/23/2026 12:07	ELECTRICAL	HIGH	LOW	MEDIUM	Facilities	202	14.03	1238	8	4	0	28	10	1696	1
SLA-001001	2/9/2026 9:57	2/9/2026 18:32	ELEVATOR	LOW	HIGH	MEDIUM	Facilities	515	35.76	925	9	0	0	10	13	1061	1
SLA-001002	7/4/2026 19:03	7/4/2026 20:28	BUILDING_STRUCTURE	MEDIUM	MEDIUM	MEDIUM	Facilities	85	5.9	1355	19	5	1	17	13	1352	1
SLA-001003	4/30/2026 18:17	4/30/2026 23:28	IT_NETWORK_ACCOUNTS	HIGH	LOW	MEDIUM	IT Support	311	21.6	1129	18	3	0	7	14	294	0
SLA-001004	7/11/2026 3:50	7/11/2026 14:28	AV_CLASSROOM_EQUIPMENT	LOW	LOW	LOW	AV Support	638	22.15	2242	3	5	1	14	4	1122	0
SLA-001005	3/21/2026 18:29	3/22/2026 0:01	BUILDING_STRUCTURE	MEDIUM	LOW	LOW	Facilities	332	11.53	2548	18	5	1	26	15	2518	1
SLA-001006	6/5/2026 17:36	6/5/2026 18:58	IT_HARDWARE_PRINTING	MEDIUM	HIGH	HIGH	IT Support	82	17.08	398	17	4	0	8	11	197	0
SLA-001007	5/23/2026 4:25	5/23/2026 10:23	HVAC_AC	LOW	HIGH	MEDIUM	Facilities	358	24.86	1082	4	5	1	4	5	1221	0
SLA-001008	6/8/2026 20:08	6/8/2026 23:25	IT_NETWORK_ACCOUNTS	MEDIUM	HIGH	HIGH	IT Support	197	41.04	283	20	0	0	27	13	283	1
SLA-001009	7/30/2026 21:50	7/30/2026 22:47	IT_NETWORK_ACCOUNTS	HIGH	MEDIUM	HIGH	IT Support	57	11.88	423	21	3	0	20	1	206	0
SLA-001010	6/30/2026 11:40	6/30/2026 12:32	ELEVATOR	MEDIUM	HIGH	HIGH	Facilities	52	10.83	428	11	1	0	5	2	455	0
SLA-001011	4/20/2026 12:39	4/20/2026 14:10	ELEVATOR	MEDIUM	LOW	LOW	Facilities	91	3.16	2789	12	0	0	10	11	2518	1
SLA-001012	4/1/2026 3:09	4/1/2026 8:22	SAFETY_HAZARD	HIGH	MEDIUM	HIGH	Safety Team	313	65.21	167	3	2	0	12	7	506	1
SLA-001013	6/7/2026 15:47	6/7/2026 20:10	AV_CLASSROOM_EQUIPMENT	MEDIUM	HIGH	HIGH	AV Support	263	54.79	217	15	6	1	23	5	187	0
SLA-001014	3/20/2026 9:50	3/20/2026 16:19	OTHER	LOW	LOW	LOW	General Maintenance	389	13.51	2491	9	4	0	0	7	1349	0
SLA-001015	4/15/2026 20:45	4/16/2026 7:19	CLEANING_WASTE	LOW	LOW	LOW	Cleaning Services	634	22.01	2246	20	2	0	4	15	2871	1
SLA-001016	5/1/2026 18:52	5/1/2026 22:58	BUILDING_STRUCTURE	MEDIUM	HIGH	HIGH	Facilities	246	51.25	234	18	4	0	3	10	535	1
SLA-001017	6/16/2026 5:58	6/16/2026 17:56	ELEVATOR	MEDIUM	LOW	LOW	Facilities	718	24.93	2162	5	1	0	12	1	1643	0
SLA-001018	6/26/2026 23:06	6/27/2026 0:53	AV_CLASSROOM_EQUIPMENT	LOW	HIGH	MEDIUM	AV Support	107	7.43	1333	23	4	0	12	9	844	0
SLA-001019	3/5/2026 4:54	3/5/2026 7:28	SAFETY_HAZARD	MEDIUM	HIGH	HIGH	Safety Team	154	32.08	326	4	3	0	15	1	558	0
SLA-001020	4/28/2026 7:30	4/28/2026 12:22	AV_CLASSROOM_EQUIPMENT	MEDIUM	MEDIUM	MEDIUM	AV Support	292	20.28	1148	7	1	0	15	3	626	0
SLA-001021	1/16/2026 12:21	1/16/2026 21:45	BUILDING_STRUCTURE	MEDIUM	LOW	LOW	Facilities	564	19.58	2316	12	4	0	1	12	2872	0
SLA-001022	6/9/2026 10:01	6/9/2026 13:36	AV_CLASSROOM_EQUIPMENT	HIGH	MEDIUM	HIGH	AV Support	215	44.79	265	10	1	0	22	15	259	1
SLA-001023	7/20/2026 14:33	7/20/2026 18:53	ELEVATOR	MEDIUM	HIGH	HIGH	Facilities	260	54.17	220	14	0	0	22	10	406	1
SLA-001024	7/6/2026 16:20	7/6/2026 18:08	HVAC_AC	MEDIUM	HIGH	HIGH	Facilities	108	22.5	372	16	0	0	8	13	518	1
SLA-001025	4/9/2026 3:51	4/9/2026 10:56	IT_HARDWARE_PRINTING	LOW	LOW	LOW	IT Support	425	14.76	2455	3	3	0	14	1	3452	0
SLA-001026	4/7/2026 14:14	4/7/2026 22:51	IT_HARDWARE_PRINTING	LOW	LOW	LOW	IT Support	517	17.95	2363	14	1	0	7	2	696	0
SLA-001027	1/26/2026 15:59	1/27/2026 1:49	BUILDING_STRUCTURE	LOW	LOW	LOW	Facilities	590	20.49	2290	15	0	0	11	1	2873	0
SLA-001028	5/22/2026 21:39	5/23/2026 0:20	FURNITURE_FIXTURES	MEDIUM	HIGH	HIGH	Facilities	161	33.54	319	21	4	0	19	10	410	1
SLA-001029	1/27/2026 6:38	1/27/2026 14:38	BUILDING_STRUCTURE	MEDIUM	LOW	LOW	Facilities	480	16.67	2400	6	1	0	11	11	676	0
SLA-001030	2/25/2026 2:07	2/25/2026 6:23	SAFETY_HAZARD	HIGH	MEDIUM	HIGH	Safety Team	256	53.33	224	2	2	0	30	15	108	1
SLA-001031	2/19/2026 5:02	2/19/2026 10:55	ELECTRICAL	HIGH	MEDIUM	HIGH	Facilities	353	73.54	127	5	3	0	17	7	526	1
SLA-001032	1/30/2026 5:57	1/30/2026 11:47	ELEVATOR	HIGH	MEDIUM	HIGH	Facilities	350	72.92	130	5	4	0	17	15	238	1
SLA-001033	7/15/2026 8:50	7/15/2026 19:50	OTHER	MEDIUM	LOW	LOW	General Maintenance	660	22.92	2220	8	2	0	8	6	1260	0
SLA-001034	3/19/2026 12:48	3/19/2026 18:30	BUILDING_STRUCTURE	MEDIUM	LOW	LOW	Facilities	342	11.88	2538	12	3	0	12	15	1143	1
SLA-001035	2/20/2026 9:25	2/20/2026 12:21	PLUMBING_WATER	LOW	HIGH	MEDIUM	Facilities	176	12.22	1264	9	4	0	28	13	874	1
SLA-001036	2/27/2026 17:49	2/28/2026 4:51	CLEANING_WASTE	LOW	MEDIUM	LOW	Cleaning Services	662	22.99	2218	17	4	0	12	1	3387	0
SLA-001037	7/1/2026 15:27	7/1/2026 21:15	AV_CLASSROOM_EQUIPMENT	HIGH	HIGH	CRITICAL	AV Support	348	72.5	132	15	2	0	28	11	366	1
SLA-001038	3/21/2026 17:21	3/21/2026 18:01	SAFETY_HAZARD	HIGH	LOW	MEDIUM	Safety Team	40	2.78	1400	17	5	1	19	2	1343	0
SLA-001039	4/12/2026 22:24	4/13/2026 0:31	GROUNDS_OUTDOOR	MEDIUM	LOW	LOW	Grounds Team	127	4.41	2753	22	6	1	25	5	3031	1
SLA-001040	2/24/2026 5:34	2/24/2026 6:20	HVAC_AC	LOW	MEDIUM	LOW	Facilities	46	1.6	2834	5	1	0	24	7	2987	1
SLA-001041	8/9/2026 16:31	8/9/2026 19:46	ELEVATOR	MEDIUM	MEDIUM	MEDIUM	Facilities	195	13.54	1245	16	6	1	19	7	1122	0
SLA-001042	5/6/2026 2:38	5/6/2026 5:11	CLEANING_WASTE	MEDIUM	HIGH	HIGH	Cleaning Services	153	31.87	327	2	2	0	24	9	241	1
SLA-001043	3/23/2026 0:11	3/23/2026 8:46	AV_CLASSROOM_EQUIPMENT	MEDIUM	MEDIUM	MEDIUM	AV Support	515	35.76	925	0	0	0	4	13	1439	1
SLA-001044	3/15/2026 20:09	3/16/2026 4:40	OTHER	MEDIUM	LOW	LOW	General Maintenance	511	17.74	2369	20	6	1	21	11	2099	1
SLA-001045	5/4/2026 21:22	5/4/2026 23:11	SAFETY_HAZARD	MEDIUM	LOW	LOW	Safety Team	109	3.78	2771	21	0	0	7	6	888	0
SLA-001046	6/2/2026 22:59	6/3/2026 3:32	FURNITURE_FIXTURES	MEDIUM	MEDIUM	MEDIUM	Facilities	273	18.96	1167	22	1	0	11	12	1710	1
SLA-001047	2/8/2026 23:37	2/9/2026 8:02	BUILDING_STRUCTURE	LOW	HIGH	MEDIUM	Facilities	505	35.07	935	23	6	1	2	11	1562	0
SLA-001048	3/26/2026 13:54	3/26/2026 20:23	CLEANING_WASTE	MEDIUM	MEDIUM	MEDIUM	Cleaning Services	389	27.01	1051	13	3	0	12	5	1582	0
SLA-001049	2/11/2026 5:32	2/11/2026 12:16	IT_NETWORK_ACCOUNTS	HIGH	HIGH	CRITICAL	IT Support	404	84.17	76	5	2	0	24	1	457	1
SLA-001050	1/9/2026 14:27	1/9/2026 20:20	IT_HARDWARE_PRINTING	HIGH	MEDIUM	HIGH	IT Support	353	73.54	127	14	4	0	20	4	163	0
SLA-001051	2/15/2026 21:48	2/16/2026 8:48	BUILDING_STRUCTURE	MEDIUM	MEDIUM	MEDIUM	Facilities	660	45.83	780	21	6	1	13	1	1100	0
SLA-001052	8/22/2026 23:26	8/23/2026 6:44	SAFETY_HAZARD	MEDIUM	LOW	LOW	Safety Team	438	15.21	2442	23	5	1	13	7	579	0
SLA-001053	3/25/2026 3:21	3/25/2026 8:40	ELEVATOR	MEDIUM	HIGH	HIGH	Facilities	319	66.46	161	3	2	0	23	14	256	1
SLA-001054	7/29/2026 1:01	7/29/2026 2:38	IT_HARDWARE_PRINTING	MEDIUM	MEDIUM	MEDIUM	IT Support	97	6.74	1343	1	2	0	2	0	551	0
SLA-001055	4/27/2026 10:43	4/27/2026 11:05	PLUMBING_WATER	MEDIUM	HIGH	HIGH	Facilities	22	4.58	458	10	0	0	26	7	170	1
SLA-001056	7/2/2026 6:38	7/2/2026 13:14	ELECTRICAL	HIGH	MEDIUM	HIGH	Facilities	396	82.5	84	6	3	0	12	6	542	1
SLA-001057	1/5/2026 18:15	1/6/2026 1:15	GROUNDS_OUTDOOR	LOW	LOW	LOW	Grounds Team	420	14.58	2460	18	0	0	26	10	1383	1
SLA-001058	8/10/2026 18:37	8/10/2026 20:04	ELECTRICAL	MEDIUM	LOW	LOW	Facilities	87	3.02	2793	18	0	0	26	3	3284	1
SLA-001059	5/4/2026 9:49	5/4/2026 11:39	FURNITURE_FIXTURES	MEDIUM	LOW	LOW	Facilities	110	3.82	2770	9	0	0	23	12	1777	1
SLA-001060	5/17/2026 11:35	5/17/2026 16:54	OTHER	MEDIUM	HIGH	HIGH	General Maintenance	319	66.46	161	11	6	1	15	4	317	1
SLA-001061	3/14/2026 11:50	3/14/2026 13:40	IT_NETWORK_ACCOUNTS	MEDIUM	HIGH	HIGH	IT Support	110	22.92	370	11	5	1	5	13	116	0
SLA-001062	3/11/2026 2:12	3/11/2026 12:03	CLEANING_WASTE	LOW	LOW	LOW	Cleaning Services	591	20.52	2289	2	2	0	2	6	3419	0
SLA-001063	5/13/2026 22:34	5/14/2026 2:26	BUILDING_STRUCTURE	MEDIUM	LOW	LOW	Facilities	232	8.06	2648	22	2	0	17	7	989	0
SLA-001064	2/28/2026 17:24	2/28/2026 21:56	GROUNDS_OUTDOOR	HIGH	MEDIUM	HIGH	Grounds Team	272	56.67	208	17	5	1	28	4	217	1
SLA-001065	8/15/2026 6:43	8/15/2026 11:09	FURNITURE_FIXTURES	HIGH	HIGH	CRITICAL	Facilities	266	55.42	214	6	5	1	4	6	460	1
SLA-001066	1/15/2026 6:40	1/15/2026 7:44	IT_HARDWARE_PRINTING	HIGH	MEDIUM	HIGH	IT Support	64	13.33	416	6	3	0	30	11	483	1
SLA-001067	7/7/2026 9:53	7/7/2026 15:17	FURNITURE_FIXTURES	LOW	LOW	LOW	Facilities	324	11.25	2556	9	1	0	18	15	3346	1
SLA-001068	6/16/2026 16:53	6/17/2026 0:14	SAFETY_HAZARD	HIGH	HIGH	CRITICAL	Safety Team	441	91.88	39	16	1	0	21	12	528	1
SLA-001069	4/23/2026 20:27	4/23/2026 23:33	ELECTRICAL	HIGH	HIGH	CRITICAL	Facilities	186	38.75	294	20	3	0	6	2	401	0
SLA-001070	3/28/2026 19:03	3/28/2026 22:06	AV_CLASSROOM_EQUIPMENT	LOW	HIGH	MEDIUM	AV Support	183	12.71	1257	19	5	1	15	2	817	0
SLA-001071	2/25/2026 12:14	2/25/2026 14:09	GROUNDS_OUTDOOR	MEDIUM	HIGH	HIGH	Grounds Team	115	23.96	365	12	2	0	7	4	494	0
SLA-001072	7/7/2026 8:34	7/7/2026 10:42	IT_NETWORK_ACCOUNTS	MEDIUM	HIGH	HIGH	IT Support	128	26.67	352	8	1	0	2	15	574	1
SLA-001073	5/25/2026 23:49	5/26/2026 1:27	ELECTRICAL	LOW	HIGH	MEDIUM	Facilities	98	6.81	1342	23	0	0	13	15	1073	1
SLA-001074	8/28/2026 10:07	8/28/2026 13:03	BUILDING_STRUCTURE	MEDIUM	HIGH	HIGH	Facilities	176	36.67	304	10	4	0	15	11	375	1
SLA-001075	1/12/2026 21:18	1/12/2026 23:17	ELECTRICAL	MEDIUM	MEDIUM	MEDIUM	Facilities	119	8.26	1321	21	0	0	26	6	1339	1
SLA-001076	7/22/2026 3:18	7/22/2026 7:59	CLEANING_WASTE	MEDIUM	HIGH	HIGH	Cleaning Services	281	58.54	199	3	2	0	4	5	440	0
SLA-001077	5/3/2026 14:19	5/3/2026 23:36	SAFETY_HAZARD	MEDIUM	LOW	LOW	Safety Team	557	19.34	2323	14	6	1	13	4	1453	0
SLA-001078	2/22/2026 11:44	2/22/2026 19:06	AV_CLASSROOM_EQUIPMENT	MEDIUM	LOW	LOW	AV Support	442	15.35	2438	11	6	1	9	2	644	0
SLA-001079	5/13/2026 6:22	5/13/2026 9:52	SAFETY_HAZARD	HIGH	MEDIUM	HIGH	Safety Team	210	43.75	270	6	2	0	26	12	497	1
SLA-001080	8/19/2026 5:00	8/19/2026 16:08	BUILDING_STRUCTURE	MEDIUM	MEDIUM	MEDIUM	Facilities	668	46.39	772	5	2	0	4	11	542	0
SLA-001081	3/27/2026 9:07	3/27/2026 14:37	ELECTRICAL	HIGH	HIGH	CRITICAL	Facilities	330	68.75	150	9	4	0	17	6	453	1
SLA-001082	5/22/2026 21:58	5/23/2026 1:54	ELECTRICAL	MEDIUM	HIGH	HIGH	Facilities	236	49.17	244	21	4	0	30	0	488	1
SLA-001083	2/10/2026 9:26	2/10/2026 15:03	SAFETY_HAZARD	MEDIUM	HIGH	HIGH	Safety Team	337	70.21	143	9	1	0	20	3	324	1
SLA-001084	8/22/2026 19:08	8/23/2026 4:47	GROUNDS_OUTDOOR	LOW	HIGH	MEDIUM	Grounds Team	579	40.21	861	19	5	1	10	14	1062	1
SLA-001085	8/6/2026 17:40	8/6/2026 23:41	OTHER	MEDIUM	HIGH	HIGH	General Maintenance	361	75.21	119	17	3	0	28	1	189	1
SLA-001086	7/18/2026 8:19	7/18/2026 11:41	BUILDING_STRUCTURE	LOW	HIGH	MEDIUM	Facilities	202	14.03	1238	8	5	1	10	9	929	0
SLA-001087	3/4/2026 9:33	3/4/2026 10:08	ELECTRICAL	HIGH	MEDIUM	HIGH	Facilities	35	7.29	445	9	2	0	1	3	194	0
SLA-001088	7/10/2026 3:21	7/10/2026 4:55	CLEANING_WASTE	MEDIUM	LOW	LOW	Cleaning Services	94	3.26	2786	3	4	0	7	15	1104	0
SLA-001089	3/24/2026 18:08	3/25/2026 1:51	OTHER	HIGH	MEDIUM	HIGH	General Maintenance	463	96.46	17	18	1	0	10	5	130	1
SLA-001090	2/18/2026 23:17	2/19/2026 5:59	IT_NETWORK_ACCOUNTS	LOW	LOW	LOW	IT Support	402	13.96	2478	23	2	0	25	15	2437	1
SLA-001091	3/12/2026 0:28	3/12/2026 1:22	ELECTRICAL	MEDIUM	LOW	LOW	Facilities	54	1.88	2826	0	3	0	8	6	1398	0
SLA-001092	8/20/2026 19:55	8/20/2026 21:44	BUILDING_STRUCTURE	MEDIUM	MEDIUM	MEDIUM	Facilities	109	7.57	1331	19	3	0	4	2	1026	0
SLA-001093	8/11/2026 19:00	8/11/2026 22:08	ELECTRICAL	MEDIUM	HIGH	HIGH	Facilities	188	39.17	292	19	1	0	11	10	101	1
SLA-001094	1/26/2026 18:56	1/27/2026 0:16	BUILDING_STRUCTURE	HIGH	HIGH	CRITICAL	Facilities	320	66.67	160	18	0	0	17	11	241	1
SLA-001095	4/9/2026 15:22	4/9/2026 23:00	IT_NETWORK_ACCOUNTS	MEDIUM	MEDIUM	MEDIUM	IT Support	458	31.81	982	15	3	0	4	1	1650	0
SLA-001096	4/27/2026 5:20	4/27/2026 13:00	IT_HARDWARE_PRINTING	MEDIUM	HIGH	HIGH	IT Support	460	95.83	20	5	0	0	27	8	564	1
SLA-001097	4/21/2026 10:49	4/21/2026 12:05	BUILDING_STRUCTURE	HIGH	HIGH	CRITICAL	Facilities	76	15.83	404	10	1	0	11	4	216	0
SLA-001098	1/22/2026 15:35	1/22/2026 16:17	BUILDING_STRUCTURE	LOW	LOW	LOW	Facilities	42	1.46	2838	15	3	0	0	10	1686	0
SLA-001099	5/26/2026 1:54	5/26/2026 6:14	FURNITURE_FIXTURES	LOW	HIGH	MEDIUM	Facilities	260	18.06	1180	1	1	0	21	6	1342	0
SLA-001100	3/12/2026 11:40	3/12/2026 23:03	ELECTRICAL	MEDIUM	MEDIUM	MEDIUM	Facilities	683	47.43	757	11	3	0	6	13	383	0
SLA-001101	8/18/2026 8:39	8/18/2026 13:09	IT_NETWORK_ACCOUNTS	HIGH	MEDIUM	HIGH	IT Support	270	56.25	210	8	1	0	1	14	222	1
SLA-001102	8/10/2026 16:56	8/10/2026 22:40	FURNITURE_FIXTURES	MEDIUM	HIGH	HIGH	Facilities	344	71.67	136	16	0	0	14	13	104	1
SLA-001103	1/17/2026 3:23	1/17/2026 6:30	IT_NETWORK_ACCOUNTS	HIGH	HIGH	CRITICAL	IT Support	187	38.96	293	3	5	1	10	7	474	0
SLA-001104	4/8/2026 16:22	4/9/2026 3:04	ELEVATOR	HIGH	LOW	MEDIUM	Facilities	642	44.58	798	16	2	0	22	2	1625	1
SLA-001105	8/10/2026 21:57	8/11/2026 4:09	HVAC_AC	MEDIUM	HIGH	HIGH	Facilities	372	77.5	108	21	0	0	17	4	309	1
SLA-001106	2/9/2026 1:37	2/9/2026 7:09	HVAC_AC	MEDIUM	HIGH	HIGH	Facilities	332	69.17	148	1	0	0	29	8	464	1
SLA-001107	1/10/2026 2:45	1/10/2026 4:58	IT_NETWORK_ACCOUNTS	MEDIUM	HIGH	HIGH	IT Support	133	27.71	347	2	5	1	13	7	232	0
SLA-001108	1/29/2026 10:57	1/29/2026 14:45	SAFETY_HAZARD	HIGH	MEDIUM	HIGH	Safety Team	228	47.5	252	10	3	0	18	6	159	0
SLA-001109	3/4/2026 19:57	3/5/2026 0:45	ELECTRICAL	HIGH	HIGH	CRITICAL	Facilities	288	60	192	19	2	0	0	8	436	1
SLA-001110	7/5/2026 22:32	7/5/2026 23:35	AV_CLASSROOM_EQUIPMENT	MEDIUM	HIGH	HIGH	AV Support	63	13.12	417	22	6	1	12	9	395	1
SLA-001111	5/30/2026 7:34	5/30/2026 17:13	IT_HARDWARE_PRINTING	LOW	LOW	LOW	IT Support	579	20.1	2301	7	5	1	3	10	3083	0
SLA-001112	8/2/2026 22:40	8/3/2026 1:04	FURNITURE_FIXTURES	MEDIUM	HIGH	HIGH	Facilities	144	30	336	22	6	1	18	3	320	0
SLA-001113	2/6/2026 2:31	2/6/2026 3:57	FURNITURE_FIXTURES	HIGH	MEDIUM	HIGH	Facilities	86	17.92	394	2	4	0	11	14	534	1
SLA-001114	2/23/2026 20:16	2/23/2026 22:46	IT_NETWORK_ACCOUNTS	HIGH	MEDIUM	HIGH	IT Support	150	31.25	330	20	0	0	29	14	130	1
SLA-001115	4/30/2026 21:47	4/30/2026 22:35	IT_NETWORK_ACCOUNTS	LOW	LOW	LOW	IT Support	48	1.67	2832	21	3	0	25	0	3336	1
SLA-001116	6/3/2026 10:29	6/3/2026 15:54	IT_HARDWARE_PRINTING	LOW	LOW	LOW	IT Support	325	11.28	2555	10	2	0	25	14	604	1
SLA-001117	2/21/2026 14:15	2/21/2026 19:47	FURNITURE_FIXTURES	LOW	MEDIUM	LOW	Facilities	332	11.53	2548	14	5	1	13	13	1126	1
SLA-001118	6/3/2026 15:19	6/3/2026 22:19	ELEVATOR	HIGH	HIGH	CRITICAL	Facilities	420	87.5	60	15	2	0	25	4	352	1
SLA-001119	4/11/2026 1:05	4/11/2026 4:23	FURNITURE_FIXTURES	LOW	LOW	LOW	Facilities	198	6.88	2682	1	5	1	29	4	2729	1
SLA-001120	3/18/2026 15:01	3/18/2026 22:28	PLUMBING_WATER	MEDIUM	LOW	LOW	Facilities	447	15.52	2433	15	2	0	30	2	3062	1
SLA-001121	5/3/2026 13:32	5/3/2026 19:38	IT_NETWORK_ACCOUNTS	MEDIUM	HIGH	HIGH	IT Support	366	76.25	114	13	6	1	17	1	515	1
SLA-001122	2/19/2026 21:34	2/20/2026 3:01	SAFETY_HAZARD	HIGH	MEDIUM	HIGH	Safety Team	327	68.12	153	21	3	0	2	14	148	1
SLA-001123	5/7/2026 5:00	5/7/2026 14:09	IT_HARDWARE_PRINTING	HIGH	LOW	MEDIUM	IT Support	549	38.12	891	5	3	0	16	9	426	0
SLA-001124	2/3/2026 1:32	2/3/2026 5:33	FURNITURE_FIXTURES	LOW	MEDIUM	LOW	Facilities	241	8.37	2639	1	1	0	22	9	2972	1
SLA-001125	8/16/2026 3:33	8/16/2026 6:40	IT_NETWORK_ACCOUNTS	MEDIUM	HIGH	HIGH	IT Support	187	38.96	293	3	6	1	30	4	151	1
SLA-001126	2/14/2026 6:48	2/14/2026 8:10	ELECTRICAL	MEDIUM	LOW	LOW	Facilities	82	2.85	2798	6	5	1	9	5	1496	0
SLA-001127	7/31/2026 21:47	8/1/2026 5:44	HVAC_AC	LOW	HIGH	MEDIUM	Facilities	477	33.12	963	21	4	0	20	0	815	0
SLA-001128	8/28/2026 5:28	8/28/2026 9:36	SAFETY_HAZARD	MEDIUM	MEDIUM	MEDIUM	Safety Team	248	17.22	1192	5	4	0	2	5	323	0
SLA-001129	3/31/2026 0:26	3/31/2026 7:08	IT_NETWORK_ACCOUNTS	MEDIUM	HIGH	HIGH	IT Support	402	83.75	78	0	1	0	22	5	559	1
SLA-001130	7/15/2026 1:25	7/15/2026 9:29	HVAC_AC	LOW	MEDIUM	LOW	Facilities	484	16.81	2396	1	2	0	22	8	1402	0
SLA-001131	5/31/2026 22:27	6/1/2026 5:48	BUILDING_STRUCTURE	MEDIUM	HIGH	HIGH	Facilities	441	91.88	39	22	6	1	8	5	322	1
SLA-001132	7/14/2026 2:45	7/14/2026 7:47	IT_NETWORK_ACCOUNTS	MEDIUM	HIGH	HIGH	IT Support	302	62.92	178	2	1	0	28	15	127	1
SLA-001133	4/9/2026 21:51	4/9/2026 23:03	ELEVATOR	MEDIUM	LOW	LOW	Facilities	72	2.5	2808	21	3	0	2	3	2121	0
SLA-001134	1/13/2026 12:55	1/13/2026 21:05	CLEANING_WASTE	LOW	HIGH	MEDIUM	Cleaning Services	490	34.03	950	12	1	0	7	5	1350	0
SLA-001135	1/12/2026 15:36	1/12/2026 19:43	ELEVATOR	MEDIUM	HIGH	HIGH	Facilities	247	51.46	233	15	0	0	15	4	133	1
SLA-001136	5/8/2026 12:09	5/8/2026 23:22	ELEVATOR	LOW	HIGH	MEDIUM	Facilities	673	46.74	767	12	4	0	1	10	1159	0
SLA-001137	1/19/2026 6:26	1/19/2026 9:14	HVAC_AC	MEDIUM	LOW	LOW	Facilities	168	5.83	2712	6	0	0	13	15	914	1
SLA-001138	4/5/2026 7:51	4/5/2026 11:41	BUILDING_STRUCTURE	HIGH	LOW	MEDIUM	Facilities	230	15.97	1210	7	6	1	21	2	1718	1
SLA-001139	3/4/2026 16:28	3/4/2026 22:16	IT_HARDWARE_PRINTING	MEDIUM	HIGH	HIGH	IT Support	348	72.5	132	16	2	0	27	3	355	1
SLA-001140	4/18/2026 10:17	4/18/2026 16:18	AV_CLASSROOM_EQUIPMENT	MEDIUM	HIGH	HIGH	AV Support	361	75.21	119	10	5	1	30	8	406	1
SLA-001141	6/20/2026 10:53	6/20/2026 14:33	ELEVATOR	HIGH	MEDIUM	HIGH	Facilities	220	45.83	260	10	5	1	20	3	304	0
SLA-001142	2/4/2026 1:21	2/4/2026 1:56	IT_HARDWARE_PRINTING	MEDIUM	MEDIUM	MEDIUM	IT Support	35	2.43	1405	1	2	0	27	5	410	0
SLA-001143	5/11/2026 17:11	5/12/2026 4:50	BUILDING_STRUCTURE	MEDIUM	MEDIUM	MEDIUM	Facilities	699	48.54	741	17	0	0	28	15	524	1
SLA-001144	8/26/2026 19:18	8/26/2026 23:28	HVAC_AC	MEDIUM	LOW	LOW	Facilities	250	8.68	2630	19	2	0	17	13	1860	0
SLA-001145	8/28/2026 23:48	8/29/2026 11:00	FURNITURE_FIXTURES	LOW	LOW	LOW	Facilities	672	23.33	2208	23	4	0	29	7	3232	1
SLA-001146	1/11/2026 8:19	1/11/2026 15:21	OTHER	MEDIUM	MEDIUM	MEDIUM	General Maintenance	422	29.31	1018	8	6	1	30	6	993	1
SLA-001147	1/17/2026 22:24	1/17/2026 22:54	IT_HARDWARE_PRINTING	MEDIUM	HIGH	HIGH	IT Support	30	6.25	450	22	5	1	19	3	185	0
SLA-001148	2/4/2026 5:05	2/4/2026 7:11	CLEANING_WASTE	MEDIUM	HIGH	HIGH	Cleaning Services	126	26.25	354	5	2	0	21	2	145	0
SLA-001149	2/1/2026 3:14	2/1/2026 4:27	HVAC_AC	LOW	HIGH	MEDIUM	Facilities	73	5.07	1367	3	6	1	28	2	628	0
SLA-001150	7/6/2026 4:32	7/6/2026 12:54	PLUMBING_WATER	MEDIUM	MEDIUM	MEDIUM	Facilities	502	34.86	938	4	0	0	19	11	1535	1
SLA-001151	5/23/2026 8:13	5/23/2026 17:47	CLEANING_WASTE	LOW	HIGH	MEDIUM	Cleaning Services	574	39.86	866	8	5	1	29	3	1557	1
SLA-001152	1/18/2026 5:02	1/18/2026 5:26	AV_CLASSROOM_EQUIPMENT	MEDIUM	LOW	LOW	AV Support	24	0.83	2856	5	6	1	6	14	1530	0
SLA-001153	6/24/2026 4:20	6/24/2026 5:11	BUILDING_STRUCTURE	LOW	LOW	LOW	Facilities	51	1.77	2829	4	2	0	16	2	1932	0
SLA-001154	6/15/2026 19:17	6/16/2026 3:58	CLEANING_WASTE	LOW	LOW	LOW	Cleaning Services	521	18.09	2359	19	0	0	28	7	1453	1
SLA-001155	4/21/2026 6:23	4/21/2026 10:01	AV_CLASSROOM_EQUIPMENT	MEDIUM	HIGH	HIGH	AV Support	218	45.42	262	6	1	0	8	11	282	0
SLA-001156	5/30/2026 8:29	5/30/2026 16:07	ELECTRICAL	HIGH	MEDIUM	HIGH	Facilities	458	95.42	22	8	5	1	13	14	254	1
SLA-001157	1/23/2026 20:28	1/23/2026 22:13	HVAC_AC	MEDIUM	HIGH	HIGH	Facilities	105	21.88	375	20	4	0	11	11	163	1
SLA-001158	6/30/2026 10:29	6/30/2026 15:34	SAFETY_HAZARD	HIGH	HIGH	CRITICAL	Safety Team	305	63.54	175	10	1	0	8	8	327	0
SLA-001159	6/1/2026 20:29	6/2/2026 5:42	IT_HARDWARE_PRINTING	LOW	HIGH	MEDIUM	IT Support	553	38.4	887	20	0	0	27	9	1471	1
SLA-001160	3/3/2026 14:40	3/3/2026 23:57	OTHER	MEDIUM	MEDIUM	MEDIUM	General Maintenance	557	38.68	883	14	1	0	6	4	849	0
SLA-001161	1/27/2026 13:55	1/27/2026 16:29	AV_CLASSROOM_EQUIPMENT	HIGH	LOW	MEDIUM	AV Support	154	10.69	1286	13	1	0	5	9	686	0
SLA-001162	2/8/2026 23:27	2/9/2026 0:30	IT_HARDWARE_PRINTING	LOW	LOW	LOW	IT Support	63	2.19	2817	23	6	1	4	7	2917	0
SLA-001163	1/23/2026 11:21	1/23/2026 21:18	PLUMBING_WATER	MEDIUM	MEDIUM	MEDIUM	Facilities	597	41.46	843	11	4	0	9	1	536	0
SLA-001164	2/5/2026 12:50	2/5/2026 22:45	BUILDING_STRUCTURE	LOW	HIGH	MEDIUM	Facilities	595	41.32	845	12	3	0	5	6	575	0
SLA-001165	6/5/2026 8:49	6/5/2026 16:46	HVAC_AC	LOW	HIGH	MEDIUM	Facilities	477	33.12	963	8	4	0	0	5	894	0
SLA-001166	4/19/2026 16:33	4/20/2026 0:36	IT_HARDWARE_PRINTING	LOW	LOW	LOW	IT Support	483	16.77	2397	16	6	1	20	14	2473	1
SLA-001167	6/10/2026 13:02	6/10/2026 23:38	ELEVATOR	LOW	HIGH	MEDIUM	Facilities	636	44.17	804	13	2	0	6	0	1711	0
SLA-001168	7/21/2026 22:02	7/22/2026 1:16	IT_HARDWARE_PRINTING	LOW	LOW	LOW	IT Support	194	6.74	2686	22	1	0	2	4	2557	0
SLA-001169	8/25/2026 20:34	8/25/2026 22:58	IT_NETWORK_ACCOUNTS	MEDIUM	HIGH	HIGH	IT Support	144	30	336	20	1	0	30	12	244	1
SLA-001170	5/21/2026 21:59	5/22/2026 1:29	BUILDING_STRUCTURE	LOW	LOW	LOW	Facilities	210	7.29	2670	21	3	0	21	11	2676	1
SLA-001171	8/11/2026 20:16	8/11/2026 22:03	IT_HARDWARE_PRINTING	HIGH	MEDIUM	HIGH	IT Support	107	22.29	373	20	1	0	10	12	336	1
SLA-001172	2/13/2026 15:28	2/13/2026 19:13	FURNITURE_FIXTURES	LOW	MEDIUM	LOW	Facilities	225	7.81	2655	15	4	0	5	3	2106	0
SLA-001173	2/22/2026 21:29	2/23/2026 3:02	ELECTRICAL	MEDIUM	HIGH	HIGH	Facilities	333	69.38	147	21	6	1	22	1	458	1
SLA-001174	6/10/2026 22:32	6/11/2026 3:51	IT_NETWORK_ACCOUNTS	LOW	LOW	LOW	IT Support	319	11.08	2561	22	2	0	1	15	1121	0
SLA-001175	7/7/2026 1:16	7/7/2026 9:40	OTHER	MEDIUM	LOW	LOW	General Maintenance	504	17.5	2376	1	1	0	19	15	995	1
SLA-001176	6/28/2026 11:42	6/28/2026 19:39	IT_NETWORK_ACCOUNTS	MEDIUM	LOW	LOW	IT Support	477	16.56	2403	11	6	1	22	3	872	0
SLA-001177	3/16/2026 10:33	3/16/2026 18:03	AV_CLASSROOM_EQUIPMENT	MEDIUM	MEDIUM	MEDIUM	AV Support	450	31.25	990	10	0	0	2	7	671	0
SLA-001178	3/1/2026 6:52	3/1/2026 10:01	IT_NETWORK_ACCOUNTS	LOW	LOW	LOW	IT Support	189	6.56	2691	6	6	1	6	12	1280	0
SLA-001179	6/16/2026 4:10	6/16/2026 9:13	SAFETY_HAZARD	MEDIUM	HIGH	HIGH	Safety Team	303	63.12	177	4	1	0	19	2	505	1
SLA-001180	2/2/2026 18:55	2/3/2026 1:58	ELECTRICAL	HIGH	HIGH	CRITICAL	Facilities	423	88.12	57	18	0	0	24	12	330	1
SLA-001181	8/5/2026 6:16	8/5/2026 13:59	BUILDING_STRUCTURE	MEDIUM	LOW	LOW	Facilities	463	16.08	2417	6	2	0	16	2	2135	0
SLA-001182	5/29/2026 4:22	5/29/2026 15:56	FURNITURE_FIXTURES	MEDIUM	LOW	LOW	Facilities	694	24.1	2186	4	4	0	22	11	2954	1
SLA-001183	2/10/2026 9:51	2/10/2026 12:27	IT_NETWORK_ACCOUNTS	MEDIUM	LOW	LOW	IT Support	156	5.42	2724	9	1	0	14	2	3311	0
SLA-001184	8/25/2026 22:53	8/25/2026 23:27	OTHER	MEDIUM	MEDIUM	MEDIUM	General Maintenance	34	2.36	1406	22	1	0	19	12	602	0
SLA-001185	7/26/2026 14:28	7/27/2026 1:18	IT_HARDWARE_PRINTING	LOW	LOW	LOW	IT Support	650	22.57	2230	14	6	1	4	8	1167	0
SLA-001186	4/12/2026 20:26	4/12/2026 20:45	CLEANING_WASTE	MEDIUM	HIGH	HIGH	Cleaning Services	19	3.96	461	20	6	1	10	9	373	0
SLA-001187	7/6/2026 13:12	7/6/2026 20:25	AV_CLASSROOM_EQUIPMENT	HIGH	HIGH	CRITICAL	AV Support	433	90.21	47	13	0	0	15	7	336	1
SLA-001188	7/2/2026 20:18	7/3/2026 4:20	PLUMBING_WATER	MEDIUM	MEDIUM	MEDIUM	Facilities	482	33.47	958	20	3	0	15	3	1723	0
SLA-001189	6/29/2026 8:49	6/29/2026 13:48	SAFETY_HAZARD	MEDIUM	HIGH	HIGH	Safety Team	299	62.29	181	8	0	0	25	3	469	1
SLA-001190	7/24/2026 21:38	7/24/2026 22:32	ELEVATOR	MEDIUM	HIGH	HIGH	Facilities	54	11.25	426	21	4	0	18	15	550	1
SLA-001191	4/26/2026 1:57	4/26/2026 3:21	FURNITURE_FIXTURES	MEDIUM	LOW	LOW	Facilities	84	2.92	2796	1	6	1	2	4	2176	0
SLA-001192	2/24/2026 22:26	2/25/2026 6:51	ELEVATOR	MEDIUM	MEDIUM	MEDIUM	Facilities	505	35.07	935	22	1	0	15	10	1061	0
SLA-001193	6/5/2026 18:44	6/6/2026 1:05	ELEVATOR	MEDIUM	HIGH	HIGH	Facilities	381	79.38	99	18	4	0	20	14	212	1
SLA-001194	6/8/2026 14:51	6/9/2026 2:22	OTHER	LOW	LOW	LOW	General Maintenance	691	23.99	2189	14	0	0	13	14	2388	1
SLA-001195	6/26/2026 20:57	6/27/2026 8:43	IT_HARDWARE_PRINTING	MEDIUM	LOW	LOW	IT Support	706	24.51	2174	20	4	0	19	8	1556	0
SLA-001196	2/21/2026 15:02	2/21/2026 21:49	BUILDING_STRUCTURE	HIGH	MEDIUM	HIGH	Facilities	407	84.79	73	15	5	1	23	15	301	1
SLA-001197	1/11/2026 5:58	1/11/2026 11:41	BUILDING_STRUCTURE	MEDIUM	HIGH	HIGH	Facilities	343	71.46	137	5	6	1	10	12	224	1
SLA-001198	1/17/2026 3:37	1/17/2026 6:29	IT_HARDWARE_PRINTING	LOW	LOW	LOW	IT Support	172	5.97	2708	3	5	1	19	15	1163	1
SLA-001199	5/30/2026 12:20	5/30/2026 12:41	HVAC_AC	HIGH	LOW	MEDIUM	Facilities	21	1.46	1419	12	5	1	19	1	443	0
SLA-001200	8/17/2026 3:40	8/17/2026 9:41	CLEANING_WASTE	HIGH	LOW	MEDIUM	Cleaning Services	361	25.07	1079	3	0	0	27	11	1694	1
SLA-001201	6/6/2026 13:06	6/6/2026 14:48	SAFETY_HAZARD	HIGH	HIGH	CRITICAL	Safety Team	102	21.25	378	13	5	1	7	15	261	0
SLA-001202	6/2/2026 16:31	6/2/2026 16:56	GROUNDS_OUTDOOR	LOW	MEDIUM	LOW	Grounds Team	25	0.87	2855	16	1	0	5	15	2870	1
SLA-001203	6/14/2026 12:58	6/14/2026 18:56	GROUNDS_OUTDOOR	LOW	MEDIUM	LOW	Grounds Team	358	12.43	2522	12	6	1	19	8	2036	0
SLA-001204	6/21/2026 12:09	6/21/2026 17:50	GROUNDS_OUTDOOR	HIGH	HIGH	CRITICAL	Grounds Team	341	71.04	139	12	6	1	25	2	118	1
SLA-001205	4/22/2026 5:27	4/22/2026 6:36	PLUMBING_WATER	HIGH	HIGH	CRITICAL	Facilities	69	14.37	411	5	2	0	11	12	349	1
SLA-001206	6/30/2026 9:08	6/30/2026 15:22	SAFETY_HAZARD	HIGH	HIGH	CRITICAL	Safety Team	374	77.92	106	9	1	0	8	3	257	0
SLA-001207	8/16/2026 22:48	8/17/2026 1:09	BUILDING_STRUCTURE	MEDIUM	HIGH	HIGH	Facilities	141	29.38	339	22	6	1	27	5	145	1
SLA-001208	1/23/2026 11:32	1/23/2026 19:06	OTHER	MEDIUM	HIGH	HIGH	General Maintenance	454	94.58	26	11	4	0	9	6	301	1
SLA-001209	1/19/2026 7:34	1/19/2026 8:14	GROUNDS_OUTDOOR	MEDIUM	HIGH	HIGH	Grounds Team	40	8.33	440	7	0	0	20	5	458	1
SLA-001210	6/3/2026 15:21	6/4/2026 0:00	FURNITURE_FIXTURES	LOW	LOW	LOW	Facilities	519	18.02	2361	15	2	0	28	5	2296	0
SLA-001211	2/5/2026 9:42	2/5/2026 13:54	PLUMBING_WATER	HIGH	HIGH	CRITICAL	Facilities	252	52.5	228	9	3	0	25	2	530	1
SLA-001212	5/22/2026 17:23	5/22/2026 20:42	SAFETY_HAZARD	MEDIUM	HIGH	HIGH	Safety Team	199	41.46	281	17	4	0	30	12	148	1
SLA-001213	2/12/2026 9:56	2/12/2026 11:29	ELEVATOR	HIGH	LOW	MEDIUM	Facilities	93	6.46	1347	9	3	0	27	7	1680	1
SLA-001214	3/4/2026 1:08	3/4/2026 4:20	BUILDING_STRUCTURE	LOW	LOW	LOW	Facilities	192	6.67	2688	1	2	0	22	15	2331	1
SLA-001215	1/26/2026 20:42	1/27/2026 1:32	SAFETY_HAZARD	HIGH	HIGH	CRITICAL	Safety Team	290	60.42	190	20	0	0	12	9	433	1
SLA-001216	2/21/2026 4:06	2/21/2026 13:14	ELEVATOR	HIGH	LOW	MEDIUM	Facilities	548	38.06	892	4	5	1	24	7	938	0
SLA-001217	1/31/2026 12:42	1/31/2026 18:01	BUILDING_STRUCTURE	HIGH	MEDIUM	HIGH	Facilities	319	66.46	161	12	5	1	2	5	571	0
SLA-001218	3/20/2026 1:43	3/20/2026 12:41	HVAC_AC	LOW	HIGH	MEDIUM	Facilities	658	45.69	782	1	4	0	4	9	532	0
SLA-001219	1/17/2026 11:49	1/17/2026 19:19	FURNITURE_FIXTURES	MEDIUM	MEDIUM	MEDIUM	Facilities	450	31.25	990	11	5	1	17	10	1090	0
SLA-001220	8/12/2026 8:04	8/12/2026 8:22	OTHER	LOW	HIGH	MEDIUM	General Maintenance	18	1.25	1422	8	2	0	22	4	1342	1
SLA-001221	8/20/2026 16:29	8/20/2026 18:58	OTHER	MEDIUM	LOW	LOW	General Maintenance	149	5.17	2731	16	3	0	0	2	2045	0
SLA-001222	5/15/2026 12:21	5/15/2026 20:02	OTHER	MEDIUM	HIGH	HIGH	General Maintenance	461	96.04	19	12	4	0	25	8	464	1
SLA-001223	1/24/2026 12:38	1/24/2026 13:46	GROUNDS_OUTDOOR	MEDIUM	LOW	LOW	Grounds Team	68	2.36	2812	12	5	1	9	11	1134	0
SLA-001224	7/6/2026 0:16	7/6/2026 0:52	BUILDING_STRUCTURE	MEDIUM	MEDIUM	MEDIUM	Facilities	36	2.5	1404	0	0	0	25	0	1685	1
SLA-001225	7/2/2026 17:47	7/3/2026 0:19	GROUNDS_OUTDOOR	MEDIUM	LOW	LOW	Grounds Team	392	13.61	2488	17	3	0	26	9	2150	1
SLA-001226	2/8/2026 9:49	2/8/2026 12:14	ELECTRICAL	MEDIUM	MEDIUM	MEDIUM	Facilities	145	10.07	1295	9	6	1	5	6	447	0
SLA-001227	7/3/2026 13:44	7/3/2026 14:32	CLEANING_WASTE	MEDIUM	LOW	LOW	Cleaning Services	48	1.67	2832	13	4	0	5	10	2081	0
SLA-001228	8/19/2026 10:11	8/19/2026 20:36	HVAC_AC	LOW	LOW	LOW	Facilities	625	21.7	2255	10	2	0	14	10	1330	0
SLA-001229	2/20/2026 19:04	2/21/2026 4:15	OTHER	LOW	HIGH	MEDIUM	General Maintenance	551	38.26	889	19	4	0	22	9	869	0
SLA-001230	2/3/2026 22:09	2/4/2026 5:40	OTHER	LOW	MEDIUM	LOW	General Maintenance	451	15.66	2429	22	1	0	1	13	1305	1
SLA-001231	8/21/2026 2:16	8/21/2026 9:55	ELEVATOR	MEDIUM	MEDIUM	MEDIUM	Facilities	459	31.87	981	2	4	0	2	6	1070	0
SLA-001232	4/4/2026 21:34	4/5/2026 3:10	OTHER	MEDIUM	HIGH	HIGH	General Maintenance	336	70	144	21	5	1	20	4	159	1
SLA-001233	5/21/2026 15:44	5/21/2026 16:17	ELEVATOR	HIGH	MEDIUM	HIGH	Facilities	33	6.88	447	15	3	0	1	15	334	1
SLA-001234	3/10/2026 14:24	3/11/2026 0:28	IT_HARDWARE_PRINTING	MEDIUM	LOW	LOW	IT Support	604	20.97	2276	14	1	0	21	9	2610	1
SLA-001235	5/3/2026 18:17	5/4/2026 2:19	FURNITURE_FIXTURES	LOW	HIGH	MEDIUM	Facilities	482	33.47	958	18	6	1	16	11	1556	1
SLA-001236	1/11/2026 12:55	1/11/2026 18:10	HVAC_AC	HIGH	MEDIUM	HIGH	Facilities	315	65.62	165	12	6	1	10	1	279	0
SLA-001237	5/28/2026 18:01	5/29/2026 0:47	ELECTRICAL	MEDIUM	HIGH	HIGH	Facilities	406	84.58	74	18	3	0	26	4	468	1
SLA-001238	1/13/2026 4:28	1/13/2026 8:47	IT_NETWORK_ACCOUNTS	HIGH	LOW	MEDIUM	IT Support	259	17.99	1181	4	1	0	7	0	620	0
SLA-001239	6/2/2026 21:46	6/3/2026 7:27	BUILDING_STRUCTURE	LOW	LOW	LOW	Facilities	581	20.17	2299	21	1	0	20	14	597	1
SLA-001240	1/25/2026 4:07	1/25/2026 4:25	IT_HARDWARE_PRINTING	HIGH	HIGH	CRITICAL	IT Support	18	3.75	462	4	6	1	15	4	555	1
SLA-001241	5/8/2026 21:31	5/8/2026 22:45	GROUNDS_OUTDOOR	MEDIUM	HIGH	HIGH	Grounds Team	74	15.42	406	21	4	0	10	14	114	1
SLA-001242	1/19/2026 5:19	1/19/2026 6:28	ELECTRICAL	LOW	MEDIUM	LOW	Facilities	69	2.4	2811	5	0	0	7	10	2592	0
SLA-001243	4/23/2026 3:51	4/23/2026 14:12	CLEANING_WASTE	MEDIUM	MEDIUM	MEDIUM	Cleaning Services	621	43.12	819	3	3	0	8	7	1569	0
SLA-001244	7/23/2026 8:18	7/23/2026 14:18	BUILDING_STRUCTURE	MEDIUM	MEDIUM	MEDIUM	Facilities	360	25	1080	8	3	0	6	5	1326	0
SLA-001245	3/26/2026 15:13	3/26/2026 17:36	ELECTRICAL	HIGH	MEDIUM	HIGH	Facilities	143	29.79	337	15	3	0	21	2	128	0
SLA-001246	5/9/2026 19:06	5/9/2026 20:11	HVAC_AC	MEDIUM	MEDIUM	MEDIUM	Facilities	65	4.51	1375	19	5	1	13	9	721	0
SLA-001247	7/27/2026 12:29	7/27/2026 16:21	IT_NETWORK_ACCOUNTS	MEDIUM	HIGH	HIGH	IT Support	232	48.33	248	12	0	0	11	3	237	0
SLA-001248	5/4/2026 10:25	5/4/2026 17:36	FURNITURE_FIXTURES	LOW	LOW	LOW	Facilities	431	14.97	2449	10	0	0	24	7	3134	1
SLA-001249	2/26/2026 11:31	2/26/2026 16:31	IT_NETWORK_ACCOUNTS	MEDIUM	MEDIUM	MEDIUM	IT Support	300	20.83	1140	11	3	0	27	2	475	0
SLA-001250	6/28/2026 15:37	6/28/2026 19:59	IT_HARDWARE_PRINTING	MEDIUM	MEDIUM	MEDIUM	IT Support	262	18.19	1178	15	6	1	3	15	883	0
SLA-001251	7/31/2026 6:24	7/31/2026 11:59	IT_HARDWARE_PRINTING	HIGH	HIGH	CRITICAL	IT Support	335	69.79	145	6	4	0	5	13	477	1
SLA-001252	8/13/2026 14:33	8/13/2026 20:05	FURNITURE_FIXTURES	HIGH	MEDIUM	HIGH	Facilities	332	69.17	148	14	3	0	11	11	147	1
SLA-001253	6/5/2026 23:23	6/6/2026 8:52	IT_NETWORK_ACCOUNTS	MEDIUM	MEDIUM	MEDIUM	IT Support	569	39.51	871	23	4	0	16	13	686	1
SLA-001254	6/21/2026 23:30	6/22/2026 7:09	PLUMBING_WATER	HIGH	HIGH	CRITICAL	Facilities	459	95.62	21	23	6	1	11	12	484	1
SLA-001255	8/10/2026 4:00	8/10/2026 10:59	HVAC_AC	MEDIUM	LOW	LOW	Facilities	419	14.55	2461	4	0	0	8	4	1135	0
SLA-001256	3/14/2026 5:08	3/14/2026 6:19	ELECTRICAL	MEDIUM	HIGH	HIGH	Facilities	71	14.79	409	5	5	1	4	2	493	1
SLA-001257	1/29/2026 16:50	1/29/2026 22:24	PLUMBING_WATER	MEDIUM	MEDIUM	MEDIUM	Facilities	334	23.19	1106	16	3	0	10	8	404	0
SLA-001258	3/8/2026 15:59	3/8/2026 18:52	BUILDING_STRUCTURE	LOW	HIGH	MEDIUM	Facilities	173	12.01	1267	15	6	1	11	11	1451	1
SLA-001259	1/4/2026 10:28	1/4/2026 14:43	BUILDING_STRUCTURE	HIGH	MEDIUM	HIGH	Facilities	255	53.12	225	10	6	1	9	8	136	0
SLA-001260	6/27/2026 6:24	6/27/2026 10:59	SAFETY_HAZARD	HIGH	HIGH	CRITICAL	Safety Team	275	57.29	205	6	5	1	26	6	163	1
SLA-001261	8/17/2026 12:45	8/17/2026 16:42	HVAC_AC	HIGH	MEDIUM	HIGH	Facilities	237	49.38	243	12	0	0	13	1	535	1
SLA-001262	6/3/2026 23:51	6/4/2026 9:21	GROUNDS_OUTDOOR	LOW	MEDIUM	LOW	Grounds Team	570	19.79	2310	23	2	0	23	14	747	1
SLA-001263	8/24/2026 7:30	8/24/2026 15:42	AV_CLASSROOM_EQUIPMENT	HIGH	LOW	MEDIUM	AV Support	492	34.17	948	7	0	0	30	9	818	0
SLA-001264	2/28/2026 21:38	3/1/2026 0:03	IT_NETWORK_ACCOUNTS	MEDIUM	LOW	LOW	IT Support	145	5.03	2735	21	5	1	5	13	1801	1
SLA-001265	8/19/2026 13:11	8/19/2026 19:09	ELECTRICAL	HIGH	HIGH	CRITICAL	Facilities	358	74.58	122	13	2	0	11	1	546	1
SLA-001266	4/12/2026 22:46	4/13/2026 4:19	ELEVATOR	MEDIUM	HIGH	HIGH	Facilities	333	69.38	147	22	6	1	18	10	189	1
SLA-001267	3/7/2026 18:22	3/7/2026 19:57	HVAC_AC	HIGH	MEDIUM	HIGH	Facilities	95	19.79	385	18	5	1	20	13	484	1
SLA-001268	2/14/2026 8:33	2/14/2026 13:41	FURNITURE_FIXTURES	MEDIUM	MEDIUM	MEDIUM	Facilities	308	21.39	1132	8	5	1	11	9	1666	1
SLA-001269	5/13/2026 6:11	5/13/2026 9:27	FURNITURE_FIXTURES	HIGH	MEDIUM	HIGH	Facilities	196	40.83	284	6	2	0	11	10	388	1
SLA-001270	1/23/2026 17:23	1/23/2026 21:23	GROUNDS_OUTDOOR	LOW	LOW	LOW	Grounds Team	240	8.33	2640	17	4	0	29	8	2508	1
SLA-001271	7/22/2026 0:30	7/22/2026 6:27	PLUMBING_WATER	MEDIUM	MEDIUM	MEDIUM	Facilities	357	24.79	1083	0	2	0	6	3	541	0
SLA-001272	3/9/2026 20:22	3/9/2026 22:24	IT_NETWORK_ACCOUNTS	LOW	MEDIUM	LOW	IT Support	122	4.24	2758	20	0	0	27	13	990	1
SLA-001273	6/15/2026 21:00	6/15/2026 23:00	AV_CLASSROOM_EQUIPMENT	MEDIUM	HIGH	HIGH	AV Support	120	25	360	21	0	0	26	3	423	1
SLA-001274	4/1/2026 11:31	4/1/2026 15:29	OTHER	LOW	LOW	LOW	General Maintenance	238	8.26	2642	11	2	0	3	4	2366	0
SLA-001275	6/11/2026 20:44	6/11/2026 23:24	AV_CLASSROOM_EQUIPMENT	MEDIUM	HIGH	HIGH	AV Support	160	33.33	320	20	3	0	25	15	134	1
SLA-001276	7/22/2026 11:30	7/22/2026 19:15	PLUMBING_WATER	MEDIUM	HIGH	HIGH	Facilities	465	96.88	15	11	2	0	1	1	373	1
SLA-001277	8/15/2026 12:19	8/15/2026 16:48	FURNITURE_FIXTURES	MEDIUM	LOW	LOW	Facilities	269	9.34	2611	12	5	1	30	12	1213	1
SLA-001278	6/6/2026 8:11	6/6/2026 13:19	OTHER	MEDIUM	HIGH	HIGH	General Maintenance	308	64.17	172	8	5	1	11	8	386	1
SLA-001279	2/22/2026 6:20	2/22/2026 6:50	HVAC_AC	MEDIUM	LOW	LOW	Facilities	30	1.04	2850	6	6	1	11	9	2718	1
SLA-001280	8/7/2026 21:18	8/7/2026 23:02	HVAC_AC	HIGH	LOW	MEDIUM	Facilities	104	7.22	1336	21	4	0	13	5	1642	1
SLA-001281	5/13/2026 16:37	5/13/2026 20:02	BUILDING_STRUCTURE	LOW	HIGH	MEDIUM	Facilities	205	14.24	1235	16	2	0	6	4	369	0
SLA-001282	2/18/2026 13:04	2/18/2026 16:13	SAFETY_HAZARD	HIGH	HIGH	CRITICAL	Safety Team	189	39.38	291	13	2	0	25	1	345	0
SLA-001283	1/17/2026 15:42	1/17/2026 20:00	AV_CLASSROOM_EQUIPMENT	MEDIUM	HIGH	HIGH	AV Support	258	53.75	222	15	5	1	11	5	162	0
SLA-001284	3/23/2026 11:51	3/23/2026 12:38	AV_CLASSROOM_EQUIPMENT	MEDIUM	HIGH	HIGH	AV Support	47	9.79	433	11	0	0	15	10	354	1
SLA-001285	3/26/2026 18:43	3/26/2026 23:34	SAFETY_HAZARD	MEDIUM	HIGH	HIGH	Safety Team	291	60.62	189	18	3	0	12	15	451	1
SLA-001286	8/18/2026 4:36	8/18/2026 8:05	BUILDING_STRUCTURE	LOW	LOW	LOW	Facilities	209	7.26	2671	4	1	0	14	12	2523	1
SLA-001287	5/28/2026 3:28	5/28/2026 10:01	IT_NETWORK_ACCOUNTS	HIGH	LOW	MEDIUM	IT Support	393	27.29	1047	3	3	0	26	1	468	0
SLA-001288	8/11/2026 17:37	8/12/2026 0:10	HVAC_AC	MEDIUM	HIGH	HIGH	Facilities	393	81.88	87	17	1	0	14	1	569	1
SLA-001289	3/26/2026 7:30	3/26/2026 14:30	PLUMBING_WATER	HIGH	LOW	MEDIUM	Facilities	420	29.17	1020	7	3	0	9	9	437	0
SLA-001290	5/4/2026 8:06	5/4/2026 18:04	BUILDING_STRUCTURE	LOW	LOW	LOW	Facilities	598	20.76	2282	8	0	0	23	8	1073	1
SLA-001291	8/2/2026 9:41	8/2/2026 16:25	ELECTRICAL	HIGH	MEDIUM	HIGH	Facilities	404	84.17	76	9	6	1	6	5	106	0
SLA-001292	1/24/2026 16:19	1/25/2026 0:41	FURNITURE_FIXTURES	MEDIUM	MEDIUM	MEDIUM	Facilities	502	34.86	938	16	5	1	26	11	1014	1
SLA-001293	5/8/2026 21:44	5/9/2026 3:28	GROUNDS_OUTDOOR	MEDIUM	LOW	LOW	Grounds Team	344	11.94	2536	21	4	0	4	10	691	0
SLA-001294	3/14/2026 23:11	3/15/2026 5:41	ELECTRICAL	HIGH	MEDIUM	HIGH	Facilities	390	81.25	90	23	5	1	15	13	121	1
SLA-001295	4/1/2026 23:42	4/2/2026 2:13	CLEANING_WASTE	MEDIUM	LOW	LOW	Cleaning Services	151	5.24	2729	23	2	0	28	3	3213	1
SLA-001296	7/6/2026 0:23	7/6/2026 6:31	OTHER	MEDIUM	LOW	LOW	General Maintenance	368	12.78	2512	0	0	0	16	13	2482	1
SLA-001297	7/13/2026 6:56	7/13/2026 11:37	SAFETY_HAZARD	HIGH	HIGH	CRITICAL	Safety Team	281	58.54	199	6	0	0	7	7	296	0
SLA-001298	4/26/2026 6:45	4/26/2026 7:06	SAFETY_HAZARD	HIGH	LOW	MEDIUM	Safety Team	21	1.46	1419	6	6	1	13	1	1696	1
SLA-001299	5/22/2026 22:11	5/23/2026 9:55	GROUNDS_OUTDOOR	LOW	MEDIUM	LOW	Grounds Team	704	24.44	2176	22	4	0	19	11	870	0
SLA-001300	6/13/2026 3:04	6/13/2026 6:44	ELEVATOR	HIGH	LOW	MEDIUM	Facilities	220	15.28	1220	3	5	1	24	0	1202	0
SLA-001301	7/16/2026 2:15	7/16/2026 8:56	OTHER	LOW	LOW	LOW	General Maintenance	401	13.92	2479	2	3	0	9	12	889	0
SLA-001302	6/16/2026 8:24	6/16/2026 15:54	GROUNDS_OUTDOOR	MEDIUM	HIGH	HIGH	Grounds Team	450	93.75	30	8	1	0	19	8	413	1
SLA-001303	8/11/2026 7:19	8/11/2026 16:59	FURNITURE_FIXTURES	MEDIUM	LOW	LOW	Facilities	580	20.14	2300	7	1	0	16	4	1478	0
SLA-001304	4/14/2026 15:45	4/15/2026 2:56	FURNITURE_FIXTURES	LOW	MEDIUM	LOW	Facilities	671	23.3	2209	15	1	0	3	11	2280	0
SLA-001305	3/28/2026 3:51	3/28/2026 5:58	ELECTRICAL	LOW	LOW	LOW	Facilities	127	4.41	2753	3	5	1	12	15	1311	1
SLA-001306	4/22/2026 16:41	4/22/2026 22:24	IT_NETWORK_ACCOUNTS	HIGH	HIGH	CRITICAL	IT Support	343	71.46	137	16	2	0	15	1	474	1
SLA-001307	2/1/2026 10:20	2/1/2026 12:15	PLUMBING_WATER	HIGH	MEDIUM	HIGH	Facilities	115	23.96	365	10	6	1	1	15	248	1
SLA-001308	8/12/2026 13:34	8/12/2026 16:42	AV_CLASSROOM_EQUIPMENT	LOW	HIGH	MEDIUM	AV Support	188	13.06	1252	13	2	0	20	0	1038	0
SLA-001309	8/28/2026 19:16	8/28/2026 22:09	IT_NETWORK_ACCOUNTS	LOW	HIGH	MEDIUM	IT Support	173	12.01	1267	19	4	0	13	7	292	0
SLA-001310	1/25/2026 3:08	1/25/2026 14:20	BUILDING_STRUCTURE	MEDIUM	MEDIUM	MEDIUM	Facilities	672	46.67	768	3	6	1	13	8	590	0
SLA-001311	5/9/2026 11:44	5/9/2026 23:00	OTHER	LOW	HIGH	MEDIUM	General Maintenance	676	46.94	764	11	5	1	25	15	1537	1
SLA-001312	6/3/2026 13:01	6/3/2026 13:30	SAFETY_HAZARD	HIGH	MEDIUM	HIGH	Safety Team	29	6.04	451	13	2	0	26	6	122	1
SLA-001313	3/29/2026 13:58	3/29/2026 19:59	ELEVATOR	HIGH	MEDIUM	HIGH	Facilities	361	75.21	119	13	6	1	2	2	245	0
SLA-001314	4/13/2026 23:02	4/13/2026 23:45	GROUNDS_OUTDOOR	HIGH	MEDIUM	HIGH	Grounds Team	43	8.96	437	23	0	0	5	14	527	1
SLA-001315	3/31/2026 8:13	3/31/2026 10:43	BUILDING_STRUCTURE	LOW	MEDIUM	LOW	Facilities	150	5.21	2730	8	1	0	7	8	2104	0
SLA-001316	2/1/2026 1:11	2/1/2026 7:48	SAFETY_HAZARD	HIGH	HIGH	CRITICAL	Safety Team	397	82.71	83	1	6	1	15	15	360	1
SLA-001317	6/22/2026 23:40	6/23/2026 7:00	AV_CLASSROOM_EQUIPMENT	MEDIUM	MEDIUM	MEDIUM	AV Support	440	30.56	1000	23	0	0	11	13	981	1
SLA-001318	5/29/2026 18:55	5/29/2026 22:53	BUILDING_STRUCTURE	MEDIUM	LOW	LOW	Facilities	238	8.26	2642	18	4	0	27	10	801	1
SLA-001319	2/13/2026 18:58	2/13/2026 21:17	PLUMBING_WATER	HIGH	LOW	MEDIUM	Facilities	139	9.65	1301	18	4	0	27	8	429	0
SLA-001320	3/9/2026 19:30	3/9/2026 19:51	FURNITURE_FIXTURES	LOW	LOW	LOW	Facilities	21	0.73	2859	19	0	0	0	8	839	0
SLA-001321	5/29/2026 9:14	5/29/2026 12:19	PLUMBING_WATER	MEDIUM	HIGH	HIGH	Facilities	185	38.54	295	9	4	0	7	14	97	1
SLA-001322	7/8/2026 16:17	7/8/2026 20:32	ELECTRICAL	MEDIUM	MEDIUM	MEDIUM	Facilities	255	17.71	1185	16	2	0	25	5	1568	1
SLA-001323	6/10/2026 13:53	6/10/2026 21:38	OTHER	LOW	LOW	LOW	General Maintenance	465	16.15	2415	13	2	0	26	0	3023	1
SLA-001324	6/30/2026 16:18	6/30/2026 17:34	HVAC_AC	MEDIUM	LOW	LOW	Facilities	76	2.64	2804	16	1	0	3	6	1873	0
SLA-001325	5/8/2026 11:18	5/8/2026 13:50	IT_HARDWARE_PRINTING	LOW	HIGH	MEDIUM	IT Support	152	10.56	1288	11	4	0	8	7	290	0
SLA-001326	7/22/2026 8:13	7/22/2026 17:23	IT_HARDWARE_PRINTING	MEDIUM	MEDIUM	MEDIUM	IT Support	550	38.19	890	8	2	0	30	0	920	0
SLA-001327	5/21/2026 4:17	5/21/2026 6:37	GROUNDS_OUTDOOR	LOW	MEDIUM	LOW	Grounds Team	140	4.86	2740	4	3	0	1	0	2317	0
SLA-001328	5/22/2026 22:49	5/23/2026 7:06	GROUNDS_OUTDOOR	LOW	LOW	LOW	Grounds Team	497	17.26	2383	22	4	0	8	13	3009	1
SLA-001329	2/8/2026 3:37	2/8/2026 7:35	CLEANING_WASTE	HIGH	MEDIUM	HIGH	Cleaning Services	238	49.58	242	3	6	1	25	7	465	1
SLA-001330	6/10/2026 19:36	6/11/2026 1:10	GROUNDS_OUTDOOR	LOW	LOW	LOW	Grounds Team	334	11.6	2546	19	2	0	18	0	2795	0
SLA-001331	2/9/2026 0:49	2/9/2026 6:31	PLUMBING_WATER	LOW	LOW	LOW	Facilities	342	11.88	2538	0	0	0	10	13	1771	1
SLA-001332	5/23/2026 18:30	5/23/2026 23:45	GROUNDS_OUTDOOR	MEDIUM	HIGH	HIGH	Grounds Team	315	65.62	165	18	5	1	12	7	150	1
SLA-001333	1/1/2026 17:02	1/2/2026 3:17	IT_HARDWARE_PRINTING	MEDIUM	MEDIUM	MEDIUM	IT Support	615	42.71	825	17	3	0	19	6	1728	1
SLA-001334	1/8/2026 2:16	1/8/2026 9:27	ELECTRICAL	HIGH	MEDIUM	HIGH	Facilities	431	89.79	49	2	3	0	9	4	224	0
SLA-001335	3/17/2026 11:55	3/17/2026 21:22	OTHER	LOW	HIGH	MEDIUM	General Maintenance	567	39.38	873	11	1	0	3	1	426	0
SLA-001336	4/14/2026 15:55	4/15/2026 0:18	ELEVATOR	LOW	MEDIUM	LOW	Facilities	503	17.47	2377	15	1	0	3	10	3279	1
SLA-001337	8/10/2026 2:15	8/10/2026 9:18	CLEANING_WASTE	LOW	LOW	LOW	Cleaning Services	423	14.69	2457	2	0	0	24	15	1534	1
SLA-001338	3/6/2026 4:29	3/6/2026 11:53	ELECTRICAL	HIGH	HIGH	CRITICAL	Facilities	444	92.5	36	4	4	0	16	3	372	1
SLA-001339	4/16/2026 6:21	4/16/2026 8:33	SAFETY_HAZARD	MEDIUM	HIGH	HIGH	Safety Team	132	27.5	348	6	3	0	2	0	562	1
SLA-001340	7/7/2026 18:02	7/8/2026 1:46	SAFETY_HAZARD	HIGH	HIGH	CRITICAL	Safety Team	464	96.67	16	18	1	0	22	13	458	1
SLA-001341	4/15/2026 10:08	4/15/2026 12:58	SAFETY_HAZARD	HIGH	LOW	MEDIUM	Safety Team	170	11.81	1270	10	2	0	28	4	1642	1
SLA-001342	6/23/2026 4:02	6/23/2026 12:03	ELEVATOR	LOW	LOW	LOW	Facilities	481	16.7	2399	4	1	0	28	5	718	0
SLA-001343	7/11/2026 1:36	7/11/2026 12:01	HVAC_AC	MEDIUM	MEDIUM	MEDIUM	Facilities	625	43.4	815	1	5	1	1	13	847	0
SLA-001344	1/12/2026 13:53	1/12/2026 15:52	GROUNDS_OUTDOOR	LOW	LOW	LOW	Grounds Team	119	4.13	2761	13	0	0	17	15	2579	1
SLA-001345	8/26/2026 9:37	8/26/2026 12:01	GROUNDS_OUTDOOR	HIGH	MEDIUM	HIGH	Grounds Team	144	30	336	9	2	0	23	2	552	1
SLA-001346	1/21/2026 12:41	1/21/2026 19:48	ELECTRICAL	MEDIUM	HIGH	HIGH	Facilities	427	88.96	53	12	2	0	14	6	554	1
SLA-001347	2/25/2026 2:29	2/25/2026 11:12	AV_CLASSROOM_EQUIPMENT	HIGH	LOW	MEDIUM	AV Support	523	36.32	917	2	2	0	4	8	858	0
SLA-001348	4/5/2026 15:40	4/5/2026 22:08	ELEVATOR	MEDIUM	MEDIUM	MEDIUM	Facilities	388	26.94	1052	15	6	1	0	14	420	0
SLA-001349	6/8/2026 9:05	6/8/2026 20:52	ELECTRICAL	MEDIUM	LOW	LOW	Facilities	707	24.55	2173	9	0	0	11	11	1938	0
SLA-001350	1/3/2026 19:44	1/3/2026 20:36	BUILDING_STRUCTURE	MEDIUM	LOW	LOW	Facilities	52	1.81	2828	19	5	1	27	11	2293	1
SLA-001351	1/8/2026 10:19	1/8/2026 18:47	HVAC_AC	LOW	HIGH	MEDIUM	Facilities	508	35.28	932	10	3	0	25	8	695	1
SLA-001352	1/4/2026 12:17	1/4/2026 20:38	CLEANING_WASTE	MEDIUM	LOW	LOW	Cleaning Services	501	17.4	2379	12	6	1	20	11	3058	1
SLA-001353	7/23/2026 8:49	7/23/2026 14:10	HVAC_AC	MEDIUM	LOW	LOW	Facilities	321	11.15	2559	8	3	0	8	4	1587	0
SLA-001354	3/15/2026 7:08	3/15/2026 15:41	ELEVATOR	HIGH	LOW	MEDIUM	Facilities	513	35.62	927	7	6	1	16	2	1699	0
SLA-001355	8/1/2026 16:26	8/2/2026 4:22	FURNITURE_FIXTURES	MEDIUM	LOW	LOW	Facilities	716	24.86	2164	16	5	1	22	10	1642	1
SLA-001356	1/29/2026 7:47	1/29/2026 9:10	SAFETY_HAZARD	HIGH	MEDIUM	HIGH	Safety Team	83	17.29	397	7	3	0	26	9	124	1
SLA-001357	7/12/2026 21:41	7/13/2026 5:51	PLUMBING_WATER	LOW	LOW	LOW	Facilities	490	17.01	2390	21	6	1	25	0	1606	1
SLA-001358	3/21/2026 19:06	3/21/2026 20:27	ELEVATOR	HIGH	HIGH	CRITICAL	Facilities	81	16.88	399	19	5	1	7	6	263	0
SLA-001359	4/21/2026 22:29	4/22/2026 1:03	HVAC_AC	HIGH	MEDIUM	HIGH	Facilities	154	32.08	326	22	1	0	0	11	535	1
SLA-001360	3/27/2026 9:05	3/27/2026 13:28	ELECTRICAL	LOW	LOW	LOW	Facilities	263	9.13	2617	9	4	0	30	6	1436	1
SLA-001361	4/29/2026 19:14	4/30/2026 4:51	BUILDING_STRUCTURE	MEDIUM	LOW	LOW	Facilities	577	20.03	2303	19	2	0	5	10	2904	1
SLA-001362	1/25/2026 8:28	1/25/2026 14:41	PLUMBING_WATER	LOW	HIGH	MEDIUM	Facilities	373	25.9	1067	8	6	1	10	13	1287	1
SLA-001363	1/20/2026 1:07	1/20/2026 1:41	PLUMBING_WATER	HIGH	MEDIUM	HIGH	Facilities	34	7.08	446	1	1	0	13	7	296	0
SLA-001364	7/13/2026 2:59	7/13/2026 8:34	IT_NETWORK_ACCOUNTS	HIGH	MEDIUM	HIGH	IT Support	335	69.79	145	2	0	0	1	8	570	1
SLA-001365	4/9/2026 8:14	4/9/2026 16:02	IT_HARDWARE_PRINTING	MEDIUM	MEDIUM	MEDIUM	IT Support	468	32.5	972	8	3	0	13	6	688	0
SLA-001366	4/3/2026 12:59	4/3/2026 20:53	OTHER	LOW	LOW	LOW	General Maintenance	474	16.46	2406	12	4	0	25	1	1040	0
SLA-001367	4/9/2026 10:24	4/9/2026 15:42	IT_NETWORK_ACCOUNTS	HIGH	MEDIUM	HIGH	IT Support	318	66.25	162	10	3	0	3	3	473	0
SLA-001368	6/13/2026 0:58	6/13/2026 4:54	ELEVATOR	MEDIUM	MEDIUM	MEDIUM	Facilities	236	16.39	1204	0	5	1	3	0	1320	0
SLA-001369	3/2/2026 11:40	3/2/2026 18:55	AV_CLASSROOM_EQUIPMENT	MEDIUM	HIGH	HIGH	AV Support	435	90.62	45	11	0	0	27	5	560	1
SLA-001370	4/1/2026 17:37	4/1/2026 19:08	BUILDING_STRUCTURE	MEDIUM	HIGH	HIGH	Facilities	91	18.96	389	17	2	0	4	4	133	0
SLA-001371	1/25/2026 18:18	1/26/2026 4:01	GROUNDS_OUTDOOR	MEDIUM	MEDIUM	MEDIUM	Grounds Team	583	40.49	857	18	6	1	12	13	349	1
SLA-001372	4/28/2026 4:19	4/28/2026 8:47	ELEVATOR	MEDIUM	HIGH	HIGH	Facilities	268	55.83	212	4	1	0	5	8	141	0
SLA-001373	5/8/2026 13:19	5/8/2026 17:07	HVAC_AC	LOW	LOW	LOW	Facilities	228	7.92	2652	13	4	0	23	12	2896	1
SLA-001374	1/4/2026 9:38	1/4/2026 12:59	IT_HARDWARE_PRINTING	MEDIUM	HIGH	HIGH	IT Support	201	41.88	279	9	6	1	7	9	350	0
SLA-001375	3/19/2026 5:50	3/19/2026 6:47	AV_CLASSROOM_EQUIPMENT	LOW	LOW	LOW	AV Support	57	1.98	2823	5	3	0	21	2	781	0
SLA-001376	5/28/2026 20:52	5/29/2026 0:10	ELEVATOR	MEDIUM	HIGH	HIGH	Facilities	198	41.25	282	20	3	0	2	7	397	0
SLA-001377	4/1/2026 16:08	4/1/2026 20:13	SAFETY_HAZARD	HIGH	LOW	MEDIUM	Safety Team	245	17.01	1195	16	2	0	19	12	557	0
SLA-001378	1/11/2026 16:10	1/11/2026 21:59	ELEVATOR	MEDIUM	HIGH	HIGH	Facilities	349	72.71	131	16	6	1	22	5	342	0
SLA-001379	2/28/2026 17:29	2/28/2026 20:06	AV_CLASSROOM_EQUIPMENT	LOW	HIGH	MEDIUM	AV Support	157	10.9	1283	17	5	1	29	13	696	1
SLA-001380	1/24/2026 0:52	1/24/2026 4:24	IT_HARDWARE_PRINTING	LOW	LOW	LOW	IT Support	212	7.36	2668	0	5	1	24	6	1965	1
SLA-001381	2/25/2026 20:14	2/25/2026 23:01	OTHER	MEDIUM	HIGH	HIGH	General Maintenance	167	34.79	313	20	2	0	20	10	102	1
SLA-001382	3/6/2026 18:53	3/6/2026 20:21	BUILDING_STRUCTURE	LOW	LOW	LOW	Facilities	88	3.06	2792	18	4	0	24	3	1395	0
SLA-001383	4/19/2026 1:06	4/19/2026 1:32	ELEVATOR	MEDIUM	HIGH	HIGH	Facilities	26	5.42	454	1	6	1	1	10	330	1
SLA-001384	3/4/2026 9:43	3/4/2026 11:21	BUILDING_STRUCTURE	MEDIUM	HIGH	HIGH	Facilities	98	20.42	382	9	2	0	15	2	152	0
SLA-001385	3/28/2026 4:14	3/28/2026 4:33	PLUMBING_WATER	MEDIUM	HIGH	HIGH	Facilities	19	3.96	461	4	5	1	5	0	109	0
SLA-001386	1/19/2026 8:50	1/19/2026 14:15	GROUNDS_OUTDOOR	MEDIUM	LOW	LOW	Grounds Team	325	11.28	2555	8	0	0	4	0	3204	0
SLA-001387	4/6/2026 5:58	4/6/2026 8:53	AV_CLASSROOM_EQUIPMENT	LOW	HIGH	MEDIUM	AV Support	175	12.15	1265	5	0	0	16	9	1314	0
SLA-001388	7/24/2026 2:44	7/24/2026 13:29	IT_HARDWARE_PRINTING	MEDIUM	LOW	LOW	IT Support	645	22.4	2235	2	4	0	7	4	794	0
SLA-001389	6/11/2026 4:27	6/11/2026 10:12	HVAC_AC	LOW	LOW	LOW	Facilities	345	11.98	2535	4	3	0	4	2	2908	0
SLA-001390	3/21/2026 23:51	3/22/2026 1:47	FURNITURE_FIXTURES	LOW	LOW	LOW	Facilities	116	4.03	2764	23	5	1	0	4	2986	0
SLA-001391	7/9/2026 4:37	7/9/2026 6:41	AV_CLASSROOM_EQUIPMENT	HIGH	HIGH	CRITICAL	AV Support	124	25.83	356	4	3	0	20	11	348	1
SLA-001392	6/4/2026 3:53	6/4/2026 6:27	GROUNDS_OUTDOOR	LOW	LOW	LOW	Grounds Team	154	5.35	2726	3	3	0	0	5	2448	0
SLA-001393	7/9/2026 4:42	7/9/2026 5:05	BUILDING_STRUCTURE	MEDIUM	HIGH	HIGH	Facilities	23	4.79	457	4	3	0	15	8	168	0
SLA-001394	6/23/2026 23:25	6/24/2026 5:36	ELEVATOR	HIGH	LOW	MEDIUM	Facilities	371	25.76	1069	23	1	0	8	14	1000	0
SLA-001395	7/7/2026 13:15	7/7/2026 14:32	SAFETY_HAZARD	HIGH	HIGH	CRITICAL	Safety Team	77	16.04	403	13	1	0	11	14	193	1
SLA-001396	6/1/2026 22:25	6/2/2026 8:13	PLUMBING_WATER	MEDIUM	MEDIUM	MEDIUM	Facilities	588	40.83	852	22	0	0	0	3	647	0
SLA-001397	2/14/2026 10:10	2/14/2026 20:34	ELECTRICAL	MEDIUM	LOW	LOW	Facilities	624	21.67	2256	10	5	1	14	1	3324	0
SLA-001398	1/14/2026 17:36	1/14/2026 22:37	FURNITURE_FIXTURES	MEDIUM	HIGH	HIGH	Facilities	301	62.71	179	17	2	0	17	10	548	1
SLA-001399	3/16/2026 14:58	3/16/2026 15:26	OTHER	MEDIUM	HIGH	HIGH	General Maintenance	28	5.83	452	14	0	0	9	2	380	0
SLA-001400	1/7/2026 5:42	1/7/2026 12:02	SAFETY_HAZARD	HIGH	HIGH	CRITICAL	Safety Team	380	79.17	100	5	2	0	22	9	310	1
SLA-001401	4/22/2026 0:03	4/22/2026 4:03	OTHER	LOW	LOW	LOW	General Maintenance	240	8.33	2640	0	2	0	4	5	984	0
SLA-001402	8/9/2026 6:17	8/9/2026 14:49	FURNITURE_FIXTURES	MEDIUM	LOW	LOW	Facilities	512	17.78	2368	6	6	1	13	4	3150	0
SLA-001403	3/18/2026 8:15	3/18/2026 14:30	ELECTRICAL	MEDIUM	HIGH	HIGH	Facilities	375	78.12	105	8	2	0	5	11	262	1
SLA-001404	6/8/2026 14:09	6/8/2026 20:16	HVAC_AC	MEDIUM	LOW	LOW	Facilities	367	12.74	2513	14	0	0	22	8	870	0
SLA-001405	4/10/2026 19:30	4/11/2026 0:02	ELEVATOR	MEDIUM	LOW	LOW	Facilities	272	9.44	2608	19	4	0	7	4	2915	0
SLA-001406	2/19/2026 18:42	2/19/2026 20:32	AV_CLASSROOM_EQUIPMENT	MEDIUM	HIGH	HIGH	AV Support	110	22.92	370	18	3	0	3	4	216	0
SLA-001407	2/20/2026 5:50	2/20/2026 10:33	SAFETY_HAZARD	HIGH	HIGH	CRITICAL	Safety Team	283	58.96	197	5	4	0	16	15	503	1
SLA-001408	2/20/2026 14:06	2/20/2026 14:52	SAFETY_HAZARD	MEDIUM	HIGH	HIGH	Safety Team	46	9.58	434	14	4	0	13	3	111	0
SLA-001409	8/1/2026 9:23	8/1/2026 20:52	IT_HARDWARE_PRINTING	LOW	LOW	LOW	IT Support	689	23.92	2191	9	5	1	22	15	2517	1
SLA-001410	8/21/2026 23:06	8/22/2026 3:28	ELECTRICAL	MEDIUM	HIGH	HIGH	Facilities	262	54.58	218	23	4	0	15	6	569	1
SLA-001411	6/21/2026 14:21	6/21/2026 15:58	AV_CLASSROOM_EQUIPMENT	HIGH	HIGH	CRITICAL	AV Support	97	20.21	383	14	6	1	27	5	359	0
SLA-001412	3/10/2026 3:45	3/10/2026 7:37	GROUNDS_OUTDOOR	LOW	HIGH	MEDIUM	Grounds Team	232	16.11	1208	3	1	0	17	1	1617	1
SLA-001413	7/28/2026 18:12	7/29/2026 3:38	ELEVATOR	MEDIUM	LOW	LOW	Facilities	566	19.65	2314	18	1	0	3	15	1802	0
SLA-001414	6/30/2026 12:27	6/30/2026 12:51	GROUNDS_OUTDOOR	MEDIUM	LOW	LOW	Grounds Team	24	0.83	2856	12	1	0	28	0	1605	0
SLA-001415	2/28/2026 7:16	2/28/2026 12:18	AV_CLASSROOM_EQUIPMENT	MEDIUM	HIGH	HIGH	AV Support	302	62.92	178	7	5	1	12	9	576	1
SLA-001416	1/19/2026 0:03	1/19/2026 4:27	FURNITURE_FIXTURES	LOW	LOW	LOW	Facilities	264	9.17	2616	0	0	0	30	7	3352	1
SLA-001417	8/27/2026 19:16	8/27/2026 23:55	ELECTRICAL	LOW	LOW	LOW	Facilities	279	9.69	2601	19	3	0	18	0	1574	0
SLA-001418	6/28/2026 4:18	6/28/2026 7:04	HVAC_AC	MEDIUM	MEDIUM	MEDIUM	Facilities	166	11.53	1274	4	6	1	18	7	435	0
SLA-001419	4/9/2026 20:49	4/9/2026 21:15	IT_HARDWARE_PRINTING	HIGH	LOW	MEDIUM	IT Support	26	1.81	1414	20	3	0	11	15	819	1
SLA-001420	2/1/2026 6:03	2/1/2026 14:46	BUILDING_STRUCTURE	LOW	LOW	LOW	Facilities	523	18.16	2357	6	6	1	3	15	1672	0
SLA-001421	6/22/2026 15:37	6/22/2026 21:05	ELEVATOR	MEDIUM	HIGH	HIGH	Facilities	328	68.33	152	15	0	0	5	7	168	1
SLA-001422	3/14/2026 9:07	3/14/2026 9:34	ELECTRICAL	HIGH	HIGH	CRITICAL	Facilities	27	5.62	453	9	5	1	22	10	484	1
SLA-001423	3/2/2026 15:50	3/2/2026 22:40	AV_CLASSROOM_EQUIPMENT	LOW	HIGH	MEDIUM	AV Support	410	28.47	1030	15	0	0	29	13	1523	1
SLA-001424	3/5/2026 1:27	3/5/2026 12:48	CLEANING_WASTE	LOW	LOW	LOW	Cleaning Services	681	23.65	2199	1	3	0	3	13	1157	0
SLA-001425	7/15/2026 15:33	7/15/2026 19:59	ELEVATOR	HIGH	HIGH	CRITICAL	Facilities	266	55.42	214	15	2	0	9	5	164	0
SLA-001426	3/15/2026 3:33	3/15/2026 10:36	GROUNDS_OUTDOOR	MEDIUM	HIGH	HIGH	Grounds Team	423	88.12	57	3	6	1	8	4	293	1
SLA-001427	1/3/2026 7:56	1/3/2026 12:28	FURNITURE_FIXTURES	MEDIUM	LOW	LOW	Facilities	272	9.44	2608	7	5	1	3	0	2093	0
SLA-001428	1/4/2026 23:03	1/5/2026 0:29	SAFETY_HAZARD	MEDIUM	LOW	LOW	Safety Team	86	2.99	2794	23	6	1	19	7	3184	1
SLA-001429	4/26/2026 9:40	4/26/2026 20:52	OTHER	LOW	LOW	LOW	General Maintenance	672	23.33	2208	9	6	1	24	13	2231	1
SLA-001430	6/17/2026 5:03	6/17/2026 7:25	OTHER	MEDIUM	MEDIUM	MEDIUM	General Maintenance	142	9.86	1298	5	2	0	0	14	502	0
SLA-001431	3/4/2026 14:44	3/4/2026 18:37	IT_NETWORK_ACCOUNTS	MEDIUM	HIGH	HIGH	IT Support	233	48.54	247	14	2	0	9	15	164	1
SLA-001432	1/17/2026 19:02	1/17/2026 21:52	IT_HARDWARE_PRINTING	MEDIUM	LOW	LOW	IT Support	170	5.9	2710	19	5	1	0	14	2192	0
SLA-001433	7/10/2026 3:00	7/10/2026 3:56	ELEVATOR	HIGH	HIGH	CRITICAL	Facilities	56	11.67	424	3	4	0	22	6	249	1
SLA-001434	5/19/2026 9:49	5/19/2026 12:56	GROUNDS_OUTDOOR	MEDIUM	LOW	LOW	Grounds Team	187	6.49	2693	9	1	0	7	12	3434	1
SLA-001435	6/5/2026 15:27	6/5/2026 17:44	FURNITURE_FIXTURES	LOW	LOW	LOW	Facilities	137	4.76	2743	15	4	0	5	0	1644	0
SLA-001436	8/22/2026 16:17	8/22/2026 20:50	BUILDING_STRUCTURE	MEDIUM	MEDIUM	MEDIUM	Facilities	273	18.96	1167	16	5	1	1	8	1556	0
SLA-001437	8/6/2026 19:48	8/6/2026 21:28	OTHER	HIGH	MEDIUM	HIGH	General Maintenance	100	20.83	380	19	3	0	11	2	479	1
SLA-001438	3/6/2026 14:48	3/6/2026 20:18	IT_HARDWARE_PRINTING	HIGH	MEDIUM	HIGH	IT Support	330	68.75	150	14	4	0	27	4	329	1
SLA-001439	1/4/2026 22:04	1/5/2026 4:54	SAFETY_HAZARD	HIGH	HIGH	CRITICAL	Safety Team	410	85.42	70	22	6	1	22	8	317	1
SLA-001440	1/20/2026 13:57	1/20/2026 16:46	ELEVATOR	HIGH	LOW	MEDIUM	Facilities	169	11.74	1271	13	1	0	20	14	1435	1
SLA-001441	2/9/2026 9:22	2/9/2026 11:52	AV_CLASSROOM_EQUIPMENT	MEDIUM	HIGH	HIGH	AV Support	150	31.25	330	9	0	0	29	2	212	1
SLA-001442	4/25/2026 2:31	4/25/2026 4:09	ELECTRICAL	MEDIUM	MEDIUM	MEDIUM	Facilities	98	6.81	1342	2	5	1	9	2	649	0
SLA-001443	6/27/2026 2:41	6/27/2026 4:53	IT_HARDWARE_PRINTING	HIGH	MEDIUM	HIGH	IT Support	132	27.5	348	2	5	1	27	13	374	1
SLA-001444	4/23/2026 21:25	4/24/2026 5:35	SAFETY_HAZARD	HIGH	LOW	MEDIUM	Safety Team	490	34.03	950	21	3	0	13	3	524	0
SLA-001445	6/23/2026 22:14	6/24/2026 1:44	CLEANING_WASTE	LOW	LOW	LOW	Cleaning Services	210	7.29	2670	22	1	0	16	9	615	0
SLA-001446	2/3/2026 3:49	2/3/2026 5:29	IT_HARDWARE_PRINTING	HIGH	HIGH	CRITICAL	IT Support	100	20.83	380	3	1	0	8	0	437	0
SLA-001447	2/6/2026 22:14	2/7/2026 8:57	GROUNDS_OUTDOOR	MEDIUM	MEDIUM	MEDIUM	Grounds Team	643	44.65	797	22	4	0	17	12	1068	0
SLA-001448	1/17/2026 15:22	1/17/2026 22:29	ELECTRICAL	HIGH	MEDIUM	HIGH	Facilities	427	88.96	53	15	5	1	14	9	320	1
SLA-001449	8/23/2026 21:58	8/24/2026 1:21	ELECTRICAL	HIGH	HIGH	CRITICAL	Facilities	203	42.29	277	21	6	1	7	7	391	0
SLA-001450	6/24/2026 17:04	6/25/2026 0:16	IT_HARDWARE_PRINTING	MEDIUM	HIGH	HIGH	IT Support	432	90	48	17	2	0	26	0	185	1
SLA-001451	5/13/2026 15:15	5/13/2026 16:43	IT_NETWORK_ACCOUNTS	MEDIUM	LOW	LOW	IT Support	88	3.06	2792	15	2	0	4	0	3107	0
SLA-001452	1/21/2026 12:00	1/21/2026 12:25	HVAC_AC	MEDIUM	LOW	LOW	Facilities	25	0.87	2855	12	2	0	9	15	2025	1
SLA-001453	7/24/2026 13:03	7/24/2026 21:07	IT_NETWORK_ACCOUNTS	LOW	MEDIUM	LOW	IT Support	484	16.81	2396	13	4	0	1	6	1699	0
SLA-001454	1/4/2026 5:41	1/4/2026 14:58	IT_HARDWARE_PRINTING	MEDIUM	LOW	LOW	IT Support	557	19.34	2323	5	6	1	6	1	999	0
SLA-001455	7/22/2026 15:07	7/22/2026 15:44	HVAC_AC	LOW	HIGH	MEDIUM	Facilities	37	2.57	1403	15	2	0	1	10	1124	0
SLA-001456	4/16/2026 0:55	4/16/2026 2:37	CLEANING_WASTE	MEDIUM	MEDIUM	MEDIUM	Cleaning Services	102	7.08	1338	0	3	0	19	12	575	1
SLA-001457	5/22/2026 15:39	5/22/2026 21:11	OTHER	MEDIUM	HIGH	HIGH	General Maintenance	332	69.17	148	15	4	0	0	11	349	1
SLA-001458	3/14/2026 0:04	3/14/2026 5:11	ELECTRICAL	HIGH	MEDIUM	HIGH	Facilities	307	63.96	173	0	5	1	10	15	308	1
SLA-001459	4/8/2026 8:01	4/8/2026 10:11	ELECTRICAL	MEDIUM	LOW	LOW	Facilities	130	4.51	2750	8	2	0	19	11	914	0
SLA-001460	8/1/2026 1:22	8/1/2026 4:40	OTHER	MEDIUM	MEDIUM	MEDIUM	General Maintenance	198	13.75	1242	1	5	1	14	12	1555	1
SLA-001461	5/20/2026 22:28	5/21/2026 6:28	HVAC_AC	MEDIUM	MEDIUM	MEDIUM	Facilities	480	33.33	960	22	2	0	22	6	1240	1
SLA-001462	8/6/2026 18:37	8/7/2026 0:29	HVAC_AC	MEDIUM	HIGH	HIGH	Facilities	352	73.33	128	18	3	0	13	13	274	1
SLA-001463	8/18/2026 14:38	8/18/2026 20:04	FURNITURE_FIXTURES	LOW	LOW	LOW	Facilities	326	11.32	2554	14	1	0	16	15	2838	1
SLA-001464	8/25/2026 14:15	8/25/2026 15:17	CLEANING_WASTE	HIGH	HIGH	CRITICAL	Cleaning Services	62	12.92	418	14	1	0	16	9	505	1
SLA-001465	2/27/2026 3:34	2/27/2026 6:18	GROUNDS_OUTDOOR	LOW	MEDIUM	LOW	Grounds Team	164	5.69	2716	3	4	0	25	1	2073	1
SLA-001466	7/21/2026 6:41	7/21/2026 15:51	HVAC_AC	MEDIUM	LOW	LOW	Facilities	550	19.1	2330	6	1	0	0	7	1994	0
SLA-001467	7/16/2026 4:52	7/16/2026 6:39	AV_CLASSROOM_EQUIPMENT	MEDIUM	HIGH	HIGH	AV Support	107	22.29	373	4	3	0	14	12	519	1
SLA-001468	8/14/2026 6:27	8/14/2026 8:04	GROUNDS_OUTDOOR	LOW	MEDIUM	LOW	Grounds Team	97	3.37	2783	6	4	0	27	15	3254	1
SLA-001469	7/16/2026 3:19	7/16/2026 4:36	FURNITURE_FIXTURES	LOW	HIGH	MEDIUM	Facilities	77	5.35	1363	3	3	0	19	10	1183	0
SLA-001470	3/31/2026 5:37	3/31/2026 8:13	FURNITURE_FIXTURES	LOW	LOW	LOW	Facilities	156	5.42	2724	5	1	0	23	6	2342	1
SLA-001471	1/18/2026 8:55	1/18/2026 10:33	FURNITURE_FIXTURES	LOW	LOW	LOW	Facilities	98	3.4	2782	8	6	1	24	15	1452	1
SLA-001472	6/19/2026 0:05	6/19/2026 3:13	IT_HARDWARE_PRINTING	LOW	HIGH	MEDIUM	IT Support	188	13.06	1252	0	4	0	5	3	1095	0
SLA-001473	7/19/2026 10:02	7/19/2026 19:59	BUILDING_STRUCTURE	MEDIUM	LOW	LOW	Facilities	597	20.73	2283	10	6	1	4	14	1569	0
SLA-001474	4/27/2026 14:05	4/27/2026 16:48	IT_NETWORK_ACCOUNTS	MEDIUM	HIGH	HIGH	IT Support	163	33.96	317	14	0	0	13	5	223	0
SLA-001475	5/18/2026 1:27	5/18/2026 5:30	OTHER	LOW	HIGH	MEDIUM	General Maintenance	243	16.88	1197	1	0	0	18	0	1206	0
SLA-001476	8/17/2026 14:52	8/17/2026 20:26	SAFETY_HAZARD	HIGH	HIGH	CRITICAL	Safety Team	334	69.58	146	14	0	0	2	5	171	0
SLA-001477	8/19/2026 5:34	8/19/2026 12:25	IT_NETWORK_ACCOUNTS	HIGH	HIGH	CRITICAL	IT Support	411	85.62	69	5	2	0	26	13	106	1
SLA-001478	5/22/2026 20:02	5/22/2026 22:12	IT_HARDWARE_PRINTING	MEDIUM	LOW	LOW	IT Support	130	4.51	2750	20	4	0	5	7	2987	0
SLA-001479	8/27/2026 0:23	8/27/2026 10:35	CLEANING_WASTE	HIGH	LOW	MEDIUM	Cleaning Services	612	42.5	828	0	3	0	29	14	1007	1
SLA-001480	2/24/2026 23:12	2/25/2026 5:23	AV_CLASSROOM_EQUIPMENT	HIGH	LOW	MEDIUM	AV Support	371	25.76	1069	23	1	0	0	12	1223	0
SLA-001481	7/30/2026 22:33	7/30/2026 22:56	AV_CLASSROOM_EQUIPMENT	HIGH	MEDIUM	HIGH	AV Support	23	4.79	457	22	3	0	28	7	149	1
SLA-001482	1/31/2026 10:15	1/31/2026 16:06	FURNITURE_FIXTURES	MEDIUM	LOW	LOW	Facilities	351	12.19	2529	10	5	1	21	7	1483	1
SLA-001483	6/4/2026 5:24	6/4/2026 11:48	CLEANING_WASTE	MEDIUM	LOW	LOW	Cleaning Services	384	13.33	2496	5	3	0	1	0	1059	0
SLA-001484	3/22/2026 19:43	3/23/2026 6:49	IT_HARDWARE_PRINTING	MEDIUM	MEDIUM	MEDIUM	IT Support	666	46.25	774	19	6	1	12	9	971	0
SLA-001485	1/21/2026 20:08	1/21/2026 23:41	OTHER	HIGH	MEDIUM	HIGH	General Maintenance	213	44.38	267	20	2	0	14	2	430	0
SLA-001486	1/11/2026 0:36	1/11/2026 7:24	FURNITURE_FIXTURES	LOW	HIGH	MEDIUM	Facilities	408	28.33	1032	0	6	1	11	12	420	0
SLA-001487	5/31/2026 5:22	5/31/2026 13:53	SAFETY_HAZARD	MEDIUM	MEDIUM	MEDIUM	Safety Team	511	35.49	929	5	6	1	5	6	910	0
SLA-001488	6/25/2026 6:34	6/25/2026 12:35	CLEANING_WASTE	MEDIUM	MEDIUM	MEDIUM	Cleaning Services	361	25.07	1079	6	3	0	29	6	1410	1
SLA-001489	3/17/2026 18:50	3/18/2026 2:07	CLEANING_WASTE	MEDIUM	HIGH	HIGH	Cleaning Services	437	91.04	43	18	1	0	23	9	427	1
SLA-001490	8/12/2026 8:50	8/12/2026 20:40	CLEANING_WASTE	LOW	HIGH	MEDIUM	Cleaning Services	710	49.31	730	8	2	0	28	6	510	1
SLA-001491	7/1/2026 11:05	7/1/2026 21:10	CLEANING_WASTE	MEDIUM	LOW	LOW	Cleaning Services	605	21.01	2275	11	2	0	30	11	1577	1
SLA-001492	7/2/2026 23:08	7/2/2026 23:34	SAFETY_HAZARD	HIGH	HIGH	CRITICAL	Safety Team	26	5.42	454	23	3	0	30	14	210	1
SLA-001493	3/6/2026 5:57	3/6/2026 16:48	FURNITURE_FIXTURES	MEDIUM	LOW	LOW	Facilities	651	22.6	2229	5	4	0	28	0	2108	0
SLA-001494	4/8/2026 20:19	4/9/2026 7:15	IT_NETWORK_ACCOUNTS	MEDIUM	LOW	LOW	IT Support	656	22.78	2224	20	2	0	13	0	1937	0
SLA-001495	1/2/2026 4:34	1/2/2026 5:12	IT_NETWORK_ACCOUNTS	HIGH	MEDIUM	HIGH	IT Support	38	7.92	442	4	4	0	19	15	182	1
SLA-001496	5/8/2026 19:09	5/8/2026 21:37	FURNITURE_FIXTURES	MEDIUM	MEDIUM	MEDIUM	Facilities	148	10.28	1292	19	4	0	27	0	1027	1
SLA-001497	1/29/2026 12:13	1/29/2026 18:46	OTHER	LOW	HIGH	MEDIUM	General Maintenance	393	27.29	1047	12	3	0	26	15	610	1
SLA-001498	4/14/2026 1:34	4/14/2026 3:05	BUILDING_STRUCTURE	MEDIUM	HIGH	HIGH	Facilities	91	18.96	389	1	1	0	20	10	372	1
SLA-001499	6/29/2026 0:43	6/29/2026 6:14	ELEVATOR	MEDIUM	MEDIUM	MEDIUM	Facilities	331	22.99	1109	0	0	0	13	10	471	1
SLA-001500	2/10/2026 2:16	2/10/2026 9:16	PLUMBING_WATER	MEDIUM	MEDIUM	MEDIUM	Facilities	420	29.17	1020	2	1	0	0	6	666	0
SLA-001501	7/28/2026 9:02	7/28/2026 17:32	CLEANING_WASTE	MEDIUM	LOW	LOW	Cleaning Services	510	17.71	2370	9	1	0	17	9	1006	0
SLA-001502	7/8/2026 23:52	7/9/2026 9:31	FURNITURE_FIXTURES	LOW	LOW	LOW	Facilities	579	20.1	2301	23	2	0	4	0	3357	0
SLA-001503	1/14/2026 20:49	1/15/2026 2:43	ELECTRICAL	HIGH	HIGH	CRITICAL	Facilities	354	73.75	126	20	2	0	30	4	274	1
SLA-001504	7/8/2026 2:42	7/8/2026 13:35	IT_NETWORK_ACCOUNTS	MEDIUM	MEDIUM	MEDIUM	IT Support	653	45.35	787	2	2	0	0	9	619	0
SLA-001505	4/26/2026 0:41	4/26/2026 4:58	GROUNDS_OUTDOOR	MEDIUM	MEDIUM	MEDIUM	Grounds Team	257	17.85	1183	0	6	1	8	12	1302	0
SLA-001506	4/30/2026 20:12	5/1/2026 7:32	ELEVATOR	LOW	LOW	LOW	Facilities	680	23.61	2200	20	3	0	1	13	865	0
SLA-001507	6/8/2026 5:06	6/8/2026 10:51	ELECTRICAL	HIGH	MEDIUM	HIGH	Facilities	345	71.88	135	5	0	0	5	12	312	1
SLA-001508	3/24/2026 21:02	3/25/2026 6:19	CLEANING_WASTE	MEDIUM	LOW	LOW	Cleaning Services	557	19.34	2323	21	1	0	29	9	1823	1
SLA-001509	4/26/2026 9:20	4/26/2026 12:09	IT_HARDWARE_PRINTING	HIGH	MEDIUM	HIGH	IT Support	169	35.21	311	9	6	1	19	11	568	1
SLA-001510	4/18/2026 5:48	4/18/2026 11:18	SAFETY_HAZARD	MEDIUM	HIGH	HIGH	Safety Team	330	68.75	150	5	5	1	30	8	425	1
SLA-001511	2/14/2026 6:55	2/14/2026 11:33	SAFETY_HAZARD	HIGH	LOW	MEDIUM	Safety Team	278	19.31	1162	6	5	1	10	2	1695	1
SLA-001512	5/18/2026 6:10	5/18/2026 14:29	IT_HARDWARE_PRINTING	LOW	MEDIUM	LOW	IT Support	499	17.33	2381	6	0	0	25	1	1811	1
SLA-001513	6/27/2026 3:49	6/27/2026 5:09	HVAC_AC	MEDIUM	HIGH	HIGH	Facilities	80	16.67	400	3	5	1	13	1	334	0
SLA-001514	4/16/2026 23:50	4/17/2026 6:25	SAFETY_HAZARD	MEDIUM	HIGH	HIGH	Safety Team	395	82.29	85	23	3	0	28	1	424	1
SLA-001515	4/15/2026 19:29	4/16/2026 0:45	IT_NETWORK_ACCOUNTS	LOW	HIGH	MEDIUM	IT Support	316	21.94	1124	19	2	0	11	3	563	0
SLA-001516	2/28/2026 4:48	2/28/2026 14:11	AV_CLASSROOM_EQUIPMENT	LOW	HIGH	MEDIUM	AV Support	563	39.1	877	4	5	1	19	2	513	0
SLA-001517	3/1/2026 2:05	3/1/2026 13:46	OTHER	LOW	LOW	LOW	General Maintenance	701	24.34	2179	2	6	1	8	7	1210	0
SLA-001518	8/15/2026 9:44	8/15/2026 10:54	ELEVATOR	HIGH	HIGH	CRITICAL	Facilities	70	14.58	410	9	5	1	24	7	201	1
SLA-001519	3/17/2026 10:15	3/17/2026 19:51	ELEVATOR	MEDIUM	LOW	LOW	Facilities	576	20	2304	10	1	0	17	2	2632	0
SLA-001520	5/6/2026 10:30	5/6/2026 18:07	FURNITURE_FIXTURES	LOW	LOW	LOW	Facilities	457	15.87	2423	10	2	0	17	4	3049	0
SLA-001521	5/1/2026 1:40	5/1/2026 9:55	SAFETY_HAZARD	MEDIUM	LOW	LOW	Safety Team	495	17.19	2385	1	4	0	21	14	2036	1
SLA-001522	8/27/2026 14:37	8/27/2026 18:28	IT_HARDWARE_PRINTING	MEDIUM	HIGH	HIGH	IT Support	231	48.12	249	14	3	0	30	4	149	1
SLA-001523	8/3/2026 20:23	8/4/2026 1:20	IT_NETWORK_ACCOUNTS	MEDIUM	MEDIUM	MEDIUM	IT Support	297	20.62	1143	20	0	0	29	8	1240	1
SLA-001524	8/7/2026 6:33	8/7/2026 11:48	AV_CLASSROOM_EQUIPMENT	HIGH	HIGH	CRITICAL	AV Support	315	65.62	165	6	4	0	18	15	256	1
SLA-001525	3/23/2026 0:17	3/23/2026 3:55	ELEVATOR	HIGH	MEDIUM	HIGH	Facilities	218	45.42	262	0	0	0	24	6	411	1
SLA-001526	5/13/2026 16:44	5/14/2026 4:40	IT_NETWORK_ACCOUNTS	LOW	MEDIUM	LOW	IT Support	716	24.86	2164	16	2	0	23	14	2606	1
SLA-001527	8/13/2026 16:15	8/13/2026 23:12	PLUMBING_WATER	LOW	HIGH	MEDIUM	Facilities	417	28.96	1023	16	3	0	2	8	367	0
SLA-001528	4/13/2026 11:45	4/13/2026 13:45	BUILDING_STRUCTURE	MEDIUM	MEDIUM	MEDIUM	Facilities	120	8.33	1320	11	0	0	26	4	1067	0
SLA-001529	2/19/2026 5:33	2/19/2026 16:00	IT_NETWORK_ACCOUNTS	MEDIUM	LOW	LOW	IT Support	627	21.77	2253	5	3	0	7	5	1128	0
SLA-001530	4/29/2026 12:55	4/29/2026 19:52	ELEVATOR	MEDIUM	HIGH	HIGH	Facilities	417	86.88	63	12	2	0	14	5	157	1
SLA-001531	2/17/2026 2:46	2/17/2026 14:14	PLUMBING_WATER	MEDIUM	LOW	LOW	Facilities	688	23.89	2192	2	1	0	13	2	2222	0
SLA-001532	8/21/2026 17:48	8/22/2026 4:27	BUILDING_STRUCTURE	LOW	HIGH	MEDIUM	Facilities	639	44.38	801	17	4	0	8	11	1604	1
SLA-001533	5/9/2026 23:29	5/10/2026 5:05	BUILDING_STRUCTURE	LOW	MEDIUM	LOW	Facilities	336	11.67	2544	23	5	1	25	8	2588	1
SLA-001534	7/23/2026 10:20	7/23/2026 19:36	GROUNDS_OUTDOOR	LOW	LOW	LOW	Grounds Team	556	19.31	2324	10	3	0	15	7	594	0
SLA-001535	5/29/2026 17:27	5/29/2026 23:13	ELEVATOR	HIGH	HIGH	CRITICAL	Facilities	346	72.08	134	17	4	0	7	7	566	1
SLA-001536	6/11/2026 9:31	6/11/2026 11:13	IT_NETWORK_ACCOUNTS	MEDIUM	LOW	LOW	IT Support	102	3.54	2778	9	3	0	29	5	2860	1
SLA-001537	7/18/2026 19:18	7/19/2026 3:19	OTHER	LOW	HIGH	MEDIUM	General Maintenance	481	33.4	959	19	5	1	29	5	1053	0
SLA-001538	7/12/2026 22:40	7/13/2026 0:10	BUILDING_STRUCTURE	MEDIUM	MEDIUM	MEDIUM	Facilities	90	6.25	1350	22	6	1	30	13	1327	1
SLA-001539	6/26/2026 16:58	6/26/2026 20:56	PLUMBING_WATER	HIGH	LOW	MEDIUM	Facilities	238	16.53	1202	16	4	0	3	14	1237	1
SLA-001540	4/7/2026 10:24	4/7/2026 12:15	SAFETY_HAZARD	HIGH	HIGH	CRITICAL	Safety Team	111	23.12	369	10	1	0	15	15	177	1
SLA-001541	4/30/2026 7:16	4/30/2026 14:37	BUILDING_STRUCTURE	MEDIUM	HIGH	HIGH	Facilities	441	91.88	39	7	3	0	1	10	375	1
SLA-001542	6/10/2026 15:13	6/10/2026 15:52	SAFETY_HAZARD	HIGH	HIGH	CRITICAL	Safety Team	39	8.12	441	15	2	0	11	8	377	1
SLA-001543	8/19/2026 0:06	8/19/2026 5:41	HVAC_AC	HIGH	HIGH	CRITICAL	Facilities	335	69.79	145	0	2	0	30	6	188	1
SLA-001544	7/28/2026 23:14	7/29/2026 3:29	PLUMBING_WATER	MEDIUM	MEDIUM	MEDIUM	Facilities	255	17.71	1185	23	1	0	4	4	1362	0
SLA-001545	2/22/2026 1:46	2/22/2026 9:05	BUILDING_STRUCTURE	HIGH	MEDIUM	HIGH	Facilities	439	91.46	41	1	6	1	26	3	385	1
SLA-001546	5/11/2026 14:14	5/11/2026 19:55	ELECTRICAL	HIGH	MEDIUM	HIGH	Facilities	341	71.04	139	14	0	0	20	7	204	1
SLA-001547	4/13/2026 16:35	4/13/2026 22:39	OTHER	MEDIUM	MEDIUM	MEDIUM	General Maintenance	364	25.28	1076	16	0	0	8	1	1665	0
SLA-001548	3/26/2026 14:26	3/26/2026 16:28	BUILDING_STRUCTURE	MEDIUM	LOW	LOW	Facilities	122	4.24	2758	14	3	0	27	3	3083	1
SLA-001549	7/9/2026 16:39	7/9/2026 21:09	OTHER	LOW	LOW	LOW	General Maintenance	270	9.38	2610	16	3	0	28	7	2034	1
SLA-001550	3/2/2026 13:49	3/2/2026 22:46	ELECTRICAL	MEDIUM	MEDIUM	MEDIUM	Facilities	537	37.29	903	13	0	0	5	5	1202	0
SLA-001551	6/16/2026 0:56	6/16/2026 5:19	SAFETY_HAZARD	MEDIUM	HIGH	HIGH	Safety Team	263	54.79	217	0	1	0	7	1	368	0
SLA-001552	1/15/2026 4:41	1/15/2026 10:21	ELEVATOR	MEDIUM	HIGH	HIGH	Facilities	340	70.83	140	4	3	0	4	6	317	1
SLA-001553	3/26/2026 6:12	3/26/2026 9:45	SAFETY_HAZARD	HIGH	HIGH	CRITICAL	Safety Team	213	44.38	267	6	3	0	21	7	168	0
SLA-001554	8/2/2026 12:02	8/2/2026 13:50	HVAC_AC	LOW	HIGH	MEDIUM	Facilities	108	7.5	1332	12	6	1	23	5	1598	1
SLA-001555	2/13/2026 22:27	2/14/2026 9:37	SAFETY_HAZARD	HIGH	LOW	MEDIUM	Safety Team	670	46.53	770	22	4	0	20	8	1463	1
SLA-001556	2/13/2026 0:00	2/13/2026 9:19	FURNITURE_FIXTURES	LOW	LOW	LOW	Facilities	559	19.41	2321	0	4	0	10	1	1301	0
SLA-001557	3/2/2026 14:02	3/2/2026 15:08	SAFETY_HAZARD	HIGH	HIGH	CRITICAL	Safety Team	66	13.75	414	14	0	0	21	0	387	1
SLA-001558	7/20/2026 0:21	7/20/2026 6:44	AV_CLASSROOM_EQUIPMENT	HIGH	MEDIUM	HIGH	AV Support	383	79.79	97	0	0	0	26	9	476	1
SLA-001559	5/30/2026 5:11	5/30/2026 10:53	GROUNDS_OUTDOOR	LOW	MEDIUM	LOW	Grounds Team	342	11.88	2538	5	5	1	15	4	2553	0
SLA-001560	5/12/2026 14:16	5/12/2026 18:05	IT_NETWORK_ACCOUNTS	HIGH	MEDIUM	HIGH	IT Support	229	47.71	251	14	1	0	6	5	445	0
SLA-001561	5/26/2026 13:10	5/26/2026 19:00	PLUMBING_WATER	MEDIUM	LOW	LOW	Facilities	350	12.15	2530	13	1	0	13	3	1890	0
SLA-001562	2/27/2026 9:34	2/27/2026 11:27	IT_NETWORK_ACCOUNTS	LOW	LOW	LOW	IT Support	113	3.92	2767	9	4	0	14	15	1321	1
SLA-001563	5/31/2026 1:06	5/31/2026 9:33	AV_CLASSROOM_EQUIPMENT	LOW	HIGH	MEDIUM	AV Support	507	35.21	933	1	6	1	3	9	845	0
SLA-001564	8/28/2026 22:34	8/29/2026 2:36	SAFETY_HAZARD	HIGH	MEDIUM	HIGH	Safety Team	242	50.42	238	22	4	0	12	12	324	1
SLA-001565	4/20/2026 4:41	4/20/2026 12:51	IT_NETWORK_ACCOUNTS	LOW	HIGH	MEDIUM	IT Support	490	34.03	950	4	0	0	25	13	1077	1
SLA-001566	6/11/2026 13:32	6/11/2026 15:16	GROUNDS_OUTDOOR	MEDIUM	MEDIUM	MEDIUM	Grounds Team	104	7.22	1336	13	3	0	4	8	397	0
SLA-001567	5/7/2026 8:59	5/7/2026 12:29	SAFETY_HAZARD	HIGH	MEDIUM	HIGH	Safety Team	210	43.75	270	8	3	0	5	5	447	0
SLA-001568	7/7/2026 18:33	7/7/2026 23:18	IT_HARDWARE_PRINTING	MEDIUM	HIGH	HIGH	IT Support	285	59.38	195	18	1	0	26	2	508	1
SLA-001569	8/23/2026 1:10	8/23/2026 5:52	ELECTRICAL	MEDIUM	HIGH	HIGH	Facilities	282	58.75	198	1	6	1	5	12	126	1
SLA-001570	4/25/2026 19:55	4/25/2026 21:06	GROUNDS_OUTDOOR	HIGH	LOW	MEDIUM	Grounds Team	71	4.93	1369	19	5	1	14	14	976	1
SLA-001571	6/11/2026 14:46	6/11/2026 22:04	IT_HARDWARE_PRINTING	MEDIUM	HIGH	HIGH	IT Support	438	91.25	42	14	3	0	9	2	357	1
SLA-001572	7/2/2026 21:12	7/2/2026 23:46	IT_NETWORK_ACCOUNTS	MEDIUM	HIGH	HIGH	IT Support	154	32.08	326	21	3	0	4	13	546	1
SLA-001573	4/26/2026 7:22	4/26/2026 13:25	FURNITURE_FIXTURES	MEDIUM	LOW	LOW	Facilities	363	12.6	2517	7	6	1	28	13	2066	1
SLA-001574	8/28/2026 6:42	8/28/2026 13:08	BUILDING_STRUCTURE	HIGH	MEDIUM	HIGH	Facilities	386	80.42	94	6	4	0	16	8	441	1
SLA-001575	7/5/2026 10:37	7/5/2026 11:29	BUILDING_STRUCTURE	MEDIUM	MEDIUM	MEDIUM	Facilities	52	3.61	1388	10	6	1	5	12	1288	0
SLA-001576	6/26/2026 4:14	6/26/2026 5:13	ELEVATOR	HIGH	HIGH	CRITICAL	Facilities	59	12.29	421	4	4	0	28	13	547	1
SLA-001577	2/25/2026 2:37	2/25/2026 12:52	CLEANING_WASTE	MEDIUM	LOW	LOW	Cleaning Services	615	21.35	2265	2	2	0	21	7	2334	1
SLA-001578	8/9/2026 21:52	8/10/2026 5:45	AV_CLASSROOM_EQUIPMENT	MEDIUM	LOW	LOW	AV Support	473	16.42	2407	21	6	1	19	0	875	0
SLA-001579	6/28/2026 9:57	6/28/2026 12:17	PLUMBING_WATER	MEDIUM	HIGH	HIGH	Facilities	140	29.17	340	9	6	1	17	13	294	1
SLA-001580	5/22/2026 5:42	5/22/2026 13:45	IT_HARDWARE_PRINTING	MEDIUM	MEDIUM	MEDIUM	IT Support	483	33.54	957	5	4	0	0	7	1566	0
SLA-001581	8/13/2026 15:10	8/13/2026 22:58	PLUMBING_WATER	MEDIUM	LOW	LOW	Facilities	468	16.25	2412	15	3	0	21	10	579	1
SLA-001582	1/14/2026 11:09	1/14/2026 12:16	IT_NETWORK_ACCOUNTS	MEDIUM	HIGH	HIGH	IT Support	67	13.96	413	11	2	0	9	13	523	1
SLA-001583	7/24/2026 5:44	7/24/2026 14:47	HVAC_AC	HIGH	LOW	MEDIUM	Facilities	543	37.71	897	5	4	0	17	5	1287	0
SLA-001584	8/11/2026 20:32	8/11/2026 21:19	AV_CLASSROOM_EQUIPMENT	MEDIUM	HIGH	HIGH	AV Support	47	9.79	433	20	1	0	7	12	115	0
SLA-001585	6/8/2026 20:24	6/9/2026 0:52	BUILDING_STRUCTURE	MEDIUM	MEDIUM	MEDIUM	Facilities	268	18.61	1172	20	0	0	18	9	324	0
SLA-001586	4/10/2026 18:52	4/11/2026 4:00	ELEVATOR	LOW	HIGH	MEDIUM	Facilities	548	38.06	892	18	4	0	29	5	1288	1
SLA-001587	3/4/2026 4:59	3/4/2026 9:11	ELEVATOR	HIGH	MEDIUM	HIGH	Facilities	252	52.5	228	4	2	0	21	1	138	1
SLA-001588	6/26/2026 6:07	6/26/2026 16:52	PLUMBING_WATER	MEDIUM	MEDIUM	MEDIUM	Facilities	645	44.79	795	6	4	0	20	12	708	1
SLA-001589	4/27/2026 4:57	4/27/2026 7:13	IT_HARDWARE_PRINTING	LOW	MEDIUM	LOW	IT Support	136	4.72	2744	4	0	0	27	14	701	1
SLA-001590	2/9/2026 23:33	2/10/2026 3:47	IT_HARDWARE_PRINTING	MEDIUM	HIGH	HIGH	IT Support	254	52.92	226	23	0	0	1	6	506	1
SLA-001591	6/5/2026 20:00	6/6/2026 6:09	IT_HARDWARE_PRINTING	MEDIUM	LOW	LOW	IT Support	609	21.15	2271	20	4	0	28	8	1925	1
SLA-001592	8/23/2026 22:47	8/24/2026 2:59	PLUMBING_WATER	MEDIUM	HIGH	HIGH	Facilities	252	52.5	228	22	6	1	4	8	235	0
SLA-001593	6/13/2026 0:04	6/13/2026 11:04	OTHER	MEDIUM	MEDIUM	MEDIUM	General Maintenance	660	45.83	780	0	5	1	20	4	1641	0
SLA-001594	8/11/2026 18:53	8/11/2026 21:59	PLUMBING_WATER	LOW	LOW	LOW	Facilities	186	6.46	2694	18	1	0	6	15	3076	1
SLA-001595	7/14/2026 7:43	7/14/2026 11:28	SAFETY_HAZARD	HIGH	MEDIUM	HIGH	Safety Team	225	46.88	255	7	1	0	21	10	100	1
SLA-001596	5/3/2026 14:33	5/3/2026 23:46	IT_NETWORK_ACCOUNTS	HIGH	LOW	MEDIUM	IT Support	553	38.4	887	14	6	1	29	12	1012	1
SLA-001597	7/21/2026 3:47	7/21/2026 5:47	HVAC_AC	LOW	HIGH	MEDIUM	Facilities	120	8.33	1320	3	1	0	25	1	1667	1
SLA-001598	6/26/2026 1:26	6/26/2026 9:52	FURNITURE_FIXTURES	LOW	LOW	LOW	Facilities	506	17.57	2374	1	4	0	21	5	3195	0
SLA-001599	7/16/2026 14:04	7/16/2026 14:36	FURNITURE_FIXTURES	HIGH	MEDIUM	HIGH	Facilities	32	6.67	448	14	3	0	29	0	559	1
SLA-001600	2/20/2026 5:20	2/20/2026 9:44	GROUNDS_OUTDOOR	LOW	LOW	LOW	Grounds Team	264	9.17	2616	5	4	0	13	3	630	0
SLA-001601	3/3/2026 11:45	3/3/2026 19:04	ELEVATOR	MEDIUM	HIGH	HIGH	Facilities	439	91.46	41	11	1	0	28	2	391	1
SLA-001602	2/10/2026 2:15	2/10/2026 9:52	ELECTRICAL	MEDIUM	MEDIUM	MEDIUM	Facilities	457	31.74	983	2	1	0	10	2	1146	0
SLA-001603	5/1/2026 7:37	5/1/2026 11:53	IT_NETWORK_ACCOUNTS	HIGH	MEDIUM	HIGH	IT Support	256	53.33	224	7	4	0	28	1	106	1
SLA-001604	1/22/2026 8:24	1/22/2026 11:49	HVAC_AC	MEDIUM	LOW	LOW	Facilities	205	7.12	2675	8	3	0	0	1	3280	0
SLA-001605	7/12/2026 14:27	7/13/2026 0:34	SAFETY_HAZARD	HIGH	LOW	MEDIUM	Safety Team	607	42.15	833	14	6	1	0	1	1624	0
SLA-001606	5/7/2026 0:53	5/7/2026 6:47	ELEVATOR	MEDIUM	HIGH	HIGH	Facilities	354	73.75	126	0	3	0	8	6	426	1
SLA-001607	3/5/2026 0:14	3/5/2026 6:15	ELEVATOR	HIGH	MEDIUM	HIGH	Facilities	361	75.21	119	0	3	0	9	6	503	1
SLA-001608	3/21/2026 9:16	3/21/2026 16:20	HVAC_AC	MEDIUM	LOW	LOW	Facilities	424	14.72	2456	9	5	1	20	2	1554	0
SLA-001609	8/25/2026 10:14	8/25/2026 21:58	BUILDING_STRUCTURE	LOW	HIGH	MEDIUM	Facilities	704	48.89	736	10	1	0	22	15	1629	1
SLA-001610	2/14/2026 1:26	2/14/2026 2:12	BUILDING_STRUCTURE	LOW	MEDIUM	LOW	Facilities	46	1.6	2834	1	5	1	26	14	3198	1
SLA-001611	5/19/2026 15:57	5/20/2026 0:24	OTHER	LOW	LOW	LOW	General Maintenance	507	17.6	2373	15	1	0	16	9	1966	0
SLA-001612	7/6/2026 12:53	7/6/2026 15:40	PLUMBING_WATER	MEDIUM	HIGH	HIGH	Facilities	167	34.79	313	12	0	0	7	14	116	0
SLA-001613	1/31/2026 9:42	1/31/2026 13:26	CLEANING_WASTE	LOW	HIGH	MEDIUM	Cleaning Services	224	15.56	1216	9	5	1	12	6	1272	0
SLA-001614	2/5/2026 12:07	2/5/2026 14:17	FURNITURE_FIXTURES	HIGH	LOW	MEDIUM	Facilities	130	9.03	1310	12	3	0	12	7	1640	1
SLA-001615	6/14/2026 4:51	6/14/2026 15:46	OTHER	LOW	LOW	LOW	General Maintenance	655	22.74	2225	4	6	1	30	7	2265	1
SLA-001616	6/7/2026 15:24	6/7/2026 22:20	ELECTRICAL	HIGH	HIGH	CRITICAL	Facilities	416	86.67	64	15	6	1	27	0	182	1
SLA-001617	2/17/2026 13:11	2/17/2026 21:07	AV_CLASSROOM_EQUIPMENT	LOW	HIGH	MEDIUM	AV Support	476	33.06	964	13	1	0	4	14	341	0
SLA-001618	6/28/2026 2:57	6/28/2026 6:01	ELEVATOR	HIGH	HIGH	CRITICAL	Facilities	184	38.33	296	2	6	1	2	2	97	0
SLA-001619	7/29/2026 6:22	7/29/2026 16:26	ELECTRICAL	MEDIUM	LOW	LOW	Facilities	604	20.97	2276	6	2	0	13	11	2288	0
SLA-001620	5/10/2026 5:35	5/10/2026 16:10	CLEANING_WASTE	MEDIUM	MEDIUM	MEDIUM	Cleaning Services	635	44.1	805	5	6	1	21	2	1192	0
SLA-001621	4/19/2026 13:33	4/19/2026 16:45	IT_NETWORK_ACCOUNTS	HIGH	LOW	MEDIUM	IT Support	192	13.33	1248	13	6	1	23	5	507	0
SLA-001622	3/25/2026 20:36	3/25/2026 21:29	PLUMBING_WATER	MEDIUM	LOW	LOW	Facilities	53	1.84	2827	20	2	0	28	1	3224	1
SLA-001623	3/11/2026 3:15	3/11/2026 3:59	GROUNDS_OUTDOOR	LOW	LOW	LOW	Grounds Team	44	1.53	2836	3	2	0	24	4	3018	1
SLA-001624	1/10/2026 14:35	1/10/2026 16:16	ELEVATOR	HIGH	HIGH	CRITICAL	Facilities	101	21.04	379	14	5	1	0	14	278	1
SLA-001625	8/5/2026 6:27	8/5/2026 10:18	IT_NETWORK_ACCOUNTS	LOW	HIGH	MEDIUM	IT Support	231	16.04	1209	6	2	0	2	13	302	0
SLA-001626	7/11/2026 19:09	7/11/2026 23:29	AV_CLASSROOM_EQUIPMENT	HIGH	MEDIUM	HIGH	AV Support	260	54.17	220	19	5	1	9	9	214	0
SLA-001627	2/18/2026 2:13	2/18/2026 10:47	IT_NETWORK_ACCOUNTS	MEDIUM	LOW	LOW	IT Support	514	17.85	2366	2	2	0	13	7	634	0
SLA-001628	8/20/2026 1:00	8/20/2026 4:25	ELEVATOR	LOW	HIGH	MEDIUM	Facilities	205	14.24	1235	1	3	0	10	4	1225	0
SLA-001629	7/20/2026 0:13	7/20/2026 9:49	BUILDING_STRUCTURE	LOW	LOW	LOW	Facilities	576	20	2304	0	0	0	2	7	2944	0
SLA-001630	5/24/2026 1:50	5/24/2026 12:35	AV_CLASSROOM_EQUIPMENT	LOW	HIGH	MEDIUM	AV Support	645	44.79	795	1	6	1	30	9	416	1
SLA-001631	7/24/2026 6:18	7/24/2026 11:49	IT_HARDWARE_PRINTING	LOW	HIGH	MEDIUM	IT Support	331	22.99	1109	6	4	0	5	11	781	0
SLA-001632	7/15/2026 0:54	7/15/2026 3:33	BUILDING_STRUCTURE	HIGH	MEDIUM	HIGH	Facilities	159	33.12	321	0	2	0	0	11	306	0
SLA-001633	2/25/2026 7:57	2/25/2026 14:40	IT_NETWORK_ACCOUNTS	HIGH	MEDIUM	HIGH	IT Support	403	83.96	77	7	2	0	1	1	518	1
SLA-001634	5/11/2026 22:45	5/12/2026 0:35	IT_HARDWARE_PRINTING	MEDIUM	LOW	LOW	IT Support	110	3.82	2770	22	0	0	27	11	2017	1
SLA-001635	2/14/2026 1:54	2/14/2026 10:59	PLUMBING_WATER	MEDIUM	LOW	LOW	Facilities	545	18.92	2335	1	5	1	14	0	1554	0
SLA-001636	7/20/2026 11:59	7/20/2026 16:54	GROUNDS_OUTDOOR	HIGH	MEDIUM	HIGH	Grounds Team	295	61.46	185	11	0	0	16	8	180	1
SLA-001637	1/26/2026 3:49	1/26/2026 7:34	HVAC_AC	MEDIUM	HIGH	HIGH	Facilities	225	46.88	255	3	0	0	18	1	559	1
SLA-001638	2/23/2026 6:35	2/23/2026 8:03	IT_HARDWARE_PRINTING	MEDIUM	HIGH	HIGH	IT Support	88	18.33	392	6	0	0	8	9	317	0
SLA-001639	8/28/2026 3:13	8/28/2026 7:18	HVAC_AC	MEDIUM	HIGH	HIGH	Facilities	245	51.04	235	3	4	0	4	7	269	0
SLA-001640	4/18/2026 23:11	4/19/2026 3:19	BUILDING_STRUCTURE	HIGH	HIGH	CRITICAL	Facilities	248	51.67	232	23	5	1	29	5	335	1
SLA-001641	5/18/2026 13:54	5/18/2026 15:49	ELEVATOR	MEDIUM	LOW	LOW	Facilities	115	3.99	2765	13	0	0	14	7	1867	0
SLA-001642	7/1/2026 11:30	7/1/2026 23:22	IT_NETWORK_ACCOUNTS	MEDIUM	MEDIUM	MEDIUM	IT Support	712	49.44	728	11	2	0	0	13	1713	1
SLA-001643	2/25/2026 21:11	2/26/2026 8:17	IT_NETWORK_ACCOUNTS	MEDIUM	LOW	LOW	IT Support	666	23.12	2214	21	2	0	16	14	3188	1
SLA-001644	6/6/2026 4:13	6/6/2026 9:31	GROUNDS_OUTDOOR	LOW	MEDIUM	LOW	Grounds Team	318	11.04	2562	4	5	1	16	1	1169	0
SLA-001645	8/17/2026 7:47	8/17/2026 16:44	HVAC_AC	MEDIUM	MEDIUM	MEDIUM	Facilities	537	37.29	903	7	0	0	29	0	414	1
SLA-001646	4/24/2026 4:06	4/24/2026 10:57	IT_HARDWARE_PRINTING	MEDIUM	MEDIUM	MEDIUM	IT Support	411	28.54	1029	4	4	0	21	10	824	0
SLA-001647	8/6/2026 22:10	8/7/2026 5:26	IT_HARDWARE_PRINTING	MEDIUM	LOW	LOW	IT Support	436	15.14	2444	22	3	0	30	1	2314	1
SLA-001648	6/22/2026 13:53	6/22/2026 20:12	ELECTRICAL	MEDIUM	HIGH	HIGH	Facilities	379	78.96	101	13	0	0	5	10	517	1
SLA-001649	3/19/2026 3:29	3/19/2026 14:59	CLEANING_WASTE	MEDIUM	MEDIUM	MEDIUM	Cleaning Services	690	47.92	750	3	3	0	18	13	1277	1
SLA-001650	7/22/2026 15:48	7/22/2026 22:49	GROUNDS_OUTDOOR	MEDIUM	MEDIUM	MEDIUM	Grounds Team	421	29.24	1019	15	2	0	7	14	1428	1
SLA-001651	2/10/2026 0:01	2/10/2026 7:12	SAFETY_HAZARD	HIGH	HIGH	CRITICAL	Safety Team	431	89.79	49	0	1	0	29	2	490	1
SLA-001652	2/11/2026 10:02	2/11/2026 14:48	BUILDING_STRUCTURE	MEDIUM	HIGH	HIGH	Facilities	286	59.58	194	10	2	0	23	14	105	1
SLA-001653	6/11/2026 22:47	6/12/2026 1:38	ELECTRICAL	MEDIUM	MEDIUM	MEDIUM	Facilities	171	11.88	1269	22	3	0	22	13	1194	1
SLA-001654	5/3/2026 14:28	5/4/2026 1:56	FURNITURE_FIXTURES	LOW	LOW	LOW	Facilities	688	23.89	2192	14	6	1	23	7	2210	0
SLA-001655	8/18/2026 8:32	8/18/2026 15:49	BUILDING_STRUCTURE	MEDIUM	HIGH	HIGH	Facilities	437	91.04	43	8	1	0	5	4	519	1
SLA-001656	8/13/2026 16:50	8/14/2026 0:03	PLUMBING_WATER	MEDIUM	MEDIUM	MEDIUM	Facilities	433	30.07	1007	16	3	0	5	8	470	0
SLA-001657	2/16/2026 23:12	2/17/2026 1:29	AV_CLASSROOM_EQUIPMENT	HIGH	MEDIUM	HIGH	AV Support	137	28.54	343	23	0	0	21	2	242	0
SLA-001658	5/5/2026 11:08	5/5/2026 23:04	AV_CLASSROOM_EQUIPMENT	HIGH	LOW	MEDIUM	AV Support	716	49.72	724	11	1	0	25	3	802	0
SLA-001659	8/8/2026 23:09	8/9/2026 5:56	ELECTRICAL	MEDIUM	HIGH	HIGH	Facilities	407	84.79	73	23	5	1	18	4	114	1
SLA-001660	8/15/2026 2:28	8/15/2026 13:56	IT_NETWORK_ACCOUNTS	HIGH	LOW	MEDIUM	IT Support	688	47.78	752	2	5	1	24	4	1400	0
SLA-001661	2/19/2026 7:37	2/19/2026 11:38	ELEVATOR	HIGH	HIGH	CRITICAL	Facilities	241	50.21	239	7	3	0	1	13	101	1
SLA-001662	6/24/2026 6:15	6/24/2026 9:52	SAFETY_HAZARD	MEDIUM	HIGH	HIGH	Safety Team	217	45.21	263	6	2	0	9	4	214	0
SLA-001663	4/24/2026 18:30	4/24/2026 21:42	BUILDING_STRUCTURE	LOW	MEDIUM	LOW	Facilities	192	6.67	2688	18	4	0	5	7	1733	0
SLA-001664	2/25/2026 7:38	2/25/2026 9:14	SAFETY_HAZARD	HIGH	LOW	MEDIUM	Safety Team	96	6.67	1344	7	2	0	30	3	1225	0
SLA-001665	1/5/2026 20:31	1/6/2026 2:04	HVAC_AC	HIGH	HIGH	CRITICAL	Facilities	333	69.38	147	20	0	0	0	3	177	0
SLA-001666	4/16/2026 0:02	4/16/2026 0:25	BUILDING_STRUCTURE	HIGH	HIGH	CRITICAL	Facilities	23	4.79	457	0	3	0	5	14	492	1
SLA-001667	2/12/2026 15:31	2/12/2026 17:20	ELEVATOR	HIGH	LOW	MEDIUM	Facilities	109	7.57	1331	15	3	0	24	15	539	1
SLA-001668	5/27/2026 9:44	5/27/2026 11:31	FURNITURE_FIXTURES	LOW	LOW	LOW	Facilities	107	3.72	2773	9	2	0	11	13	1562	1
SLA-001669	8/20/2026 9:25	8/20/2026 21:00	CLEANING_WASTE	LOW	LOW	LOW	Cleaning Services	695	24.13	2185	9	3	0	10	0	1740	0
SLA-001670	2/28/2026 6:13	2/28/2026 10:53	ELEVATOR	HIGH	MEDIUM	HIGH	Facilities	280	58.33	200	6	5	1	11	7	293	1
SLA-001671	1/28/2026 19:06	1/28/2026 20:36	ELEVATOR	HIGH	LOW	MEDIUM	Facilities	90	6.25	1350	19	2	0	26	6	1129	1
SLA-001672	2/3/2026 13:24	2/3/2026 16:03	OTHER	MEDIUM	LOW	LOW	General Maintenance	159	5.52	2721	13	1	0	21	15	789	1
SLA-001673	3/16/2026 13:39	3/16/2026 23:38	HVAC_AC	MEDIUM	LOW	LOW	Facilities	599	20.8	2281	13	0	0	23	0	1719	0
SLA-001674	3/24/2026 4:10	3/24/2026 12:31	ELEVATOR	MEDIUM	LOW	LOW	Facilities	501	17.4	2379	4	1	0	18	3	2233	0
SLA-001675	6/9/2026 20:47	6/9/2026 21:55	HVAC_AC	LOW	HIGH	MEDIUM	Facilities	68	4.72	1372	20	1	0	24	13	815	1
SLA-001676	6/25/2026 4:39	6/25/2026 8:39	ELEVATOR	HIGH	HIGH	CRITICAL	Facilities	240	50	240	4	3	0	13	2	244	0
SLA-001677	2/26/2026 7:19	2/26/2026 12:19	ELEVATOR	MEDIUM	HIGH	HIGH	Facilities	300	62.5	180	7	3	0	13	6	273	1
SLA-001678	2/8/2026 21:53	2/9/2026 5:41	IT_NETWORK_ACCOUNTS	LOW	LOW	LOW	IT Support	468	16.25	2412	21	6	1	9	8	1792	0
SLA-001679	2/17/2026 6:17	2/17/2026 11:55	ELECTRICAL	LOW	LOW	LOW	Facilities	338	11.74	2542	6	1	0	17	5	1581	0
SLA-001680	5/20/2026 13:37	5/20/2026 15:34	AV_CLASSROOM_EQUIPMENT	MEDIUM	LOW	LOW	AV Support	117	4.06	2763	13	2	0	15	15	3106	1
SLA-001681	1/20/2026 6:34	1/20/2026 6:54	ELEVATOR	HIGH	MEDIUM	HIGH	Facilities	20	4.17	460	6	1	0	12	6	151	0
SLA-001682	6/18/2026 1:12	6/18/2026 8:19	ELEVATOR	MEDIUM	MEDIUM	MEDIUM	Facilities	427	29.65	1013	1	3	0	3	8	297	0
SLA-001683	8/6/2026 1:06	8/6/2026 2:21	FURNITURE_FIXTURES	MEDIUM	MEDIUM	MEDIUM	Facilities	75	5.21	1365	1	3	0	15	7	749	0
SLA-001684	2/12/2026 10:36	2/12/2026 15:36	OTHER	MEDIUM	LOW	LOW	General Maintenance	300	10.42	2580	10	3	0	19	4	1055	0
SLA-001685	7/6/2026 6:43	7/6/2026 17:14	HVAC_AC	LOW	LOW	LOW	Facilities	631	21.91	2249	6	0	0	8	14	3124	1
SLA-001686	4/4/2026 14:16	4/4/2026 21:11	CLEANING_WASTE	LOW	LOW	LOW	Cleaning Services	415	14.41	2465	14	5	1	19	0	3151	0
SLA-001687	7/9/2026 6:18	7/9/2026 12:45	IT_HARDWARE_PRINTING	HIGH	MEDIUM	HIGH	IT Support	387	80.62	93	6	3	0	4	4	445	1
SLA-001688	6/16/2026 21:01	6/16/2026 23:58	SAFETY_HAZARD	MEDIUM	HIGH	HIGH	Safety Team	177	36.88	303	21	1	0	10	15	165	1
SLA-001689	7/17/2026 22:11	7/18/2026 9:10	HVAC_AC	MEDIUM	LOW	LOW	Facilities	659	22.88	2221	22	4	0	26	14	1197	1
SLA-001690	6/10/2026 16:01	6/10/2026 20:30	ELEVATOR	HIGH	MEDIUM	HIGH	Facilities	269	56.04	211	16	2	0	12	15	468	1
SLA-001691	7/6/2026 13:16	7/6/2026 18:51	OTHER	MEDIUM	HIGH	HIGH	General Maintenance	335	69.79	145	13	0	0	8	6	404	1
SLA-001692	2/17/2026 8:29	2/17/2026 19:16	IT_NETWORK_ACCOUNTS	LOW	HIGH	MEDIUM	IT Support	647	44.93	793	8	1	0	10	13	1328	1
SLA-001693	8/2/2026 9:09	8/2/2026 13:32	FURNITURE_FIXTURES	MEDIUM	MEDIUM	MEDIUM	Facilities	263	18.26	1177	9	6	1	12	14	1596	1
SLA-001694	5/11/2026 8:30	5/11/2026 8:49	GROUNDS_OUTDOOR	HIGH	MEDIUM	HIGH	Grounds Team	19	3.96	461	8	0	0	0	6	364	0
SLA-001695	1/1/2026 21:20	1/1/2026 22:20	SAFETY_HAZARD	HIGH	HIGH	CRITICAL	Safety Team	60	12.5	420	21	3	0	11	6	131	0
SLA-001696	4/21/2026 3:10	4/21/2026 15:09	IT_NETWORK_ACCOUNTS	MEDIUM	LOW	LOW	IT Support	719	24.97	2161	3	1	0	17	10	3249	1
SLA-001697	6/10/2026 17:47	6/11/2026 2:55	OTHER	MEDIUM	LOW	LOW	General Maintenance	548	19.03	2332	17	2	0	9	6	2424	0
SLA-001698	6/23/2026 23:03	6/24/2026 10:53	IT_HARDWARE_PRINTING	LOW	HIGH	MEDIUM	IT Support	710	49.31	730	23	1	0	18	3	1722	0
SLA-001699	5/14/2026 7:12	5/14/2026 10:00	HVAC_AC	MEDIUM	MEDIUM	MEDIUM	Facilities	168	11.67	1272	7	3	0	8	13	1502	1
SLA-001700	4/4/2026 23:37	4/5/2026 6:11	IT_NETWORK_ACCOUNTS	HIGH	MEDIUM	HIGH	IT Support	394	82.08	86	23	5	1	25	0	131	1
SLA-001701	7/5/2026 13:19	7/5/2026 14:55	ELEVATOR	MEDIUM	MEDIUM	MEDIUM	Facilities	96	6.67	1344	13	6	1	22	9	771	0
SLA-001702	3/27/2026 5:49	3/27/2026 11:23	PLUMBING_WATER	LOW	HIGH	MEDIUM	Facilities	334	23.19	1106	5	4	0	20	5	933	0
SLA-001703	8/1/2026 3:48	8/1/2026 9:44	SAFETY_HAZARD	HIGH	LOW	MEDIUM	Safety Team	356	24.72	1084	3	5	1	4	7	1578	1
SLA-001704	7/21/2026 4:16	7/21/2026 10:25	IT_HARDWARE_PRINTING	LOW	LOW	LOW	IT Support	369	12.81	2511	4	1	0	4	3	3375	0
SLA-001705	3/8/2026 18:16	3/9/2026 5:25	GROUNDS_OUTDOOR	MEDIUM	LOW	LOW	Grounds Team	669	23.23	2211	18	6	1	11	14	669	1
SLA-001706	2/24/2026 1:58	2/24/2026 6:58	OTHER	LOW	LOW	LOW	General Maintenance	300	10.42	2580	1	1	0	24	6	650	0
SLA-001707	4/29/2026 15:32	4/29/2026 23:21	HVAC_AC	MEDIUM	MEDIUM	MEDIUM	Facilities	469	32.57	971	15	2	0	6	7	1528	0
SLA-001708	5/10/2026 5:29	5/10/2026 6:06	AV_CLASSROOM_EQUIPMENT	MEDIUM	HIGH	HIGH	AV Support	37	7.71	443	5	6	1	4	12	176	0
SLA-001709	3/28/2026 12:15	3/28/2026 19:41	ELEVATOR	HIGH	MEDIUM	HIGH	Facilities	446	92.92	34	12	5	1	24	10	207	1
SLA-001710	6/19/2026 6:29	6/19/2026 8:06	ELEVATOR	MEDIUM	HIGH	HIGH	Facilities	97	20.21	383	6	4	0	30	0	337	0
SLA-001711	7/3/2026 8:34	7/3/2026 19:03	FURNITURE_FIXTURES	LOW	LOW	LOW	Facilities	629	21.84	2251	8	4	0	25	6	2518	1
SLA-001712	6/21/2026 18:01	6/22/2026 2:30	ELECTRICAL	MEDIUM	LOW	LOW	Facilities	509	17.67	2371	18	6	1	6	14	1734	1
SLA-001713	7/31/2026 2:35	7/31/2026 10:06	IT_HARDWARE_PRINTING	MEDIUM	HIGH	HIGH	IT Support	451	93.96	29	2	4	0	0	11	172	1
SLA-001714	1/23/2026 5:21	1/23/2026 8:27	CLEANING_WASTE	LOW	LOW	LOW	Cleaning Services	186	6.46	2694	5	4	0	10	10	2689	1
SLA-001715	3/19/2026 2:39	3/19/2026 3:05	AV_CLASSROOM_EQUIPMENT	HIGH	HIGH	CRITICAL	AV Support	26	5.42	454	2	3	0	5	5	538	0
SLA-001716	4/20/2026 18:23	4/20/2026 19:21	BUILDING_STRUCTURE	LOW	HIGH	MEDIUM	Facilities	58	4.03	1382	18	0	0	27	11	1598	1
SLA-001717	6/2/2026 0:28	6/2/2026 5:27	SAFETY_HAZARD	MEDIUM	LOW	LOW	Safety Team	299	10.38	2581	0	1	0	25	14	2800	1
SLA-001718	3/14/2026 2:03	3/14/2026 10:49	IT_NETWORK_ACCOUNTS	LOW	MEDIUM	LOW	IT Support	526	18.26	2354	2	5	1	2	12	2022	0
SLA-001719	1/26/2026 8:09	1/26/2026 15:20	IT_HARDWARE_PRINTING	HIGH	MEDIUM	HIGH	IT Support	431	89.79	49	8	0	0	23	9	301	1
SLA-001720	3/16/2026 20:41	3/16/2026 23:53	CLEANING_WASTE	LOW	LOW	LOW	Cleaning Services	192	6.67	2688	20	0	0	30	5	666	0
SLA-001721	6/9/2026 8:17	6/9/2026 12:38	HVAC_AC	HIGH	MEDIUM	HIGH	Facilities	261	54.37	219	8	1	0	19	14	384	1
SLA-001722	3/8/2026 18:59	3/8/2026 20:25	PLUMBING_WATER	MEDIUM	HIGH	HIGH	Facilities	86	17.92	394	18	6	1	10	1	134	0
SLA-001723	8/7/2026 11:57	8/7/2026 15:14	HVAC_AC	MEDIUM	LOW	LOW	Facilities	197	6.84	2683	11	4	0	6	7	2250	0
SLA-001724	8/18/2026 8:45	8/18/2026 9:19	PLUMBING_WATER	MEDIUM	MEDIUM	MEDIUM	Facilities	34	2.36	1406	8	1	0	13	13	392	1
SLA-001725	7/30/2026 7:25	7/30/2026 14:53	ELEVATOR	HIGH	HIGH	CRITICAL	Facilities	448	93.33	32	7	3	0	25	7	132	1
SLA-001726	2/20/2026 16:35	2/20/2026 18:17	GROUNDS_OUTDOOR	LOW	LOW	LOW	Grounds Team	102	3.54	2778	16	4	0	16	14	610	0
SLA-001727	5/25/2026 2:26	5/25/2026 13:03	AV_CLASSROOM_EQUIPMENT	MEDIUM	LOW	LOW	AV Support	637	22.12	2243	2	0	0	30	13	913	1
SLA-001728	4/13/2026 12:33	4/13/2026 17:58	IT_NETWORK_ACCOUNTS	HIGH	HIGH	CRITICAL	IT Support	325	67.71	155	12	0	0	15	10	211	1
SLA-001729	8/16/2026 17:06	8/16/2026 21:14	GROUNDS_OUTDOOR	HIGH	MEDIUM	HIGH	Grounds Team	248	51.67	232	17	6	1	20	9	219	1
SLA-001730	5/19/2026 9:35	5/19/2026 12:50	ELEVATOR	MEDIUM	HIGH	HIGH	Facilities	195	40.62	285	9	1	0	8	10	398	1
SLA-001731	2/17/2026 17:47	2/18/2026 0:19	IT_NETWORK_ACCOUNTS	MEDIUM	HIGH	HIGH	IT Support	392	81.67	88	17	1	0	24	15	410	1
SLA-001732	8/5/2026 15:52	8/5/2026 19:21	SAFETY_HAZARD	MEDIUM	LOW	LOW	Safety Team	209	7.26	2671	15	2	0	6	7	664	0
SLA-001733	1/5/2026 20:37	1/6/2026 2:20	OTHER	MEDIUM	MEDIUM	MEDIUM	General Maintenance	343	23.82	1097	20	0	0	6	9	977	0
SLA-001734	6/12/2026 17:28	6/12/2026 23:09	IT_HARDWARE_PRINTING	MEDIUM	MEDIUM	MEDIUM	IT Support	341	23.68	1099	17	4	0	27	4	745	0
SLA-001735	2/11/2026 3:01	2/11/2026 4:16	FURNITURE_FIXTURES	MEDIUM	HIGH	HIGH	Facilities	75	15.62	405	3	2	0	16	13	184	1
SLA-001736	4/27/2026 4:09	4/27/2026 5:31	OTHER	LOW	LOW	LOW	General Maintenance	82	2.85	2798	4	0	0	7	1	2885	0
SLA-001737	4/16/2026 20:37	4/17/2026 7:50	FURNITURE_FIXTURES	LOW	HIGH	MEDIUM	Facilities	673	46.74	767	20	3	0	19	15	1294	1
SLA-001738	5/11/2026 19:44	5/12/2026 1:37	IT_NETWORK_ACCOUNTS	HIGH	LOW	MEDIUM	IT Support	353	24.51	1087	19	0	0	4	15	812	0
SLA-001739	5/10/2026 21:12	5/11/2026 5:43	IT_HARDWARE_PRINTING	MEDIUM	LOW	LOW	IT Support	511	17.74	2369	21	6	1	11	9	1045	0
SLA-001740	6/8/2026 7:04	6/8/2026 10:03	IT_NETWORK_ACCOUNTS	HIGH	HIGH	CRITICAL	IT Support	179	37.29	301	7	0	0	9	15	365	1
SLA-001741	5/21/2026 22:32	5/22/2026 5:36	AV_CLASSROOM_EQUIPMENT	HIGH	MEDIUM	HIGH	AV Support	424	88.33	56	22	3	0	13	12	133	1
SLA-001742	8/12/2026 3:22	8/12/2026 13:04	BUILDING_STRUCTURE	LOW	LOW	LOW	Facilities	582	20.21	2298	3	2	0	19	0	630	0
SLA-001743	2/11/2026 19:44	2/11/2026 23:10	CLEANING_WASTE	HIGH	MEDIUM	HIGH	Cleaning Services	206	42.92	274	19	2	0	11	13	556	1
SLA-001744	3/13/2026 3:22	3/13/2026 6:45	OTHER	MEDIUM	HIGH	HIGH	General Maintenance	203	42.29	277	3	4	0	19	5	416	0
SLA-001745	6/14/2026 1:17	6/14/2026 8:56	PLUMBING_WATER	LOW	HIGH	MEDIUM	Facilities	459	31.87	981	1	6	1	10	9	1222	1
SLA-001746	3/29/2026 19:10	3/30/2026 0:43	ELEVATOR	HIGH	HIGH	CRITICAL	Facilities	333	69.38	147	19	6	1	17	14	347	1
SLA-001747	7/2/2026 2:10	7/2/2026 2:46	IT_HARDWARE_PRINTING	LOW	HIGH	MEDIUM	IT Support	36	2.5	1404	2	3	0	15	9	585	0
SLA-001748	6/20/2026 18:23	6/21/2026 0:58	AV_CLASSROOM_EQUIPMENT	HIGH	HIGH	CRITICAL	AV Support	395	82.29	85	18	5	1	6	13	102	1
SLA-001749	8/15/2026 22:42	8/16/2026 0:48	PLUMBING_WATER	MEDIUM	LOW	LOW	Facilities	126	4.38	2754	22	5	1	24	9	1123	0
SLA-001750	4/30/2026 10:21	4/30/2026 14:20	OTHER	MEDIUM	MEDIUM	MEDIUM	General Maintenance	239	16.6	1201	10	3	0	16	9	681	0
SLA-001751	1/5/2026 5:33	1/5/2026 10:58	BUILDING_STRUCTURE	HIGH	MEDIUM	HIGH	Facilities	325	67.71	155	5	0	0	0	7	462	1
SLA-001752	2/5/2026 9:03	2/5/2026 11:24	SAFETY_HAZARD	HIGH	MEDIUM	HIGH	Safety Team	141	29.38	339	9	3	0	18	6	549	1
SLA-001753	1/20/2026 4:47	1/20/2026 16:37	OTHER	MEDIUM	MEDIUM	MEDIUM	General Maintenance	710	49.31	730	4	1	0	14	6	469	0
SLA-001754	5/31/2026 4:48	5/31/2026 10:53	SAFETY_HAZARD	MEDIUM	HIGH	HIGH	Safety Team	365	76.04	115	4	6	1	5	7	353	1
SLA-001755	5/18/2026 2:49	5/18/2026 4:23	CLEANING_WASTE	MEDIUM	LOW	LOW	Cleaning Services	94	3.26	2786	2	0	0	16	1	1349	0
SLA-001756	4/10/2026 22:39	4/11/2026 0:14	SAFETY_HAZARD	HIGH	HIGH	CRITICAL	Safety Team	95	19.79	385	22	4	0	12	6	441	1
SLA-001757	1/27/2026 11:40	1/27/2026 17:35	GROUNDS_OUTDOOR	MEDIUM	MEDIUM	MEDIUM	Grounds Team	355	24.65	1085	11	1	0	26	12	1561	1
SLA-001758	3/1/2026 7:35	3/1/2026 12:09	AV_CLASSROOM_EQUIPMENT	HIGH	MEDIUM	HIGH	AV Support	274	57.08	206	7	6	1	28	0	407	1
SLA-001759	6/27/2026 11:39	6/27/2026 19:48	IT_HARDWARE_PRINTING	MEDIUM	LOW	LOW	IT Support	489	16.98	2391	11	5	1	20	3	2446	1
SLA-001760	6/9/2026 8:01	6/9/2026 15:02	FURNITURE_FIXTURES	MEDIUM	MEDIUM	MEDIUM	Facilities	421	29.24	1019	8	1	0	13	3	604	0
SLA-001761	4/24/2026 2:02	4/24/2026 3:12	BUILDING_STRUCTURE	MEDIUM	HIGH	HIGH	Facilities	70	14.58	410	2	4	0	11	12	280	1
SLA-001762	5/3/2026 7:08	5/3/2026 17:37	ELECTRICAL	LOW	LOW	LOW	Facilities	629	21.84	2251	7	6	1	16	5	1776	0
SLA-001763	7/4/2026 3:13	7/4/2026 3:35	ELECTRICAL	HIGH	MEDIUM	HIGH	Facilities	22	4.58	458	3	5	1	25	3	188	1
SLA-001764	4/29/2026 5:35	4/29/2026 8:40	HVAC_AC	MEDIUM	LOW	LOW	Facilities	185	6.42	2695	5	2	0	12	8	718	0
SLA-001765	7/27/2026 21:00	7/27/2026 22:40	GROUNDS_OUTDOOR	LOW	LOW	LOW	Grounds Team	100	3.47	2780	21	0	0	6	3	746	0
SLA-001766	5/10/2026 13:15	5/10/2026 17:11	GROUNDS_OUTDOOR	MEDIUM	HIGH	HIGH	Grounds Team	236	49.17	244	13	6	1	8	10	239	0
SLA-001767	3/6/2026 6:11	3/6/2026 10:02	SAFETY_HAZARD	HIGH	HIGH	CRITICAL	Safety Team	231	48.12	249	6	4	0	10	3	174	0
SLA-001768	3/23/2026 14:10	3/23/2026 16:04	BUILDING_STRUCTURE	HIGH	MEDIUM	HIGH	Facilities	114	23.75	366	14	0	0	14	1	558	0
SLA-001769	1/31/2026 6:08	1/31/2026 12:10	HVAC_AC	HIGH	HIGH	CRITICAL	Facilities	362	75.42	118	6	5	1	25	5	525	1
SLA-001770	2/25/2026 1:50	2/25/2026 8:00	BUILDING_STRUCTURE	LOW	HIGH	MEDIUM	Facilities	370	25.69	1070	1	2	0	22	2	466	0
SLA-001771	7/24/2026 0:27	7/24/2026 6:18	BUILDING_STRUCTURE	MEDIUM	LOW	LOW	Facilities	351	12.19	2529	0	4	0	16	6	934	0
SLA-001772	8/15/2026 20:02	8/16/2026 3:50	ELEVATOR	MEDIUM	LOW	LOW	Facilities	468	16.25	2412	20	5	1	27	3	2769	0
SLA-001773	8/21/2026 11:06	8/21/2026 18:51	CLEANING_WASTE	MEDIUM	MEDIUM	MEDIUM	Cleaning Services	465	32.29	975	11	4	0	30	8	1354	1
SLA-001774	4/25/2026 10:24	4/25/2026 11:48	BUILDING_STRUCTURE	HIGH	MEDIUM	HIGH	Facilities	84	17.5	396	10	5	1	18	15	317	1
SLA-001775	4/26/2026 11:42	4/26/2026 14:04	CLEANING_WASTE	MEDIUM	LOW	LOW	Cleaning Services	142	4.93	2738	11	6	1	18	4	2225	0
SLA-001776	5/26/2026 4:45	5/26/2026 15:14	GROUNDS_OUTDOOR	LOW	LOW	LOW	Grounds Team	629	21.84	2251	4	1	0	4	14	3450	1
SLA-001777	5/23/2026 20:12	5/23/2026 21:29	SAFETY_HAZARD	HIGH	MEDIUM	HIGH	Safety Team	77	16.04	403	20	5	1	1	4	358	0
SLA-001778	6/30/2026 17:48	7/1/2026 3:20	IT_HARDWARE_PRINTING	LOW	HIGH	MEDIUM	IT Support	572	39.72	868	17	1	0	20	15	759	1
SLA-001779	6/18/2026 13:12	6/18/2026 19:39	CLEANING_WASTE	HIGH	HIGH	CRITICAL	Cleaning Services	387	80.62	93	13	3	0	0	4	119	0
SLA-001780	6/1/2026 13:09	6/2/2026 0:59	ELEVATOR	MEDIUM	LOW	LOW	Facilities	710	24.65	2170	13	0	0	7	3	2308	0
SLA-001781	6/24/2026 6:57	6/24/2026 8:09	HVAC_AC	MEDIUM	HIGH	HIGH	Facilities	72	15	408	6	2	0	18	12	432	1
SLA-001782	5/21/2026 1:51	5/21/2026 2:58	BUILDING_STRUCTURE	LOW	HIGH	MEDIUM	Facilities	67	4.65	1373	1	3	0	12	8	1410	0
SLA-001783	7/16/2026 23:04	7/17/2026 10:27	CLEANING_WASTE	LOW	LOW	LOW	Cleaning Services	683	23.72	2197	23	3	0	9	9	1664	0
SLA-001784	7/4/2026 14:58	7/4/2026 19:34	HVAC_AC	HIGH	HIGH	CRITICAL	Facilities	276	57.5	204	14	5	1	12	9	532	1
SLA-001785	4/26/2026 2:46	4/26/2026 4:50	CLEANING_WASTE	MEDIUM	LOW	LOW	Cleaning Services	124	4.31	2756	2	6	1	5	13	1927	0
SLA-001786	3/28/2026 10:34	3/28/2026 12:40	FURNITURE_FIXTURES	MEDIUM	LOW	LOW	Facilities	126	4.38	2754	10	5	1	10	11	1280	0
SLA-001787	3/19/2026 11:35	3/19/2026 13:23	PLUMBING_WATER	HIGH	MEDIUM	HIGH	Facilities	108	22.5	372	11	3	0	2	2	173	0
SLA-001788	3/20/2026 3:09	3/20/2026 5:56	IT_HARDWARE_PRINTING	MEDIUM	HIGH	HIGH	IT Support	167	34.79	313	3	4	0	10	10	309	1
SLA-001789	5/18/2026 2:28	5/18/2026 7:01	BUILDING_STRUCTURE	HIGH	HIGH	CRITICAL	Facilities	273	56.88	207	2	0	0	26	5	318	1
SLA-001790	3/9/2026 6:54	3/9/2026 11:40	AV_CLASSROOM_EQUIPMENT	MEDIUM	HIGH	HIGH	AV Support	286	59.58	194	6	0	0	27	15	101	1
SLA-001791	6/23/2026 8:13	6/23/2026 15:44	AV_CLASSROOM_EQUIPMENT	HIGH	MEDIUM	HIGH	AV Support	451	93.96	29	8	1	0	5	10	369	1
SLA-001792	7/2/2026 13:56	7/2/2026 18:10	CLEANING_WASTE	MEDIUM	HIGH	HIGH	Cleaning Services	254	52.92	226	13	3	0	8	4	307	0
SLA-001793	1/25/2026 23:19	1/26/2026 6:07	SAFETY_HAZARD	MEDIUM	HIGH	HIGH	Safety Team	408	85	72	23	6	1	23	12	576	1
SLA-001794	3/9/2026 0:25	3/9/2026 0:56	HVAC_AC	MEDIUM	HIGH	HIGH	Facilities	31	6.46	449	0	0	0	0	13	144	0
SLA-001795	4/14/2026 6:41	4/14/2026 16:08	FURNITURE_FIXTURES	LOW	HIGH	MEDIUM	Facilities	567	39.38	873	6	1	0	0	5	685	0
SLA-001796	4/3/2026 9:56	4/3/2026 15:59	HVAC_AC	HIGH	HIGH	CRITICAL	Facilities	363	75.62	117	9	4	0	11	13	216	1
SLA-001797	8/1/2026 8:11	8/1/2026 9:02	SAFETY_HAZARD	MEDIUM	HIGH	HIGH	Safety Team	51	10.62	429	8	5	1	12	3	258	0
SLA-001798	1/19/2026 16:51	1/20/2026 4:33	FURNITURE_FIXTURES	MEDIUM	MEDIUM	MEDIUM	Facilities	702	48.75	738	16	0	0	9	15	1611	1
SLA-001799	4/27/2026 15:53	4/27/2026 20:52	SAFETY_HAZARD	HIGH	HIGH	CRITICAL	Safety Team	299	62.29	181	15	0	0	8	12	287	1
SLA-001800	6/23/2026 14:53	6/23/2026 15:55	ELEVATOR	HIGH	HIGH	CRITICAL	Facilities	62	12.92	418	14	1	0	14	13	376	1
SLA-001801	4/9/2026 9:51	4/9/2026 10:28	CLEANING_WASTE	LOW	LOW	LOW	Cleaning Services	37	1.28	2843	9	3	0	16	8	2428	0
SLA-001802	8/15/2026 1:20	8/15/2026 3:57	BUILDING_STRUCTURE	MEDIUM	MEDIUM	MEDIUM	Facilities	157	10.9	1283	1	5	1	15	14	438	1
SLA-001803	4/4/2026 9:54	4/4/2026 11:02	IT_NETWORK_ACCOUNTS	LOW	LOW	LOW	IT Support	68	2.36	2812	9	5	1	16	15	3039	1
SLA-001804	7/11/2026 3:31	7/11/2026 6:38	BUILDING_STRUCTURE	MEDIUM	HIGH	HIGH	Facilities	187	38.96	293	3	5	1	14	10	172	1
SLA-001805	8/25/2026 4:03	8/25/2026 4:53	AV_CLASSROOM_EQUIPMENT	LOW	HIGH	MEDIUM	AV Support	50	3.47	1390	4	1	0	22	2	515	0
SLA-001806	4/29/2026 16:37	4/29/2026 21:10	CLEANING_WASTE	MEDIUM	MEDIUM	MEDIUM	Cleaning Services	273	18.96	1167	16	2	0	20	10	561	0
SLA-001807	5/13/2026 18:35	5/14/2026 4:40	IT_HARDWARE_PRINTING	LOW	HIGH	MEDIUM	IT Support	605	42.01	835	18	2	0	28	9	1153	1
SLA-001808	7/27/2026 6:49	7/27/2026 18:30	ELECTRICAL	MEDIUM	MEDIUM	MEDIUM	Facilities	701	48.68	739	6	0	0	17	8	590	0
SLA-001809	5/17/2026 16:32	5/17/2026 22:05	ELEVATOR	MEDIUM	HIGH	HIGH	Facilities	333	69.38	147	16	6	1	20	1	449	1
SLA-001810	3/28/2026 0:03	3/28/2026 6:46	ELECTRICAL	MEDIUM	MEDIUM	MEDIUM	Facilities	403	27.99	1037	0	5	1	7	13	982	0
SLA-001811	6/6/2026 11:09	6/6/2026 12:58	PLUMBING_WATER	MEDIUM	HIGH	HIGH	Facilities	109	22.71	371	11	5	1	18	12	461	1
SLA-001812	8/1/2026 3:49	8/1/2026 6:54	HVAC_AC	MEDIUM	LOW	LOW	Facilities	185	6.42	2695	3	5	1	12	15	1085	1
SLA-001813	6/1/2026 0:02	6/1/2026 1:16	CLEANING_WASTE	LOW	HIGH	MEDIUM	Cleaning Services	74	5.14	1366	0	0	0	16	7	343	0
SLA-001814	7/31/2026 15:03	7/31/2026 23:09	HVAC_AC	LOW	HIGH	MEDIUM	Facilities	486	33.75	954	15	4	0	22	8	409	0
SLA-001815	4/24/2026 23:41	4/25/2026 5:43	FURNITURE_FIXTURES	MEDIUM	LOW	LOW	Facilities	362	12.57	2518	23	4	0	30	7	1587	1
SLA-001816	1/22/2026 23:10	1/22/2026 23:30	CLEANING_WASTE	MEDIUM	MEDIUM	MEDIUM	Cleaning Services	20	1.39	1420	23	3	0	4	5	318	0
SLA-001817	5/17/2026 2:28	5/17/2026 8:35	FURNITURE_FIXTURES	MEDIUM	HIGH	HIGH	Facilities	367	76.46	113	2	6	1	28	10	385	1
SLA-001818	3/26/2026 8:59	3/26/2026 14:21	SAFETY_HAZARD	MEDIUM	LOW	LOW	Safety Team	322	11.18	2558	8	3	0	30	3	1202	1
SLA-001819	1/9/2026 12:46	1/9/2026 17:07	PLUMBING_WATER	LOW	HIGH	MEDIUM	Facilities	261	18.12	1179	12	4	0	14	10	670	0
SLA-001820	3/25/2026 1:13	3/25/2026 6:33	ELEVATOR	MEDIUM	HIGH	HIGH	Facilities	320	66.67	160	1	2	0	2	12	425	1
SLA-001821	3/25/2026 23:32	3/26/2026 1:47	ELECTRICAL	MEDIUM	HIGH	HIGH	Facilities	135	28.12	345	23	2	0	4	15	296	1
SLA-001822	2/13/2026 20:26	2/14/2026 4:30	FURNITURE_FIXTURES	LOW	MEDIUM	LOW	Facilities	484	16.81	2396	20	4	0	4	4	1961	0
SLA-001823	3/18/2026 0:42	3/18/2026 2:28	OTHER	MEDIUM	HIGH	HIGH	General Maintenance	106	22.08	374	0	2	0	9	13	420	1
SLA-001824	7/11/2026 17:02	7/11/2026 22:55	FURNITURE_FIXTURES	LOW	MEDIUM	LOW	Facilities	353	12.26	2527	17	5	1	11	8	1280	0
SLA-001825	8/11/2026 4:17	8/11/2026 11:21	FURNITURE_FIXTURES	HIGH	MEDIUM	HIGH	Facilities	424	88.33	56	4	1	0	20	12	123	1
SLA-001826	3/20/2026 3:08	3/20/2026 9:09	CLEANING_WASTE	MEDIUM	MEDIUM	MEDIUM	Cleaning Services	361	25.07	1079	3	4	0	24	0	1109	0
SLA-001827	2/18/2026 17:27	2/18/2026 18:14	BUILDING_STRUCTURE	MEDIUM	LOW	LOW	Facilities	47	1.63	2833	17	2	0	14	11	872	0
SLA-001828	8/4/2026 5:06	8/4/2026 12:29	PLUMBING_WATER	MEDIUM	MEDIUM	MEDIUM	Facilities	443	30.76	997	5	1	0	22	3	312	0
SLA-001829	2/28/2026 7:28	2/28/2026 12:29	IT_NETWORK_ACCOUNTS	HIGH	MEDIUM	HIGH	IT Support	301	62.71	179	7	5	1	2	10	409	1
SLA-001830	6/27/2026 20:43	6/28/2026 1:14	ELECTRICAL	LOW	HIGH	MEDIUM	Facilities	271	18.82	1169	20	5	1	0	0	1553	0
SLA-001831	1/26/2026 12:14	1/26/2026 13:28	PLUMBING_WATER	HIGH	MEDIUM	HIGH	Facilities	74	15.42	406	12	0	0	18	11	366	1
SLA-001832	3/26/2026 12:23	3/26/2026 17:08	FURNITURE_FIXTURES	LOW	LOW	LOW	Facilities	285	9.9	2595	12	3	0	1	11	901	0
SLA-001833	3/17/2026 0:30	3/17/2026 2:20	IT_NETWORK_ACCOUNTS	MEDIUM	HIGH	HIGH	IT Support	110	22.92	370	0	1	0	14	3	355	0
SLA-001834	8/6/2026 15:31	8/7/2026 1:39	ELECTRICAL	MEDIUM	LOW	LOW	Facilities	608	21.11	2272	15	3	0	13	2	3275	0
SLA-001835	8/25/2026 13:21	8/25/2026 17:48	HVAC_AC	MEDIUM	LOW	LOW	Facilities	267	9.27	2613	13	1	0	7	11	1213	0
SLA-001836	3/3/2026 3:59	3/3/2026 6:48	FURNITURE_FIXTURES	HIGH	MEDIUM	HIGH	Facilities	169	35.21	311	3	1	0	28	15	252	1
SLA-001837	7/20/2026 13:25	7/20/2026 19:38	BUILDING_STRUCTURE	LOW	HIGH	MEDIUM	Facilities	373	25.9	1067	13	0	0	11	2	758	0
SLA-001838	6/14/2026 11:42	6/14/2026 22:10	ELECTRICAL	MEDIUM	MEDIUM	MEDIUM	Facilities	628	43.61	812	11	6	1	14	0	1432	0
SLA-001839	6/2/2026 4:30	6/2/2026 8:46	SAFETY_HAZARD	MEDIUM	HIGH	HIGH	Safety Team	256	53.33	224	4	1	0	19	7	411	1
SLA-001840	8/5/2026 13:53	8/5/2026 19:08	ELEVATOR	HIGH	HIGH	CRITICAL	Facilities	315	65.62	165	13	2	0	21	10	510	1
SLA-001841	1/23/2026 12:01	1/23/2026 14:50	IT_NETWORK_ACCOUNTS	HIGH	MEDIUM	HIGH	IT Support	169	35.21	311	12	4	0	17	3	156	0
SLA-001842	8/2/2026 21:15	8/3/2026 1:22	CLEANING_WASTE	LOW	LOW	LOW	Cleaning Services	247	8.58	2633	21	6	1	7	2	1442	0
SLA-001843	3/20/2026 8:21	3/20/2026 14:07	ELECTRICAL	MEDIUM	LOW	LOW	Facilities	346	12.01	2534	8	4	0	22	4	1717	0
SLA-001844	2/6/2026 5:04	2/6/2026 13:14	BUILDING_STRUCTURE	LOW	HIGH	MEDIUM	Facilities	490	34.03	950	5	4	0	12	5	1426	0
SLA-001845	4/2/2026 0:23	4/2/2026 11:43	GROUNDS_OUTDOOR	LOW	LOW	LOW	Grounds Team	680	23.61	2200	0	3	0	0	2	2262	0
SLA-001846	6/20/2026 10:48	6/20/2026 17:28	IT_NETWORK_ACCOUNTS	MEDIUM	HIGH	HIGH	IT Support	400	83.33	80	10	5	1	21	12	162	1
SLA-001847	4/11/2026 16:40	4/11/2026 21:05	CLEANING_WASTE	LOW	HIGH	MEDIUM	Cleaning Services	265	18.4	1175	16	5	1	26	2	508	0
SLA-001848	2/10/2026 20:15	2/10/2026 23:23	CLEANING_WASTE	MEDIUM	MEDIUM	MEDIUM	Cleaning Services	188	13.06	1252	20	1	0	0	12	588	0
SLA-001849	6/2/2026 18:25	6/3/2026 0:54	IT_HARDWARE_PRINTING	MEDIUM	HIGH	HIGH	IT Support	389	81.04	91	18	1	0	9	2	270	0
SLA-001850	5/1/2026 4:36	5/1/2026 8:08	ELEVATOR	HIGH	HIGH	CRITICAL	Facilities	212	44.17	268	4	4	0	16	2	133	0
SLA-001851	2/4/2026 3:34	2/4/2026 6:01	ELECTRICAL	HIGH	MEDIUM	HIGH	Facilities	147	30.63	333	3	2	0	18	7	405	1
SLA-001852	8/10/2026 23:02	8/11/2026 6:32	SAFETY_HAZARD	HIGH	HIGH	CRITICAL	Safety Team	450	93.75	30	23	0	0	12	7	237	1
SLA-001853	2/7/2026 22:07	2/8/2026 8:30	OTHER	LOW	HIGH	MEDIUM	General Maintenance	623	43.26	817	22	5	1	24	7	1458	1
SLA-001854	6/10/2026 23:47	6/11/2026 3:25	HVAC_AC	LOW	HIGH	MEDIUM	Facilities	218	15.14	1222	23	2	0	0	15	1724	1
SLA-001855	1/15/2026 16:48	1/15/2026 17:09	IT_NETWORK_ACCOUNTS	HIGH	HIGH	CRITICAL	IT Support	21	4.38	459	16	3	0	28	5	436	1
SLA-001856	8/17/2026 22:19	8/18/2026 4:17	PLUMBING_WATER	HIGH	MEDIUM	HIGH	Facilities	358	74.58	122	22	0	0	12	14	312	1
SLA-001857	4/25/2026 2:34	4/25/2026 9:15	BUILDING_STRUCTURE	HIGH	MEDIUM	HIGH	Facilities	401	83.54	79	2	5	1	7	5	391	0
SLA-001858	4/5/2026 2:51	4/5/2026 4:01	ELECTRICAL	MEDIUM	HIGH	HIGH	Facilities	70	14.58	410	2	6	1	8	6	98	0
SLA-001859	4/3/2026 11:16	4/3/2026 11:43	GROUNDS_OUTDOOR	LOW	MEDIUM	LOW	Grounds Team	27	0.94	2853	11	4	0	7	1	2969	0
SLA-001860	4/20/2026 10:15	4/20/2026 16:48	SAFETY_HAZARD	HIGH	LOW	MEDIUM	Safety Team	393	27.29	1047	10	0	0	12	13	698	0
SLA-001861	7/27/2026 20:18	7/28/2026 1:53	OTHER	LOW	LOW	LOW	General Maintenance	335	11.63	2545	20	0	0	17	1	1751	0
SLA-001862	4/20/2026 17:37	4/20/2026 23:10	IT_NETWORK_ACCOUNTS	LOW	LOW	LOW	IT Support	333	11.56	2547	17	0	0	13	11	848	0
SLA-001863	1/19/2026 7:37	1/19/2026 8:04	IT_HARDWARE_PRINTING	MEDIUM	MEDIUM	MEDIUM	IT Support	27	1.88	1413	7	0	0	4	6	856	0
SLA-001864	1/16/2026 0:51	1/16/2026 9:12	AV_CLASSROOM_EQUIPMENT	LOW	HIGH	MEDIUM	AV Support	501	34.79	939	0	4	0	9	5	1553	0
SLA-001865	4/10/2026 16:41	4/10/2026 19:13	CLEANING_WASTE	HIGH	MEDIUM	HIGH	Cleaning Services	152	31.67	328	16	4	0	0	1	101	0
SLA-001866	6/26/2026 2:14	6/26/2026 10:34	HVAC_AC	MEDIUM	LOW	LOW	Facilities	500	17.36	2380	2	4	0	19	1	1494	0
SLA-001867	2/25/2026 15:51	2/25/2026 18:03	PLUMBING_WATER	LOW	MEDIUM	LOW	Facilities	132	4.58	2748	15	2	0	26	12	2961	1
SLA-001868	6/27/2026 4:16	6/27/2026 14:28	ELEVATOR	MEDIUM	MEDIUM	MEDIUM	Facilities	612	42.5	828	4	5	1	25	14	1477	1
SLA-001869	3/10/2026 8:19	3/10/2026 14:43	CLEANING_WASTE	LOW	LOW	LOW	Cleaning Services	384	13.33	2496	8	1	0	15	4	1102	0
SLA-001870	1/13/2026 3:15	1/13/2026 9:38	IT_HARDWARE_PRINTING	MEDIUM	MEDIUM	MEDIUM	IT Support	383	26.6	1057	3	1	0	22	14	1503	1
SLA-001871	1/13/2026 23:28	1/14/2026 1:02	IT_HARDWARE_PRINTING	MEDIUM	LOW	LOW	IT Support	94	3.26	2786	23	1	0	23	11	1832	1
SLA-001872	3/27/2026 14:10	3/27/2026 18:29	HVAC_AC	HIGH	HIGH	CRITICAL	Facilities	259	53.96	221	14	4	0	21	8	357	1
SLA-001873	8/23/2026 6:08	8/23/2026 12:52	AV_CLASSROOM_EQUIPMENT	MEDIUM	HIGH	HIGH	AV Support	404	84.17	76	6	6	1	1	14	363	1
SLA-001874	3/27/2026 9:55	3/27/2026 16:58	GROUNDS_OUTDOOR	HIGH	MEDIUM	HIGH	Grounds Team	423	88.12	57	9	4	0	4	4	287	0
SLA-001875	6/14/2026 16:45	6/14/2026 20:54	GROUNDS_OUTDOOR	MEDIUM	MEDIUM	MEDIUM	Grounds Team	249	17.29	1191	16	6	1	5	5	585	0
SLA-001876	4/15/2026 4:25	4/15/2026 5:53	GROUNDS_OUTDOOR	MEDIUM	HIGH	HIGH	Grounds Team	88	18.33	392	4	2	0	12	6	181	0
SLA-001877	8/27/2026 3:33	8/27/2026 9:05	SAFETY_HAZARD	HIGH	MEDIUM	HIGH	Safety Team	332	69.17	148	3	3	0	20	1	464	1
SLA-001878	6/26/2026 3:29	6/26/2026 6:11	GROUNDS_OUTDOOR	MEDIUM	MEDIUM	MEDIUM	Grounds Team	162	11.25	1278	3	4	0	14	11	1270	1
SLA-001879	8/4/2026 11:26	8/4/2026 16:38	AV_CLASSROOM_EQUIPMENT	MEDIUM	MEDIUM	MEDIUM	AV Support	312	21.67	1128	11	1	0	17	9	1271	0
SLA-001880	1/18/2026 16:02	1/18/2026 21:35	PLUMBING_WATER	MEDIUM	HIGH	HIGH	Facilities	333	69.38	147	16	6	1	4	3	220	0
SLA-001881	1/5/2026 1:16	1/5/2026 4:49	IT_HARDWARE_PRINTING	MEDIUM	MEDIUM	MEDIUM	IT Support	213	14.79	1227	1	0	0	3	13	1496	1
SLA-001882	5/12/2026 5:25	5/12/2026 16:27	GROUNDS_OUTDOOR	MEDIUM	LOW	LOW	Grounds Team	662	22.99	2218	5	1	0	14	13	3342	1
SLA-001883	4/5/2026 22:19	4/6/2026 4:22	HVAC_AC	LOW	HIGH	MEDIUM	Facilities	363	25.21	1077	22	6	1	19	4	464	0
SLA-001884	3/31/2026 14:22	3/31/2026 23:20	IT_HARDWARE_PRINTING	MEDIUM	MEDIUM	MEDIUM	IT Support	538	37.36	902	14	1	0	13	2	1418	0
SLA-001885	3/23/2026 4:37	3/23/2026 5:55	CLEANING_WASTE	MEDIUM	LOW	LOW	Cleaning Services	78	2.71	2802	4	0	0	6	4	2045	0
SLA-001886	8/6/2026 12:44	8/6/2026 20:38	HVAC_AC	MEDIUM	MEDIUM	MEDIUM	Facilities	474	32.92	966	12	3	0	5	0	1717	0
SLA-001887	4/17/2026 23:28	4/18/2026 6:58	FURNITURE_FIXTURES	HIGH	MEDIUM	HIGH	Facilities	450	93.75	30	23	4	0	4	0	406	1
SLA-001888	5/31/2026 22:40	6/1/2026 6:49	HVAC_AC	MEDIUM	MEDIUM	MEDIUM	Facilities	489	33.96	951	22	6	1	25	1	1200	0
SLA-001889	3/26/2026 16:31	3/27/2026 3:32	FURNITURE_FIXTURES	LOW	MEDIUM	LOW	Facilities	661	22.95	2219	16	3	0	25	0	1493	0
SLA-001890	4/21/2026 23:17	4/22/2026 3:21	ELECTRICAL	LOW	HIGH	MEDIUM	Facilities	244	16.94	1196	23	1	0	6	15	819	0
SLA-001891	5/23/2026 1:35	5/23/2026 9:56	FURNITURE_FIXTURES	LOW	MEDIUM	LOW	Facilities	501	17.4	2379	1	5	1	22	9	984	0
SLA-001892	3/9/2026 22:35	3/10/2026 0:15	FURNITURE_FIXTURES	MEDIUM	HIGH	HIGH	Facilities	100	20.83	380	22	0	0	30	7	563	1
SLA-001893	4/6/2026 14:47	4/6/2026 16:53	BUILDING_STRUCTURE	HIGH	MEDIUM	HIGH	Facilities	126	26.25	354	14	0	0	18	13	466	1
SLA-001894	3/11/2026 6:30	3/11/2026 11:42	ELEVATOR	HIGH	HIGH	CRITICAL	Facilities	312	65	168	6	2	0	27	2	98	1
SLA-001895	7/13/2026 6:17	7/13/2026 7:51	HVAC_AC	MEDIUM	LOW	LOW	Facilities	94	3.26	2786	6	0	0	13	11	1395	0
SLA-001896	5/13/2026 23:21	5/14/2026 10:34	GROUNDS_OUTDOOR	LOW	LOW	LOW	Grounds Team	673	23.37	2207	23	2	0	30	6	3137	1
SLA-001897	3/28/2026 12:08	3/28/2026 17:01	GROUNDS_OUTDOOR	LOW	LOW	LOW	Grounds Team	293	10.17	2587	12	5	1	4	8	3195	1
SLA-001898	7/13/2026 20:36	7/13/2026 20:58	IT_NETWORK_ACCOUNTS	MEDIUM	HIGH	HIGH	IT Support	22	4.58	458	20	0	0	1	13	230	1
SLA-001899	8/3/2026 11:37	8/3/2026 21:47	IT_HARDWARE_PRINTING	LOW	LOW	LOW	IT Support	610	21.18	2270	11	0	0	6	5	1674	0
SLA-001900	3/4/2026 1:07	3/4/2026 10:17	ELEVATOR	MEDIUM	MEDIUM	MEDIUM	Facilities	550	38.19	890	1	2	0	29	13	699	1
SLA-001901	6/3/2026 9:37	6/3/2026 13:05	SAFETY_HAZARD	HIGH	MEDIUM	HIGH	Safety Team	208	43.33	272	9	2	0	18	6	521	1
SLA-001902	3/3/2026 10:44	3/3/2026 15:53	HVAC_AC	MEDIUM	MEDIUM	MEDIUM	Facilities	309	21.46	1131	10	1	0	19	8	916	0
SLA-001903	3/11/2026 19:13	3/11/2026 22:06	CLEANING_WASTE	MEDIUM	MEDIUM	MEDIUM	Cleaning Services	173	12.01	1267	19	2	0	10	11	456	0
SLA-001904	6/26/2026 8:20	6/26/2026 19:38	FURNITURE_FIXTURES	LOW	LOW	LOW	Facilities	678	23.54	2202	8	4	0	17	5	2373	0
SLA-001905	1/9/2026 2:01	1/9/2026 11:46	BUILDING_STRUCTURE	LOW	HIGH	MEDIUM	Facilities	585	40.62	855	2	4	0	12	13	327	1
SLA-001906	1/18/2026 11:22	1/18/2026 12:36	ELEVATOR	HIGH	HIGH	CRITICAL	Facilities	74	15.42	406	11	6	1	22	5	236	0
SLA-001907	6/24/2026 18:16	6/24/2026 22:04	SAFETY_HAZARD	HIGH	MEDIUM	HIGH	Safety Team	228	47.5	252	18	2	0	0	15	154	1
SLA-001908	4/19/2026 9:01	4/19/2026 9:38	BUILDING_STRUCTURE	MEDIUM	MEDIUM	MEDIUM	Facilities	37	2.57	1403	9	6	1	8	14	350	0
SLA-001909	5/28/2026 4:32	5/28/2026 10:56	AV_CLASSROOM_EQUIPMENT	HIGH	HIGH	CRITICAL	AV Support	384	80	96	4	3	0	9	15	476	1
SLA-001910	1/28/2026 15:39	1/28/2026 22:41	ELECTRICAL	HIGH	MEDIUM	HIGH	Facilities	422	87.92	58	15	2	0	4	4	294	1
SLA-001911	2/14/2026 7:34	2/14/2026 16:25	IT_HARDWARE_PRINTING	MEDIUM	LOW	LOW	IT Support	531	18.44	2349	7	5	1	15	0	3223	0
SLA-001912	1/24/2026 18:24	1/25/2026 1:35	IT_NETWORK_ACCOUNTS	MEDIUM	MEDIUM	MEDIUM	IT Support	431	29.93	1009	18	5	1	27	4	1055	1
SLA-001913	7/9/2026 12:33	7/9/2026 17:49	AV_CLASSROOM_EQUIPMENT	LOW	HIGH	MEDIUM	AV Support	316	21.94	1124	12	3	0	20	0	1616	1
SLA-001914	5/29/2026 5:08	5/29/2026 6:34	ELEVATOR	HIGH	HIGH	CRITICAL	Facilities	86	17.92	394	5	4	0	28	7	529	1
SLA-001915	2/21/2026 1:12	2/21/2026 11:10	SAFETY_HAZARD	MEDIUM	LOW	LOW	Safety Team	598	20.76	2282	1	5	1	3	6	1439	0
SLA-001916	2/14/2026 20:04	2/15/2026 5:55	BUILDING_STRUCTURE	MEDIUM	LOW	LOW	Facilities	591	20.52	2289	20	5	1	3	13	1914	1
SLA-001917	5/16/2026 4:39	5/16/2026 10:33	FURNITURE_FIXTURES	MEDIUM	MEDIUM	MEDIUM	Facilities	354	24.58	1086	4	5	1	23	2	572	0
SLA-001918	7/8/2026 4:10	7/8/2026 16:04	CLEANING_WASTE	MEDIUM	MEDIUM	MEDIUM	Cleaning Services	714	49.58	726	4	2	0	0	10	1329	0
SLA-001919	5/17/2026 18:29	5/17/2026 20:26	IT_NETWORK_ACCOUNTS	MEDIUM	HIGH	HIGH	IT Support	117	24.38	363	18	6	1	26	10	107	1
SLA-001920	5/4/2026 0:19	5/4/2026 11:10	ELECTRICAL	LOW	HIGH	MEDIUM	Facilities	651	45.21	789	0	0	0	7	14	1228	1
SLA-001921	7/27/2026 13:09	7/27/2026 20:17	ELECTRICAL	HIGH	MEDIUM	HIGH	Facilities	428	89.17	52	13	0	0	10	7	561	1
SLA-001922	4/30/2026 5:02	4/30/2026 12:43	SAFETY_HAZARD	HIGH	MEDIUM	HIGH	Safety Team	461	96.04	19	5	3	0	0	12	390	1
SLA-001923	2/28/2026 11:40	2/28/2026 14:40	PLUMBING_WATER	HIGH	MEDIUM	HIGH	Facilities	180	37.5	300	11	5	1	28	8	351	1
SLA-001924	5/24/2026 7:48	5/24/2026 11:16	AV_CLASSROOM_EQUIPMENT	MEDIUM	HIGH	HIGH	AV Support	208	43.33	272	7	6	1	8	9	378	0
SLA-001925	7/7/2026 13:38	7/8/2026 0:04	OTHER	MEDIUM	MEDIUM	MEDIUM	General Maintenance	626	43.47	814	13	1	0	5	12	1312	0
SLA-001926	2/4/2026 16:50	2/4/2026 17:57	HVAC_AC	HIGH	MEDIUM	HIGH	Facilities	67	13.96	413	16	2	0	16	6	311	0
SLA-001927	1/5/2026 8:52	1/5/2026 20:17	ELECTRICAL	MEDIUM	LOW	LOW	Facilities	685	23.78	2195	8	0	0	29	10	1955	1
SLA-001928	4/12/2026 7:44	4/12/2026 10:59	FURNITURE_FIXTURES	LOW	MEDIUM	LOW	Facilities	195	6.77	2685	7	6	1	29	7	3436	1
SLA-001929	2/15/2026 11:51	2/15/2026 15:56	IT_HARDWARE_PRINTING	LOW	LOW	LOW	IT Support	245	8.51	2635	11	6	1	20	5	1212	0
SLA-001930	2/9/2026 17:05	2/9/2026 23:03	CLEANING_WASTE	HIGH	MEDIUM	HIGH	Cleaning Services	358	74.58	122	17	0	0	3	0	272	0
SLA-001931	6/2/2026 19:03	6/2/2026 21:54	GROUNDS_OUTDOOR	MEDIUM	HIGH	HIGH	Grounds Team	171	35.62	309	19	1	0	30	10	354	1
SLA-001932	3/24/2026 10:56	3/24/2026 14:00	GROUNDS_OUTDOOR	MEDIUM	HIGH	HIGH	Grounds Team	184	38.33	296	10	1	0	11	3	392	0
SLA-001933	6/1/2026 13:24	6/1/2026 19:59	FURNITURE_FIXTURES	MEDIUM	MEDIUM	MEDIUM	Facilities	395	27.43	1045	13	0	0	26	5	882	0
SLA-001934	5/10/2026 23:56	5/11/2026 5:12	CLEANING_WASTE	MEDIUM	HIGH	HIGH	Cleaning Services	316	65.83	164	23	6	1	15	4	172	0
SLA-001935	6/5/2026 18:54	6/5/2026 23:34	IT_NETWORK_ACCOUNTS	HIGH	MEDIUM	HIGH	IT Support	280	58.33	200	18	4	0	9	13	339	1
SLA-001936	5/27/2026 6:43	5/27/2026 11:11	FURNITURE_FIXTURES	LOW	HIGH	MEDIUM	Facilities	268	18.61	1172	6	2	0	14	14	987	1
SLA-001937	2/7/2026 18:05	2/8/2026 5:56	SAFETY_HAZARD	MEDIUM	LOW	LOW	Safety Team	711	24.69	2169	18	5	1	21	6	2144	0
SLA-001938	5/3/2026 1:46	5/3/2026 3:32	IT_HARDWARE_PRINTING	HIGH	HIGH	CRITICAL	IT Support	106	22.08	374	1	6	1	4	7	486	1
SLA-001939	8/21/2026 3:13	8/21/2026 13:26	AV_CLASSROOM_EQUIPMENT	LOW	HIGH	MEDIUM	AV Support	613	42.57	827	3	4	0	6	14	984	1
SLA-001940	2/5/2026 23:09	2/6/2026 1:14	SAFETY_HAZARD	HIGH	HIGH	CRITICAL	Safety Team	125	26.04	355	23	3	0	2	10	362	0
SLA-001941	7/28/2026 4:23	7/28/2026 8:55	IT_NETWORK_ACCOUNTS	MEDIUM	LOW	LOW	IT Support	272	9.44	2608	4	1	0	15	14	3318	1
SLA-001942	5/6/2026 20:10	5/6/2026 22:31	PLUMBING_WATER	MEDIUM	HIGH	HIGH	Facilities	141	29.38	339	20	2	0	19	6	236	0
SLA-001943	3/7/2026 22:06	3/8/2026 9:23	AV_CLASSROOM_EQUIPMENT	LOW	HIGH	MEDIUM	AV Support	677	47.01	763	22	5	1	26	10	388	1
SLA-001944	5/25/2026 15:18	5/25/2026 20:05	FURNITURE_FIXTURES	MEDIUM	MEDIUM	MEDIUM	Facilities	287	19.93	1153	15	0	0	14	9	299	0
SLA-001945	1/1/2026 0:36	1/1/2026 6:21	GROUNDS_OUTDOOR	HIGH	LOW	MEDIUM	Grounds Team	345	23.96	1095	0	3	0	11	15	376	1
SLA-001946	2/18/2026 6:32	2/18/2026 10:44	CLEANING_WASTE	LOW	LOW	LOW	Cleaning Services	252	8.75	2628	6	2	0	15	5	2852	0
SLA-001947	5/11/2026 6:14	5/11/2026 10:11	ELECTRICAL	HIGH	HIGH	CRITICAL	Facilities	237	49.38	243	6	0	0	8	4	415	0
SLA-001948	8/4/2026 5:44	8/4/2026 7:01	ELECTRICAL	MEDIUM	MEDIUM	MEDIUM	Facilities	77	5.35	1363	5	1	0	19	10	869	0
SLA-001949	2/5/2026 0:48	2/5/2026 8:15	BUILDING_STRUCTURE	MEDIUM	MEDIUM	MEDIUM	Facilities	447	31.04	993	0	3	0	16	13	1287	1
SLA-001950	5/3/2026 9:52	5/3/2026 11:52	CLEANING_WASTE	MEDIUM	MEDIUM	MEDIUM	Cleaning Services	120	8.33	1320	9	6	1	21	13	317	1
SLA-001951	7/15/2026 0:53	7/15/2026 5:01	IT_NETWORK_ACCOUNTS	HIGH	LOW	MEDIUM	IT Support	248	17.22	1192	0	2	0	27	10	505	1
SLA-001952	6/12/2026 13:49	6/13/2026 0:46	FURNITURE_FIXTURES	LOW	LOW	LOW	Facilities	657	22.81	2223	13	4	0	13	0	1585	0
SLA-001953	6/16/2026 18:47	6/17/2026 0:27	HVAC_AC	MEDIUM	HIGH	HIGH	Facilities	340	70.83	140	18	1	0	6	8	140	0
SLA-001954	2/21/2026 11:52	2/21/2026 21:17	BUILDING_STRUCTURE	MEDIUM	MEDIUM	MEDIUM	Facilities	565	39.24	875	11	5	1	3	7	699	0
SLA-001955	7/16/2026 16:04	7/16/2026 20:30	PLUMBING_WATER	HIGH	MEDIUM	HIGH	Facilities	266	55.42	214	16	3	0	27	11	490	1
SLA-001956	1/7/2026 11:39	1/7/2026 12:19	PLUMBING_WATER	HIGH	LOW	MEDIUM	Facilities	40	2.78	1400	11	2	0	29	5	1155	1
SLA-001957	2/17/2026 14:11	2/17/2026 20:53	HVAC_AC	MEDIUM	HIGH	HIGH	Facilities	402	83.75	78	14	1	0	0	12	173	1
SLA-001958	1/12/2026 6:01	1/12/2026 13:25	CLEANING_WASTE	MEDIUM	HIGH	HIGH	Cleaning Services	444	92.5	36	6	0	0	5	4	274	1
SLA-001959	7/15/2026 23:35	7/16/2026 4:43	HVAC_AC	LOW	MEDIUM	LOW	Facilities	308	10.69	2572	23	2	0	27	1	1532	0
SLA-001960	8/8/2026 7:38	8/8/2026 10:46	HVAC_AC	HIGH	MEDIUM	HIGH	Facilities	188	39.17	292	7	5	1	22	9	305	1
SLA-001961	4/21/2026 15:45	4/21/2026 17:48	ELECTRICAL	MEDIUM	MEDIUM	MEDIUM	Facilities	123	8.54	1317	15	1	0	17	11	1695	1
SLA-001962	3/14/2026 17:28	3/15/2026 4:52	IT_HARDWARE_PRINTING	LOW	HIGH	MEDIUM	IT Support	684	47.5	756	17	5	1	21	11	424	1
SLA-001963	7/15/2026 2:21	7/15/2026 7:19	ELECTRICAL	HIGH	LOW	MEDIUM	Facilities	298	20.69	1142	2	2	0	17	10	900	0
SLA-001964	8/24/2026 13:37	8/24/2026 18:42	AV_CLASSROOM_EQUIPMENT	HIGH	LOW	MEDIUM	AV Support	305	21.18	1135	13	0	0	24	12	1280	1
SLA-001965	6/23/2026 19:54	6/24/2026 2:50	IT_NETWORK_ACCOUNTS	LOW	HIGH	MEDIUM	IT Support	416	28.89	1024	19	1	0	25	3	1267	1
SLA-001966	6/24/2026 23:59	6/25/2026 1:35	AV_CLASSROOM_EQUIPMENT	MEDIUM	HIGH	HIGH	AV Support	96	20	384	23	2	0	25	5	280	1
SLA-001967	1/9/2026 2:41	1/9/2026 5:03	PLUMBING_WATER	MEDIUM	MEDIUM	MEDIUM	Facilities	142	9.86	1298	2	4	0	17	5	1486	1
SLA-001968	5/18/2026 19:00	5/18/2026 23:26	IT_NETWORK_ACCOUNTS	MEDIUM	LOW	LOW	IT Support	266	9.24	2614	19	0	0	27	1	629	0
SLA-001969	4/10/2026 2:07	4/10/2026 7:09	ELEVATOR	HIGH	MEDIUM	HIGH	Facilities	302	62.92	178	2	4	0	24	7	252	1
SLA-001970	6/22/2026 22:17	6/23/2026 5:39	ELEVATOR	HIGH	MEDIUM	HIGH	Facilities	442	92.08	38	22	0	0	27	2	559	1
SLA-001971	4/25/2026 11:20	4/25/2026 12:03	AV_CLASSROOM_EQUIPMENT	MEDIUM	HIGH	HIGH	AV Support	43	8.96	437	11	5	1	21	11	375	1
SLA-001972	8/3/2026 15:01	8/3/2026 17:41	SAFETY_HAZARD	HIGH	HIGH	CRITICAL	Safety Team	160	33.33	320	15	0	0	20	6	410	1
SLA-001973	7/5/2026 21:21	7/5/2026 23:29	AV_CLASSROOM_EQUIPMENT	HIGH	HIGH	CRITICAL	AV Support	128	26.67	352	21	6	1	0	9	534	1
SLA-001974	3/13/2026 16:37	3/13/2026 20:57	PLUMBING_WATER	MEDIUM	MEDIUM	MEDIUM	Facilities	260	18.06	1180	16	4	0	5	2	730	0
SLA-001975	8/20/2026 17:56	8/20/2026 22:34	ELEVATOR	HIGH	MEDIUM	HIGH	Facilities	278	57.92	202	17	3	0	24	5	165	1
SLA-001976	3/11/2026 21:50	3/12/2026 5:05	AV_CLASSROOM_EQUIPMENT	HIGH	LOW	MEDIUM	AV Support	435	30.21	1005	21	2	0	3	9	1292	0
SLA-001977	5/4/2026 11:54	5/4/2026 13:56	AV_CLASSROOM_EQUIPMENT	MEDIUM	HIGH	HIGH	AV Support	122	25.42	358	11	0	0	30	2	569	1
SLA-001978	8/7/2026 8:02	8/7/2026 9:00	GROUNDS_OUTDOOR	LOW	HIGH	MEDIUM	Grounds Team	58	4.03	1382	8	4	0	9	6	975	0
SLA-001979	8/23/2026 11:20	8/23/2026 20:34	PLUMBING_WATER	MEDIUM	MEDIUM	MEDIUM	Facilities	554	38.47	886	11	6	1	1	3	1254	0
SLA-001980	5/23/2026 21:00	5/24/2026 3:30	IT_NETWORK_ACCOUNTS	LOW	LOW	LOW	IT Support	390	13.54	2490	21	5	1	8	1	2196	0
SLA-001981	1/31/2026 8:12	1/31/2026 10:59	IT_NETWORK_ACCOUNTS	HIGH	HIGH	CRITICAL	IT Support	167	34.79	313	8	5	1	24	1	337	0
SLA-001982	4/26/2026 16:34	4/26/2026 22:03	PLUMBING_WATER	LOW	HIGH	MEDIUM	Facilities	329	22.85	1111	16	6	1	7	10	463	0
SLA-001983	8/4/2026 5:10	8/4/2026 16:09	IT_HARDWARE_PRINTING	MEDIUM	MEDIUM	MEDIUM	IT Support	659	45.76	781	5	1	0	15	4	602	0
SLA-001984	7/17/2026 6:41	7/17/2026 14:20	IT_NETWORK_ACCOUNTS	MEDIUM	HIGH	HIGH	IT Support	459	95.62	21	6	4	0	11	10	408	1
SLA-001985	2/24/2026 5:40	2/24/2026 6:55	SAFETY_HAZARD	HIGH	HIGH	CRITICAL	Safety Team	75	15.62	405	5	1	0	24	14	318	1
SLA-001986	3/27/2026 20:44	3/28/2026 1:26	OTHER	HIGH	LOW	MEDIUM	General Maintenance	282	19.58	1158	20	4	0	15	13	593	1
SLA-001987	1/25/2026 6:49	1/25/2026 16:08	FURNITURE_FIXTURES	LOW	MEDIUM	LOW	Facilities	559	19.41	2321	6	6	1	13	0	1958	0
SLA-001988	8/16/2026 0:25	8/16/2026 0:53	HVAC_AC	LOW	LOW	LOW	Facilities	28	0.97	2852	0	6	1	30	15	2764	1
SLA-001989	6/6/2026 20:34	6/7/2026 4:31	IT_HARDWARE_PRINTING	LOW	HIGH	MEDIUM	IT Support	477	33.12	963	20	5	1	0	7	904	0
SLA-001990	5/30/2026 5:31	5/30/2026 12:30	IT_NETWORK_ACCOUNTS	MEDIUM	HIGH	HIGH	IT Support	419	87.29	61	5	5	1	9	12	173	1
SLA-001991	3/3/2026 2:40	3/3/2026 3:42	HVAC_AC	HIGH	MEDIUM	HIGH	Facilities	62	12.92	418	2	1	0	18	7	474	1
SLA-001992	7/4/2026 14:30	7/4/2026 19:05	GROUNDS_OUTDOOR	LOW	HIGH	MEDIUM	Grounds Team	275	19.1	1165	14	5	1	18	14	413	1
SLA-001993	6/16/2026 16:38	6/16/2026 18:12	ELEVATOR	MEDIUM	LOW	LOW	Facilities	94	3.26	2786	16	1	0	8	9	3410	0
SLA-001994	8/19/2026 2:09	8/19/2026 5:51	ELECTRICAL	HIGH	MEDIUM	HIGH	Facilities	222	46.25	258	2	2	0	14	6	559	1
SLA-001995	3/8/2026 8:51	3/8/2026 12:51	OTHER	HIGH	MEDIUM	HIGH	General Maintenance	240	50	240	8	6	1	19	2	444	1
SLA-001996	8/28/2026 12:36	8/28/2026 15:58	IT_HARDWARE_PRINTING	MEDIUM	HIGH	HIGH	IT Support	202	42.08	278	12	4	0	12	2	98	0
SLA-001997	4/24/2026 15:16	4/24/2026 20:58	ELECTRICAL	HIGH	MEDIUM	HIGH	Facilities	342	71.25	138	15	4	0	10	6	489	1
SLA-001998	6/7/2026 18:55	6/8/2026 1:20	IT_HARDWARE_PRINTING	MEDIUM	LOW	LOW	IT Support	385	13.37	2495	18	6	1	18	3	923	0
SLA-001999	2/2/2026 17:29	2/2/2026 21:07	GROUNDS_OUTDOOR	LOW	LOW	LOW	Grounds Team	218	7.57	2662	17	0	0	12	14	3303	1
SLA-002000	8/9/2026 22:47	8/10/2026 0:16	ELEVATOR	HIGH	MEDIUM	HIGH	Facilities	89	18.54	391	22	6	1	17	1	295	0
SLA-002001	8/12/2026 5:39	8/12/2026 10:06	SAFETY_HAZARD	HIGH	MEDIUM	HIGH	Safety Team	267	55.62	213	5	2	0	3	6	130	0
SLA-002002	3/19/2026 11:59	3/19/2026 14:36	GROUNDS_OUTDOOR	MEDIUM	HIGH	HIGH	Grounds Team	157	32.71	323	11	3	0	21	5	143	0
SLA-002003	7/15/2026 19:42	7/16/2026 4:54	IT_HARDWARE_PRINTING	LOW	LOW	LOW	IT Support	552	19.17	2328	19	2	0	23	5	2981	0
SLA-002004	4/13/2026 19:23	4/13/2026 21:45	HVAC_AC	MEDIUM	HIGH	HIGH	Facilities	142	29.58	338	19	0	0	6	5	143	0
SLA-002005	3/12/2026 0:13	3/12/2026 2:52	ELEVATOR	MEDIUM	MEDIUM	MEDIUM	Facilities	159	11.04	1281	0	3	0	29	8	886	1
SLA-002006	8/26/2026 1:20	8/26/2026 12:31	AV_CLASSROOM_EQUIPMENT	HIGH	LOW	MEDIUM	AV Support	671	46.6	769	1	2	0	3	0	964	0
SLA-002007	4/9/2026 6:46	4/9/2026 7:54	CLEANING_WASTE	MEDIUM	MEDIUM	MEDIUM	Cleaning Services	68	4.72	1372	6	3	0	23	2	1118	0
SLA-002008	3/31/2026 0:51	3/31/2026 7:27	ELECTRICAL	LOW	LOW	LOW	Facilities	396	13.75	2484	0	1	0	3	1	2476	0
SLA-002009	5/12/2026 14:14	5/12/2026 18:06	HVAC_AC	HIGH	MEDIUM	HIGH	Facilities	232	48.33	248	14	1	0	15	9	132	0
SLA-002010	6/11/2026 19:05	6/11/2026 21:41	SAFETY_HAZARD	HIGH	HIGH	CRITICAL	Safety Team	156	32.5	324	19	3	0	11	10	305	1
SLA-002011	2/5/2026 10:01	2/5/2026 15:49	CLEANING_WASTE	LOW	HIGH	MEDIUM	Cleaning Services	348	24.17	1092	10	3	0	2	7	305	0
SLA-002012	2/5/2026 3:40	2/5/2026 5:24	ELECTRICAL	HIGH	MEDIUM	HIGH	Facilities	104	21.67	376	3	3	0	28	5	289	1
SLA-002013	5/14/2026 4:24	5/14/2026 12:08	OTHER	LOW	HIGH	MEDIUM	General Maintenance	464	32.22	976	4	3	0	18	14	1194	1
SLA-002014	1/14/2026 11:11	1/14/2026 15:17	AV_CLASSROOM_EQUIPMENT	HIGH	HIGH	CRITICAL	AV Support	246	51.25	234	11	2	0	29	0	424	1
SLA-002015	3/30/2026 13:55	3/30/2026 21:17	HVAC_AC	MEDIUM	HIGH	HIGH	Facilities	442	92.08	38	13	0	0	6	10	419	1
SLA-002016	2/7/2026 16:23	2/7/2026 23:03	AV_CLASSROOM_EQUIPMENT	HIGH	MEDIUM	HIGH	AV Support	400	83.33	80	16	5	1	3	5	509	1
SLA-002017	7/4/2026 10:40	7/4/2026 12:12	ELECTRICAL	HIGH	MEDIUM	HIGH	Facilities	92	19.17	388	10	5	1	4	2	539	0
SLA-002018	8/8/2026 23:27	8/9/2026 8:57	OTHER	LOW	MEDIUM	LOW	General Maintenance	570	19.79	2310	23	5	1	18	10	777	0
SLA-002019	5/5/2026 12:00	5/5/2026 19:00	OTHER	MEDIUM	MEDIUM	MEDIUM	General Maintenance	420	29.17	1020	12	1	0	26	3	841	0
SLA-002020	8/22/2026 22:48	8/23/2026 8:27	CLEANING_WASTE	LOW	LOW	LOW	Cleaning Services	579	20.1	2301	22	5	1	12	0	2224	0
SLA-002021	1/6/2026 22:56	1/7/2026 3:17	AV_CLASSROOM_EQUIPMENT	MEDIUM	HIGH	HIGH	AV Support	261	54.37	219	22	1	0	8	10	184	1
SLA-002022	7/18/2026 18:35	7/18/2026 23:46	ELEVATOR	MEDIUM	HIGH	HIGH	Facilities	311	64.79	169	18	5	1	14	12	551	1
SLA-002023	4/16/2026 5:03	4/16/2026 6:00	IT_HARDWARE_PRINTING	MEDIUM	HIGH	HIGH	IT Support	57	11.88	423	5	3	0	22	13	262	1
SLA-002024	1/20/2026 1:03	1/20/2026 7:45	IT_NETWORK_ACCOUNTS	MEDIUM	HIGH	HIGH	IT Support	402	83.75	78	1	1	0	25	13	221	1
SLA-002025	6/7/2026 19:33	6/8/2026 3:22	IT_HARDWARE_PRINTING	MEDIUM	LOW	LOW	IT Support	469	16.28	2411	19	6	1	16	10	1487	0
SLA-002026	5/6/2026 12:59	5/7/2026 0:14	PLUMBING_WATER	MEDIUM	MEDIUM	MEDIUM	Facilities	675	46.88	765	12	2	0	18	2	1424	0
SLA-002027	4/27/2026 0:28	4/27/2026 0:51	AV_CLASSROOM_EQUIPMENT	MEDIUM	LOW	LOW	AV Support	23	0.8	2857	0	0	0	30	11	943	1
SLA-002028	2/6/2026 10:25	2/6/2026 17:12	BUILDING_STRUCTURE	MEDIUM	MEDIUM	MEDIUM	Facilities	407	28.26	1033	10	4	0	4	13	1566	1
SLA-002029	5/31/2026 14:03	5/31/2026 14:25	AV_CLASSROOM_EQUIPMENT	LOW	HIGH	MEDIUM	AV Support	22	1.53	1418	14	6	1	10	6	587	0
SLA-002030	3/17/2026 5:21	3/17/2026 16:22	BUILDING_STRUCTURE	LOW	LOW	LOW	Facilities	661	22.95	2219	5	1	0	16	4	2099	0
SLA-002031	2/3/2026 10:07	2/3/2026 17:15	IT_NETWORK_ACCOUNTS	HIGH	MEDIUM	HIGH	IT Support	428	89.17	52	10	1	0	22	14	461	1
SLA-002032	2/12/2026 9:52	2/12/2026 10:29	IT_HARDWARE_PRINTING	MEDIUM	MEDIUM	MEDIUM	IT Support	37	2.57	1403	9	3	0	4	1	1403	0
SLA-002033	3/26/2026 15:04	3/26/2026 22:28	PLUMBING_WATER	HIGH	LOW	MEDIUM	Facilities	444	30.83	996	15	3	0	10	0	374	0
SLA-002034	7/22/2026 10:30	7/22/2026 12:06	ELEVATOR	HIGH	HIGH	CRITICAL	Facilities	96	20	384	10	2	0	10	8	539	1
SLA-002035	1/20/2026 7:37	1/20/2026 15:36	IT_NETWORK_ACCOUNTS	MEDIUM	MEDIUM	MEDIUM	IT Support	479	33.26	961	7	1	0	15	9	1359	0
SLA-002036	2/2/2026 16:54	2/3/2026 4:25	AV_CLASSROOM_EQUIPMENT	MEDIUM	LOW	LOW	AV Support	691	23.99	2189	16	0	0	20	12	2986	1
SLA-002037	5/16/2026 15:59	5/17/2026 0:38	BUILDING_STRUCTURE	HIGH	LOW	MEDIUM	Facilities	519	36.04	921	15	5	1	24	14	1495	1
SLA-002038	3/2/2026 0:41	3/2/2026 4:00	CLEANING_WASTE	LOW	HIGH	MEDIUM	Cleaning Services	199	13.82	1241	0	0	0	16	13	464	1
SLA-002039	1/3/2026 8:38	1/3/2026 12:06	AV_CLASSROOM_EQUIPMENT	MEDIUM	HIGH	HIGH	AV Support	208	43.33	272	8	5	1	10	15	318	1
SLA-002040	6/21/2026 8:20	6/21/2026 11:05	OTHER	LOW	LOW	LOW	General Maintenance	165	5.73	2715	8	6	1	16	5	1835	0
SLA-002041	5/27/2026 13:40	5/27/2026 22:33	GROUNDS_OUTDOOR	LOW	LOW	LOW	Grounds Team	533	18.51	2347	13	2	0	29	1	1653	0
SLA-002042	6/10/2026 4:27	6/10/2026 10:35	CLEANING_WASTE	MEDIUM	HIGH	HIGH	Cleaning Services	368	76.67	112	4	2	0	4	9	158	1
SLA-002043	6/22/2026 23:55	6/23/2026 7:36	PLUMBING_WATER	LOW	LOW	LOW	Facilities	461	16.01	2419	23	0	0	5	12	2908	1
SLA-002044	6/5/2026 20:21	6/6/2026 3:21	AV_CLASSROOM_EQUIPMENT	MEDIUM	HIGH	HIGH	AV Support	420	87.5	60	20	4	0	24	11	266	1
SLA-002045	3/25/2026 12:27	3/25/2026 13:15	PLUMBING_WATER	MEDIUM	HIGH	HIGH	Facilities	48	10	432	12	2	0	8	6	125	0
SLA-002046	3/28/2026 7:07	3/28/2026 8:16	HVAC_AC	MEDIUM	HIGH	HIGH	Facilities	69	14.37	411	7	5	1	27	11	447	1
SLA-002047	5/15/2026 4:31	5/15/2026 9:15	HVAC_AC	MEDIUM	MEDIUM	MEDIUM	Facilities	284	19.72	1156	4	4	0	17	6	761	0
SLA-002048	3/5/2026 3:30	3/5/2026 6:51	IT_NETWORK_ACCOUNTS	MEDIUM	HIGH	HIGH	IT Support	201	41.88	279	3	3	0	30	2	358	1
SLA-002049	6/22/2026 16:07	6/22/2026 18:05	BUILDING_STRUCTURE	LOW	LOW	LOW	Facilities	118	4.1	2762	16	0	0	26	14	3262	1
SLA-002050	5/8/2026 15:49	5/9/2026 0:53	PLUMBING_WATER	LOW	LOW	LOW	Facilities	544	18.89	2336	15	4	0	12	3	1585	0
SLA-002051	5/13/2026 12:57	5/13/2026 13:55	PLUMBING_WATER	LOW	HIGH	MEDIUM	Facilities	58	4.03	1382	12	2	0	1	9	914	0
SLA-002052	1/14/2026 5:15	1/14/2026 7:09	HVAC_AC	MEDIUM	HIGH	HIGH	Facilities	114	23.75	366	5	2	0	0	15	494	1
SLA-002053	7/11/2026 14:06	7/11/2026 17:45	PLUMBING_WATER	HIGH	HIGH	CRITICAL	Facilities	219	45.62	261	14	5	1	2	10	464	1
SLA-002054	3/12/2026 6:41	3/12/2026 11:55	CLEANING_WASTE	MEDIUM	MEDIUM	MEDIUM	Cleaning Services	314	21.81	1126	6	3	0	26	0	1575	1
SLA-002055	4/7/2026 8:11	4/7/2026 9:39	FURNITURE_FIXTURES	LOW	LOW	LOW	Facilities	88	3.06	2792	8	1	0	6	15	643	0
SLA-002056	2/1/2026 19:58	2/1/2026 22:36	BUILDING_STRUCTURE	HIGH	MEDIUM	HIGH	Facilities	158	32.92	322	19	6	1	2	3	355	0
SLA-002057	7/12/2026 0:14	7/12/2026 1:54	SAFETY_HAZARD	HIGH	HIGH	CRITICAL	Safety Team	100	20.83	380	0	6	1	29	2	338	1
SLA-002058	1/8/2026 8:50	1/8/2026 14:56	FURNITURE_FIXTURES	MEDIUM	LOW	LOW	Facilities	366	12.71	2514	8	3	0	28	15	1798	1
SLA-002059	1/14/2026 5:53	1/14/2026 6:40	HVAC_AC	HIGH	MEDIUM	HIGH	Facilities	47	9.79	433	5	2	0	16	4	310	0
SLA-002060	1/3/2026 20:31	1/4/2026 3:31	AV_CLASSROOM_EQUIPMENT	HIGH	HIGH	CRITICAL	AV Support	420	87.5	60	20	5	1	12	15	548	1
SLA-002061	5/29/2026 20:13	5/30/2026 7:21	IT_NETWORK_ACCOUNTS	MEDIUM	LOW	LOW	IT Support	668	23.19	2212	20	4	0	27	13	1491	1
SLA-002062	1/13/2026 3:09	1/13/2026 9:24	FURNITURE_FIXTURES	MEDIUM	HIGH	HIGH	Facilities	375	78.12	105	3	1	0	15	9	507	1
SLA-002063	3/24/2026 21:49	3/25/2026 8:43	HVAC_AC	LOW	MEDIUM	LOW	Facilities	654	22.71	2226	21	1	0	20	10	1109	0
SLA-002064	5/6/2026 2:49	5/6/2026 12:45	FURNITURE_FIXTURES	LOW	LOW	LOW	Facilities	596	20.69	2284	2	2	0	6	4	2072	0
SLA-002065	1/15/2026 13:46	1/15/2026 16:08	SAFETY_HAZARD	HIGH	LOW	MEDIUM	Safety Team	142	9.86	1298	13	3	0	25	10	1217	1
SLA-002066	2/25/2026 9:23	2/25/2026 10:37	PLUMBING_WATER	HIGH	MEDIUM	HIGH	Facilities	74	15.42	406	9	2	0	9	10	468	1
SLA-002067	4/9/2026 0:23	4/9/2026 8:49	PLUMBING_WATER	MEDIUM	MEDIUM	MEDIUM	Facilities	506	35.14	934	0	3	0	20	2	1161	1
SLA-002068	5/17/2026 17:55	5/18/2026 3:36	FURNITURE_FIXTURES	LOW	HIGH	MEDIUM	Facilities	581	40.35	859	17	6	1	5	12	1383	0
SLA-002069	8/28/2026 19:24	8/28/2026 19:54	OTHER	MEDIUM	HIGH	HIGH	General Maintenance	30	6.25	450	19	4	0	29	2	421	1
SLA-002070	6/26/2026 15:18	6/26/2026 17:10	BUILDING_STRUCTURE	HIGH	MEDIUM	HIGH	Facilities	112	23.33	368	15	4	0	20	7	330	1
SLA-002071	1/29/2026 6:56	1/29/2026 9:08	IT_HARDWARE_PRINTING	HIGH	HIGH	CRITICAL	IT Support	132	27.5	348	6	3	0	3	6	408	0
SLA-002072	8/10/2026 23:35	8/11/2026 5:07	BUILDING_STRUCTURE	HIGH	MEDIUM	HIGH	Facilities	332	69.17	148	23	0	0	23	11	517	1
SLA-002073	5/12/2026 11:48	5/12/2026 14:04	AV_CLASSROOM_EQUIPMENT	HIGH	HIGH	CRITICAL	AV Support	136	28.33	344	11	1	0	14	0	409	0
SLA-002074	8/2/2026 3:34	8/2/2026 13:49	IT_NETWORK_ACCOUNTS	LOW	HIGH	MEDIUM	IT Support	615	42.71	825	3	6	1	28	10	1622	1
SLA-002075	4/26/2026 9:55	4/26/2026 14:56	IT_NETWORK_ACCOUNTS	MEDIUM	HIGH	HIGH	IT Support	301	62.71	179	9	6	1	19	4	431	1
SLA-002076	7/30/2026 20:33	7/31/2026 7:47	IT_HARDWARE_PRINTING	MEDIUM	MEDIUM	MEDIUM	IT Support	674	46.81	766	20	3	0	22	13	675	1
SLA-002077	2/19/2026 18:41	2/20/2026 6:08	ELECTRICAL	MEDIUM	MEDIUM	MEDIUM	Facilities	687	47.71	753	18	3	0	26	10	520	1
SLA-002078	3/30/2026 18:51	3/31/2026 0:15	ELECTRICAL	HIGH	LOW	MEDIUM	Facilities	324	22.5	1116	18	0	0	26	2	357	0
SLA-002079	8/4/2026 14:37	8/4/2026 18:36	FURNITURE_FIXTURES	MEDIUM	MEDIUM	MEDIUM	Facilities	239	16.6	1201	14	1	0	11	9	816	0
SLA-002080	4/16/2026 17:24	4/16/2026 20:44	SAFETY_HAZARD	HIGH	HIGH	CRITICAL	Safety Team	200	41.67	280	17	3	0	6	5	175	0
SLA-002081	7/26/2026 4:28	7/26/2026 10:11	IT_NETWORK_ACCOUNTS	MEDIUM	MEDIUM	MEDIUM	IT Support	343	23.82	1097	4	6	1	28	15	913	1
SLA-002082	6/10/2026 12:03	6/10/2026 15:18	AV_CLASSROOM_EQUIPMENT	MEDIUM	HIGH	HIGH	AV Support	195	40.62	285	12	2	0	18	14	288	1
SLA-002083	2/14/2026 9:18	2/14/2026 15:27	BUILDING_STRUCTURE	MEDIUM	HIGH	HIGH	Facilities	369	76.88	111	9	5	1	7	3	253	0
SLA-002084	3/20/2026 22:17	3/21/2026 0:47	AV_CLASSROOM_EQUIPMENT	MEDIUM	HIGH	HIGH	AV Support	150	31.25	330	22	4	0	11	15	182	1
SLA-002085	7/3/2026 0:00	7/3/2026 5:09	OTHER	MEDIUM	MEDIUM	MEDIUM	General Maintenance	309	21.46	1131	0	4	0	28	2	504	0
SLA-002086	7/13/2026 14:19	7/13/2026 21:32	HVAC_AC	MEDIUM	MEDIUM	MEDIUM	Facilities	433	30.07	1007	14	0	0	30	0	1039	0
SLA-002087	6/18/2026 9:58	6/18/2026 17:10	BUILDING_STRUCTURE	MEDIUM	HIGH	HIGH	Facilities	432	90	48	9	3	0	2	14	478	1
SLA-002088	3/31/2026 8:16	3/31/2026 11:25	SAFETY_HAZARD	HIGH	MEDIUM	HIGH	Safety Team	189	39.38	291	8	1	0	21	4	535	1
SLA-002089	2/16/2026 22:04	2/17/2026 0:42	IT_HARDWARE_PRINTING	MEDIUM	HIGH	HIGH	IT Support	158	32.92	322	22	0	0	19	9	504	1
SLA-002090	6/4/2026 10:19	6/4/2026 11:12	OTHER	LOW	LOW	LOW	General Maintenance	53	1.84	2827	10	3	0	22	1	1180	0
SLA-002091	7/18/2026 4:44	7/18/2026 8:07	PLUMBING_WATER	MEDIUM	MEDIUM	MEDIUM	Facilities	203	14.1	1237	4	5	1	25	2	893	0
SLA-002092	1/12/2026 7:22	1/12/2026 8:19	IT_HARDWARE_PRINTING	MEDIUM	HIGH	HIGH	IT Support	57	11.88	423	7	0	0	17	3	203	0
SLA-002093	2/17/2026 17:29	2/18/2026 5:25	BUILDING_STRUCTURE	LOW	HIGH	MEDIUM	Facilities	716	49.72	724	17	1	0	17	7	1112	0
SLA-002094	4/10/2026 12:19	4/10/2026 19:13	ELEVATOR	HIGH	MEDIUM	HIGH	Facilities	414	86.25	66	12	4	0	8	15	395	1
SLA-002095	2/17/2026 7:25	2/17/2026 7:54	ELECTRICAL	HIGH	HIGH	CRITICAL	Facilities	29	6.04	451	7	1	0	13	5	238	0
SLA-002096	7/5/2026 16:16	7/6/2026 4:05	BUILDING_STRUCTURE	LOW	HIGH	MEDIUM	Facilities	709	49.24	731	16	6	1	11	12	1456	1
SLA-002097	3/31/2026 11:12	3/31/2026 16:23	CLEANING_WASTE	LOW	LOW	LOW	Cleaning Services	311	10.8	2569	11	1	0	4	1	1930	0
SLA-002098	7/23/2026 14:36	7/23/2026 20:13	PLUMBING_WATER	HIGH	MEDIUM	HIGH	Facilities	337	70.21	143	14	3	0	6	9	274	0
SLA-002099	8/26/2026 10:11	8/26/2026 16:59	BUILDING_STRUCTURE	LOW	LOW	LOW	Facilities	408	14.17	2472	10	2	0	29	5	1980	0
SLA-002100	2/1/2026 15:01	2/1/2026 19:43	IT_HARDWARE_PRINTING	MEDIUM	HIGH	HIGH	IT Support	282	58.75	198	15	6	1	29	4	549	1
SLA-002101	6/6/2026 7:06	6/6/2026 13:45	BUILDING_STRUCTURE	HIGH	HIGH	CRITICAL	Facilities	399	83.12	81	7	5	1	20	2	206	1
SLA-002102	8/2/2026 13:42	8/2/2026 19:45	ELEVATOR	MEDIUM	HIGH	HIGH	Facilities	363	75.62	117	13	6	1	16	14	521	1
SLA-002103	2/23/2026 7:46	2/23/2026 15:59	PLUMBING_WATER	MEDIUM	LOW	LOW	Facilities	493	17.12	2387	7	0	0	13	0	2422	0
SLA-002104	4/16/2026 19:43	4/16/2026 22:25	FURNITURE_FIXTURES	HIGH	MEDIUM	HIGH	Facilities	162	33.75	318	19	3	0	20	4	486	1
SLA-002105	5/15/2026 22:31	5/16/2026 4:31	IT_NETWORK_ACCOUNTS	MEDIUM	HIGH	HIGH	IT Support	360	75	120	22	4	0	18	4	464	1
SLA-002106	2/12/2026 13:40	2/12/2026 15:25	IT_HARDWARE_PRINTING	MEDIUM	MEDIUM	MEDIUM	IT Support	105	7.29	1335	13	3	0	16	13	1675	1
SLA-002107	8/27/2026 9:39	8/27/2026 12:42	PLUMBING_WATER	HIGH	LOW	MEDIUM	Facilities	183	12.71	1257	9	3	0	12	4	1011	0
SLA-002108	6/29/2026 22:34	6/30/2026 4:01	CLEANING_WASTE	LOW	HIGH	MEDIUM	Cleaning Services	327	22.71	1113	22	0	0	12	10	988	0
SLA-002109	2/16/2026 13:51	2/16/2026 16:58	BUILDING_STRUCTURE	MEDIUM	HIGH	HIGH	Facilities	187	38.96	293	13	0	0	8	4	420	0
SLA-002110	4/22/2026 12:44	4/22/2026 19:45	CLEANING_WASTE	MEDIUM	HIGH	HIGH	Cleaning Services	421	87.71	59	12	2	0	18	8	326	1
SLA-002111	3/20/2026 11:42	3/20/2026 16:19	SAFETY_HAZARD	HIGH	LOW	MEDIUM	Safety Team	277	19.24	1163	11	4	0	26	5	986	0
SLA-002112	8/27/2026 4:40	8/27/2026 8:48	AV_CLASSROOM_EQUIPMENT	LOW	LOW	LOW	AV Support	248	8.61	2632	4	3	0	22	4	2301	0
SLA-002113	4/16/2026 8:39	4/16/2026 18:28	ELEVATOR	MEDIUM	MEDIUM	MEDIUM	Facilities	589	40.9	851	8	3	0	0	10	1222	1
SLA-002114	3/13/2026 23:10	3/14/2026 2:57	GROUNDS_OUTDOOR	LOW	LOW	LOW	Grounds Team	227	7.88	2653	23	4	0	24	11	1243	0
SLA-002115	1/31/2026 23:56	2/1/2026 1:04	CLEANING_WASTE	MEDIUM	MEDIUM	MEDIUM	Cleaning Services	68	4.72	1372	23	5	1	21	14	1174	1
SLA-002116	8/23/2026 15:16	8/24/2026 2:36	AV_CLASSROOM_EQUIPMENT	MEDIUM	LOW	LOW	AV Support	680	23.61	2200	15	6	1	11	7	2069	0
SLA-002117	6/19/2026 4:48	6/19/2026 15:36	CLEANING_WASTE	LOW	LOW	LOW	Cleaning Services	648	22.5	2232	4	4	0	28	3	3270	1
SLA-002118	8/20/2026 13:04	8/20/2026 17:20	IT_HARDWARE_PRINTING	MEDIUM	MEDIUM	MEDIUM	IT Support	256	17.78	1184	13	3	0	17	11	994	0
SLA-002119	3/31/2026 5:28	3/31/2026 7:52	HVAC_AC	HIGH	MEDIUM	HIGH	Facilities	144	30	336	5	1	0	12	13	320	1
SLA-002120	7/12/2026 12:07	7/12/2026 13:56	CLEANING_WASTE	LOW	MEDIUM	LOW	Cleaning Services	109	3.78	2771	12	6	1	5	15	1101	0
SLA-002121	2/2/2026 10:29	2/2/2026 13:51	PLUMBING_WATER	MEDIUM	HIGH	HIGH	Facilities	202	42.08	278	10	0	0	13	13	216	1
SLA-002122	5/5/2026 3:54	5/5/2026 8:02	IT_NETWORK_ACCOUNTS	MEDIUM	HIGH	HIGH	IT Support	248	51.67	232	3	1	0	22	6	536	1
SLA-002123	6/28/2026 19:20	6/28/2026 23:02	CLEANING_WASTE	MEDIUM	HIGH	HIGH	Cleaning Services	222	46.25	258	19	6	1	12	12	237	1
SLA-002124	4/20/2026 2:06	4/20/2026 7:48	FURNITURE_FIXTURES	MEDIUM	LOW	LOW	Facilities	342	11.88	2538	2	0	0	5	14	3263	1
SLA-002125	1/26/2026 9:57	1/26/2026 11:49	SAFETY_HAZARD	HIGH	MEDIUM	HIGH	Safety Team	112	23.33	368	9	0	0	16	14	545	1
SLA-002126	2/8/2026 4:41	2/8/2026 9:02	ELEVATOR	HIGH	MEDIUM	HIGH	Facilities	261	54.37	219	4	6	1	7	10	455	1
SLA-002127	6/10/2026 19:31	6/10/2026 21:06	ELEVATOR	MEDIUM	HIGH	HIGH	Facilities	95	19.79	385	19	2	0	27	3	315	1
SLA-002128	3/6/2026 19:07	3/7/2026 0:50	IT_NETWORK_ACCOUNTS	LOW	HIGH	MEDIUM	IT Support	343	23.82	1097	19	4	0	18	10	689	0
SLA-002129	7/2/2026 17:27	7/3/2026 3:53	PLUMBING_WATER	MEDIUM	LOW	LOW	Facilities	626	21.74	2254	17	3	0	24	6	2603	1
SLA-002130	6/30/2026 15:51	6/30/2026 21:48	ELEVATOR	HIGH	MEDIUM	HIGH	Facilities	357	74.38	123	15	1	0	10	0	150	0
SLA-002131	7/1/2026 0:32	7/1/2026 1:15	IT_HARDWARE_PRINTING	LOW	HIGH	MEDIUM	IT Support	43	2.99	1397	0	2	0	24	7	1101	0
SLA-002132	8/18/2026 3:48	8/18/2026 4:47	FURNITURE_FIXTURES	MEDIUM	MEDIUM	MEDIUM	Facilities	59	4.1	1381	3	1	0	11	4	1309	0
SLA-002133	4/29/2026 3:48	4/29/2026 9:16	SAFETY_HAZARD	MEDIUM	LOW	LOW	Safety Team	328	11.39	2552	3	2	0	15	15	2851	1
SLA-002134	7/14/2026 5:19	7/14/2026 12:08	HVAC_AC	HIGH	LOW	MEDIUM	Facilities	409	28.4	1031	5	1	0	18	6	977	0
SLA-002135	4/7/2026 17:36	4/8/2026 1:29	CLEANING_WASTE	MEDIUM	MEDIUM	MEDIUM	Cleaning Services	473	32.85	967	17	1	0	19	3	1689	0
SLA-002136	4/5/2026 6:03	4/5/2026 12:19	FURNITURE_FIXTURES	LOW	HIGH	MEDIUM	Facilities	376	26.11	1064	6	6	1	0	7	654	0
SLA-002137	7/26/2026 4:34	7/26/2026 5:46	AV_CLASSROOM_EQUIPMENT	HIGH	HIGH	CRITICAL	AV Support	72	15	408	4	6	1	24	8	517	1
SLA-002138	2/7/2026 10:47	2/7/2026 14:06	PLUMBING_WATER	HIGH	MEDIUM	HIGH	Facilities	199	41.46	281	10	5	1	25	12	260	1
SLA-002139	6/17/2026 0:53	6/17/2026 7:07	SAFETY_HAZARD	HIGH	MEDIUM	HIGH	Safety Team	374	77.92	106	0	2	0	5	0	228	0
SLA-002140	3/3/2026 2:27	3/3/2026 7:14	CLEANING_WASTE	LOW	LOW	LOW	Cleaning Services	287	9.97	2593	2	1	0	3	10	649	0
SLA-002141	1/5/2026 18:09	1/6/2026 1:42	ELEVATOR	MEDIUM	HIGH	HIGH	Facilities	453	94.38	27	18	0	0	16	15	300	1
SLA-002142	8/19/2026 8:39	8/19/2026 9:47	IT_NETWORK_ACCOUNTS	MEDIUM	LOW	LOW	IT Support	68	2.36	2812	8	2	0	0	5	2496	0
SLA-002143	3/6/2026 21:14	3/7/2026 2:53	CLEANING_WASTE	MEDIUM	MEDIUM	MEDIUM	Cleaning Services	339	23.54	1101	21	4	0	15	0	579	0
SLA-002144	1/28/2026 10:24	1/28/2026 17:28	BUILDING_STRUCTURE	HIGH	MEDIUM	HIGH	Facilities	424	88.33	56	10	2	0	11	14	347	1
SLA-002145	7/16/2026 6:03	7/16/2026 12:52	BUILDING_STRUCTURE	MEDIUM	HIGH	HIGH	Facilities	409	85.21	71	6	3	0	12	1	208	1
SLA-002146	7/15/2026 1:07	7/15/2026 4:11	CLEANING_WASTE	LOW	LOW	LOW	Cleaning Services	184	6.39	2696	1	2	0	5	6	1426	0
SLA-002147	3/17/2026 14:20	3/17/2026 14:45	IT_HARDWARE_PRINTING	MEDIUM	MEDIUM	MEDIUM	IT Support	25	1.74	1415	14	1	0	1	6	345	0
SLA-002148	7/19/2026 15:51	7/19/2026 21:02	PLUMBING_WATER	MEDIUM	HIGH	HIGH	Facilities	311	64.79	169	15	6	1	30	15	529	1
SLA-002149	3/11/2026 20:51	3/11/2026 22:45	AV_CLASSROOM_EQUIPMENT	MEDIUM	LOW	LOW	AV Support	114	3.96	2766	20	2	0	17	7	3324	1
SLA-002150	3/29/2026 5:45	3/29/2026 16:52	GROUNDS_OUTDOOR	LOW	HIGH	MEDIUM	Grounds Team	667	46.32	773	5	6	1	29	4	301	1
SLA-002151	3/9/2026 6:54	3/9/2026 8:21	GROUNDS_OUTDOOR	MEDIUM	HIGH	HIGH	Grounds Team	87	18.12	393	6	0	0	16	15	397	1
SLA-002152	8/5/2026 1:34	8/5/2026 10:26	ELECTRICAL	LOW	LOW	LOW	Facilities	532	18.47	2348	1	2	0	26	4	816	0
SLA-002153	7/22/2026 19:29	7/23/2026 5:06	IT_HARDWARE_PRINTING	MEDIUM	LOW	LOW	IT Support	577	20.03	2303	19	2	0	21	11	2535	1
SLA-002154	5/29/2026 9:28	5/29/2026 17:46	HVAC_AC	MEDIUM	LOW	LOW	Facilities	498	17.29	2382	9	4	0	3	13	2002	0
SLA-002155	6/3/2026 5:28	6/3/2026 16:12	FURNITURE_FIXTURES	LOW	HIGH	MEDIUM	Facilities	644	44.72	796	5	2	0	16	1	706	0
SLA-002156	6/8/2026 4:52	6/8/2026 11:40	SAFETY_HAZARD	HIGH	LOW	MEDIUM	Safety Team	408	28.33	1032	4	0	0	5	0	1470	0
SLA-002157	8/2/2026 13:47	8/3/2026 1:41	BUILDING_STRUCTURE	LOW	MEDIUM	LOW	Facilities	714	24.79	2166	13	6	1	2	14	1988	0
SLA-002158	3/5/2026 16:22	3/5/2026 17:43	ELECTRICAL	MEDIUM	HIGH	HIGH	Facilities	81	16.88	399	16	3	0	22	0	527	1
SLA-002159	4/6/2026 20:15	4/7/2026 6:19	SAFETY_HAZARD	MEDIUM	LOW	LOW	Safety Team	604	20.97	2276	20	0	0	21	0	2404	0
SLA-002160	3/19/2026 15:54	3/19/2026 21:37	CLEANING_WASTE	MEDIUM	HIGH	HIGH	Cleaning Services	343	71.46	137	15	3	0	26	6	276	1
SLA-002161	8/23/2026 23:05	8/24/2026 4:21	AV_CLASSROOM_EQUIPMENT	HIGH	MEDIUM	HIGH	AV Support	316	65.83	164	23	6	1	0	3	234	0
SLA-002162	3/5/2026 0:57	3/5/2026 2:02	GROUNDS_OUTDOOR	MEDIUM	LOW	LOW	Grounds Team	65	2.26	2815	0	3	0	16	11	2778	0
SLA-002163	6/18/2026 20:23	6/19/2026 3:48	IT_NETWORK_ACCOUNTS	MEDIUM	HIGH	HIGH	IT Support	445	92.71	35	20	3	0	9	13	163	1
SLA-002164	3/28/2026 21:24	3/29/2026 2:59	FURNITURE_FIXTURES	MEDIUM	HIGH	HIGH	Facilities	335	69.79	145	21	5	1	17	8	128	1
SLA-002165	8/23/2026 20:21	8/23/2026 21:07	ELECTRICAL	HIGH	MEDIUM	HIGH	Facilities	46	9.58	434	20	6	1	27	4	530	1
SLA-002166	5/15/2026 2:53	5/15/2026 4:02	IT_NETWORK_ACCOUNTS	HIGH	HIGH	CRITICAL	IT Support	69	14.37	411	2	4	0	11	2	333	0
SLA-002167	3/18/2026 3:34	3/18/2026 15:29	BUILDING_STRUCTURE	LOW	HIGH	MEDIUM	Facilities	715	49.65	725	3	2	0	13	12	1569	1
SLA-002168	8/19/2026 8:00	8/19/2026 15:36	BUILDING_STRUCTURE	MEDIUM	MEDIUM	MEDIUM	Facilities	456	31.67	984	8	2	0	29	10	1623	1
SLA-002169	1/18/2026 2:25	1/18/2026 8:39	ELECTRICAL	HIGH	HIGH	CRITICAL	Facilities	374	77.92	106	2	6	1	26	3	260	1
SLA-002170	5/24/2026 1:50	5/24/2026 2:39	OTHER	LOW	LOW	LOW	General Maintenance	49	1.7	2831	1	6	1	7	1	2437	0
SLA-002171	3/15/2026 13:36	3/16/2026 0:28	GROUNDS_OUTDOOR	MEDIUM	MEDIUM	MEDIUM	Grounds Team	652	45.28	788	13	6	1	20	13	765	1
SLA-002172	6/26/2026 14:04	6/26/2026 17:31	ELEVATOR	MEDIUM	HIGH	HIGH	Facilities	207	43.12	273	14	4	0	7	8	207	0
SLA-002173	1/14/2026 13:13	1/14/2026 20:54	ELEVATOR	MEDIUM	LOW	LOW	Facilities	461	16.01	2419	13	2	0	3	7	2398	0
SLA-002174	7/14/2026 17:22	7/14/2026 18:25	IT_NETWORK_ACCOUNTS	MEDIUM	MEDIUM	MEDIUM	IT Support	63	4.38	1377	17	1	0	29	2	1412	1
SLA-002175	3/15/2026 0:55	3/15/2026 5:43	FURNITURE_FIXTURES	LOW	LOW	LOW	Facilities	288	10	2592	0	6	1	20	2	800	0
SLA-002176	6/14/2026 0:25	6/14/2026 5:20	HVAC_AC	MEDIUM	LOW	LOW	Facilities	295	10.24	2585	0	6	1	4	1	3197	0
SLA-002177	2/13/2026 3:30	2/13/2026 11:34	OTHER	MEDIUM	MEDIUM	MEDIUM	General Maintenance	484	33.61	956	3	4	0	29	2	681	0
SLA-002178	6/10/2026 16:02	6/10/2026 18:12	HVAC_AC	LOW	HIGH	MEDIUM	Facilities	130	9.03	1310	16	2	0	8	7	1133	0
SLA-002179	4/25/2026 14:43	4/25/2026 20:04	ELEVATOR	MEDIUM	HIGH	HIGH	Facilities	321	66.88	159	14	5	1	30	0	547	1
SLA-002180	1/22/2026 16:29	1/23/2026 0:07	SAFETY_HAZARD	MEDIUM	HIGH	HIGH	Safety Team	458	95.42	22	16	3	0	4	11	151	1
SLA-002181	3/2/2026 20:59	3/3/2026 2:47	AV_CLASSROOM_EQUIPMENT	MEDIUM	LOW	LOW	AV Support	348	12.08	2532	20	0	0	29	7	1541	1
SLA-002182	3/4/2026 12:29	3/4/2026 15:42	IT_HARDWARE_PRINTING	LOW	MEDIUM	LOW	IT Support	193	6.7	2687	12	2	0	1	2	1492	0
SLA-002183	2/20/2026 20:03	2/20/2026 22:50	IT_HARDWARE_PRINTING	MEDIUM	MEDIUM	MEDIUM	IT Support	167	11.6	1273	20	4	0	29	6	1227	1
SLA-002184	3/31/2026 2:22	3/31/2026 6:43	GROUNDS_OUTDOOR	LOW	HIGH	MEDIUM	Grounds Team	261	18.12	1179	2	1	0	4	6	742	0
SLA-002185	4/28/2026 12:40	4/28/2026 14:18	IT_NETWORK_ACCOUNTS	HIGH	HIGH	CRITICAL	IT Support	98	20.42	382	12	1	0	3	4	233	0
SLA-002186	7/12/2026 5:37	7/12/2026 12:46	FURNITURE_FIXTURES	LOW	HIGH	MEDIUM	Facilities	429	29.79	1011	5	6	1	1	0	1109	0
SLA-002187	6/8/2026 3:15	6/8/2026 8:41	ELEVATOR	MEDIUM	HIGH	HIGH	Facilities	326	67.92	154	3	0	0	0	5	399	0
SLA-002188	4/8/2026 16:22	4/8/2026 21:59	BUILDING_STRUCTURE	MEDIUM	MEDIUM	MEDIUM	Facilities	337	23.4	1103	16	2	0	1	5	321	0
SLA-002189	6/16/2026 11:00	6/16/2026 20:39	OTHER	MEDIUM	LOW	LOW	General Maintenance	579	20.1	2301	11	1	0	5	15	1236	0
SLA-002190	4/26/2026 4:00	4/26/2026 8:06	ELEVATOR	MEDIUM	MEDIUM	MEDIUM	Facilities	246	17.08	1194	4	6	1	14	8	395	0
SLA-002191	7/15/2026 6:21	7/15/2026 9:32	AV_CLASSROOM_EQUIPMENT	MEDIUM	HIGH	HIGH	AV Support	191	39.79	289	6	2	0	13	9	197	0
SLA-002192	3/24/2026 11:56	3/24/2026 14:11	FURNITURE_FIXTURES	LOW	LOW	LOW	Facilities	135	4.69	2745	11	1	0	4	8	2699	0
SLA-002193	8/10/2026 14:53	8/10/2026 15:58	OTHER	MEDIUM	LOW	LOW	General Maintenance	65	2.26	2815	14	0	0	12	10	1822	0
SLA-002194	3/21/2026 2:31	3/21/2026 9:55	ELECTRICAL	HIGH	MEDIUM	HIGH	Facilities	444	92.5	36	2	5	1	28	4	215	1
SLA-002195	7/21/2026 0:08	7/21/2026 1:32	IT_HARDWARE_PRINTING	MEDIUM	LOW	LOW	IT Support	84	2.92	2796	0	1	0	19	14	1466	1
SLA-002196	4/2/2026 16:12	4/2/2026 19:29	PLUMBING_WATER	MEDIUM	HIGH	HIGH	Facilities	197	41.04	283	16	3	0	24	4	239	0
SLA-002197	8/23/2026 19:59	8/24/2026 0:05	HVAC_AC	HIGH	MEDIUM	HIGH	Facilities	246	51.25	234	19	6	1	24	12	466	1
SLA-002198	5/20/2026 17:23	5/20/2026 21:31	IT_HARDWARE_PRINTING	MEDIUM	MEDIUM	MEDIUM	IT Support	248	17.22	1192	17	2	0	21	10	882	0
SLA-002199	6/8/2026 2:45	6/8/2026 10:46	OTHER	LOW	MEDIUM	LOW	General Maintenance	481	16.7	2399	2	0	0	17	13	2972	1
SLA-002200	6/28/2026 1:19	6/28/2026 1:48	AV_CLASSROOM_EQUIPMENT	MEDIUM	HIGH	HIGH	AV Support	29	6.04	451	1	6	1	22	5	343	0
SLA-002201	1/22/2026 8:23	1/22/2026 9:33	OTHER	LOW	LOW	LOW	General Maintenance	70	2.43	2810	8	3	0	0	1	1468	0
SLA-002202	7/23/2026 13:25	7/23/2026 15:06	IT_HARDWARE_PRINTING	HIGH	MEDIUM	HIGH	IT Support	101	21.04	379	13	3	0	3	0	197	0
SLA-002203	2/8/2026 6:23	2/8/2026 14:34	BUILDING_STRUCTURE	MEDIUM	MEDIUM	MEDIUM	Facilities	491	34.1	949	6	6	1	16	5	1159	0
SLA-002204	3/6/2026 3:31	3/6/2026 8:34	IT_NETWORK_ACCOUNTS	MEDIUM	LOW	LOW	IT Support	303	10.52	2577	3	4	0	27	4	3011	1
SLA-002205	7/31/2026 14:06	7/31/2026 15:52	HVAC_AC	LOW	HIGH	MEDIUM	Facilities	106	7.36	1334	14	4	0	10	9	613	0
SLA-002206	2/20/2026 7:52	2/20/2026 16:59	GROUNDS_OUTDOOR	LOW	LOW	LOW	Grounds Team	547	18.99	2333	7	4	0	7	15	832	0
SLA-002207	3/20/2026 1:41	3/20/2026 3:28	BUILDING_STRUCTURE	MEDIUM	HIGH	HIGH	Facilities	107	22.29	373	1	4	0	8	4	245	0
SLA-002208	2/25/2026 23:50	2/26/2026 1:39	IT_NETWORK_ACCOUNTS	MEDIUM	HIGH	HIGH	IT Support	109	22.71	371	23	2	0	28	0	524	1
SLA-002209	2/5/2026 15:46	2/5/2026 16:21	IT_NETWORK_ACCOUNTS	HIGH	HIGH	CRITICAL	IT Support	35	7.29	445	15	3	0	30	2	318	0
SLA-002210	1/17/2026 9:03	1/17/2026 13:38	BUILDING_STRUCTURE	LOW	LOW	LOW	Facilities	275	9.55	2605	9	5	1	23	7	621	0
SLA-002211	5/7/2026 20:00	5/7/2026 20:47	IT_HARDWARE_PRINTING	LOW	LOW	LOW	IT Support	47	1.63	2833	20	3	0	16	0	2095	0
SLA-002212	1/28/2026 5:36	1/28/2026 8:53	AV_CLASSROOM_EQUIPMENT	HIGH	MEDIUM	HIGH	AV Support	197	41.04	283	5	2	0	3	3	480	0
SLA-002213	8/28/2026 14:43	8/28/2026 19:44	AV_CLASSROOM_EQUIPMENT	MEDIUM	LOW	LOW	AV Support	301	10.45	2579	14	4	0	14	7	2899	1
SLA-002214	8/20/2026 9:01	8/20/2026 19:08	HVAC_AC	MEDIUM	MEDIUM	MEDIUM	Facilities	607	42.15	833	9	3	0	18	3	995	0
SLA-002215	4/21/2026 0:35	4/21/2026 6:21	BUILDING_STRUCTURE	HIGH	MEDIUM	HIGH	Facilities	346	72.08	134	0	1	0	26	3	363	1
SLA-002216	5/24/2026 10:04	5/24/2026 12:44	AV_CLASSROOM_EQUIPMENT	MEDIUM	LOW	LOW	AV Support	160	5.56	2720	10	6	1	8	7	3168	0
SLA-002217	8/16/2026 14:25	8/16/2026 18:03	IT_HARDWARE_PRINTING	MEDIUM	MEDIUM	MEDIUM	IT Support	218	15.14	1222	14	6	1	22	10	1444	1
SLA-002218	1/11/2026 6:56	1/11/2026 10:02	ELEVATOR	HIGH	HIGH	CRITICAL	Facilities	186	38.75	294	6	6	1	23	10	233	1
SLA-002219	1/4/2026 13:59	1/4/2026 21:34	SAFETY_HAZARD	HIGH	HIGH	CRITICAL	Safety Team	455	94.79	25	13	6	1	24	12	493	1
SLA-002220	4/19/2026 4:24	4/19/2026 12:42	CLEANING_WASTE	LOW	HIGH	MEDIUM	Cleaning Services	498	34.58	942	4	6	1	13	1	1597	0
SLA-002221	5/21/2026 7:25	5/21/2026 19:20	ELEVATOR	MEDIUM	MEDIUM	MEDIUM	Facilities	715	49.65	725	7	3	0	27	5	1354	1
SLA-002222	8/22/2026 23:53	8/23/2026 4:50	PLUMBING_WATER	HIGH	HIGH	CRITICAL	Facilities	297	61.88	183	23	5	1	23	10	515	1
SLA-002223	2/28/2026 20:28	3/1/2026 2:47	OTHER	LOW	HIGH	MEDIUM	General Maintenance	379	26.32	1061	20	5	1	5	11	946	0
SLA-002224	3/20/2026 9:16	3/20/2026 10:04	ELECTRICAL	MEDIUM	HIGH	HIGH	Facilities	48	10	432	9	4	0	23	6	133	1
SLA-002225	5/4/2026 7:48	5/4/2026 9:20	AV_CLASSROOM_EQUIPMENT	HIGH	LOW	MEDIUM	AV Support	92	6.39	1348	7	0	0	14	8	768	0
SLA-002226	3/31/2026 15:04	3/31/2026 17:06	AV_CLASSROOM_EQUIPMENT	LOW	HIGH	MEDIUM	AV Support	122	8.47	1318	15	1	0	9	11	1213	0
SLA-002227	8/28/2026 14:18	8/28/2026 18:10	SAFETY_HAZARD	HIGH	HIGH	CRITICAL	Safety Team	232	48.33	248	14	4	0	23	12	97	1
SLA-002228	2/7/2026 10:29	2/7/2026 11:45	SAFETY_HAZARD	MEDIUM	HIGH	HIGH	Safety Team	76	15.83	404	10	5	1	13	0	371	0
SLA-002229	8/21/2026 18:34	8/22/2026 1:59	BUILDING_STRUCTURE	MEDIUM	HIGH	HIGH	Facilities	445	92.71	35	18	4	0	17	12	156	1
SLA-002230	3/12/2026 21:09	3/12/2026 21:39	CLEANING_WASTE	MEDIUM	LOW	LOW	Cleaning Services	30	1.04	2850	21	3	0	12	3	1996	0
SLA-002231	1/23/2026 2:21	1/23/2026 4:42	IT_HARDWARE_PRINTING	HIGH	MEDIUM	HIGH	IT Support	141	29.38	339	2	4	0	20	14	149	1
SLA-002232	6/16/2026 0:23	6/16/2026 1:56	IT_HARDWARE_PRINTING	LOW	LOW	LOW	IT Support	93	3.23	2787	0	1	0	1	1	1386	0
SLA-002233	2/25/2026 7:37	2/25/2026 17:20	FURNITURE_FIXTURES	LOW	MEDIUM	LOW	Facilities	583	20.24	2297	7	2	0	22	15	3113	1
SLA-002234	5/3/2026 13:22	5/3/2026 20:55	IT_HARDWARE_PRINTING	LOW	LOW	LOW	IT Support	453	15.73	2427	13	6	1	30	1	2191	1
SLA-002235	7/26/2026 21:02	7/26/2026 23:07	HVAC_AC	LOW	LOW	LOW	Facilities	125	4.34	2755	21	6	1	10	5	1666	0
SLA-002236	8/21/2026 6:09	8/21/2026 7:17	GROUNDS_OUTDOOR	MEDIUM	HIGH	HIGH	Grounds Team	68	14.17	412	6	4	0	10	6	552	1
SLA-002237	3/22/2026 12:14	3/22/2026 12:44	PLUMBING_WATER	LOW	LOW	LOW	Facilities	30	1.04	2850	12	6	1	0	7	602	0
SLA-002238	1/16/2026 17:26	1/16/2026 22:10	SAFETY_HAZARD	HIGH	HIGH	CRITICAL	Safety Team	284	59.17	196	17	4	0	24	5	199	1
SLA-002239	7/19/2026 11:44	7/19/2026 18:12	ELEVATOR	HIGH	HIGH	CRITICAL	Facilities	388	80.83	92	11	6	1	25	7	130	1
SLA-002240	5/29/2026 11:22	5/29/2026 16:14	ELEVATOR	HIGH	MEDIUM	HIGH	Facilities	292	60.83	188	11	4	0	8	8	236	0
SLA-002241	1/19/2026 15:26	1/19/2026 22:12	IT_HARDWARE_PRINTING	LOW	LOW	LOW	IT Support	406	14.1	2474	15	0	0	4	4	3138	0
SLA-002242	5/31/2026 6:07	5/31/2026 6:25	CLEANING_WASTE	LOW	LOW	LOW	Cleaning Services	18	0.62	2862	6	6	1	6	4	635	0
SLA-002243	5/2/2026 18:23	5/2/2026 23:54	GROUNDS_OUTDOOR	LOW	MEDIUM	LOW	Grounds Team	331	11.49	2549	18	5	1	4	11	3068	1
SLA-002244	2/10/2026 2:41	2/10/2026 5:21	CLEANING_WASTE	MEDIUM	MEDIUM	MEDIUM	Cleaning Services	160	11.11	1280	2	1	0	3	1	974	0
SLA-002245	4/13/2026 4:24	4/13/2026 7:14	IT_NETWORK_ACCOUNTS	LOW	HIGH	MEDIUM	IT Support	170	11.81	1270	4	0	0	22	6	1100	0
SLA-002246	3/7/2026 6:07	3/7/2026 12:19	AV_CLASSROOM_EQUIPMENT	HIGH	HIGH	CRITICAL	AV Support	372	77.5	108	6	5	1	5	3	327	0
SLA-002247	4/28/2026 16:46	4/29/2026 0:04	ELECTRICAL	MEDIUM	HIGH	HIGH	Facilities	438	91.25	42	16	1	0	10	9	96	1
SLA-002248	7/16/2026 16:31	7/16/2026 20:19	PLUMBING_WATER	HIGH	HIGH	CRITICAL	Facilities	228	47.5	252	16	3	0	18	3	239	0
SLA-002249	5/25/2026 8:50	5/25/2026 14:56	ELECTRICAL	HIGH	MEDIUM	HIGH	Facilities	366	76.25	114	8	0	0	18	6	106	1
SLA-002250	8/22/2026 10:20	8/22/2026 13:24	ELEVATOR	HIGH	HIGH	CRITICAL	Facilities	184	38.33	296	10	5	1	13	14	292	1
SLA-002251	4/9/2026 8:36	4/9/2026 12:51	PLUMBING_WATER	HIGH	LOW	MEDIUM	Facilities	255	17.71	1185	8	3	0	26	0	1710	1
SLA-002252	1/5/2026 4:14	1/5/2026 10:24	IT_HARDWARE_PRINTING	MEDIUM	MEDIUM	MEDIUM	IT Support	370	25.69	1070	4	0	0	2	6	1523	0
SLA-002253	2/12/2026 17:26	2/13/2026 4:40	OTHER	HIGH	LOW	MEDIUM	General Maintenance	674	46.81	766	17	3	0	23	2	450	0
SLA-002254	8/22/2026 15:58	8/22/2026 17:45	PLUMBING_WATER	HIGH	LOW	MEDIUM	Facilities	107	7.43	1333	15	5	1	30	12	642	1
SLA-002255	3/12/2026 4:00	3/12/2026 8:14	SAFETY_HAZARD	HIGH	MEDIUM	HIGH	Safety Team	254	52.92	226	4	3	0	15	4	338	0
SLA-002256	7/8/2026 9:07	7/8/2026 11:07	IT_NETWORK_ACCOUNTS	MEDIUM	HIGH	HIGH	IT Support	120	25	360	9	2	0	3	0	206	0
SLA-002257	4/13/2026 17:10	4/14/2026 3:34	FURNITURE_FIXTURES	LOW	LOW	LOW	Facilities	624	21.67	2256	17	0	0	30	5	769	1
SLA-002258	6/20/2026 15:18	6/21/2026 0:17	OTHER	LOW	MEDIUM	LOW	General Maintenance	539	18.72	2341	15	5	1	16	0	853	0
SLA-002259	6/2/2026 19:33	6/2/2026 22:41	FURNITURE_FIXTURES	LOW	MEDIUM	LOW	Facilities	188	6.53	2692	19	1	0	19	9	1814	0
SLA-002260	5/3/2026 19:39	5/4/2026 4:12	HVAC_AC	HIGH	LOW	MEDIUM	Facilities	513	35.62	927	19	6	1	28	3	584	1
SLA-002261	4/16/2026 2:07	4/16/2026 11:00	HVAC_AC	LOW	HIGH	MEDIUM	Facilities	533	37.01	907	2	3	0	0	0	439	0
SLA-002262	4/18/2026 6:46	4/18/2026 15:28	OTHER	HIGH	LOW	MEDIUM	General Maintenance	522	36.25	918	6	5	1	8	4	533	0
SLA-002263	3/8/2026 2:36	3/8/2026 10:35	HVAC_AC	MEDIUM	MEDIUM	MEDIUM	Facilities	479	33.26	961	2	6	1	3	0	890	0
SLA-002264	2/26/2026 22:10	2/27/2026 1:27	OTHER	MEDIUM	HIGH	HIGH	General Maintenance	197	41.04	283	22	3	0	27	9	485	1
SLA-002265	6/5/2026 14:51	6/5/2026 22:02	IT_NETWORK_ACCOUNTS	MEDIUM	HIGH	HIGH	IT Support	431	89.79	49	14	4	0	19	11	415	1
SLA-002266	8/22/2026 23:29	8/23/2026 4:56	ELECTRICAL	HIGH	MEDIUM	HIGH	Facilities	327	68.12	153	23	5	1	14	9	528	1
SLA-002267	5/12/2026 5:21	5/12/2026 16:11	ELECTRICAL	LOW	LOW	LOW	Facilities	650	22.57	2230	5	1	0	1	15	582	0
SLA-002268	3/29/2026 5:02	3/29/2026 14:59	BUILDING_STRUCTURE	LOW	HIGH	MEDIUM	Facilities	597	41.46	843	5	6	1	30	15	733	1
SLA-002269	7/31/2026 8:08	7/31/2026 10:05	OTHER	HIGH	MEDIUM	HIGH	General Maintenance	117	24.38	363	8	4	0	21	6	141	1
SLA-002270	4/28/2026 13:45	4/28/2026 23:49	GROUNDS_OUTDOOR	MEDIUM	MEDIUM	MEDIUM	Grounds Team	604	41.94	836	13	1	0	2	8	1703	0
SLA-002271	5/22/2026 16:00	5/22/2026 18:13	ELECTRICAL	MEDIUM	HIGH	HIGH	Facilities	133	27.71	347	16	4	0	18	2	442	1
SLA-002272	6/23/2026 14:59	6/23/2026 17:13	IT_NETWORK_ACCOUNTS	HIGH	HIGH	CRITICAL	IT Support	134	27.92	346	14	1	0	20	5	489	1
SLA-002273	8/12/2026 10:39	8/12/2026 19:15	ELEVATOR	LOW	MEDIUM	LOW	Facilities	516	17.92	2364	10	2	0	22	6	1713	1
SLA-002274	6/27/2026 5:41	6/27/2026 11:16	IT_NETWORK_ACCOUNTS	MEDIUM	LOW	LOW	IT Support	335	11.63	2545	5	5	1	9	11	650	0
SLA-002275	8/28/2026 15:10	8/28/2026 22:42	GROUNDS_OUTDOOR	LOW	LOW	LOW	Grounds Team	452	15.69	2428	15	4	0	17	0	1783	0
SLA-002276	1/21/2026 23:36	1/22/2026 1:19	GROUNDS_OUTDOOR	LOW	LOW	LOW	Grounds Team	103	3.58	2777	23	2	0	25	6	2869	1
SLA-002277	7/30/2026 15:18	7/30/2026 22:51	ELEVATOR	HIGH	HIGH	CRITICAL	Facilities	453	94.38	27	15	3	0	28	2	223	1
SLA-002278	7/31/2026 12:09	7/31/2026 19:35	IT_HARDWARE_PRINTING	HIGH	MEDIUM	HIGH	IT Support	446	92.92	34	12	4	0	9	12	288	1
SLA-002279	7/30/2026 19:40	7/31/2026 3:42	IT_HARDWARE_PRINTING	LOW	HIGH	MEDIUM	IT Support	482	33.47	958	19	3	0	21	6	1332	1
SLA-002280	5/17/2026 3:10	5/17/2026 5:36	FURNITURE_FIXTURES	LOW	MEDIUM	LOW	Facilities	146	5.07	2734	3	6	1	18	11	1717	0
SLA-002281	4/23/2026 13:38	4/23/2026 15:01	SAFETY_HAZARD	HIGH	MEDIUM	HIGH	Safety Team	83	17.29	397	13	3	0	28	3	242	1
SLA-002282	1/9/2026 21:38	1/10/2026 1:15	GROUNDS_OUTDOOR	LOW	HIGH	MEDIUM	Grounds Team	217	15.07	1223	21	4	0	12	8	380	0
SLA-002283	7/23/2026 7:52	7/23/2026 19:00	CLEANING_WASTE	LOW	LOW	LOW	Cleaning Services	668	23.19	2212	7	3	0	6	6	1340	0
SLA-002284	5/3/2026 15:47	5/3/2026 20:22	IT_HARDWARE_PRINTING	HIGH	HIGH	CRITICAL	IT Support	275	57.29	205	15	6	1	19	8	339	1
SLA-002285	2/8/2026 5:41	2/8/2026 15:58	IT_HARDWARE_PRINTING	LOW	MEDIUM	LOW	IT Support	617	21.42	2263	5	6	1	16	6	2247	0
SLA-002286	2/21/2026 11:08	2/21/2026 17:26	GROUNDS_OUTDOOR	HIGH	HIGH	CRITICAL	Grounds Team	378	78.75	102	11	5	1	12	0	576	1
SLA-002287	1/28/2026 15:29	1/28/2026 21:24	IT_HARDWARE_PRINTING	HIGH	LOW	MEDIUM	IT Support	355	24.65	1085	15	2	0	12	4	1616	0
SLA-002288	8/15/2026 16:00	8/15/2026 21:40	BUILDING_STRUCTURE	HIGH	MEDIUM	HIGH	Facilities	340	70.83	140	16	5	1	18	9	388	1
SLA-002289	7/7/2026 21:25	7/8/2026 8:12	OTHER	LOW	LOW	LOW	General Maintenance	647	22.47	2233	21	1	0	26	5	2153	0
SLA-002290	8/24/2026 5:00	8/24/2026 11:45	OTHER	LOW	LOW	LOW	General Maintenance	405	14.06	2475	5	0	0	14	8	806	0
SLA-002291	3/7/2026 3:08	3/7/2026 13:19	FURNITURE_FIXTURES	MEDIUM	LOW	LOW	Facilities	611	21.22	2269	3	5	1	10	15	677	1
SLA-002292	3/19/2026 5:14	3/19/2026 7:47	ELEVATOR	MEDIUM	HIGH	HIGH	Facilities	153	31.87	327	5	3	0	3	15	295	0
SLA-002293	8/5/2026 17:21	8/5/2026 22:47	ELEVATOR	MEDIUM	HIGH	HIGH	Facilities	326	67.92	154	17	2	0	7	13	468	1
SLA-002294	5/17/2026 23:29	5/18/2026 3:54	IT_HARDWARE_PRINTING	LOW	HIGH	MEDIUM	IT Support	265	18.4	1175	23	6	1	29	9	1295	1
SLA-002295	6/6/2026 6:31	6/6/2026 14:13	PLUMBING_WATER	HIGH	MEDIUM	HIGH	Facilities	462	96.25	18	6	5	1	6	6	250	1
SLA-002296	7/31/2026 0:36	7/31/2026 1:24	ELEVATOR	HIGH	MEDIUM	HIGH	Facilities	48	10	432	0	4	0	9	6	520	1
SLA-002297	1/25/2026 20:34	1/26/2026 2:32	AV_CLASSROOM_EQUIPMENT	MEDIUM	LOW	LOW	AV Support	358	12.43	2522	20	6	1	11	14	1255	0
SLA-002298	8/9/2026 3:25	8/9/2026 6:01	FURNITURE_FIXTURES	MEDIUM	MEDIUM	MEDIUM	Facilities	156	10.83	1284	3	6	1	23	13	1577	1
SLA-002299	6/16/2026 13:00	6/16/2026 13:17	BUILDING_STRUCTURE	MEDIUM	HIGH	HIGH	Facilities	17	3.54	463	13	1	0	16	7	553	1
SLA-002300	3/27/2026 17:56	3/27/2026 21:34	CLEANING_WASTE	LOW	HIGH	MEDIUM	Cleaning Services	218	15.14	1222	17	4	0	16	4	1326	0
SLA-002301	6/11/2026 1:07	6/11/2026 2:39	SAFETY_HAZARD	HIGH	HIGH	CRITICAL	Safety Team	92	19.17	388	1	3	0	6	10	189	1
SLA-002302	7/4/2026 4:12	7/4/2026 12:57	IT_HARDWARE_PRINTING	MEDIUM	LOW	LOW	IT Support	525	18.23	2355	4	5	1	3	0	672	0
SLA-002303	1/6/2026 19:56	1/7/2026 0:46	OTHER	MEDIUM	MEDIUM	MEDIUM	General Maintenance	290	20.14	1150	19	1	0	7	2	713	0
SLA-002304	7/12/2026 22:58	7/13/2026 7:58	OTHER	LOW	LOW	LOW	General Maintenance	540	18.75	2340	22	6	1	30	7	1306	1
SLA-002305	6/18/2026 18:23	6/19/2026 0:07	ELEVATOR	HIGH	LOW	MEDIUM	Facilities	344	23.89	1096	18	3	0	8	2	524	0
SLA-002306	1/4/2026 7:45	1/4/2026 14:10	CLEANING_WASTE	HIGH	MEDIUM	HIGH	Cleaning Services	385	80.21	95	7	6	1	24	3	462	1
SLA-002307	7/20/2026 21:23	7/21/2026 9:11	CLEANING_WASTE	MEDIUM	LOW	LOW	Cleaning Services	708	24.58	2172	21	0	0	9	1	1015	0
SLA-002308	3/15/2026 11:29	3/15/2026 15:05	SAFETY_HAZARD	HIGH	LOW	MEDIUM	Safety Team	216	15	1224	11	6	1	29	10	1542	1
SLA-002309	3/16/2026 3:05	3/16/2026 3:37	IT_NETWORK_ACCOUNTS	HIGH	LOW	MEDIUM	IT Support	32	2.22	1408	3	0	0	19	13	563	1
SLA-002310	3/14/2026 12:00	3/14/2026 13:15	IT_HARDWARE_PRINTING	MEDIUM	MEDIUM	MEDIUM	IT Support	75	5.21	1365	12	5	1	3	14	1300	1
SLA-002311	2/23/2026 1:20	2/23/2026 9:46	FURNITURE_FIXTURES	MEDIUM	MEDIUM	MEDIUM	Facilities	506	35.14	934	1	0	0	21	9	1047	0
SLA-002312	6/1/2026 17:11	6/1/2026 22:07	ELEVATOR	HIGH	MEDIUM	HIGH	Facilities	296	61.67	184	17	0	0	5	12	509	1
SLA-002313	6/13/2026 17:22	6/13/2026 22:52	ELEVATOR	HIGH	MEDIUM	HIGH	Facilities	330	68.75	150	17	5	1	20	11	380	1
SLA-002314	1/10/2026 22:13	1/11/2026 2:08	GROUNDS_OUTDOOR	LOW	MEDIUM	LOW	Grounds Team	235	8.16	2645	22	5	1	14	12	2187	0
SLA-002315	7/22/2026 5:55	7/22/2026 10:56	AV_CLASSROOM_EQUIPMENT	MEDIUM	LOW	LOW	AV Support	301	10.45	2579	5	2	0	21	14	905	1
SLA-002316	3/12/2026 10:16	3/12/2026 11:47	CLEANING_WASTE	LOW	LOW	LOW	Cleaning Services	91	3.16	2789	10	3	0	30	14	1590	1
SLA-002317	2/13/2026 17:59	2/14/2026 0:18	AV_CLASSROOM_EQUIPMENT	HIGH	HIGH	CRITICAL	AV Support	379	78.96	101	17	4	0	0	9	569	1
SLA-002318	1/4/2026 15:49	1/5/2026 0:35	BUILDING_STRUCTURE	MEDIUM	LOW	LOW	Facilities	526	18.26	2354	15	6	1	7	0	2803	0
SLA-002319	1/8/2026 9:57	1/8/2026 12:29	ELECTRICAL	LOW	HIGH	MEDIUM	Facilities	152	10.56	1288	9	3	0	24	14	630	1
SLA-002320	6/7/2026 20:05	6/7/2026 21:45	BUILDING_STRUCTURE	LOW	LOW	LOW	Facilities	100	3.47	2780	20	6	1	27	10	2753	1
SLA-002321	5/8/2026 13:51	5/8/2026 23:40	FURNITURE_FIXTURES	MEDIUM	MEDIUM	MEDIUM	Facilities	589	40.9	851	13	4	0	11	4	882	0
SLA-002322	1/3/2026 14:45	1/3/2026 23:41	CLEANING_WASTE	LOW	HIGH	MEDIUM	Cleaning Services	536	37.22	904	14	5	1	10	14	1067	1
SLA-002323	4/2/2026 0:28	4/2/2026 7:03	ELECTRICAL	HIGH	MEDIUM	HIGH	Facilities	395	82.29	85	0	3	0	10	0	169	1
SLA-002324	3/6/2026 7:45	3/6/2026 10:52	SAFETY_HAZARD	MEDIUM	HIGH	HIGH	Safety Team	187	38.96	293	7	4	0	12	14	576	1
SLA-002325	2/21/2026 18:19	2/22/2026 4:27	CLEANING_WASTE	HIGH	LOW	MEDIUM	Cleaning Services	608	42.22	832	18	5	1	16	4	376	0
SLA-002326	3/4/2026 15:06	3/5/2026 0:40	IT_HARDWARE_PRINTING	MEDIUM	LOW	LOW	IT Support	574	19.93	2306	15	2	0	5	3	1300	0
SLA-002327	8/14/2026 22:25	8/15/2026 4:22	FURNITURE_FIXTURES	LOW	LOW	LOW	Facilities	357	12.4	2523	22	4	0	29	1	823	0
SLA-002328	6/5/2026 14:02	6/5/2026 14:34	PLUMBING_WATER	HIGH	MEDIUM	HIGH	Facilities	32	6.67	448	14	4	0	27	5	418	1
SLA-002329	6/28/2026 19:20	6/28/2026 22:11	AV_CLASSROOM_EQUIPMENT	HIGH	LOW	MEDIUM	AV Support	171	11.88	1269	19	6	1	7	14	925	1
SLA-002330	7/27/2026 16:01	7/27/2026 20:35	CLEANING_WASTE	MEDIUM	HIGH	HIGH	Cleaning Services	274	57.08	206	16	0	0	0	4	181	0
SLA-002331	6/20/2026 1:45	6/20/2026 8:01	ELEVATOR	HIGH	HIGH	CRITICAL	Facilities	376	78.33	104	1	5	1	21	2	206	1
SLA-002332	4/26/2026 7:34	4/26/2026 14:13	AV_CLASSROOM_EQUIPMENT	MEDIUM	HIGH	HIGH	AV Support	399	83.12	81	7	6	1	15	0	386	1
SLA-002333	5/5/2026 22:09	5/6/2026 9:00	AV_CLASSROOM_EQUIPMENT	LOW	MEDIUM	LOW	AV Support	651	22.6	2229	22	1	0	17	5	2232	0
SLA-002334	6/26/2026 21:25	6/27/2026 9:06	IT_NETWORK_ACCOUNTS	MEDIUM	MEDIUM	MEDIUM	IT Support	701	48.68	739	21	4	0	13	3	1727	0
SLA-002335	3/26/2026 2:15	3/26/2026 9:35	OTHER	MEDIUM	LOW	LOW	General Maintenance	440	15.28	2440	2	3	0	29	3	3046	1
SLA-002336	3/3/2026 4:07	3/3/2026 6:14	HVAC_AC	MEDIUM	HIGH	HIGH	Facilities	127	26.46	353	4	1	0	10	11	481	1
SLA-002337	5/8/2026 14:21	5/8/2026 21:35	BUILDING_STRUCTURE	HIGH	MEDIUM	HIGH	Facilities	434	90.42	46	14	4	0	11	4	239	1
SLA-002338	1/4/2026 19:01	1/5/2026 1:59	IT_NETWORK_ACCOUNTS	MEDIUM	HIGH	HIGH	IT Support	418	87.08	62	19	6	1	26	5	184	1
SLA-002339	2/28/2026 2:28	2/28/2026 5:50	ELECTRICAL	HIGH	HIGH	CRITICAL	Facilities	202	42.08	278	2	5	1	23	9	379	1
SLA-002340	6/15/2026 9:44	6/15/2026 13:10	PLUMBING_WATER	LOW	LOW	LOW	Facilities	206	7.15	2674	9	0	0	13	6	1807	0
SLA-002341	1/18/2026 11:19	1/18/2026 14:12	HVAC_AC	LOW	LOW	LOW	Facilities	173	6.01	2707	11	6	1	7	0	3069	0
SLA-002342	2/27/2026 11:52	2/27/2026 21:21	ELEVATOR	MEDIUM	MEDIUM	MEDIUM	Facilities	569	39.51	871	11	4	0	12	12	450	1
SLA-002343	6/2/2026 12:20	6/2/2026 14:45	AV_CLASSROOM_EQUIPMENT	LOW	MEDIUM	LOW	AV Support	145	5.03	2735	12	1	0	1	9	1472	0
SLA-002344	1/7/2026 6:10	1/7/2026 8:13	IT_NETWORK_ACCOUNTS	LOW	LOW	LOW	IT Support	123	4.27	2757	6	2	0	25	6	784	0
SLA-002345	7/7/2026 11:03	7/7/2026 13:50	IT_HARDWARE_PRINTING	MEDIUM	HIGH	HIGH	IT Support	167	34.79	313	11	1	0	18	13	314	1
SLA-002346	5/10/2026 10:31	5/10/2026 22:27	FURNITURE_FIXTURES	MEDIUM	LOW	LOW	Facilities	716	24.86	2164	10	6	1	7	2	1325	0
SLA-002347	8/28/2026 10:42	8/28/2026 14:22	IT_HARDWARE_PRINTING	MEDIUM	HIGH	HIGH	IT Support	220	45.83	260	10	4	0	1	10	310	1
SLA-002348	4/21/2026 8:45	4/21/2026 13:20	PLUMBING_WATER	LOW	LOW	LOW	Facilities	275	9.55	2605	8	1	0	8	12	3101	1
SLA-002349	1/6/2026 4:06	1/6/2026 9:36	AV_CLASSROOM_EQUIPMENT	MEDIUM	HIGH	HIGH	AV Support	330	68.75	150	4	1	0	19	1	280	0
SLA-002350	2/2/2026 15:16	2/2/2026 22:54	ELECTRICAL	HIGH	MEDIUM	HIGH	Facilities	458	95.42	22	15	0	0	10	3	419	1
SLA-002351	4/11/2026 20:33	4/12/2026 0:27	IT_HARDWARE_PRINTING	HIGH	HIGH	CRITICAL	IT Support	234	48.75	246	20	5	1	8	12	213	1
SLA-002352	4/23/2026 2:05	4/23/2026 6:42	CLEANING_WASTE	MEDIUM	LOW	LOW	Cleaning Services	277	9.62	2603	2	3	0	23	15	2916	1
SLA-002353	4/29/2026 17:13	4/29/2026 21:47	SAFETY_HAZARD	HIGH	HIGH	CRITICAL	Safety Team	274	57.08	206	17	2	0	1	10	233	0
SLA-002354	5/11/2026 1:17	5/11/2026 2:11	ELECTRICAL	HIGH	LOW	MEDIUM	Facilities	54	3.75	1386	1	0	0	24	0	1134	0
SLA-002355	1/6/2026 9:38	1/6/2026 12:39	AV_CLASSROOM_EQUIPMENT	HIGH	HIGH	CRITICAL	AV Support	181	37.71	299	9	1	0	29	0	458	1
SLA-002356	8/17/2026 10:39	8/17/2026 13:00	GROUNDS_OUTDOOR	LOW	LOW	LOW	Grounds Team	141	4.9	2739	10	0	0	24	14	3091	1
SLA-002357	3/29/2026 15:34	3/29/2026 20:52	IT_NETWORK_ACCOUNTS	HIGH	MEDIUM	HIGH	IT Support	318	66.25	162	15	6	1	7	15	279	1
SLA-002358	2/2/2026 15:50	2/2/2026 23:55	OTHER	MEDIUM	LOW	LOW	General Maintenance	485	16.84	2395	15	0	0	0	9	1736	0
SLA-002359	3/9/2026 4:09	3/9/2026 11:44	BUILDING_STRUCTURE	HIGH	MEDIUM	HIGH	Facilities	455	94.79	25	4	0	0	19	0	319	1
SLA-002360	5/2/2026 5:28	5/2/2026 7:31	ELEVATOR	HIGH	MEDIUM	HIGH	Facilities	123	25.62	357	5	5	1	13	2	125	0
SLA-002361	6/25/2026 3:03	6/25/2026 3:21	IT_NETWORK_ACCOUNTS	MEDIUM	HIGH	HIGH	IT Support	18	3.75	462	3	3	0	5	10	458	1
SLA-002362	3/30/2026 8:14	3/30/2026 11:10	IT_HARDWARE_PRINTING	LOW	HIGH	MEDIUM	IT Support	176	12.22	1264	8	0	0	12	10	1605	1
SLA-002363	7/2/2026 23:03	7/3/2026 9:25	OTHER	LOW	MEDIUM	LOW	General Maintenance	622	21.6	2258	23	3	0	9	2	2252	0
SLA-002364	5/10/2026 10:33	5/10/2026 17:08	FURNITURE_FIXTURES	LOW	HIGH	MEDIUM	Facilities	395	27.43	1045	10	6	1	4	10	1138	0
SLA-002365	1/1/2026 23:32	1/2/2026 5:16	GROUNDS_OUTDOOR	MEDIUM	MEDIUM	MEDIUM	Grounds Team	344	23.89	1096	23	3	0	28	9	539	0
SLA-002366	2/1/2026 11:08	2/1/2026 14:26	SAFETY_HAZARD	MEDIUM	HIGH	HIGH	Safety Team	198	41.25	282	11	6	1	6	9	106	0
SLA-002367	8/8/2026 2:09	8/8/2026 13:01	OTHER	MEDIUM	MEDIUM	MEDIUM	General Maintenance	652	45.28	788	2	5	1	13	13	1455	1
SLA-002368	1/19/2026 12:24	1/19/2026 20:37	CLEANING_WASTE	MEDIUM	MEDIUM	MEDIUM	Cleaning Services	493	34.24	947	12	0	0	17	5	1318	0
SLA-002369	8/22/2026 22:36	8/23/2026 2:28	IT_NETWORK_ACCOUNTS	HIGH	MEDIUM	HIGH	IT Support	232	48.33	248	22	5	1	8	1	244	0
SLA-002370	1/26/2026 13:30	1/26/2026 21:13	IT_NETWORK_ACCOUNTS	HIGH	MEDIUM	HIGH	IT Support	463	96.46	17	13	0	0	3	2	285	1
SLA-002371	1/5/2026 11:16	1/5/2026 23:14	OTHER	LOW	MEDIUM	LOW	General Maintenance	718	24.93	2162	11	0	0	21	15	2655	1
SLA-002372	5/18/2026 6:26	5/18/2026 6:55	IT_NETWORK_ACCOUNTS	MEDIUM	MEDIUM	MEDIUM	IT Support	29	2.01	1411	6	0	0	21	9	761	0
SLA-002373	3/13/2026 15:08	3/14/2026 1:06	IT_HARDWARE_PRINTING	LOW	MEDIUM	LOW	IT Support	598	20.76	2282	15	4	0	24	7	3236	1
SLA-002374	7/23/2026 21:41	7/24/2026 0:09	IT_NETWORK_ACCOUNTS	HIGH	MEDIUM	HIGH	IT Support	148	30.83	332	21	3	0	30	8	344	1
SLA-002375	8/25/2026 11:59	8/25/2026 18:18	BUILDING_STRUCTURE	MEDIUM	HIGH	HIGH	Facilities	379	78.96	101	11	1	0	26	10	423	1
SLA-002376	7/26/2026 11:34	7/26/2026 18:18	HVAC_AC	LOW	HIGH	MEDIUM	Facilities	404	28.06	1036	11	6	1	1	12	1175	0
SLA-002377	2/23/2026 12:42	2/23/2026 17:35	GROUNDS_OUTDOOR	LOW	LOW	LOW	Grounds Team	293	10.17	2587	12	0	0	6	9	2234	0
SLA-002378	2/9/2026 0:45	2/9/2026 6:51	PLUMBING_WATER	MEDIUM	HIGH	HIGH	Facilities	366	76.25	114	0	0	0	10	15	401	1
SLA-002379	8/20/2026 15:02	8/20/2026 17:18	IT_NETWORK_ACCOUNTS	MEDIUM	HIGH	HIGH	IT Support	136	28.33	344	15	3	0	12	1	318	0
SLA-002380	2/26/2026 9:33	2/26/2026 11:20	IT_HARDWARE_PRINTING	MEDIUM	LOW	LOW	IT Support	107	3.72	2773	9	3	0	23	1	3094	1
SLA-002381	3/26/2026 23:13	3/27/2026 2:31	AV_CLASSROOM_EQUIPMENT	MEDIUM	LOW	LOW	AV Support	198	6.88	2682	23	3	0	17	10	3133	1
SLA-002382	1/21/2026 6:01	1/21/2026 12:49	ELECTRICAL	MEDIUM	LOW	LOW	Facilities	408	14.17	2472	6	2	0	11	2	1860	0
SLA-002383	8/12/2026 20:02	8/12/2026 23:38	CLEANING_WASTE	MEDIUM	LOW	LOW	Cleaning Services	216	7.5	2664	20	2	0	12	10	2668	1
SLA-002384	1/18/2026 6:24	1/18/2026 12:18	PLUMBING_WATER	MEDIUM	MEDIUM	MEDIUM	Facilities	354	24.58	1086	6	6	1	4	1	907	0
SLA-002385	6/19/2026 22:39	6/20/2026 10:31	AV_CLASSROOM_EQUIPMENT	LOW	HIGH	MEDIUM	AV Support	712	49.44	728	22	4	0	19	2	682	0
SLA-002386	1/14/2026 18:18	1/14/2026 23:46	HVAC_AC	HIGH	MEDIUM	HIGH	Facilities	328	68.33	152	18	2	0	9	14	548	1
SLA-002387	7/14/2026 7:50	7/14/2026 8:11	CLEANING_WASTE	LOW	HIGH	MEDIUM	Cleaning Services	21	1.46	1419	7	1	0	28	15	1091	1
SLA-002388	8/28/2026 7:55	8/28/2026 18:55	HVAC_AC	MEDIUM	MEDIUM	MEDIUM	Facilities	660	45.83	780	7	4	0	13	3	1353	0
SLA-002389	1/25/2026 22:08	1/26/2026 0:53	IT_NETWORK_ACCOUNTS	LOW	LOW	LOW	IT Support	165	5.73	2715	22	6	1	5	0	835	0
SLA-002390	8/24/2026 1:02	8/24/2026 5:05	HVAC_AC	MEDIUM	HIGH	HIGH	Facilities	243	50.62	237	1	0	0	5	10	399	1
SLA-002391	2/17/2026 6:49	2/17/2026 15:48	FURNITURE_FIXTURES	MEDIUM	LOW	LOW	Facilities	539	18.72	2341	6	1	0	28	10	1428	1
SLA-002392	7/29/2026 17:26	7/29/2026 19:49	IT_HARDWARE_PRINTING	MEDIUM	HIGH	HIGH	IT Support	143	29.79	337	17	2	0	5	12	548	1
SLA-002393	2/8/2026 20:12	2/9/2026 2:29	FURNITURE_FIXTURES	MEDIUM	MEDIUM	MEDIUM	Facilities	377	26.18	1063	20	6	1	7	2	377	0
SLA-002394	1/13/2026 4:31	1/13/2026 11:21	ELECTRICAL	HIGH	MEDIUM	HIGH	Facilities	410	85.42	70	4	1	0	1	5	261	1
SLA-002395	6/8/2026 19:51	6/9/2026 1:11	PLUMBING_WATER	MEDIUM	HIGH	HIGH	Facilities	320	66.67	160	19	0	0	2	14	151	1
SLA-002396	4/12/2026 20:32	4/13/2026 0:18	ELEVATOR	HIGH	MEDIUM	HIGH	Facilities	226	47.08	254	20	6	1	26	3	338	1
SLA-002397	8/10/2026 22:45	8/11/2026 4:07	PLUMBING_WATER	MEDIUM	HIGH	HIGH	Facilities	322	67.08	158	22	0	0	4	15	183	1
SLA-002398	3/15/2026 5:28	3/15/2026 9:48	ELEVATOR	MEDIUM	MEDIUM	MEDIUM	Facilities	260	18.06	1180	5	6	1	7	6	401	0
SLA-002399	6/13/2026 23:51	6/14/2026 6:52	HVAC_AC	LOW	LOW	LOW	Facilities	421	14.62	2459	23	5	1	2	7	2033	0
SLA-002400	6/11/2026 12:36	6/11/2026 23:26	GROUNDS_OUTDOOR	MEDIUM	LOW	LOW	Grounds Team	650	22.57	2230	12	3	0	13	3	3274	0
SLA-002401	7/20/2026 15:08	7/20/2026 18:19	SAFETY_HAZARD	HIGH	MEDIUM	HIGH	Safety Team	191	39.79	289	15	0	0	24	10	449	1
SLA-002402	8/6/2026 3:44	8/6/2026 8:40	AV_CLASSROOM_EQUIPMENT	MEDIUM	HIGH	HIGH	AV Support	296	61.67	184	3	3	0	7	7	456	0
SLA-002403	1/13/2026 6:28	1/13/2026 9:51	ELEVATOR	MEDIUM	HIGH	HIGH	Facilities	203	42.29	277	6	1	0	4	10	424	1
SLA-002404	5/25/2026 7:29	5/25/2026 10:21	IT_NETWORK_ACCOUNTS	MEDIUM	HIGH	HIGH	IT Support	172	35.83	308	7	0	0	28	6	562	1
SLA-002405	7/29/2026 12:24	7/29/2026 13:14	IT_NETWORK_ACCOUNTS	HIGH	MEDIUM	HIGH	IT Support	50	10.42	430	12	2	0	10	15	446	1
SLA-002406	5/31/2026 8:53	5/31/2026 10:35	HVAC_AC	HIGH	MEDIUM	HIGH	Facilities	102	21.25	378	8	6	1	4	5	539	0
SLA-002407	2/4/2026 0:04	2/4/2026 2:31	IT_NETWORK_ACCOUNTS	MEDIUM	LOW	LOW	IT Support	147	5.1	2733	0	2	0	6	10	2867	0
SLA-002408	2/3/2026 23:26	2/4/2026 8:37	GROUNDS_OUTDOOR	MEDIUM	LOW	LOW	Grounds Team	551	19.13	2329	23	1	0	8	9	1707	0
SLA-002409	4/23/2026 0:55	4/23/2026 6:55	OTHER	MEDIUM	LOW	LOW	General Maintenance	360	12.5	2520	0	3	0	23	15	3178	1
SLA-002410	8/12/2026 3:07	8/12/2026 6:08	AV_CLASSROOM_EQUIPMENT	MEDIUM	MEDIUM	MEDIUM	AV Support	181	12.57	1259	3	2	0	26	2	508	1
SLA-002411	8/23/2026 15:06	8/23/2026 18:04	CLEANING_WASTE	LOW	LOW	LOW	Cleaning Services	178	6.18	2702	15	6	1	21	7	2798	0
SLA-002412	8/23/2026 21:59	8/24/2026 6:03	PLUMBING_WATER	HIGH	LOW	MEDIUM	Facilities	484	33.61	956	21	6	1	26	5	1533	1
SLA-002413	4/26/2026 13:15	4/26/2026 19:44	AV_CLASSROOM_EQUIPMENT	LOW	MEDIUM	LOW	AV Support	389	13.51	2491	13	6	1	13	14	1546	1
SLA-002414	6/20/2026 7:55	6/20/2026 13:47	FURNITURE_FIXTURES	MEDIUM	HIGH	HIGH	Facilities	352	73.33	128	7	5	1	23	15	468	1
SLA-002415	3/27/2026 13:49	3/27/2026 16:39	HVAC_AC	LOW	LOW	LOW	Facilities	170	5.9	2710	13	4	0	9	13	686	0
SLA-002416	2/2/2026 22:12	2/3/2026 0:04	BUILDING_STRUCTURE	LOW	MEDIUM	LOW	Facilities	112	3.89	2768	22	0	0	19	4	1931	0
SLA-002417	3/21/2026 14:58	3/21/2026 21:58	OTHER	MEDIUM	MEDIUM	MEDIUM	General Maintenance	420	29.17	1020	14	5	1	22	5	962	0
SLA-002418	5/9/2026 14:48	5/9/2026 20:38	OTHER	HIGH	HIGH	CRITICAL	General Maintenance	350	72.92	130	14	5	1	23	11	428	1
SLA-002419	3/28/2026 0:30	3/28/2026 5:37	BUILDING_STRUCTURE	LOW	LOW	LOW	Facilities	307	10.66	2573	0	5	1	9	6	1306	0
SLA-002420	3/13/2026 12:26	3/13/2026 12:49	CLEANING_WASTE	MEDIUM	MEDIUM	MEDIUM	Cleaning Services	23	1.6	1417	12	4	0	5	15	718	0
SLA-002421	1/5/2026 9:19	1/5/2026 11:53	OTHER	HIGH	MEDIUM	HIGH	General Maintenance	154	32.08	326	9	0	0	11	6	249	0
SLA-002422	7/2/2026 3:20	7/2/2026 4:48	FURNITURE_FIXTURES	LOW	MEDIUM	LOW	Facilities	88	3.06	2792	3	3	0	15	4	2558	0
SLA-002423	1/8/2026 16:22	1/8/2026 21:08	OTHER	MEDIUM	MEDIUM	MEDIUM	General Maintenance	286	19.86	1154	16	3	0	27	8	875	1
SLA-002424	2/24/2026 18:29	2/25/2026 0:28	FURNITURE_FIXTURES	LOW	LOW	LOW	Facilities	359	12.47	2521	18	1	0	21	11	2915	1
SLA-002425	6/30/2026 15:43	6/30/2026 21:55	OTHER	MEDIUM	MEDIUM	MEDIUM	General Maintenance	372	25.83	1068	15	1	0	18	12	1034	0
SLA-002426	7/30/2026 10:21	7/30/2026 14:52	CLEANING_WASTE	MEDIUM	MEDIUM	MEDIUM	Cleaning Services	271	18.82	1169	10	3	0	30	3	775	0
SLA-002427	2/3/2026 23:00	2/4/2026 0:09	CLEANING_WASTE	LOW	LOW	LOW	Cleaning Services	69	2.4	2811	23	1	0	13	4	1476	0
SLA-002428	7/3/2026 19:53	7/3/2026 23:16	ELEVATOR	MEDIUM	LOW	LOW	Facilities	203	7.05	2677	19	4	0	21	8	1708	0
SLA-002429	5/20/2026 14:16	5/21/2026 1:58	PLUMBING_WATER	MEDIUM	MEDIUM	MEDIUM	Facilities	702	48.75	738	14	2	0	21	10	1111	1
SLA-002430	4/12/2026 20:05	4/13/2026 3:09	AV_CLASSROOM_EQUIPMENT	MEDIUM	HIGH	HIGH	AV Support	424	88.33	56	20	6	1	23	10	136	1
SLA-002431	4/17/2026 12:32	4/17/2026 18:48	ELEVATOR	HIGH	MEDIUM	HIGH	Facilities	376	78.33	104	12	4	0	16	10	518	1
SLA-002432	4/19/2026 14:11	4/19/2026 17:15	OTHER	LOW	HIGH	MEDIUM	General Maintenance	184	12.78	1256	14	6	1	13	10	1672	1
SLA-002433	5/8/2026 22:44	5/9/2026 3:37	SAFETY_HAZARD	HIGH	LOW	MEDIUM	Safety Team	293	20.35	1147	22	4	0	19	9	456	0
SLA-002434	3/5/2026 0:42	3/5/2026 3:21	BUILDING_STRUCTURE	MEDIUM	LOW	LOW	Facilities	159	5.52	2721	0	3	0	5	10	851	0
SLA-002435	5/17/2026 21:20	5/18/2026 6:22	HVAC_AC	MEDIUM	MEDIUM	MEDIUM	Facilities	542	37.64	898	21	6	1	2	2	1066	0
SLA-002436	4/23/2026 21:22	4/24/2026 7:46	IT_NETWORK_ACCOUNTS	LOW	LOW	LOW	IT Support	624	21.67	2256	21	3	0	1	14	2304	1
SLA-002437	1/11/2026 21:07	1/11/2026 22:23	IT_HARDWARE_PRINTING	LOW	LOW	LOW	IT Support	76	2.64	2804	21	6	1	9	13	2938	1
SLA-002438	7/1/2026 6:09	7/1/2026 12:36	SAFETY_HAZARD	HIGH	HIGH	CRITICAL	Safety Team	387	80.62	93	6	2	0	16	4	178	1
SLA-002439	4/23/2026 22:33	4/24/2026 1:02	IT_NETWORK_ACCOUNTS	MEDIUM	MEDIUM	MEDIUM	IT Support	149	10.35	1291	22	3	0	24	15	838	1
SLA-002440	5/15/2026 22:28	5/16/2026 4:28	CLEANING_WASTE	MEDIUM	LOW	LOW	Cleaning Services	360	12.5	2520	22	4	0	2	10	2239	0
SLA-002441	2/20/2026 20:31	2/21/2026 1:49	SAFETY_HAZARD	HIGH	HIGH	CRITICAL	Safety Team	318	66.25	162	20	4	0	19	10	507	1
SLA-002442	5/31/2026 19:47	6/1/2026 3:21	PLUMBING_WATER	HIGH	MEDIUM	HIGH	Facilities	454	94.58	26	19	6	1	7	15	285	1
SLA-002443	7/28/2026 2:54	7/28/2026 7:28	SAFETY_HAZARD	MEDIUM	HIGH	HIGH	Safety Team	274	57.08	206	2	1	0	9	12	417	1
SLA-002444	1/11/2026 23:33	1/12/2026 6:07	CLEANING_WASTE	LOW	LOW	LOW	Cleaning Services	394	13.68	2486	23	6	1	0	10	2501	0
SLA-002445	8/14/2026 18:00	8/14/2026 21:02	OTHER	LOW	LOW	LOW	General Maintenance	182	6.32	2698	18	4	0	26	2	2758	1
SLA-002446	7/2/2026 7:35	7/2/2026 15:00	SAFETY_HAZARD	MEDIUM	HIGH	HIGH	Safety Team	445	92.71	35	7	3	0	8	13	467	1
SLA-002447	3/13/2026 1:22	3/13/2026 7:46	ELEVATOR	MEDIUM	MEDIUM	MEDIUM	Facilities	384	26.67	1056	1	4	0	16	1	1036	0
SLA-002448	1/1/2026 12:52	1/1/2026 15:49	ELECTRICAL	HIGH	HIGH	CRITICAL	Facilities	177	36.88	303	12	3	0	8	4	300	0
SLA-002449	3/25/2026 4:06	3/25/2026 10:45	OTHER	MEDIUM	HIGH	HIGH	General Maintenance	399	83.12	81	4	2	0	28	9	410	1
SLA-002450	5/30/2026 16:46	5/31/2026 2:34	GROUNDS_OUTDOOR	MEDIUM	MEDIUM	MEDIUM	Grounds Team	588	40.83	852	16	5	1	30	9	1397	1
SLA-002451	2/20/2026 15:03	2/20/2026 22:06	BUILDING_STRUCTURE	HIGH	HIGH	CRITICAL	Facilities	423	88.12	57	15	4	0	5	7	262	1
SLA-002452	2/10/2026 8:17	2/10/2026 8:58	PLUMBING_WATER	MEDIUM	HIGH	HIGH	Facilities	41	8.54	439	8	1	0	26	13	162	1
SLA-002453	1/19/2026 15:45	1/19/2026 18:11	SAFETY_HAZARD	HIGH	HIGH	CRITICAL	Safety Team	146	30.42	334	15	0	0	2	4	281	0
SLA-002454	1/1/2026 2:10	1/1/2026 4:44	FURNITURE_FIXTURES	LOW	LOW	LOW	Facilities	154	5.35	2726	2	3	0	20	5	1859	0
SLA-002455	5/3/2026 8:14	5/3/2026 11:16	AV_CLASSROOM_EQUIPMENT	LOW	HIGH	MEDIUM	AV Support	182	12.64	1258	8	6	1	12	2	1291	0
SLA-002456	2/13/2026 10:30	2/13/2026 12:57	OTHER	LOW	HIGH	MEDIUM	General Maintenance	147	10.21	1293	10	4	0	11	4	1189	0
SLA-002457	7/14/2026 0:41	7/14/2026 4:32	FURNITURE_FIXTURES	LOW	MEDIUM	LOW	Facilities	231	8.02	2649	0	1	0	24	0	1053	0
SLA-002458	5/8/2026 9:01	5/8/2026 11:46	CLEANING_WASTE	LOW	LOW	LOW	Cleaning Services	165	5.73	2715	9	4	0	10	8	735	0
SLA-002459	2/10/2026 20:10	2/11/2026 7:44	GROUNDS_OUTDOOR	MEDIUM	MEDIUM	MEDIUM	Grounds Team	694	48.19	746	20	1	0	23	6	855	0
SLA-002460	8/15/2026 1:18	8/15/2026 4:11	FURNITURE_FIXTURES	LOW	HIGH	MEDIUM	Facilities	173	12.01	1267	1	5	1	12	2	458	0
SLA-002461	4/4/2026 23:45	4/5/2026 6:38	OTHER	LOW	HIGH	MEDIUM	General Maintenance	413	28.68	1027	23	5	1	12	12	1661	1
SLA-002462	7/6/2026 17:54	7/7/2026 3:24	FURNITURE_FIXTURES	MEDIUM	MEDIUM	MEDIUM	Facilities	570	39.58	870	17	0	0	4	14	1319	1
SLA-002463	8/21/2026 10:18	8/21/2026 15:43	CLEANING_WASTE	LOW	HIGH	MEDIUM	Cleaning Services	325	22.57	1115	10	4	0	16	10	464	0
SLA-002464	4/18/2026 21:49	4/19/2026 6:46	AV_CLASSROOM_EQUIPMENT	LOW	HIGH	MEDIUM	AV Support	537	37.29	903	21	5	1	24	9	963	0
SLA-002465	5/31/2026 9:16	5/31/2026 18:39	IT_NETWORK_ACCOUNTS	LOW	LOW	LOW	IT Support	563	19.55	2317	9	6	1	6	6	1068	0
SLA-002466	8/27/2026 21:23	8/28/2026 1:41	IT_HARDWARE_PRINTING	LOW	LOW	LOW	IT Support	258	8.96	2622	21	3	0	25	1	1355	0
SLA-002467	6/26/2026 10:18	6/26/2026 15:35	IT_NETWORK_ACCOUNTS	LOW	MEDIUM	LOW	IT Support	317	11.01	2563	10	4	0	29	2	1285	0
SLA-002468	7/12/2026 11:14	7/12/2026 21:35	AV_CLASSROOM_EQUIPMENT	LOW	LOW	LOW	AV Support	621	21.56	2259	11	6	1	20	5	696	0
SLA-002469	6/8/2026 19:55	6/8/2026 21:48	IT_NETWORK_ACCOUNTS	MEDIUM	MEDIUM	MEDIUM	IT Support	113	7.85	1327	19	0	0	21	7	1064	0
SLA-002470	7/15/2026 21:24	7/16/2026 0:25	ELECTRICAL	HIGH	MEDIUM	HIGH	Facilities	181	37.71	299	21	2	0	21	4	407	1
SLA-002471	1/10/2026 8:18	1/10/2026 9:29	IT_NETWORK_ACCOUNTS	HIGH	MEDIUM	HIGH	IT Support	71	14.79	409	8	5	1	7	5	476	0
SLA-002472	5/28/2026 5:46	5/28/2026 11:30	FURNITURE_FIXTURES	MEDIUM	MEDIUM	MEDIUM	Facilities	344	23.89	1096	5	3	0	20	5	446	0
SLA-002473	7/2/2026 5:39	7/2/2026 7:49	BUILDING_STRUCTURE	LOW	MEDIUM	LOW	Facilities	130	4.51	2750	5	3	0	27	1	1887	1
SLA-002474	2/14/2026 17:24	2/14/2026 20:51	ELEVATOR	HIGH	HIGH	CRITICAL	Facilities	207	43.12	273	17	5	1	15	0	180	0
SLA-002475	1/20/2026 22:30	1/21/2026 6:43	ELEVATOR	HIGH	LOW	MEDIUM	Facilities	493	34.24	947	22	1	0	16	6	852	0
SLA-002476	1/5/2026 19:55	1/5/2026 22:23	IT_NETWORK_ACCOUNTS	MEDIUM	MEDIUM	MEDIUM	IT Support	148	10.28	1292	19	0	0	3	1	1486	0
SLA-002477	7/6/2026 2:54	7/6/2026 5:28	ELEVATOR	HIGH	MEDIUM	HIGH	Facilities	154	32.08	326	2	0	0	6	4	520	1
SLA-002478	4/10/2026 4:01	4/10/2026 11:35	ELECTRICAL	HIGH	HIGH	CRITICAL	Facilities	454	94.58	26	4	4	0	2	3	358	1
SLA-002479	3/25/2026 22:12	3/25/2026 23:51	BUILDING_STRUCTURE	MEDIUM	LOW	LOW	Facilities	99	3.44	2781	22	2	0	14	11	2347	0
SLA-002480	8/24/2026 19:15	8/25/2026 5:52	FURNITURE_FIXTURES	LOW	HIGH	MEDIUM	Facilities	637	44.24	803	19	0	0	25	11	1572	1
SLA-002481	1/22/2026 22:30	1/23/2026 8:04	ELEVATOR	MEDIUM	MEDIUM	MEDIUM	Facilities	574	39.86	866	22	3	0	17	10	988	0
SLA-002482	5/16/2026 19:44	5/16/2026 21:53	ELECTRICAL	HIGH	MEDIUM	HIGH	Facilities	129	26.88	351	19	5	1	3	13	232	0
SLA-002483	4/8/2026 7:45	4/8/2026 14:16	GROUNDS_OUTDOOR	MEDIUM	LOW	LOW	Grounds Team	391	13.58	2489	7	2	0	22	14	1719	1
SLA-002484	4/1/2026 15:45	4/2/2026 0:06	AV_CLASSROOM_EQUIPMENT	MEDIUM	MEDIUM	MEDIUM	AV Support	501	34.79	939	15	2	0	15	0	974	0
SLA-002485	1/9/2026 13:24	1/9/2026 15:51	HVAC_AC	LOW	LOW	LOW	Facilities	147	5.1	2733	13	4	0	15	14	2562	1
SLA-002486	7/7/2026 7:16	7/7/2026 17:06	SAFETY_HAZARD	MEDIUM	MEDIUM	MEDIUM	Safety Team	590	40.97	850	7	1	0	20	15	603	1
SLA-002487	8/16/2026 21:58	8/17/2026 1:42	CLEANING_WASTE	LOW	MEDIUM	LOW	Cleaning Services	224	7.78	2656	21	6	1	2	5	1431	0
SLA-002488	2/27/2026 0:10	2/27/2026 3:08	PLUMBING_WATER	MEDIUM	HIGH	HIGH	Facilities	178	37.08	302	0	4	0	7	12	347	0
SLA-002489	3/13/2026 20:52	3/13/2026 21:12	ELECTRICAL	LOW	LOW	LOW	Facilities	20	0.69	2860	20	4	0	4	2	1975	0
SLA-002490	8/4/2026 17:40	8/5/2026 1:18	HVAC_AC	HIGH	HIGH	CRITICAL	Facilities	458	95.42	22	17	1	0	20	7	576	1
SLA-002491	5/11/2026 0:16	5/11/2026 2:06	ELEVATOR	MEDIUM	LOW	LOW	Facilities	110	3.82	2770	0	0	0	17	10	748	0
SLA-002492	2/6/2026 21:00	2/6/2026 21:40	ELEVATOR	MEDIUM	HIGH	HIGH	Facilities	40	8.33	440	21	4	0	23	3	381	1
SLA-002493	1/18/2026 22:28	1/19/2026 2:28	IT_NETWORK_ACCOUNTS	LOW	MEDIUM	LOW	IT Support	240	8.33	2640	22	6	1	16	3	991	0
SLA-002494	3/11/2026 14:33	3/11/2026 16:44	IT_NETWORK_ACCOUNTS	HIGH	HIGH	CRITICAL	IT Support	131	27.29	349	14	2	0	15	8	384	0
SLA-002495	7/2/2026 21:20	7/2/2026 22:36	AV_CLASSROOM_EQUIPMENT	MEDIUM	MEDIUM	MEDIUM	AV Support	76	5.28	1364	21	3	0	29	15	1524	1
SLA-002496	1/1/2026 19:13	1/2/2026 6:22	PLUMBING_WATER	LOW	LOW	LOW	Facilities	669	23.23	2211	19	3	0	18	3	772	0
SLA-002497	8/21/2026 1:39	8/21/2026 8:17	IT_HARDWARE_PRINTING	MEDIUM	HIGH	HIGH	IT Support	398	82.92	82	1	4	0	23	1	234	1
SLA-002498	8/9/2026 2:36	8/9/2026 7:09	IT_NETWORK_ACCOUNTS	HIGH	LOW	MEDIUM	IT Support	273	18.96	1167	2	6	1	18	5	729	0
SLA-002499	1/20/2026 18:56	1/21/2026 0:27	GROUNDS_OUTDOOR	LOW	MEDIUM	LOW	Grounds Team	331	11.49	2549	18	1	0	27	15	2745	1
SLA-002500	4/12/2026 5:01	4/12/2026 9:00	HVAC_AC	LOW	HIGH	MEDIUM	Facilities	239	16.6	1201	5	6	1	0	3	501	0
SLA-002501	2/19/2026 23:58	2/20/2026 11:55	FURNITURE_FIXTURES	MEDIUM	MEDIUM	MEDIUM	Facilities	717	49.79	723	23	3	0	2	1	1259	0
SLA-002502	3/3/2026 1:32	3/3/2026 8:08	HVAC_AC	HIGH	MEDIUM	HIGH	Facilities	396	82.5	84	1	1	0	7	13	285	1
SLA-002503	5/20/2026 18:28	5/21/2026 0:00	HVAC_AC	MEDIUM	LOW	LOW	Facilities	332	11.53	2548	18	2	0	5	9	2900	0
SLA-002504	7/4/2026 15:59	7/5/2026 2:44	OTHER	MEDIUM	LOW	LOW	General Maintenance	645	22.4	2235	15	5	1	9	12	1896	0
SLA-002505	7/20/2026 18:53	7/21/2026 4:49	PLUMBING_WATER	MEDIUM	LOW	LOW	Facilities	596	20.69	2284	18	0	0	7	0	919	0
SLA-002506	5/18/2026 15:46	5/18/2026 18:13	AV_CLASSROOM_EQUIPMENT	LOW	MEDIUM	LOW	AV Support	147	5.1	2733	15	0	0	29	2	846	0
SLA-002507	2/16/2026 4:00	2/16/2026 7:46	IT_NETWORK_ACCOUNTS	MEDIUM	MEDIUM	MEDIUM	IT Support	226	15.69	1214	4	0	0	4	3	1284	0
SLA-002508	2/3/2026 5:26	2/3/2026 11:03	PLUMBING_WATER	MEDIUM	LOW	LOW	Facilities	337	11.7	2543	5	1	0	24	15	808	1
SLA-002509	2/23/2026 4:44	2/23/2026 12:32	BUILDING_STRUCTURE	LOW	MEDIUM	LOW	Facilities	468	16.25	2412	4	0	0	26	12	2429	1
SLA-002510	1/3/2026 22:07	1/4/2026 3:09	ELEVATOR	HIGH	LOW	MEDIUM	Facilities	302	20.97	1138	22	5	1	30	4	1378	1
SLA-002511	4/7/2026 20:23	4/7/2026 21:19	PLUMBING_WATER	HIGH	HIGH	CRITICAL	Facilities	56	11.67	424	20	1	0	1	9	160	0
SLA-002512	4/1/2026 17:19	4/1/2026 23:43	ELEVATOR	MEDIUM	HIGH	HIGH	Facilities	384	80	96	17	2	0	7	6	158	1
SLA-002513	8/19/2026 2:14	8/19/2026 6:27	HVAC_AC	MEDIUM	HIGH	HIGH	Facilities	253	52.71	227	2	2	0	8	2	553	1
SLA-002514	2/16/2026 20:16	2/17/2026 2:53	GROUNDS_OUTDOOR	MEDIUM	HIGH	HIGH	Grounds Team	397	82.71	83	20	0	0	19	14	335	1
SLA-002515	6/3/2026 4:43	6/3/2026 15:00	IT_HARDWARE_PRINTING	MEDIUM	MEDIUM	MEDIUM	IT Support	617	42.85	823	4	2	0	7	8	1466	0
SLA-002516	8/16/2026 18:59	8/17/2026 3:49	BUILDING_STRUCTURE	LOW	LOW	LOW	Facilities	530	18.4	2350	18	6	1	5	1	2511	0
SLA-002517	7/1/2026 12:42	7/1/2026 18:43	HVAC_AC	LOW	LOW	LOW	Facilities	361	12.53	2519	12	2	0	15	0	1664	0
SLA-002518	6/18/2026 4:25	6/18/2026 6:02	CLEANING_WASTE	LOW	LOW	LOW	Cleaning Services	97	3.37	2783	4	3	0	28	10	1437	1
SLA-002519	4/12/2026 3:51	4/12/2026 12:43	BUILDING_STRUCTURE	MEDIUM	MEDIUM	MEDIUM	Facilities	532	36.94	908	3	6	1	3	13	1226	1
SLA-002520	6/17/2026 8:33	6/17/2026 11:23	IT_HARDWARE_PRINTING	LOW	MEDIUM	LOW	IT Support	170	5.9	2710	8	2	0	11	13	2437	1
SLA-002521	6/24/2026 10:11	6/24/2026 17:14	SAFETY_HAZARD	HIGH	MEDIUM	HIGH	Safety Team	423	88.12	57	10	2	0	17	9	452	1
SLA-002522	5/17/2026 23:43	5/18/2026 0:09	SAFETY_HAZARD	MEDIUM	HIGH	HIGH	Safety Team	26	5.42	454	23	6	1	26	3	265	1
SLA-002523	2/13/2026 17:09	2/14/2026 4:42	PLUMBING_WATER	LOW	HIGH	MEDIUM	Facilities	693	48.12	747	17	4	0	8	4	1433	0
SLA-002524	7/11/2026 18:38	7/12/2026 3:27	PLUMBING_WATER	HIGH	LOW	MEDIUM	Facilities	529	36.74	911	18	5	1	13	4	603	0
SLA-002525	2/24/2026 13:31	2/24/2026 15:48	HVAC_AC	LOW	LOW	LOW	Facilities	137	4.76	2743	13	1	0	7	4	2857	0
SLA-002526	3/1/2026 17:53	3/1/2026 23:43	BUILDING_STRUCTURE	MEDIUM	MEDIUM	MEDIUM	Facilities	350	24.31	1090	17	6	1	18	12	393	1
SLA-002527	4/13/2026 11:50	4/13/2026 20:31	OTHER	LOW	LOW	LOW	General Maintenance	521	18.09	2359	11	0	0	11	11	3114	1
SLA-002528	1/16/2026 21:44	1/17/2026 4:32	ELECTRICAL	HIGH	HIGH	CRITICAL	Facilities	408	85	72	21	4	0	28	3	401	1
SLA-002529	8/4/2026 11:46	8/4/2026 12:12	IT_NETWORK_ACCOUNTS	MEDIUM	HIGH	HIGH	IT Support	26	5.42	454	11	1	0	22	3	346	0
SLA-002530	1/20/2026 16:30	1/20/2026 19:55	OTHER	MEDIUM	HIGH	HIGH	General Maintenance	205	42.71	275	16	1	0	7	12	160	0
SLA-002531	6/7/2026 12:51	6/7/2026 15:02	SAFETY_HAZARD	HIGH	MEDIUM	HIGH	Safety Team	131	27.29	349	12	6	1	14	9	455	0
SLA-002532	4/2/2026 3:47	4/2/2026 11:05	CLEANING_WASTE	LOW	LOW	LOW	Cleaning Services	438	15.21	2442	3	3	0	11	4	850	0
SLA-002533	5/19/2026 16:18	5/19/2026 23:15	BUILDING_STRUCTURE	LOW	HIGH	MEDIUM	Facilities	417	28.96	1023	16	1	0	10	8	1152	0
SLA-002534	6/20/2026 19:01	6/21/2026 6:58	ELEVATOR	MEDIUM	LOW	LOW	Facilities	717	24.9	2163	19	5	1	19	6	592	0
SLA-002535	3/1/2026 15:33	3/1/2026 18:04	IT_NETWORK_ACCOUNTS	HIGH	LOW	MEDIUM	IT Support	151	10.49	1289	15	6	1	22	13	496	1
SLA-002536	1/2/2026 9:07	1/2/2026 12:44	BUILDING_STRUCTURE	HIGH	MEDIUM	HIGH	Facilities	217	45.21	263	9	4	0	8	0	465	0
SLA-002537	1/6/2026 1:09	1/6/2026 8:11	ELEVATOR	MEDIUM	MEDIUM	MEDIUM	Facilities	422	29.31	1018	1	1	0	13	7	938	0
SLA-002538	2/1/2026 18:46	2/2/2026 2:15	ELEVATOR	HIGH	MEDIUM	HIGH	Facilities	449	93.54	31	18	6	1	3	8	471	1
SLA-002539	3/12/2026 15:56	3/12/2026 20:38	IT_HARDWARE_PRINTING	MEDIUM	HIGH	HIGH	IT Support	282	58.75	198	15	3	0	6	7	403	1
SLA-002540	3/12/2026 22:39	3/13/2026 4:21	IT_NETWORK_ACCOUNTS	LOW	HIGH	MEDIUM	IT Support	342	23.75	1098	22	3	0	13	7	665	0
SLA-002541	3/22/2026 7:03	3/22/2026 8:34	IT_NETWORK_ACCOUNTS	HIGH	HIGH	CRITICAL	IT Support	91	18.96	389	7	6	1	16	15	270	1
SLA-002542	5/7/2026 14:12	5/8/2026 1:42	BUILDING_STRUCTURE	MEDIUM	MEDIUM	MEDIUM	Facilities	690	47.92	750	14	3	0	5	12	832	0
SLA-002543	8/4/2026 14:16	8/4/2026 22:54	ELEVATOR	MEDIUM	LOW	LOW	Facilities	518	17.99	2362	14	1	0	23	10	1139	1
SLA-002544	8/8/2026 18:42	8/9/2026 2:04	AV_CLASSROOM_EQUIPMENT	HIGH	HIGH	CRITICAL	AV Support	442	92.08	38	18	5	1	30	3	308	1
SLA-002545	3/4/2026 6:27	3/4/2026 13:09	GROUNDS_OUTDOOR	LOW	LOW	LOW	Grounds Team	402	13.96	2478	6	2	0	6	9	3414	1
SLA-002546	1/16/2026 10:21	1/16/2026 16:09	SAFETY_HAZARD	MEDIUM	MEDIUM	MEDIUM	Safety Team	348	24.17	1092	10	4	0	22	6	1239	1
SLA-002547	4/11/2026 7:43	4/11/2026 13:07	SAFETY_HAZARD	MEDIUM	HIGH	HIGH	Safety Team	324	67.5	156	7	5	1	20	10	456	1
SLA-002548	8/23/2026 14:35	8/23/2026 16:15	GROUNDS_OUTDOOR	MEDIUM	HIGH	HIGH	Grounds Team	100	20.83	380	14	6	1	12	0	275	0
SLA-002549	5/17/2026 21:46	5/18/2026 5:03	BUILDING_STRUCTURE	HIGH	MEDIUM	HIGH	Facilities	437	91.04	43	21	6	1	22	12	313	1
SLA-002550	1/26/2026 22:01	1/27/2026 9:21	OTHER	LOW	LOW	LOW	General Maintenance	680	23.61	2200	22	0	0	16	6	2510	0
SLA-002551	3/9/2026 11:41	3/9/2026 18:20	ELEVATOR	HIGH	MEDIUM	HIGH	Facilities	399	83.12	81	11	0	0	25	10	519	1
SLA-002552	6/2/2026 17:03	6/3/2026 1:45	BUILDING_STRUCTURE	HIGH	LOW	MEDIUM	Facilities	522	36.25	918	17	1	0	9	1	405	0
SLA-002553	1/11/2026 20:41	1/12/2026 4:40	FURNITURE_FIXTURES	MEDIUM	MEDIUM	MEDIUM	Facilities	479	33.26	961	20	6	1	7	2	1483	0
SLA-002554	7/24/2026 2:36	7/24/2026 5:14	IT_NETWORK_ACCOUNTS	LOW	LOW	LOW	IT Support	158	5.49	2722	2	4	0	27	10	2060	1
SLA-002555	4/19/2026 7:39	4/19/2026 8:44	IT_HARDWARE_PRINTING	MEDIUM	MEDIUM	MEDIUM	IT Support	65	4.51	1375	7	6	1	26	4	1424	1
SLA-002556	5/18/2026 14:26	5/18/2026 17:20	BUILDING_STRUCTURE	MEDIUM	HIGH	HIGH	Facilities	174	36.25	306	14	0	0	15	1	368	0
SLA-002557	1/9/2026 12:18	1/9/2026 20:46	IT_NETWORK_ACCOUNTS	HIGH	LOW	MEDIUM	IT Support	508	35.28	932	12	4	0	22	6	323	0
SLA-002558	4/4/2026 10:09	4/4/2026 13:39	GROUNDS_OUTDOOR	LOW	LOW	LOW	Grounds Team	210	7.29	2670	10	5	1	28	4	619	0
SLA-002559	4/8/2026 3:20	4/8/2026 15:01	IT_NETWORK_ACCOUNTS	LOW	LOW	LOW	IT Support	701	24.34	2179	3	2	0	6	12	1952	0
SLA-002560	4/6/2026 23:27	4/7/2026 11:21	GROUNDS_OUTDOOR	HIGH	LOW	MEDIUM	Grounds Team	714	49.58	726	23	0	0	5	5	721	0
SLA-002561	4/2/2026 4:19	4/2/2026 7:51	FURNITURE_FIXTURES	HIGH	LOW	MEDIUM	Facilities	212	14.72	1228	4	3	0	24	9	1196	1
SLA-002562	5/1/2026 4:15	5/1/2026 5:36	SAFETY_HAZARD	HIGH	MEDIUM	HIGH	Safety Team	81	16.88	399	4	4	0	18	11	389	1
SLA-002563	7/10/2026 16:25	7/10/2026 22:47	GROUNDS_OUTDOOR	LOW	LOW	LOW	Grounds Team	382	13.26	2498	16	4	0	26	8	2801	1
SLA-002564	8/18/2026 14:47	8/18/2026 15:16	CLEANING_WASTE	MEDIUM	MEDIUM	MEDIUM	Cleaning Services	29	2.01	1411	14	1	0	29	8	460	1
SLA-002565	3/13/2026 18:45	3/14/2026 0:09	PLUMBING_WATER	MEDIUM	LOW	LOW	Facilities	324	11.25	2556	18	4	0	10	9	593	0
SLA-002566	4/19/2026 1:04	4/19/2026 5:31	GROUNDS_OUTDOOR	LOW	HIGH	MEDIUM	Grounds Team	267	18.54	1173	1	6	1	20	13	1129	1
SLA-002567	2/5/2026 10:15	2/5/2026 20:23	BUILDING_STRUCTURE	LOW	HIGH	MEDIUM	Facilities	608	42.22	832	10	3	0	18	12	529	0
SLA-002568	6/8/2026 23:34	6/9/2026 9:59	GROUNDS_OUTDOOR	LOW	LOW	LOW	Grounds Team	625	21.7	2255	23	0	0	11	15	3415	1
SLA-002569	8/28/2026 22:02	8/29/2026 9:26	IT_HARDWARE_PRINTING	MEDIUM	LOW	LOW	IT Support	684	23.75	2196	22	4	0	16	15	2751	1
SLA-002570	6/1/2026 15:22	6/2/2026 1:14	BUILDING_STRUCTURE	MEDIUM	LOW	LOW	Facilities	592	20.56	2288	15	0	0	10	6	2095	0
SLA-002571	2/16/2026 10:57	2/16/2026 13:38	IT_HARDWARE_PRINTING	MEDIUM	LOW	LOW	IT Support	161	5.59	2719	10	0	0	2	7	1067	0
SLA-002572	1/8/2026 17:40	1/8/2026 18:18	ELECTRICAL	HIGH	MEDIUM	HIGH	Facilities	38	7.92	442	17	3	0	24	3	403	1
SLA-002573	6/22/2026 11:47	6/22/2026 16:20	PLUMBING_WATER	LOW	LOW	LOW	Facilities	273	9.48	2607	11	0	0	19	11	701	0
SLA-002574	6/13/2026 9:50	6/13/2026 11:48	PLUMBING_WATER	MEDIUM	HIGH	HIGH	Facilities	118	24.58	362	9	5	1	12	8	153	0
SLA-002575	3/5/2026 22:53	3/6/2026 5:29	AV_CLASSROOM_EQUIPMENT	HIGH	MEDIUM	HIGH	AV Support	396	82.5	84	22	3	0	0	8	356	1
SLA-002576	3/21/2026 4:23	3/21/2026 14:14	FURNITURE_FIXTURES	MEDIUM	LOW	LOW	Facilities	591	20.52	2289	4	5	1	16	9	1367	0
SLA-002577	7/22/2026 0:36	7/22/2026 6:42	AV_CLASSROOM_EQUIPMENT	LOW	MEDIUM	LOW	AV Support	366	12.71	2514	0	2	0	28	2	3455	1
SLA-002578	6/24/2026 8:07	6/24/2026 11:11	SAFETY_HAZARD	HIGH	LOW	MEDIUM	Safety Team	184	12.78	1256	8	2	0	30	0	817	1
SLA-002579	1/20/2026 11:03	1/20/2026 16:05	OTHER	LOW	LOW	LOW	General Maintenance	302	10.49	2578	11	1	0	29	2	1088	1
SLA-002580	7/22/2026 8:44	7/22/2026 14:29	HVAC_AC	HIGH	MEDIUM	HIGH	Facilities	345	71.88	135	8	2	0	27	7	187	1
SLA-002581	8/17/2026 20:32	8/18/2026 3:56	GROUNDS_OUTDOOR	LOW	LOW	LOW	Grounds Team	444	15.42	2436	20	0	0	27	13	1458	1
SLA-002582	1/3/2026 5:29	1/3/2026 10:26	FURNITURE_FIXTURES	LOW	LOW	LOW	Facilities	297	10.31	2583	5	5	1	23	2	975	0
SLA-002583	2/1/2026 6:07	2/1/2026 15:30	FURNITURE_FIXTURES	LOW	MEDIUM	LOW	Facilities	563	19.55	2317	6	6	1	3	3	3358	0
SLA-002584	1/18/2026 5:19	1/18/2026 13:14	FURNITURE_FIXTURES	MEDIUM	MEDIUM	MEDIUM	Facilities	475	32.99	965	5	6	1	17	1	1310	0
SLA-002585	3/28/2026 12:43	3/28/2026 18:14	BUILDING_STRUCTURE	MEDIUM	HIGH	HIGH	Facilities	331	68.96	149	12	5	1	5	5	188	0
SLA-002586	2/24/2026 16:26	2/24/2026 18:21	IT_HARDWARE_PRINTING	MEDIUM	HIGH	HIGH	IT Support	115	23.96	365	16	1	0	8	9	544	0
SLA-002587	5/1/2026 13:31	5/1/2026 21:24	GROUNDS_OUTDOOR	LOW	MEDIUM	LOW	Grounds Team	473	16.42	2407	13	4	0	2	14	2431	1
SLA-002588	7/1/2026 3:59	7/1/2026 6:09	CLEANING_WASTE	MEDIUM	HIGH	HIGH	Cleaning Services	130	27.08	350	3	2	0	4	0	207	0
SLA-002589	1/14/2026 17:43	1/14/2026 21:26	BUILDING_STRUCTURE	LOW	HIGH	MEDIUM	Facilities	223	15.49	1217	17	2	0	14	8	857	0
SLA-002590	6/19/2026 17:21	6/20/2026 1:00	SAFETY_HAZARD	MEDIUM	LOW	LOW	Safety Team	459	15.94	2421	17	4	0	21	6	1061	0
SLA-002591	3/4/2026 17:16	3/4/2026 22:47	GROUNDS_OUTDOOR	MEDIUM	HIGH	HIGH	Grounds Team	331	68.96	149	17	2	0	19	6	191	1
SLA-002592	1/14/2026 2:38	1/14/2026 9:54	ELEVATOR	HIGH	HIGH	CRITICAL	Facilities	436	90.83	44	2	2	0	25	1	121	1
SLA-002593	8/28/2026 16:43	8/28/2026 20:25	OTHER	MEDIUM	HIGH	HIGH	General Maintenance	222	46.25	258	16	4	0	6	12	368	0
SLA-002594	3/16/2026 17:09	3/16/2026 19:38	CLEANING_WASTE	MEDIUM	HIGH	HIGH	Cleaning Services	149	31.04	331	17	0	0	17	5	413	0
SLA-002595	8/19/2026 17:58	8/20/2026 0:58	HVAC_AC	HIGH	LOW	MEDIUM	Facilities	420	29.17	1020	17	2	0	6	1	1022	0
SLA-002596	6/23/2026 16:38	6/23/2026 17:05	SAFETY_HAZARD	HIGH	MEDIUM	HIGH	Safety Team	27	5.62	453	16	1	0	18	3	233	0
SLA-002597	7/17/2026 1:41	7/17/2026 3:44	SAFETY_HAZARD	MEDIUM	HIGH	HIGH	Safety Team	123	25.62	357	1	4	0	2	13	99	1
SLA-002598	8/16/2026 6:48	8/16/2026 8:54	FURNITURE_FIXTURES	LOW	LOW	LOW	Facilities	126	4.38	2754	6	6	1	6	6	610	0
SLA-002599	7/3/2026 23:27	7/4/2026 7:29	AV_CLASSROOM_EQUIPMENT	LOW	LOW	LOW	AV Support	482	16.74	2398	23	4	0	11	1	1787	0
SLA-002600	7/12/2026 18:45	7/12/2026 21:23	OTHER	LOW	LOW	LOW	General Maintenance	158	5.49	2722	18	6	1	26	9	2796	1
SLA-002601	7/31/2026 23:08	8/1/2026 5:18	IT_NETWORK_ACCOUNTS	HIGH	HIGH	CRITICAL	IT Support	370	77.08	110	23	4	0	17	11	358	1
SLA-002602	7/15/2026 2:11	7/15/2026 12:38	ELEVATOR	LOW	MEDIUM	LOW	Facilities	627	21.77	2253	2	2	0	13	13	1793	0
SLA-002603	2/3/2026 7:43	2/3/2026 12:31	AV_CLASSROOM_EQUIPMENT	MEDIUM	HIGH	HIGH	AV Support	288	60	192	7	1	0	30	11	430	1
SLA-002604	3/3/2026 6:01	3/3/2026 8:02	ELEVATOR	MEDIUM	HIGH	HIGH	Facilities	121	25.21	359	6	1	0	26	11	182	1
SLA-002605	1/22/2026 2:51	1/22/2026 9:23	FURNITURE_FIXTURES	LOW	HIGH	MEDIUM	Facilities	392	27.22	1048	2	3	0	11	14	1452	1
SLA-002606	2/7/2026 23:22	2/8/2026 3:48	AV_CLASSROOM_EQUIPMENT	LOW	LOW	LOW	AV Support	266	9.24	2614	23	5	1	4	9	1237	0
SLA-002607	3/19/2026 7:36	3/19/2026 14:15	AV_CLASSROOM_EQUIPMENT	MEDIUM	MEDIUM	MEDIUM	AV Support	399	27.71	1041	7	3	0	10	3	1548	0
SLA-002608	1/3/2026 13:29	1/3/2026 17:35	HVAC_AC	LOW	LOW	LOW	Facilities	246	8.54	2634	13	5	1	11	12	2140	0
SLA-002609	4/5/2026 23:09	4/5/2026 23:56	BUILDING_STRUCTURE	HIGH	MEDIUM	HIGH	Facilities	47	9.79	433	23	6	1	15	12	432	1
SLA-002610	7/31/2026 20:17	7/31/2026 22:10	IT_NETWORK_ACCOUNTS	MEDIUM	LOW	LOW	IT Support	113	3.92	2767	20	4	0	5	0	780	0
SLA-002611	6/26/2026 3:35	6/26/2026 4:21	HVAC_AC	LOW	LOW	LOW	Facilities	46	1.6	2834	3	4	0	5	2	2263	0
SLA-002612	2/24/2026 19:39	2/25/2026 3:19	CLEANING_WASTE	MEDIUM	MEDIUM	MEDIUM	Cleaning Services	460	31.94	980	19	1	0	13	14	512	1
SLA-002613	2/5/2026 0:28	2/5/2026 4:21	CLEANING_WASTE	MEDIUM	MEDIUM	MEDIUM	Cleaning Services	233	16.18	1207	0	3	0	27	0	614	0
SLA-002614	3/21/2026 7:50	3/21/2026 9:19	SAFETY_HAZARD	HIGH	HIGH	CRITICAL	Safety Team	89	18.54	391	7	5	1	13	1	143	0
SLA-002615	3/7/2026 1:57	3/7/2026 6:18	SAFETY_HAZARD	HIGH	HIGH	CRITICAL	Safety Team	261	54.37	219	1	5	1	24	9	178	1
SLA-002616	2/25/2026 6:10	2/25/2026 18:03	GROUNDS_OUTDOOR	MEDIUM	LOW	LOW	Grounds Team	713	24.76	2167	6	2	0	9	2	2231	0
SLA-002617	7/15/2026 17:24	7/15/2026 20:19	SAFETY_HAZARD	HIGH	LOW	MEDIUM	Safety Team	175	12.15	1265	17	2	0	8	7	559	0
SLA-002618	4/20/2026 18:10	4/21/2026 6:04	IT_HARDWARE_PRINTING	MEDIUM	MEDIUM	MEDIUM	IT Support	714	49.58	726	18	0	0	16	15	827	0
SLA-002619	6/19/2026 3:55	6/19/2026 7:21	AV_CLASSROOM_EQUIPMENT	MEDIUM	HIGH	HIGH	AV Support	206	42.92	274	3	4	0	9	0	502	0
SLA-002620	6/4/2026 13:20	6/4/2026 18:54	BUILDING_STRUCTURE	MEDIUM	HIGH	HIGH	Facilities	334	69.58	146	13	3	0	9	15	153	1
SLA-002621	4/18/2026 2:02	4/18/2026 10:11	PLUMBING_WATER	MEDIUM	MEDIUM	MEDIUM	Facilities	489	33.96	951	2	5	1	4	11	1039	0
SLA-002622	5/15/2026 2:46	5/15/2026 8:22	GROUNDS_OUTDOOR	MEDIUM	MEDIUM	MEDIUM	Grounds Team	336	23.33	1104	2	4	0	12	0	985	0
SLA-002623	2/20/2026 7:49	2/20/2026 10:47	AV_CLASSROOM_EQUIPMENT	HIGH	HIGH	CRITICAL	AV Support	178	37.08	302	7	4	0	3	13	558	1
SLA-002624	2/7/2026 10:33	2/7/2026 21:35	ELECTRICAL	MEDIUM	LOW	LOW	Facilities	662	22.99	2218	10	5	1	5	4	2725	0
SLA-002625	8/12/2026 23:38	8/13/2026 0:11	ELECTRICAL	HIGH	HIGH	CRITICAL	Facilities	33	6.88	447	23	2	0	15	1	536	1
SLA-002626	7/20/2026 2:27	7/20/2026 9:15	IT_HARDWARE_PRINTING	MEDIUM	MEDIUM	MEDIUM	IT Support	408	28.33	1032	2	0	0	5	3	1289	0
SLA-002627	8/11/2026 20:27	8/12/2026 6:41	CLEANING_WASTE	MEDIUM	LOW	LOW	Cleaning Services	614	21.32	2266	20	1	0	28	2	960	0
SLA-002628	8/9/2026 13:36	8/9/2026 23:08	IT_HARDWARE_PRINTING	LOW	HIGH	MEDIUM	IT Support	572	39.72	868	13	6	1	22	9	413	0
SLA-002629	8/8/2026 6:35	8/8/2026 17:14	CLEANING_WASTE	MEDIUM	MEDIUM	MEDIUM	Cleaning Services	639	44.38	801	6	5	1	30	12	1014	1
SLA-002630	8/1/2026 11:03	8/1/2026 14:20	ELEVATOR	LOW	LOW	LOW	Facilities	197	6.84	2683	11	5	1	21	1	2818	0
SLA-002631	1/6/2026 6:06	1/6/2026 7:57	OTHER	MEDIUM	HIGH	HIGH	General Maintenance	111	23.12	369	6	1	0	20	3	316	0
SLA-002632	6/15/2026 8:28	6/15/2026 19:23	BUILDING_STRUCTURE	LOW	HIGH	MEDIUM	Facilities	655	45.49	785	8	0	0	26	11	436	1
SLA-002633	8/22/2026 20:22	8/23/2026 6:37	GROUNDS_OUTDOOR	LOW	LOW	LOW	Grounds Team	615	21.35	2265	20	5	1	28	9	2715	1
SLA-002634	4/10/2026 9:56	4/10/2026 12:25	AV_CLASSROOM_EQUIPMENT	MEDIUM	LOW	LOW	AV Support	149	5.17	2731	9	4	0	0	14	952	0
SLA-002635	7/10/2026 10:38	7/10/2026 11:35	GROUNDS_OUTDOOR	LOW	MEDIUM	LOW	Grounds Team	57	1.98	2823	10	4	0	20	15	2001	1
SLA-002636	2/23/2026 4:56	2/23/2026 12:30	SAFETY_HAZARD	HIGH	HIGH	CRITICAL	Safety Team	454	94.58	26	4	0	0	18	6	192	1
SLA-002637	2/2/2026 10:39	2/2/2026 11:34	BUILDING_STRUCTURE	LOW	MEDIUM	LOW	Facilities	55	1.91	2825	10	0	0	9	1	2293	0
SLA-002638	2/20/2026 8:37	2/20/2026 10:11	PLUMBING_WATER	HIGH	LOW	MEDIUM	Facilities	94	6.53	1346	8	4	0	28	6	1173	1
SLA-002639	3/7/2026 22:53	3/8/2026 1:26	GROUNDS_OUTDOOR	MEDIUM	HIGH	HIGH	Grounds Team	153	31.87	327	22	5	1	18	13	221	1
SLA-002640	6/15/2026 2:34	6/15/2026 8:14	HVAC_AC	LOW	MEDIUM	LOW	Facilities	340	11.81	2540	2	0	0	11	9	943	0
SLA-002641	1/12/2026 5:44	1/12/2026 6:38	IT_NETWORK_ACCOUNTS	MEDIUM	LOW	LOW	IT Support	54	1.88	2826	5	0	0	2	1	1939	0
SLA-002642	4/4/2026 2:09	4/4/2026 9:08	ELEVATOR	MEDIUM	HIGH	HIGH	Facilities	419	87.29	61	2	5	1	7	9	483	1
SLA-002643	2/14/2026 22:22	2/15/2026 0:15	ELEVATOR	MEDIUM	HIGH	HIGH	Facilities	113	23.54	367	22	5	1	28	11	537	1
SLA-002644	5/3/2026 10:53	5/3/2026 14:50	FURNITURE_FIXTURES	MEDIUM	HIGH	HIGH	Facilities	237	49.38	243	10	6	1	10	13	157	1
SLA-002645	4/18/2026 20:15	4/18/2026 21:13	IT_HARDWARE_PRINTING	LOW	MEDIUM	LOW	IT Support	58	2.01	2822	20	5	1	2	4	2537	0
SLA-002646	6/29/2026 20:04	6/30/2026 2:20	PLUMBING_WATER	MEDIUM	MEDIUM	MEDIUM	Facilities	376	26.11	1064	20	0	0	0	4	1330	0
SLA-002647	5/8/2026 6:06	5/8/2026 11:32	SAFETY_HAZARD	HIGH	LOW	MEDIUM	Safety Team	326	22.64	1114	6	4	0	19	11	1134	0
SLA-002648	7/21/2026 8:39	7/21/2026 12:15	HVAC_AC	MEDIUM	LOW	LOW	Facilities	216	7.5	2664	8	1	0	5	2	3190	0
SLA-002649	2/24/2026 0:38	2/24/2026 7:21	FURNITURE_FIXTURES	MEDIUM	MEDIUM	MEDIUM	Facilities	403	27.99	1037	0	1	0	10	13	1688	1
SLA-002650	5/24/2026 8:20	5/24/2026 15:12	BUILDING_STRUCTURE	HIGH	MEDIUM	HIGH	Facilities	412	85.83	68	8	6	1	11	11	517	1
SLA-002651	2/23/2026 2:20	2/23/2026 10:05	HVAC_AC	HIGH	LOW	MEDIUM	Facilities	465	32.29	975	2	0	0	7	7	1703	0
SLA-002652	2/1/2026 20:39	2/2/2026 2:09	AV_CLASSROOM_EQUIPMENT	HIGH	HIGH	CRITICAL	AV Support	330	68.75	150	20	6	1	19	4	208	0
SLA-002653	4/4/2026 13:14	4/4/2026 15:54	AV_CLASSROOM_EQUIPMENT	HIGH	LOW	MEDIUM	AV Support	160	11.11	1280	13	5	1	19	1	1187	0
SLA-002654	3/19/2026 22:29	3/20/2026 10:09	AV_CLASSROOM_EQUIPMENT	LOW	HIGH	MEDIUM	AV Support	700	48.61	740	22	3	0	0	0	1249	0
SLA-002655	4/10/2026 15:55	4/10/2026 20:45	OTHER	MEDIUM	LOW	LOW	General Maintenance	290	10.07	2590	15	4	0	28	8	1715	0
SLA-002656	4/13/2026 10:58	4/13/2026 16:36	HVAC_AC	HIGH	MEDIUM	HIGH	Facilities	338	70.42	142	10	0	0	17	14	124	1
SLA-002657	3/7/2026 10:55	3/7/2026 16:46	PLUMBING_WATER	LOW	HIGH	MEDIUM	Facilities	351	24.38	1089	10	5	1	24	4	1464	1
SLA-002658	7/8/2026 22:59	7/9/2026 1:59	ELEVATOR	HIGH	LOW	MEDIUM	Facilities	180	12.5	1260	22	2	0	25	6	691	1
SLA-002659	3/8/2026 14:42	3/8/2026 18:38	HVAC_AC	MEDIUM	MEDIUM	MEDIUM	Facilities	236	16.39	1204	14	6	1	7	4	387	0
SLA-002660	5/17/2026 13:43	5/17/2026 16:53	FURNITURE_FIXTURES	LOW	LOW	LOW	Facilities	190	6.6	2690	13	6	1	12	9	2014	0
SLA-002661	8/26/2026 2:11	8/26/2026 3:11	ELEVATOR	MEDIUM	HIGH	HIGH	Facilities	60	12.5	420	2	2	0	30	2	210	1
SLA-002662	6/27/2026 16:56	6/27/2026 21:39	BUILDING_STRUCTURE	MEDIUM	LOW	LOW	Facilities	283	9.83	2597	16	5	1	28	6	613	0
SLA-002663	5/15/2026 0:47	5/15/2026 4:53	GROUNDS_OUTDOOR	LOW	HIGH	MEDIUM	Grounds Team	246	17.08	1194	0	4	0	12	7	451	0
SLA-002664	3/23/2026 1:11	3/23/2026 10:55	OTHER	LOW	MEDIUM	LOW	General Maintenance	584	20.28	2296	1	0	0	22	10	2422	1
SLA-002665	5/18/2026 3:26	5/18/2026 4:08	SAFETY_HAZARD	MEDIUM	LOW	LOW	Safety Team	42	1.46	2838	3	0	0	13	6	1988	0
SLA-002666	8/21/2026 16:28	8/22/2026 0:02	SAFETY_HAZARD	HIGH	HIGH	CRITICAL	Safety Team	454	94.58	26	16	4	0	0	4	208	0
SLA-002667	3/30/2026 21:26	3/31/2026 0:30	OTHER	MEDIUM	HIGH	HIGH	General Maintenance	184	38.33	296	21	0	0	4	3	318	0
SLA-002668	7/28/2026 23:15	7/29/2026 4:00	ELEVATOR	HIGH	MEDIUM	HIGH	Facilities	285	59.38	195	23	1	0	23	13	255	1
SLA-002669	2/27/2026 23:30	2/28/2026 9:59	IT_HARDWARE_PRINTING	MEDIUM	LOW	LOW	IT Support	629	21.84	2251	23	4	0	3	12	2794	0
SLA-002670	6/1/2026 20:20	6/1/2026 21:48	IT_NETWORK_ACCOUNTS	LOW	HIGH	MEDIUM	IT Support	88	6.11	1352	20	0	0	27	6	1646	1
SLA-002671	5/19/2026 6:46	5/19/2026 15:32	CLEANING_WASTE	MEDIUM	MEDIUM	MEDIUM	Cleaning Services	526	36.53	914	6	1	0	26	15	1239	1
SLA-002672	3/30/2026 7:18	3/30/2026 10:56	IT_NETWORK_ACCOUNTS	LOW	LOW	LOW	IT Support	218	7.57	2662	7	0	0	20	5	619	0
SLA-002673	2/1/2026 11:14	2/1/2026 18:04	FURNITURE_FIXTURES	LOW	LOW	LOW	Facilities	410	14.24	2470	11	6	1	19	11	2336	1
SLA-002674	8/12/2026 6:15	8/12/2026 7:40	HVAC_AC	MEDIUM	MEDIUM	MEDIUM	Facilities	85	5.9	1355	6	2	0	11	4	342	0
SLA-002675	6/7/2026 6:46	6/7/2026 14:59	IT_NETWORK_ACCOUNTS	LOW	HIGH	MEDIUM	IT Support	493	34.24	947	6	6	1	25	10	1386	1
SLA-002676	8/5/2026 18:15	8/5/2026 23:42	CLEANING_WASTE	MEDIUM	HIGH	HIGH	Cleaning Services	327	68.12	153	18	2	0	24	14	494	1
SLA-002677	3/11/2026 3:31	3/11/2026 10:41	IT_HARDWARE_PRINTING	LOW	LOW	LOW	IT Support	430	14.93	2450	3	2	0	10	15	1742	1
SLA-002678	3/25/2026 1:23	3/25/2026 12:48	CLEANING_WASTE	MEDIUM	MEDIUM	MEDIUM	Cleaning Services	685	47.57	755	1	2	0	5	11	1263	0
SLA-002679	2/26/2026 9:46	2/26/2026 11:38	PLUMBING_WATER	HIGH	MEDIUM	HIGH	Facilities	112	23.33	368	9	3	0	8	3	484	0
SLA-002680	2/9/2026 16:04	2/9/2026 17:40	ELEVATOR	HIGH	LOW	MEDIUM	Facilities	96	6.67	1344	16	0	0	18	13	1315	1
SLA-002681	8/8/2026 21:47	8/9/2026 5:20	IT_HARDWARE_PRINTING	HIGH	LOW	MEDIUM	IT Support	453	31.46	987	21	5	1	9	14	646	0
SLA-002682	2/25/2026 11:34	2/25/2026 16:11	BUILDING_STRUCTURE	MEDIUM	HIGH	HIGH	Facilities	277	57.71	203	11	2	0	24	2	358	1
SLA-002683	1/23/2026 2:06	1/23/2026 2:59	SAFETY_HAZARD	HIGH	MEDIUM	HIGH	Safety Team	53	11.04	427	2	4	0	23	0	555	1
SLA-002684	2/19/2026 3:14	2/19/2026 5:40	IT_NETWORK_ACCOUNTS	HIGH	HIGH	CRITICAL	IT Support	146	30.42	334	3	3	0	20	9	302	1
SLA-002685	7/31/2026 10:55	7/31/2026 14:04	IT_NETWORK_ACCOUNTS	HIGH	MEDIUM	HIGH	IT Support	189	39.38	291	10	4	0	18	4	502	1
SLA-002686	1/27/2026 7:30	1/27/2026 11:43	IT_NETWORK_ACCOUNTS	LOW	HIGH	MEDIUM	IT Support	253	17.57	1187	7	1	0	4	6	1532	0
SLA-002687	1/21/2026 16:50	1/21/2026 22:31	GROUNDS_OUTDOOR	LOW	MEDIUM	LOW	Grounds Team	341	11.84	2539	16	2	0	2	10	2153	0
SLA-002688	3/26/2026 22:27	3/27/2026 3:53	ELECTRICAL	HIGH	MEDIUM	HIGH	Facilities	326	67.92	154	22	3	0	19	9	519	1
SLA-002689	8/27/2026 0:44	8/27/2026 1:24	GROUNDS_OUTDOOR	HIGH	MEDIUM	HIGH	Grounds Team	40	8.33	440	0	3	0	6	9	172	0
SLA-002690	4/16/2026 10:18	4/16/2026 14:22	ELEVATOR	MEDIUM	LOW	LOW	Facilities	244	8.47	2636	10	3	0	4	11	2149	0
SLA-002691	5/12/2026 0:41	5/12/2026 4:00	GROUNDS_OUTDOOR	MEDIUM	HIGH	HIGH	Grounds Team	199	41.46	281	0	1	0	13	0	205	0
SLA-002692	6/24/2026 0:59	6/24/2026 3:51	HVAC_AC	MEDIUM	HIGH	HIGH	Facilities	172	35.83	308	0	2	0	7	9	335	0
SLA-002693	3/13/2026 19:23	3/13/2026 22:15	HVAC_AC	MEDIUM	LOW	LOW	Facilities	172	5.97	2708	19	4	0	26	12	800	1
SLA-002694	2/25/2026 22:59	2/26/2026 0:15	AV_CLASSROOM_EQUIPMENT	HIGH	HIGH	CRITICAL	AV Support	76	15.83	404	22	2	0	30	14	464	1
SLA-002695	1/10/2026 8:41	1/10/2026 18:27	OTHER	MEDIUM	MEDIUM	MEDIUM	General Maintenance	586	40.69	854	8	5	1	9	6	675	0
SLA-002696	8/3/2026 2:42	8/3/2026 3:41	PLUMBING_WATER	LOW	LOW	LOW	Facilities	59	2.05	2821	2	0	0	19	14	2829	1
SLA-002697	2/10/2026 15:54	2/11/2026 3:21	FURNITURE_FIXTURES	LOW	HIGH	MEDIUM	Facilities	687	47.71	753	15	1	0	13	9	585	0
SLA-002698	6/20/2026 13:50	6/20/2026 19:28	GROUNDS_OUTDOOR	LOW	LOW	LOW	Grounds Team	338	11.74	2542	13	5	1	21	2	3324	1
SLA-002699	5/14/2026 3:37	5/14/2026 5:52	BUILDING_STRUCTURE	MEDIUM	MEDIUM	MEDIUM	Facilities	135	9.38	1305	3	3	0	1	2	1174	0
SLA-002700	6/23/2026 15:50	6/23/2026 18:18	CLEANING_WASTE	MEDIUM	HIGH	HIGH	Cleaning Services	148	30.83	332	15	1	0	21	15	535	1
SLA-002701	6/20/2026 3:46	6/20/2026 9:15	ELECTRICAL	MEDIUM	HIGH	HIGH	Facilities	329	68.54	151	3	5	1	15	1	316	0
SLA-002702	1/22/2026 17:15	1/22/2026 19:36	ELEVATOR	MEDIUM	HIGH	HIGH	Facilities	141	29.38	339	17	3	0	25	4	378	1
SLA-002703	5/30/2026 11:53	5/30/2026 18:58	FURNITURE_FIXTURES	MEDIUM	HIGH	HIGH	Facilities	425	88.54	55	11	5	1	12	0	179	1
SLA-002704	4/26/2026 9:25	4/26/2026 14:19	PLUMBING_WATER	MEDIUM	MEDIUM	MEDIUM	Facilities	294	20.42	1146	9	6	1	11	2	517	0
SLA-002705	7/28/2026 9:27	7/28/2026 21:03	HVAC_AC	MEDIUM	MEDIUM	MEDIUM	Facilities	696	48.33	744	9	1	0	29	4	479	0
SLA-002706	5/20/2026 1:42	5/20/2026 3:07	IT_NETWORK_ACCOUNTS	MEDIUM	HIGH	HIGH	IT Support	85	17.71	395	1	2	0	22	11	302	1
SLA-002707	3/22/2026 4:57	3/22/2026 12:13	ELECTRICAL	LOW	HIGH	MEDIUM	Facilities	436	30.28	1004	4	6	1	24	9	862	1
SLA-002708	7/30/2026 15:34	7/30/2026 16:01	BUILDING_STRUCTURE	MEDIUM	MEDIUM	MEDIUM	Facilities	27	1.88	1413	15	3	0	22	15	1167	1
SLA-002709	4/9/2026 11:32	4/9/2026 21:42	OTHER	MEDIUM	MEDIUM	MEDIUM	General Maintenance	610	42.36	830	11	3	0	3	13	1477	1
SLA-002710	2/22/2026 12:25	2/22/2026 22:14	GROUNDS_OUTDOOR	MEDIUM	MEDIUM	MEDIUM	Grounds Team	589	40.9	851	12	6	1	18	9	1428	0
SLA-002711	2/2/2026 5:38	2/2/2026 14:50	OTHER	MEDIUM	MEDIUM	MEDIUM	General Maintenance	552	38.33	888	5	0	0	13	4	1116	0
SLA-002712	7/29/2026 3:08	7/29/2026 6:53	OTHER	MEDIUM	MEDIUM	MEDIUM	General Maintenance	225	15.62	1215	3	2	0	22	13	1220	1
SLA-002713	1/9/2026 15:02	1/9/2026 16:42	IT_HARDWARE_PRINTING	MEDIUM	HIGH	HIGH	IT Support	100	20.83	380	15	4	0	7	3	412	0
SLA-002714	4/26/2026 3:54	4/26/2026 4:41	IT_NETWORK_ACCOUNTS	HIGH	LOW	MEDIUM	IT Support	47	3.26	1393	3	6	1	2	13	565	0
SLA-002715	3/25/2026 0:08	3/25/2026 4:22	PLUMBING_WATER	HIGH	MEDIUM	HIGH	Facilities	254	52.92	226	0	2	0	4	4	251	0
SLA-002716	8/2/2026 13:27	8/2/2026 20:49	PLUMBING_WATER	HIGH	LOW	MEDIUM	Facilities	442	30.69	998	13	6	1	30	0	940	1
SLA-002717	6/19/2026 10:12	6/19/2026 15:17	CLEANING_WASTE	MEDIUM	HIGH	HIGH	Cleaning Services	305	63.54	175	10	4	0	19	5	445	1
SLA-002718	5/5/2026 8:14	5/5/2026 15:00	FURNITURE_FIXTURES	MEDIUM	LOW	LOW	Facilities	406	14.1	2474	8	1	0	8	5	1169	0
SLA-002719	5/16/2026 1:44	5/16/2026 12:14	SAFETY_HAZARD	HIGH	LOW	MEDIUM	Safety Team	630	43.75	810	1	5	1	14	0	527	0
SLA-002720	6/16/2026 11:39	6/16/2026 22:08	IT_NETWORK_ACCOUNTS	MEDIUM	MEDIUM	MEDIUM	IT Support	629	43.68	811	11	1	0	23	9	1477	1
SLA-002721	7/10/2026 8:11	7/10/2026 17:05	IT_HARDWARE_PRINTING	LOW	LOW	LOW	IT Support	534	18.54	2346	8	4	0	4	11	2650	0
SLA-002722	8/27/2026 5:56	8/27/2026 7:46	AV_CLASSROOM_EQUIPMENT	MEDIUM	HIGH	HIGH	AV Support	110	22.92	370	5	3	0	30	14	179	1
SLA-002723	7/26/2026 4:14	7/26/2026 7:23	IT_HARDWARE_PRINTING	MEDIUM	HIGH	HIGH	IT Support	189	39.38	291	4	6	1	1	12	275	0
SLA-002724	2/20/2026 9:09	2/20/2026 14:12	IT_HARDWARE_PRINTING	MEDIUM	HIGH	HIGH	IT Support	303	63.12	177	9	4	0	14	8	416	1
SLA-002725	1/17/2026 7:17	1/17/2026 10:29	FURNITURE_FIXTURES	MEDIUM	MEDIUM	MEDIUM	Facilities	192	13.33	1248	7	5	1	6	6	1063	0
SLA-002726	1/23/2026 13:15	1/23/2026 22:50	CLEANING_WASTE	LOW	LOW	LOW	Cleaning Services	575	19.97	2305	13	4	0	22	14	678	1
SLA-002727	8/5/2026 2:27	8/5/2026 3:27	ELEVATOR	HIGH	MEDIUM	HIGH	Facilities	60	12.5	420	2	2	0	23	15	333	1
SLA-002728	7/1/2026 2:28	7/1/2026 6:37	IT_NETWORK_ACCOUNTS	MEDIUM	HIGH	HIGH	IT Support	249	51.88	231	2	2	0	22	12	398	1
SLA-002729	8/11/2026 15:33	8/12/2026 3:00	OTHER	LOW	MEDIUM	LOW	General Maintenance	687	23.85	2193	15	1	0	22	12	3325	1
SLA-002730	4/29/2026 0:23	4/29/2026 4:50	PLUMBING_WATER	HIGH	MEDIUM	HIGH	Facilities	267	55.62	213	0	2	0	0	9	155	0
SLA-002731	5/24/2026 10:49	5/24/2026 15:27	HVAC_AC	MEDIUM	LOW	LOW	Facilities	278	9.65	2602	10	6	1	5	3	3100	0
SLA-002732	7/18/2026 10:06	7/18/2026 17:58	OTHER	MEDIUM	LOW	LOW	General Maintenance	472	16.39	2408	10	5	1	10	12	674	0
SLA-002733	2/1/2026 0:29	2/1/2026 3:34	OTHER	LOW	LOW	LOW	General Maintenance	185	6.42	2695	0	6	1	9	1	1888	0
SLA-002734	5/21/2026 9:29	5/21/2026 19:08	OTHER	LOW	LOW	LOW	General Maintenance	579	20.1	2301	9	3	0	4	8	2659	0
SLA-002735	1/24/2026 22:51	1/25/2026 10:04	OTHER	MEDIUM	MEDIUM	MEDIUM	General Maintenance	673	46.74	767	22	5	1	20	9	382	0
SLA-002736	1/14/2026 17:15	1/14/2026 17:30	HVAC_AC	HIGH	MEDIUM	HIGH	Facilities	15	3.12	465	17	2	0	19	15	245	1
SLA-002737	8/28/2026 0:39	8/28/2026 1:37	AV_CLASSROOM_EQUIPMENT	HIGH	HIGH	CRITICAL	AV Support	58	12.08	422	0	4	0	2	9	285	0
SLA-002738	8/5/2026 11:08	8/5/2026 17:31	PLUMBING_WATER	MEDIUM	HIGH	HIGH	Facilities	383	79.79	97	11	2	0	29	10	304	1
SLA-002739	5/4/2026 15:32	5/4/2026 20:54	PLUMBING_WATER	HIGH	HIGH	CRITICAL	Facilities	322	67.08	158	15	0	0	26	13	561	1
SLA-002740	1/5/2026 16:38	1/6/2026 1:32	CLEANING_WASTE	LOW	LOW	LOW	Cleaning Services	534	18.54	2346	16	0	0	23	11	3298	1
SLA-002741	8/20/2026 13:34	8/20/2026 17:03	CLEANING_WASTE	LOW	LOW	LOW	Cleaning Services	209	7.26	2671	13	3	0	4	7	2264	0
SLA-002742	5/1/2026 12:13	5/1/2026 17:58	ELEVATOR	MEDIUM	HIGH	HIGH	Facilities	345	71.88	135	12	4	0	10	2	145	0
SLA-002743	1/20/2026 3:02	1/20/2026 3:31	FURNITURE_FIXTURES	MEDIUM	LOW	LOW	Facilities	29	1.01	2851	3	1	0	24	0	2175	0
SLA-002744	2/24/2026 21:53	2/24/2026 22:43	PLUMBING_WATER	MEDIUM	LOW	LOW	Facilities	50	1.74	2830	21	1	0	26	3	850	0
SLA-002745	1/18/2026 1:59	1/18/2026 8:10	FURNITURE_FIXTURES	LOW	MEDIUM	LOW	Facilities	371	12.88	2509	1	6	1	11	12	1726	0
SLA-002746	3/26/2026 7:10	3/26/2026 17:20	ELEVATOR	MEDIUM	MEDIUM	MEDIUM	Facilities	610	42.36	830	7	3	0	20	14	307	1
SLA-002747	8/11/2026 16:24	8/11/2026 19:03	GROUNDS_OUTDOOR	LOW	LOW	LOW	Grounds Team	159	5.52	2721	16	1	0	5	3	635	0
SLA-002748	7/24/2026 23:00	7/25/2026 9:07	IT_HARDWARE_PRINTING	LOW	HIGH	MEDIUM	IT Support	607	42.15	833	23	4	0	15	11	628	0
SLA-002749	3/18/2026 17:48	3/18/2026 21:09	PLUMBING_WATER	MEDIUM	HIGH	HIGH	Facilities	201	41.88	279	17	2	0	19	9	235	0
SLA-002750	2/14/2026 1:28	2/14/2026 3:58	SAFETY_HAZARD	HIGH	LOW	MEDIUM	Safety Team	150	10.42	1290	1	5	1	0	13	1573	1
SLA-002751	3/18/2026 23:34	3/18/2026 23:50	IT_NETWORK_ACCOUNTS	MEDIUM	HIGH	HIGH	IT Support	16	3.33	464	23	2	0	11	9	323	0
SLA-002752	5/22/2026 9:51	5/22/2026 11:45	ELECTRICAL	MEDIUM	LOW	LOW	Facilities	114	3.96	2766	9	4	0	25	4	1835	0
SLA-002753	6/21/2026 0:32	6/21/2026 11:50	FURNITURE_FIXTURES	LOW	HIGH	MEDIUM	Facilities	678	47.08	762	0	6	1	27	5	1226	0
SLA-002754	4/2/2026 6:25	4/2/2026 6:44	IT_HARDWARE_PRINTING	MEDIUM	HIGH	HIGH	IT Support	19	3.96	461	6	3	0	4	12	216	0
SLA-002755	5/17/2026 4:41	5/17/2026 10:45	CLEANING_WASTE	LOW	LOW	LOW	Cleaning Services	364	12.64	2516	4	6	1	5	3	711	0
SLA-002756	6/25/2026 0:24	6/25/2026 1:00	FURNITURE_FIXTURES	MEDIUM	HIGH	HIGH	Facilities	36	7.5	444	0	3	0	17	6	168	0
SLA-002757	7/19/2026 9:34	7/19/2026 11:27	BUILDING_STRUCTURE	MEDIUM	HIGH	HIGH	Facilities	113	23.54	367	9	6	1	21	9	112	0
SLA-002758	4/1/2026 16:43	4/2/2026 0:18	BUILDING_STRUCTURE	HIGH	MEDIUM	HIGH	Facilities	455	94.79	25	16	2	0	20	2	288	1
SLA-002759	4/3/2026 7:09	4/3/2026 9:37	IT_NETWORK_ACCOUNTS	HIGH	MEDIUM	HIGH	IT Support	148	30.83	332	7	4	0	6	7	326	0
SLA-002760	7/4/2026 5:41	7/4/2026 8:45	HVAC_AC	MEDIUM	MEDIUM	MEDIUM	Facilities	184	12.78	1256	5	5	1	15	7	808	0
SLA-002761	5/1/2026 16:02	5/2/2026 2:53	BUILDING_STRUCTURE	HIGH	LOW	MEDIUM	Facilities	651	45.21	789	16	4	0	19	15	1485	1
SLA-002762	5/3/2026 15:53	5/4/2026 3:24	FURNITURE_FIXTURES	MEDIUM	MEDIUM	MEDIUM	Facilities	691	47.99	749	15	6	1	10	0	1062	0
SLA-002763	5/3/2026 18:47	5/3/2026 21:57	CLEANING_WASTE	MEDIUM	MEDIUM	MEDIUM	Cleaning Services	190	13.19	1250	18	6	1	6	6	1503	0
SLA-002764	6/2/2026 4:59	6/2/2026 7:35	ELEVATOR	MEDIUM	MEDIUM	MEDIUM	Facilities	156	10.83	1284	4	1	0	29	15	1270	1
SLA-002765	8/2/2026 2:54	8/2/2026 6:06	CLEANING_WASTE	MEDIUM	LOW	LOW	Cleaning Services	192	6.67	2688	2	6	1	17	5	1570	0
SLA-002766	6/17/2026 1:02	6/17/2026 8:45	ELECTRICAL	HIGH	MEDIUM	HIGH	Facilities	463	96.46	17	1	2	0	18	3	166	1
SLA-002767	3/13/2026 22:11	3/14/2026 4:27	FURNITURE_FIXTURES	LOW	LOW	LOW	Facilities	376	13.06	2504	22	4	0	3	14	1802	1
SLA-002768	6/28/2026 19:25	6/28/2026 20:33	GROUNDS_OUTDOOR	MEDIUM	HIGH	HIGH	Grounds Team	68	14.17	412	19	6	1	23	9	329	0
SLA-002769	2/3/2026 2:37	2/3/2026 14:07	ELECTRICAL	MEDIUM	LOW	LOW	Facilities	690	23.96	2190	2	1	0	27	13	1051	1
SLA-002770	6/16/2026 10:54	6/16/2026 18:50	PLUMBING_WATER	LOW	HIGH	MEDIUM	Facilities	476	33.06	964	10	1	0	4	6	416	0
SLA-002771	4/16/2026 11:41	4/16/2026 22:54	GROUNDS_OUTDOOR	LOW	MEDIUM	LOW	Grounds Team	673	23.37	2207	11	3	0	10	13	1809	1
SLA-002772	6/24/2026 19:29	6/24/2026 23:34	BUILDING_STRUCTURE	HIGH	LOW	MEDIUM	Facilities	245	17.01	1195	19	2	0	22	0	706	0
SLA-002773	3/2/2026 20:06	3/3/2026 6:17	IT_HARDWARE_PRINTING	MEDIUM	MEDIUM	MEDIUM	IT Support	611	42.43	829	20	0	0	1	15	356	1
SLA-002774	5/13/2026 12:21	5/13/2026 18:04	IT_NETWORK_ACCOUNTS	HIGH	HIGH	CRITICAL	IT Support	343	71.46	137	12	2	0	23	5	303	1
SLA-002775	1/11/2026 12:47	1/11/2026 13:44	PLUMBING_WATER	HIGH	MEDIUM	HIGH	Facilities	57	11.88	423	12	6	1	23	7	306	1
SLA-002776	4/10/2026 8:54	4/10/2026 14:46	PLUMBING_WATER	MEDIUM	LOW	LOW	Facilities	352	12.22	2528	8	4	0	14	2	2098	0
SLA-002777	8/2/2026 15:18	8/2/2026 20:14	OTHER	MEDIUM	HIGH	HIGH	General Maintenance	296	61.67	184	15	6	1	4	10	125	1
SLA-002778	6/29/2026 4:07	6/29/2026 6:17	IT_HARDWARE_PRINTING	LOW	MEDIUM	LOW	IT Support	130	4.51	2750	4	0	0	29	8	2589	1
SLA-002779	6/2/2026 16:05	6/3/2026 1:56	CLEANING_WASTE	MEDIUM	MEDIUM	MEDIUM	Cleaning Services	591	41.04	849	16	1	0	30	1	1123	0
SLA-002780	7/31/2026 12:21	7/31/2026 17:20	IT_HARDWARE_PRINTING	MEDIUM	HIGH	HIGH	IT Support	299	62.29	181	12	4	0	25	14	226	1
SLA-002781	1/29/2026 22:58	1/30/2026 1:29	FURNITURE_FIXTURES	LOW	HIGH	MEDIUM	Facilities	151	10.49	1289	22	3	0	23	6	867	0
SLA-002782	1/14/2026 18:52	1/15/2026 0:04	IT_HARDWARE_PRINTING	HIGH	MEDIUM	HIGH	IT Support	312	65	168	18	2	0	1	13	558	1
SLA-002783	1/2/2026 13:52	1/2/2026 14:10	SAFETY_HAZARD	HIGH	HIGH	CRITICAL	Safety Team	18	3.75	462	13	4	0	18	8	293	0
SLA-002784	4/26/2026 14:32	4/26/2026 19:44	CLEANING_WASTE	HIGH	MEDIUM	HIGH	Cleaning Services	312	65	168	14	6	1	20	13	572	1
SLA-002785	1/30/2026 9:52	1/30/2026 12:23	SAFETY_HAZARD	MEDIUM	HIGH	HIGH	Safety Team	151	31.46	329	9	4	0	23	1	450	1
SLA-002786	1/10/2026 21:14	1/11/2026 0:55	ELEVATOR	MEDIUM	LOW	LOW	Facilities	221	7.67	2659	21	5	1	23	0	2847	0
SLA-002787	3/14/2026 21:29	3/15/2026 8:55	BUILDING_STRUCTURE	MEDIUM	LOW	LOW	Facilities	686	23.82	2194	21	5	1	12	10	2269	0
SLA-002788	3/7/2026 12:34	3/7/2026 13:21	HVAC_AC	MEDIUM	MEDIUM	MEDIUM	Facilities	47	3.26	1393	12	5	1	18	10	1422	1
SLA-002789	4/21/2026 7:47	4/21/2026 12:56	BUILDING_STRUCTURE	MEDIUM	MEDIUM	MEDIUM	Facilities	309	21.46	1131	7	1	0	13	10	1068	0
SLA-002790	8/16/2026 11:58	8/16/2026 21:37	IT_HARDWARE_PRINTING	LOW	LOW	LOW	IT Support	579	20.1	2301	11	6	1	16	11	2807	1
SLA-002791	4/19/2026 9:32	4/19/2026 19:52	SAFETY_HAZARD	HIGH	LOW	MEDIUM	Safety Team	620	43.06	820	9	6	1	2	8	882	0
SLA-002792	6/10/2026 14:02	6/10/2026 18:02	CLEANING_WASTE	LOW	HIGH	MEDIUM	Cleaning Services	240	16.67	1200	14	2	0	20	8	1526	1
SLA-002793	7/3/2026 11:32	7/3/2026 22:25	OTHER	MEDIUM	MEDIUM	MEDIUM	General Maintenance	653	45.35	787	11	4	0	4	8	839	0
SLA-002794	4/4/2026 6:09	4/4/2026 7:44	IT_NETWORK_ACCOUNTS	HIGH	MEDIUM	HIGH	IT Support	95	19.79	385	6	5	1	5	2	382	0
SLA-002795	6/21/2026 13:28	6/21/2026 18:24	GROUNDS_OUTDOOR	LOW	MEDIUM	LOW	Grounds Team	296	10.28	2584	13	6	1	28	14	1755	1
SLA-002796	6/19/2026 6:06	6/19/2026 17:25	PLUMBING_WATER	LOW	MEDIUM	LOW	Facilities	679	23.58	2201	6	4	0	9	1	1178	0
SLA-002797	8/17/2026 6:27	8/17/2026 8:05	BUILDING_STRUCTURE	HIGH	MEDIUM	HIGH	Facilities	98	20.42	382	6	0	0	17	1	250	0
SLA-002798	4/1/2026 21:06	4/1/2026 23:38	BUILDING_STRUCTURE	MEDIUM	MEDIUM	MEDIUM	Facilities	152	10.56	1288	21	2	0	11	3	1059	0
SLA-002799	8/25/2026 5:04	8/25/2026 5:33	ELEVATOR	MEDIUM	HIGH	HIGH	Facilities	29	6.04	451	5	1	0	28	2	454	1
SLA-002800	7/2/2026 3:09	7/2/2026 15:04	BUILDING_STRUCTURE	LOW	LOW	LOW	Facilities	715	24.83	2165	3	3	0	10	14	2881	1
SLA-002801	3/23/2026 7:30	3/23/2026 8:01	FURNITURE_FIXTURES	MEDIUM	HIGH	HIGH	Facilities	31	6.46	449	7	0	0	7	9	314	0
SLA-002802	1/20/2026 7:15	1/20/2026 13:07	GROUNDS_OUTDOOR	MEDIUM	HIGH	HIGH	Grounds Team	352	73.33	128	7	1	0	0	1	415	0
SLA-002803	7/1/2026 11:34	7/1/2026 15:00	FURNITURE_FIXTURES	MEDIUM	MEDIUM	MEDIUM	Facilities	206	14.31	1234	11	2	0	19	5	1134	0
SLA-002804	7/7/2026 11:59	7/7/2026 21:28	BUILDING_STRUCTURE	MEDIUM	LOW	LOW	Facilities	569	19.76	2311	11	1	0	8	8	1024	0
SLA-002805	7/20/2026 22:22	7/21/2026 6:00	HVAC_AC	MEDIUM	LOW	LOW	Facilities	458	15.9	2422	22	0	0	19	0	2853	0
SLA-002806	7/13/2026 12:52	7/13/2026 21:26	BUILDING_STRUCTURE	MEDIUM	MEDIUM	MEDIUM	Facilities	514	35.69	926	12	0	0	6	11	1503	1
SLA-002807	3/25/2026 20:48	3/26/2026 3:02	FURNITURE_FIXTURES	LOW	HIGH	MEDIUM	Facilities	374	25.97	1066	20	2	0	15	9	1160	0
SLA-002808	5/1/2026 2:24	5/1/2026 12:50	FURNITURE_FIXTURES	LOW	LOW	LOW	Facilities	626	21.74	2254	2	4	0	20	12	1900	1
SLA-002809	7/1/2026 14:35	7/1/2026 21:40	CLEANING_WASTE	MEDIUM	LOW	LOW	Cleaning Services	425	14.76	2455	14	2	0	18	12	2188	0
SLA-002810	8/18/2026 11:01	8/18/2026 14:40	BUILDING_STRUCTURE	LOW	HIGH	MEDIUM	Facilities	219	15.21	1221	11	1	0	28	0	1586	1
SLA-002811	6/17/2026 0:59	6/17/2026 5:13	ELEVATOR	HIGH	MEDIUM	HIGH	Facilities	254	52.92	226	0	2	0	20	12	290	1
SLA-002812	1/8/2026 0:05	1/8/2026 1:47	OTHER	HIGH	MEDIUM	HIGH	General Maintenance	102	21.25	378	0	3	0	14	6	490	1
SLA-002813	2/19/2026 0:31	2/19/2026 3:31	BUILDING_STRUCTURE	HIGH	MEDIUM	HIGH	Facilities	180	37.5	300	0	3	0	10	10	336	1
SLA-002814	3/8/2026 1:11	3/8/2026 2:52	AV_CLASSROOM_EQUIPMENT	LOW	MEDIUM	LOW	AV Support	101	3.51	2779	1	6	1	3	1	2216	0
SLA-002815	7/30/2026 10:45	7/30/2026 15:51	FURNITURE_FIXTURES	LOW	LOW	LOW	Facilities	306	10.62	2574	10	3	0	8	14	3278	1
SLA-002816	1/16/2026 23:54	1/17/2026 7:35	ELEVATOR	HIGH	MEDIUM	HIGH	Facilities	461	96.04	19	23	4	0	11	1	205	1
SLA-002817	3/5/2026 15:03	3/5/2026 17:06	OTHER	MEDIUM	LOW	LOW	General Maintenance	123	4.27	2757	15	3	0	19	3	3400	0
SLA-002818	1/11/2026 19:12	1/12/2026 4:23	OTHER	MEDIUM	MEDIUM	MEDIUM	General Maintenance	551	38.26	889	19	6	1	12	12	1467	1
SLA-002819	2/16/2026 11:29	2/16/2026 16:28	ELEVATOR	HIGH	MEDIUM	HIGH	Facilities	299	62.29	181	11	0	0	6	4	554	1
SLA-002820	3/5/2026 21:02	3/6/2026 5:20	IT_HARDWARE_PRINTING	LOW	LOW	LOW	IT Support	498	17.29	2382	21	3	0	24	13	2933	1
SLA-002821	8/2/2026 11:38	8/2/2026 19:07	ELECTRICAL	HIGH	MEDIUM	HIGH	Facilities	449	93.54	31	11	6	1	29	14	508	1
SLA-002822	6/16/2026 23:22	6/17/2026 1:12	IT_HARDWARE_PRINTING	LOW	LOW	LOW	IT Support	110	3.82	2770	23	1	0	12	2	1585	0
SLA-002823	2/5/2026 13:05	2/5/2026 13:43	IT_HARDWARE_PRINTING	MEDIUM	LOW	LOW	IT Support	38	1.32	2842	13	3	0	22	14	1401	1
SLA-002824	2/13/2026 17:06	2/13/2026 18:34	AV_CLASSROOM_EQUIPMENT	MEDIUM	HIGH	HIGH	AV Support	88	18.33	392	17	4	0	14	2	97	0
SLA-002825	6/19/2026 1:46	6/19/2026 11:19	SAFETY_HAZARD	HIGH	LOW	MEDIUM	Safety Team	573	39.79	867	1	4	0	20	8	511	0
SLA-002826	7/8/2026 11:00	7/8/2026 11:37	FURNITURE_FIXTURES	MEDIUM	MEDIUM	MEDIUM	Facilities	37	2.57	1403	11	2	0	16	13	1411	1
SLA-002827	5/27/2026 6:12	5/27/2026 14:07	FURNITURE_FIXTURES	MEDIUM	MEDIUM	MEDIUM	Facilities	475	32.99	965	6	2	0	5	7	691	0
SLA-002828	6/28/2026 21:30	6/29/2026 1:49	SAFETY_HAZARD	HIGH	HIGH	CRITICAL	Safety Team	259	53.96	221	21	6	1	2	1	535	1
SLA-002829	7/17/2026 13:24	7/18/2026 0:09	ELECTRICAL	MEDIUM	LOW	LOW	Facilities	645	22.4	2235	13	4	0	21	9	2430	1
SLA-002830	5/27/2026 16:10	5/28/2026 1:12	IT_HARDWARE_PRINTING	MEDIUM	MEDIUM	MEDIUM	IT Support	542	37.64	898	16	2	0	8	15	1390	1
SLA-002831	2/2/2026 22:19	2/3/2026 9:18	CLEANING_WASTE	MEDIUM	MEDIUM	MEDIUM	Cleaning Services	659	45.76	781	22	0	0	13	11	1005	0
SLA-002832	3/19/2026 17:16	3/19/2026 18:11	ELECTRICAL	HIGH	HIGH	CRITICAL	Facilities	55	11.46	425	17	3	0	10	4	503	1
SLA-002833	5/28/2026 20:43	5/29/2026 2:25	HVAC_AC	MEDIUM	HIGH	HIGH	Facilities	342	71.25	138	20	3	0	3	4	399	0
SLA-002834	4/15/2026 9:39	4/15/2026 15:42	GROUNDS_OUTDOOR	MEDIUM	MEDIUM	MEDIUM	Grounds Team	363	25.21	1077	9	2	0	2	5	1405	0
SLA-002835	7/2/2026 17:28	7/2/2026 22:49	CLEANING_WASTE	MEDIUM	HIGH	HIGH	Cleaning Services	321	66.88	159	17	3	0	16	2	478	1
SLA-002836	4/29/2026 19:43	4/30/2026 1:08	OTHER	MEDIUM	HIGH	HIGH	General Maintenance	325	67.71	155	19	2	0	21	14	169	1
SLA-002837	8/17/2026 23:25	8/18/2026 6:39	GROUNDS_OUTDOOR	MEDIUM	MEDIUM	MEDIUM	Grounds Team	434	30.14	1006	23	0	0	15	9	421	0
SLA-002838	2/7/2026 6:21	2/7/2026 8:25	IT_HARDWARE_PRINTING	HIGH	MEDIUM	HIGH	IT Support	124	25.83	356	6	5	1	22	15	409	1
SLA-002839	3/6/2026 10:52	3/6/2026 15:48	CLEANING_WASTE	MEDIUM	MEDIUM	MEDIUM	Cleaning Services	296	20.56	1144	10	4	0	6	15	544	0
SLA-002840	6/19/2026 22:39	6/20/2026 4:38	SAFETY_HAZARD	MEDIUM	MEDIUM	MEDIUM	Safety Team	359	24.93	1081	22	4	0	4	6	1039	0
SLA-002841	7/6/2026 4:42	7/6/2026 10:45	BUILDING_STRUCTURE	HIGH	MEDIUM	HIGH	Facilities	363	75.62	117	4	0	0	18	14	193	1
SLA-002842	7/13/2026 18:50	7/14/2026 0:46	GROUNDS_OUTDOOR	MEDIUM	LOW	LOW	Grounds Team	356	12.36	2524	18	0	0	4	9	2613	0
SLA-002843	6/13/2026 17:54	6/13/2026 20:22	HVAC_AC	LOW	HIGH	MEDIUM	Facilities	148	10.28	1292	17	5	1	26	3	1340	1
SLA-002844	8/24/2026 8:33	8/24/2026 17:06	FURNITURE_FIXTURES	LOW	LOW	LOW	Facilities	513	17.81	2367	8	0	0	26	8	2678	1
SLA-002845	5/13/2026 10:07	5/13/2026 14:20	ELEVATOR	MEDIUM	LOW	LOW	Facilities	253	8.78	2627	10	2	0	3	4	1350	0
SLA-002846	6/28/2026 13:28	6/28/2026 22:27	SAFETY_HAZARD	HIGH	LOW	MEDIUM	Safety Team	539	37.43	901	13	6	1	26	7	1194	1
SLA-002847	2/3/2026 13:14	2/3/2026 13:53	AV_CLASSROOM_EQUIPMENT	HIGH	MEDIUM	HIGH	AV Support	39	8.12	441	13	1	0	30	7	356	1
SLA-002848	6/13/2026 12:27	6/13/2026 17:52	ELECTRICAL	HIGH	HIGH	CRITICAL	Facilities	325	67.71	155	12	5	1	14	8	522	1
SLA-002849	8/8/2026 16:56	8/9/2026 0:13	AV_CLASSROOM_EQUIPMENT	MEDIUM	LOW	LOW	AV Support	437	15.17	2443	16	5	1	29	12	3382	1
SLA-002850	5/27/2026 11:27	5/27/2026 13:34	PLUMBING_WATER	HIGH	HIGH	CRITICAL	Facilities	127	26.46	353	11	2	0	14	7	141	0
SLA-002851	6/27/2026 17:10	6/28/2026 2:29	FURNITURE_FIXTURES	MEDIUM	MEDIUM	MEDIUM	Facilities	559	38.82	881	17	5	1	13	8	747	0
SLA-002852	4/6/2026 9:46	4/6/2026 17:08	ELECTRICAL	MEDIUM	HIGH	HIGH	Facilities	442	92.08	38	9	0	0	21	11	434	1
SLA-002853	7/20/2026 1:00	7/20/2026 12:40	AV_CLASSROOM_EQUIPMENT	MEDIUM	MEDIUM	MEDIUM	AV Support	700	48.61	740	1	0	0	20	3	1137	0
SLA-002854	2/5/2026 5:10	2/5/2026 5:52	PLUMBING_WATER	MEDIUM	LOW	LOW	Facilities	42	1.46	2838	5	3	0	16	5	3108	0
SLA-002855	5/7/2026 16:33	5/7/2026 21:53	SAFETY_HAZARD	HIGH	HIGH	CRITICAL	Safety Team	320	66.67	160	16	3	0	1	8	336	0
SLA-002856	2/21/2026 6:00	2/21/2026 12:00	HVAC_AC	LOW	LOW	LOW	Facilities	360	12.5	2520	6	5	1	4	11	2663	1
SLA-002857	2/21/2026 19:24	2/22/2026 6:52	HVAC_AC	MEDIUM	MEDIUM	MEDIUM	Facilities	688	47.78	752	19	5	1	9	1	581	0
SLA-002858	4/2/2026 1:24	4/2/2026 12:12	IT_HARDWARE_PRINTING	MEDIUM	MEDIUM	MEDIUM	IT Support	648	45	792	1	3	0	27	1	1509	1
SLA-002859	2/26/2026 2:41	2/26/2026 8:39	ELECTRICAL	HIGH	HIGH	CRITICAL	Facilities	358	74.58	122	2	3	0	10	13	493	1
SLA-002860	6/1/2026 7:34	6/1/2026 10:43	ELEVATOR	HIGH	MEDIUM	HIGH	Facilities	189	39.38	291	7	0	0	18	9	286	0
SLA-002861	3/2/2026 10:34	3/2/2026 14:50	IT_NETWORK_ACCOUNTS	HIGH	MEDIUM	HIGH	IT Support	256	53.33	224	10	0	0	16	11	204	1
SLA-002862	7/1/2026 5:45	7/1/2026 9:37	GROUNDS_OUTDOOR	LOW	LOW	LOW	Grounds Team	232	8.06	2648	5	2	0	26	13	1668	1
SLA-002863	2/12/2026 3:07	2/12/2026 8:08	ELEVATOR	HIGH	HIGH	CRITICAL	Facilities	301	62.71	179	3	3	0	28	2	104	1
SLA-002864	1/11/2026 2:56	1/11/2026 10:46	AV_CLASSROOM_EQUIPMENT	MEDIUM	LOW	LOW	AV Support	470	16.32	2410	2	6	1	18	13	3250	1
SLA-002865	1/5/2026 22:46	1/6/2026 9:16	FURNITURE_FIXTURES	LOW	MEDIUM	LOW	Facilities	630	21.88	2250	22	0	0	25	6	1332	1
SLA-002866	5/11/2026 13:17	5/11/2026 16:37	IT_HARDWARE_PRINTING	MEDIUM	MEDIUM	MEDIUM	IT Support	200	13.89	1240	13	0	0	23	0	553	0
SLA-002867	3/31/2026 13:11	3/31/2026 22:17	IT_HARDWARE_PRINTING	LOW	MEDIUM	LOW	IT Support	546	18.96	2334	13	1	0	16	4	2797	0
SLA-002868	7/24/2026 11:38	7/24/2026 19:03	SAFETY_HAZARD	MEDIUM	LOW	LOW	Safety Team	445	15.45	2435	11	4	0	15	12	1397	0
SLA-002869	7/10/2026 10:30	7/10/2026 16:32	ELECTRICAL	MEDIUM	HIGH	HIGH	Facilities	362	75.42	118	10	4	0	30	12	96	1
SLA-002870	3/15/2026 16:51	3/15/2026 20:09	IT_NETWORK_ACCOUNTS	HIGH	MEDIUM	HIGH	IT Support	198	41.25	282	16	6	1	4	9	540	0
SLA-002871	3/19/2026 8:08	3/19/2026 14:42	IT_NETWORK_ACCOUNTS	MEDIUM	HIGH	HIGH	IT Support	394	82.08	86	8	3	0	6	10	343	1
SLA-002872	8/7/2026 0:52	8/7/2026 5:33	ELEVATOR	HIGH	HIGH	CRITICAL	Facilities	281	58.54	199	0	4	0	28	1	302	1
SLA-002873	6/26/2026 3:39	6/26/2026 6:15	HVAC_AC	HIGH	MEDIUM	HIGH	Facilities	156	32.5	324	3	4	0	0	3	170	0
SLA-002874	2/18/2026 21:25	2/19/2026 2:12	SAFETY_HAZARD	MEDIUM	LOW	LOW	Safety Team	287	9.97	2593	21	2	0	19	10	1806	0
SLA-002875	4/19/2026 23:50	4/20/2026 3:57	BUILDING_STRUCTURE	HIGH	HIGH	CRITICAL	Facilities	247	51.46	233	23	6	1	17	4	180	0
SLA-002876	7/1/2026 19:58	7/1/2026 23:40	SAFETY_HAZARD	HIGH	HIGH	CRITICAL	Safety Team	222	46.25	258	19	2	0	3	4	396	0
SLA-002877	3/23/2026 21:15	3/24/2026 3:00	IT_NETWORK_ACCOUNTS	MEDIUM	HIGH	HIGH	IT Support	345	71.88	135	21	0	0	12	12	149	1
SLA-002878	8/6/2026 23:46	8/7/2026 2:37	IT_HARDWARE_PRINTING	LOW	HIGH	MEDIUM	IT Support	171	11.88	1269	23	3	0	16	2	831	0
SLA-002879	5/3/2026 8:05	5/3/2026 17:05	AV_CLASSROOM_EQUIPMENT	HIGH	LOW	MEDIUM	AV Support	540	37.5	900	8	6	1	14	8	1219	0
SLA-002880	3/31/2026 16:42	4/1/2026 2:01	PLUMBING_WATER	HIGH	LOW	MEDIUM	Facilities	559	38.82	881	16	1	0	8	5	1368	0
SLA-002881	1/29/2026 8:02	1/29/2026 9:39	ELECTRICAL	MEDIUM	MEDIUM	MEDIUM	Facilities	97	6.74	1343	8	3	0	11	5	1261	0
SLA-002882	3/2/2026 4:26	3/2/2026 13:35	PLUMBING_WATER	MEDIUM	MEDIUM	MEDIUM	Facilities	549	38.12	891	4	0	0	11	5	738	0
SLA-002883	1/28/2026 6:36	1/28/2026 8:07	FURNITURE_FIXTURES	LOW	MEDIUM	LOW	Facilities	91	3.16	2789	6	2	0	19	8	2547	0
SLA-002884	7/27/2026 0:25	7/27/2026 3:55	IT_HARDWARE_PRINTING	MEDIUM	HIGH	HIGH	IT Support	210	43.75	270	0	0	0	7	2	461	0
SLA-002885	1/16/2026 8:15	1/16/2026 12:24	SAFETY_HAZARD	MEDIUM	HIGH	HIGH	Safety Team	249	51.88	231	8	4	0	20	13	174	1
SLA-002886	8/26/2026 6:50	8/26/2026 17:54	CLEANING_WASTE	MEDIUM	LOW	LOW	Cleaning Services	664	23.06	2216	6	2	0	1	2	2360	0
SLA-002887	2/16/2026 12:00	2/16/2026 12:44	OTHER	LOW	MEDIUM	LOW	General Maintenance	44	1.53	2836	12	0	0	26	13	2229	1
SLA-002888	7/9/2026 13:27	7/10/2026 0:19	GROUNDS_OUTDOOR	MEDIUM	LOW	LOW	Grounds Team	652	22.64	2228	13	3	0	9	7	1206	0
SLA-002889	5/22/2026 12:45	5/22/2026 20:11	FURNITURE_FIXTURES	MEDIUM	LOW	LOW	Facilities	446	15.49	2434	12	4	0	7	0	1958	0
SLA-002890	7/10/2026 22:51	7/11/2026 1:41	CLEANING_WASTE	LOW	LOW	LOW	Cleaning Services	170	5.9	2710	22	4	0	7	7	837	0
SLA-002891	3/18/2026 12:53	3/18/2026 18:32	BUILDING_STRUCTURE	LOW	MEDIUM	LOW	Facilities	339	11.77	2541	12	2	0	22	8	2192	1
SLA-002892	5/5/2026 11:42	5/5/2026 20:03	BUILDING_STRUCTURE	MEDIUM	MEDIUM	MEDIUM	Facilities	501	34.79	939	11	1	0	29	10	1424	1
SLA-002893	5/18/2026 15:31	5/18/2026 22:13	CLEANING_WASTE	HIGH	MEDIUM	HIGH	Cleaning Services	402	83.75	78	15	0	0	1	12	429	1
SLA-002894	3/18/2026 9:27	3/18/2026 14:16	IT_NETWORK_ACCOUNTS	MEDIUM	HIGH	HIGH	IT Support	289	60.21	191	9	2	0	12	5	211	0
SLA-002895	1/27/2026 4:33	1/27/2026 12:46	CLEANING_WASTE	MEDIUM	MEDIUM	MEDIUM	Cleaning Services	493	34.24	947	4	1	0	18	11	1385	0
SLA-002896	6/2/2026 8:20	6/2/2026 9:29	PLUMBING_WATER	MEDIUM	LOW	LOW	Facilities	69	2.4	2811	8	1	0	6	10	2322	0
SLA-002897	5/16/2026 8:45	5/16/2026 13:06	ELECTRICAL	MEDIUM	HIGH	HIGH	Facilities	261	54.37	219	8	5	1	30	2	343	1
SLA-002898	5/30/2026 6:08	5/30/2026 10:16	FURNITURE_FIXTURES	MEDIUM	HIGH	HIGH	Facilities	248	51.67	232	6	5	1	9	14	564	1
SLA-002899	5/27/2026 7:52	5/27/2026 19:38	AV_CLASSROOM_EQUIPMENT	LOW	HIGH	MEDIUM	AV Support	706	49.03	734	7	2	0	29	3	1557	1
SLA-002900	2/15/2026 23:31	2/16/2026 6:04	AV_CLASSROOM_EQUIPMENT	HIGH	MEDIUM	HIGH	AV Support	393	81.88	87	23	6	1	24	9	478	1
SLA-002901	7/13/2026 2:15	7/13/2026 12:49	GROUNDS_OUTDOOR	LOW	LOW	LOW	Grounds Team	634	22.01	2246	2	0	0	19	11	2826	1
SLA-002902	2/10/2026 20:03	2/11/2026 0:40	FURNITURE_FIXTURES	HIGH	MEDIUM	HIGH	Facilities	277	57.71	203	20	1	0	4	2	526	0
SLA-002903	2/8/2026 2:58	2/8/2026 10:28	IT_HARDWARE_PRINTING	MEDIUM	HIGH	HIGH	IT Support	450	93.75	30	2	6	1	17	14	392	1
SLA-002904	1/9/2026 10:45	1/9/2026 14:28	ELECTRICAL	HIGH	MEDIUM	HIGH	Facilities	223	46.46	257	10	4	0	22	1	472	1
SLA-002905	2/18/2026 2:15	2/18/2026 8:04	AV_CLASSROOM_EQUIPMENT	HIGH	MEDIUM	HIGH	AV Support	349	72.71	131	2	2	0	4	5	410	0
SLA-002906	7/30/2026 19:21	7/31/2026 0:52	OTHER	MEDIUM	HIGH	HIGH	General Maintenance	331	68.96	149	19	3	0	2	14	388	1
SLA-002907	7/6/2026 10:40	7/6/2026 16:55	GROUNDS_OUTDOOR	LOW	MEDIUM	LOW	Grounds Team	375	13.02	2505	10	0	0	25	11	1495	1
SLA-002908	1/19/2026 7:18	1/19/2026 11:08	BUILDING_STRUCTURE	MEDIUM	MEDIUM	MEDIUM	Facilities	230	15.97	1210	7	0	0	29	14	474	1
SLA-002909	4/23/2026 0:53	4/23/2026 9:12	OTHER	LOW	LOW	LOW	General Maintenance	499	17.33	2381	0	3	0	13	13	3368	1
SLA-002910	5/10/2026 11:01	5/10/2026 15:00	IT_NETWORK_ACCOUNTS	MEDIUM	HIGH	HIGH	IT Support	239	49.79	241	11	6	1	8	9	263	0
SLA-002911	5/4/2026 18:07	5/5/2026 0:31	IT_HARDWARE_PRINTING	MEDIUM	MEDIUM	MEDIUM	IT Support	384	26.67	1056	18	0	0	11	8	972	0
SLA-002912	4/11/2026 2:18	4/11/2026 8:27	ELECTRICAL	HIGH	HIGH	CRITICAL	Facilities	369	76.88	111	2	5	1	21	0	149	1
SLA-002913	1/28/2026 4:34	1/28/2026 11:45	FURNITURE_FIXTURES	MEDIUM	MEDIUM	MEDIUM	Facilities	431	29.93	1009	4	2	0	2	15	318	0
SLA-002914	7/28/2026 9:32	7/28/2026 14:10	BUILDING_STRUCTURE	LOW	MEDIUM	LOW	Facilities	278	9.65	2602	9	1	0	11	10	3368	1
SLA-002915	4/8/2026 20:18	4/9/2026 1:48	ELEVATOR	MEDIUM	LOW	LOW	Facilities	330	11.46	2550	20	2	0	16	6	3106	1
SLA-002916	7/22/2026 7:57	7/22/2026 18:40	GROUNDS_OUTDOOR	MEDIUM	LOW	LOW	Grounds Team	643	22.33	2237	7	2	0	12	2	3371	0
SLA-002917	5/7/2026 19:16	5/8/2026 1:41	FURNITURE_FIXTURES	LOW	LOW	LOW	Facilities	385	13.37	2495	19	3	0	2	14	1462	0
SLA-002918	2/23/2026 13:30	2/23/2026 15:28	ELECTRICAL	HIGH	MEDIUM	HIGH	Facilities	118	24.58	362	13	0	0	17	4	266	0
SLA-002919	3/14/2026 3:16	3/14/2026 11:44	CLEANING_WASTE	MEDIUM	MEDIUM	MEDIUM	Cleaning Services	508	35.28	932	3	5	1	22	13	1722	1
SLA-002920	2/25/2026 20:06	2/26/2026 7:16	CLEANING_WASTE	MEDIUM	LOW	LOW	Cleaning Services	670	23.26	2210	20	2	0	10	8	1389	0
SLA-002921	5/8/2026 8:47	5/8/2026 17:40	ELECTRICAL	MEDIUM	LOW	LOW	Facilities	533	18.51	2347	8	4	0	0	8	2988	1
SLA-002922	7/17/2026 22:03	7/18/2026 6:14	BUILDING_STRUCTURE	MEDIUM	LOW	LOW	Facilities	491	17.05	2389	22	4	0	4	8	2831	0
SLA-002923	5/29/2026 17:58	5/30/2026 1:32	ELECTRICAL	HIGH	MEDIUM	HIGH	Facilities	454	94.58	26	17	4	0	28	7	210	1
SLA-002924	4/7/2026 23:33	4/8/2026 3:16	SAFETY_HAZARD	MEDIUM	LOW	LOW	Safety Team	223	7.74	2657	23	1	0	5	12	3039	1
SLA-002925	2/26/2026 3:08	2/26/2026 5:52	ELECTRICAL	MEDIUM	HIGH	HIGH	Facilities	164	34.17	316	3	3	0	1	2	404	0
SLA-002926	6/15/2026 3:12	6/15/2026 3:48	AV_CLASSROOM_EQUIPMENT	LOW	LOW	LOW	AV Support	36	1.25	2844	3	0	0	7	8	3152	1
SLA-002927	8/2/2026 18:54	8/2/2026 22:18	ELEVATOR	MEDIUM	LOW	LOW	Facilities	204	7.08	2676	18	6	1	12	9	3101	1
SLA-002928	2/28/2026 14:32	2/28/2026 16:18	CLEANING_WASTE	LOW	LOW	LOW	Cleaning Services	106	3.68	2774	14	5	1	14	8	1745	0
SLA-002929	6/25/2026 19:08	6/25/2026 23:03	HVAC_AC	MEDIUM	MEDIUM	MEDIUM	Facilities	235	16.32	1205	19	3	0	27	4	486	0
SLA-002930	1/12/2026 5:15	1/12/2026 6:00	IT_HARDWARE_PRINTING	MEDIUM	HIGH	HIGH	IT Support	45	9.38	435	5	0	0	2	0	166	0
SLA-002931	8/14/2026 4:50	8/14/2026 5:12	BUILDING_STRUCTURE	HIGH	HIGH	CRITICAL	Facilities	22	4.58	458	4	4	0	18	9	231	0
SLA-002932	5/27/2026 22:32	5/28/2026 0:00	HVAC_AC	HIGH	LOW	MEDIUM	Facilities	88	6.11	1352	22	2	0	22	4	1669	1
SLA-002933	3/16/2026 13:35	3/16/2026 20:41	BUILDING_STRUCTURE	HIGH	HIGH	CRITICAL	Facilities	426	88.75	54	13	0	0	28	13	461	1
SLA-002934	5/28/2026 14:42	5/28/2026 21:28	IT_NETWORK_ACCOUNTS	MEDIUM	HIGH	HIGH	IT Support	406	84.58	74	14	3	0	22	3	146	1
SLA-002935	8/15/2026 18:30	8/15/2026 20:07	FURNITURE_FIXTURES	LOW	LOW	LOW	Facilities	97	3.37	2783	18	5	1	3	0	3077	0
SLA-002936	3/13/2026 10:50	3/13/2026 16:58	SAFETY_HAZARD	MEDIUM	HIGH	HIGH	Safety Team	368	76.67	112	10	4	0	20	14	541	1
SLA-002937	4/20/2026 6:22	4/20/2026 7:26	HVAC_AC	HIGH	HIGH	CRITICAL	Facilities	64	13.33	416	6	0	0	6	1	461	0
SLA-002938	2/19/2026 22:15	2/20/2026 3:01	IT_NETWORK_ACCOUNTS	LOW	LOW	LOW	IT Support	286	9.93	2594	22	3	0	6	7	2387	0
SLA-002939	2/14/2026 15:44	2/15/2026 3:14	IT_NETWORK_ACCOUNTS	LOW	LOW	LOW	IT Support	690	23.96	2190	15	5	1	6	13	3419	1
SLA-002940	2/8/2026 4:11	2/8/2026 8:55	IT_HARDWARE_PRINTING	MEDIUM	HIGH	HIGH	IT Support	284	59.17	196	4	6	1	6	10	496	1
SLA-002941	4/12/2026 20:18	4/13/2026 4:32	ELEVATOR	LOW	LOW	LOW	Facilities	494	17.15	2386	20	6	1	29	3	588	0
SLA-002942	5/11/2026 15:55	5/11/2026 21:21	SAFETY_HAZARD	HIGH	MEDIUM	HIGH	Safety Team	326	67.92	154	15	0	0	10	10	156	1
SLA-002943	6/15/2026 13:04	6/15/2026 20:32	AV_CLASSROOM_EQUIPMENT	HIGH	HIGH	CRITICAL	AV Support	448	93.33	32	13	0	0	0	5	348	1
SLA-002944	4/23/2026 2:19	4/23/2026 10:20	AV_CLASSROOM_EQUIPMENT	MEDIUM	MEDIUM	MEDIUM	AV Support	481	33.4	959	2	3	0	12	4	612	0
SLA-002945	3/5/2026 8:29	3/5/2026 18:14	SAFETY_HAZARD	HIGH	LOW	MEDIUM	Safety Team	585	40.62	855	8	3	0	0	6	491	0
SLA-002946	2/13/2026 9:53	2/13/2026 17:42	GROUNDS_OUTDOOR	LOW	LOW	LOW	Grounds Team	469	16.28	2411	9	4	0	11	5	2287	0
SLA-002947	6/13/2026 2:24	6/13/2026 8:06	ELEVATOR	HIGH	MEDIUM	HIGH	Facilities	342	71.25	138	2	5	1	29	10	382	1
SLA-002948	8/2/2026 18:04	8/3/2026 1:02	GROUNDS_OUTDOOR	LOW	LOW	LOW	Grounds Team	418	14.51	2462	18	6	1	12	14	1190	1
SLA-002949	4/24/2026 5:18	4/24/2026 12:46	CLEANING_WASTE	LOW	MEDIUM	LOW	Cleaning Services	448	15.56	2432	5	4	0	7	11	2785	0
SLA-002950	3/28/2026 18:07	3/29/2026 5:23	IT_NETWORK_ACCOUNTS	MEDIUM	LOW	LOW	IT Support	676	23.47	2204	18	5	1	18	5	3203	1
SLA-002951	4/8/2026 12:03	4/8/2026 18:21	ELEVATOR	MEDIUM	HIGH	HIGH	Facilities	378	78.75	102	12	2	0	6	0	453	0
SLA-002952	7/12/2026 3:25	7/12/2026 14:58	GROUNDS_OUTDOOR	MEDIUM	MEDIUM	MEDIUM	Grounds Team	693	48.12	747	3	6	1	12	10	381	0
SLA-002953	8/26/2026 3:35	8/26/2026 9:34	IT_NETWORK_ACCOUNTS	MEDIUM	MEDIUM	MEDIUM	IT Support	359	24.93	1081	3	2	0	20	10	1304	1
SLA-002954	4/22/2026 16:38	4/23/2026 3:24	CLEANING_WASTE	LOW	MEDIUM	LOW	Cleaning Services	646	22.43	2234	16	2	0	0	0	2225	0
SLA-002955	7/17/2026 18:34	7/17/2026 19:45	FURNITURE_FIXTURES	MEDIUM	HIGH	HIGH	Facilities	71	14.79	409	18	4	0	27	13	98	1
SLA-002956	7/31/2026 20:39	8/1/2026 1:24	ELECTRICAL	MEDIUM	MEDIUM	MEDIUM	Facilities	285	19.79	1155	20	4	0	11	1	1031	0
SLA-002957	2/17/2026 19:44	2/18/2026 0:18	GROUNDS_OUTDOOR	LOW	MEDIUM	LOW	Grounds Team	274	9.51	2606	19	1	0	20	12	2471	1
SLA-002958	5/6/2026 11:53	5/6/2026 16:57	PLUMBING_WATER	HIGH	HIGH	CRITICAL	Facilities	304	63.33	176	11	2	0	28	5	498	1
SLA-002959	3/26/2026 12:09	3/26/2026 12:30	OTHER	LOW	LOW	LOW	General Maintenance	21	0.73	2859	12	3	0	20	7	3339	1
SLA-002960	3/2/2026 13:19	3/2/2026 23:13	AV_CLASSROOM_EQUIPMENT	LOW	LOW	LOW	AV Support	594	20.62	2286	13	0	0	25	2	1800	0
SLA-002961	7/16/2026 10:38	7/16/2026 11:54	AV_CLASSROOM_EQUIPMENT	MEDIUM	HIGH	HIGH	AV Support	76	15.83	404	10	3	0	9	12	479	1
SLA-002962	6/6/2026 5:25	6/6/2026 12:55	HVAC_AC	LOW	LOW	LOW	Facilities	450	15.62	2430	5	5	1	20	10	1736	0
SLA-002963	6/18/2026 0:52	6/18/2026 1:20	OTHER	MEDIUM	HIGH	HIGH	General Maintenance	28	5.83	452	0	3	0	10	15	417	1
SLA-002964	8/26/2026 0:36	8/26/2026 12:23	OTHER	LOW	HIGH	MEDIUM	General Maintenance	707	49.1	733	0	2	0	5	7	940	0
SLA-002965	5/19/2026 5:01	5/19/2026 14:16	AV_CLASSROOM_EQUIPMENT	MEDIUM	LOW	LOW	AV Support	555	19.27	2325	5	1	0	9	9	2005	0
SLA-002966	1/1/2026 17:58	1/1/2026 21:20	HVAC_AC	HIGH	MEDIUM	HIGH	Facilities	202	42.08	278	17	3	0	15	6	335	0
SLA-002967	2/10/2026 15:48	2/10/2026 17:34	PLUMBING_WATER	HIGH	MEDIUM	HIGH	Facilities	106	22.08	374	15	1	0	15	15	350	1
SLA-002968	1/16/2026 11:15	1/16/2026 16:00	IT_HARDWARE_PRINTING	HIGH	MEDIUM	HIGH	IT Support	285	59.38	195	11	4	0	4	4	519	0
SLA-002969	6/17/2026 18:32	6/17/2026 21:38	BUILDING_STRUCTURE	HIGH	MEDIUM	HIGH	Facilities	186	38.75	294	18	2	0	25	11	184	1
SLA-002970	3/28/2026 15:00	3/28/2026 17:00	SAFETY_HAZARD	MEDIUM	HIGH	HIGH	Safety Team	120	25	360	15	5	1	20	1	179	0
SLA-002971	5/4/2026 16:29	5/4/2026 18:16	ELECTRICAL	MEDIUM	MEDIUM	MEDIUM	Facilities	107	7.43	1333	16	0	0	21	2	452	0
SLA-002972	2/12/2026 1:24	2/12/2026 9:03	CLEANING_WASTE	LOW	LOW	LOW	Cleaning Services	459	15.94	2421	1	3	0	9	8	1297	0
SLA-002973	3/22/2026 8:49	3/22/2026 10:39	AV_CLASSROOM_EQUIPMENT	MEDIUM	HIGH	HIGH	AV Support	110	22.92	370	8	6	1	10	5	255	0
SLA-002974	6/5/2026 9:41	6/5/2026 19:22	OTHER	MEDIUM	LOW	LOW	General Maintenance	581	20.17	2299	9	4	0	4	2	2011	0
SLA-002975	1/4/2026 19:58	1/4/2026 21:30	BUILDING_STRUCTURE	LOW	HIGH	MEDIUM	Facilities	92	6.39	1348	19	6	1	5	8	1312	0
SLA-002976	4/15/2026 10:27	4/15/2026 13:16	PLUMBING_WATER	HIGH	HIGH	CRITICAL	Facilities	169	35.21	311	10	2	0	29	6	533	1
SLA-002977	3/11/2026 7:20	3/11/2026 8:09	IT_HARDWARE_PRINTING	MEDIUM	HIGH	HIGH	IT Support	49	10.21	431	7	2	0	10	4	218	0
SLA-002978	8/25/2026 12:43	8/25/2026 21:19	ELEVATOR	MEDIUM	MEDIUM	MEDIUM	Facilities	516	35.83	924	12	1	0	23	4	1132	0
SLA-002979	2/14/2026 3:00	2/14/2026 4:54	HVAC_AC	HIGH	MEDIUM	HIGH	Facilities	114	23.75	366	3	5	1	5	0	266	0
SLA-002980	7/13/2026 9:36	7/13/2026 12:57	ELECTRICAL	MEDIUM	HIGH	HIGH	Facilities	201	41.88	279	9	0	0	16	1	230	0
SLA-002981	8/27/2026 23:40	8/28/2026 3:10	OTHER	LOW	MEDIUM	LOW	General Maintenance	210	7.29	2670	23	3	0	13	6	2880	0
SLA-002982	7/23/2026 18:40	7/24/2026 2:07	ELEVATOR	HIGH	MEDIUM	HIGH	Facilities	447	93.12	33	18	3	0	1	2	166	1
SLA-002983	5/28/2026 15:20	5/28/2026 19:30	ELECTRICAL	MEDIUM	HIGH	HIGH	Facilities	250	52.08	230	15	3	0	23	7	204	1
SLA-002984	6/21/2026 10:51	6/21/2026 11:24	FURNITURE_FIXTURES	MEDIUM	MEDIUM	MEDIUM	Facilities	33	2.29	1407	10	6	1	10	11	703	0
SLA-002985	6/26/2026 3:44	6/26/2026 4:40	HVAC_AC	MEDIUM	HIGH	HIGH	Facilities	56	11.67	424	3	4	0	10	7	478	1
SLA-002986	1/3/2026 12:37	1/3/2026 17:53	HVAC_AC	MEDIUM	LOW	LOW	Facilities	316	10.97	2564	12	5	1	28	8	2943	1
SLA-002987	3/13/2026 10:19	3/13/2026 14:40	BUILDING_STRUCTURE	HIGH	HIGH	CRITICAL	Facilities	261	54.37	219	10	4	0	18	1	367	0
SLA-002988	7/9/2026 1:31	7/9/2026 8:45	SAFETY_HAZARD	MEDIUM	LOW	LOW	Safety Team	434	15.07	2446	1	3	0	11	13	2453	1
SLA-002989	1/9/2026 20:40	1/9/2026 22:55	HVAC_AC	LOW	MEDIUM	LOW	Facilities	135	4.69	2745	20	4	0	21	4	1907	0
SLA-002990	5/10/2026 13:15	5/10/2026 23:41	IT_NETWORK_ACCOUNTS	MEDIUM	LOW	LOW	IT Support	626	21.74	2254	13	6	1	25	12	1376	1
SLA-002991	5/7/2026 16:03	5/7/2026 22:21	OTHER	MEDIUM	HIGH	HIGH	General Maintenance	378	78.75	102	16	3	0	26	2	525	1
SLA-002992	4/26/2026 18:44	4/26/2026 21:13	ELEVATOR	MEDIUM	MEDIUM	MEDIUM	Facilities	149	10.35	1291	18	6	1	16	7	447	0
SLA-002993	5/17/2026 11:02	5/17/2026 14:14	ELECTRICAL	MEDIUM	LOW	LOW	Facilities	192	6.67	2688	11	6	1	17	4	1343	0
SLA-002994	4/29/2026 8:17	4/29/2026 17:22	HVAC_AC	MEDIUM	MEDIUM	MEDIUM	Facilities	545	37.85	895	8	2	0	21	15	1016	1
SLA-002995	5/27/2026 16:25	5/27/2026 20:13	PLUMBING_WATER	MEDIUM	LOW	LOW	Facilities	228	7.92	2652	16	2	0	5	5	1892	0
SLA-002996	6/23/2026 22:18	6/24/2026 2:55	AV_CLASSROOM_EQUIPMENT	MEDIUM	HIGH	HIGH	AV Support	277	57.71	203	22	1	0	29	3	351	1
SLA-002997	4/18/2026 16:15	4/18/2026 17:50	AV_CLASSROOM_EQUIPMENT	MEDIUM	LOW	LOW	AV Support	95	3.3	2785	16	5	1	16	15	1428	1
SLA-002998	7/31/2026 5:22	7/31/2026 13:29	BUILDING_STRUCTURE	MEDIUM	MEDIUM	MEDIUM	Facilities	487	33.82	953	5	4	0	19	9	752	0
SLA-002999	2/11/2026 0:48	2/11/2026 1:41	AV_CLASSROOM_EQUIPMENT	HIGH	HIGH	CRITICAL	AV Support	53	11.04	427	0	2	0	28	8	191	1
SLA-003000	2/22/2026 22:41	2/23/2026 5:25	GROUNDS_OUTDOOR	LOW	HIGH	MEDIUM	Grounds Team	404	28.06	1036	22	6	1	1	7	908	0
